Bundesland,Altersgruppen,Geschlecht,2005,2006,2007,2008,2009,2010,2011,2012,2013,2014,2015,2016,2017,2018,2019,2020,2021,2022,2023,2024
Alle Orte,Alle Altersgruppen,Alle Geschlechter,120,345,419,462,472,564,691,883,958,1.051,1.206,1.529,1.505,1.816,2.324,2.155,2.598,2.600,3.075,3.520
Alle Orte,Alle Altersgruppen,Männlich,120,170,205,215,254,287,415,542,580,666,782,996,939,1.196,1.597,1.462,1.719,1.667,1.834,2.000
Alle Orte,Alle Altersgruppen,        Weiblich,0,175,214,247,218,277,276,341,378,385,423,532,566,619,727,693,879,933,1.241,1.520
Alle Orte,Alle Altersgruppen,        Unbekannt,0,0,0,0,0,0,0,0,0,0,1,1,0,1,0,0,0,0,0,0
Alle Orte,        Unter 1 Jahr,Alle Geschlechter,0,0,1,0,0,0,0,0,0,0,0,1,0,0,0,0,0,0,0,0
Alle Orte,        Unter 1 Jahr,Männlich,0,0,0,0,0,0,0,0,0,0,0,0,0,0,0,0,0,0,0,0
Alle Orte,        Unter 1 Jahr,        Weiblich,0,0,1,0,0,0,0,0,0,0,0,1,0,0,0,0,0,0,0,0
Alle Orte,        Unter 1 Jahr,        Unbekannt,0,0,0,0,0,0,0,0,0,0,0,0,0,0,0,0,0,0,0,0
Alle Orte,        1 Jahr bis unter 5 Jahre,Alle Geschlechter,0,1,0,0,0,0,0,0,0,0,0,1,0,0,0,0,0,0,0,0
Alle Orte,        1 Jahr bis unter 5 Jahre,Männlich,0,1,0,0,0,0,0,0,0,0,0,1,0,0,0,0,0,0,0,0
Alle Orte,        1 Jahr bis unter 5 Jahre,        Weiblich,0,0,0,0,0,0,0,0,0,0,0,0,0,0,0,0,0,0,0,0
Alle Orte,        1 Jahr bis unter 5 Jahre,        Unbekannt,0,0,0,0,0,0,0,0,0,0,0,0,0,0,0,0,0,0,0,0
Alle Orte,        5 bis unter 10 Jahre,Alle Geschlechter,0,0,0,0,0,0,0,0,0,0,0,0,0,0,0,0,0,0,0,0
Alle Orte,        5 bis unter 10 Jahre,Männlich,0,0,0,0,0,0,0,0,0,0,0,0,0,0,0,0,0,0,0,0
Alle Orte,        5 bis unter 10 Jahre,        Weiblich,0,0,0,0,0,0,0,0,0,0,0,0,0,0,0,0,0,0,0,0
Alle Orte,        5 bis unter 10 Jahre,        Unbekannt,0,0,0,0,0,0,0,0,0,0,0,0,0,0,0,0,0,0,0,0
Alle Orte,10 bis unter 15 Jahre,Alle Geschlechter,0,0,0,0,0,0,0,0,0,0,0,0,0,0,0,0,0,0,0,0
Alle Orte,10 bis unter 15 Jahre,Männlich,0,0,0,0,0,0,0,0,0,0,0,0,0,0,0,0,0,0,0,0
Alle Orte,10 bis unter 15 Jahre,        Weiblich,0,0,0,0,0,0,0,0,0,0,0,0,0,0,0,0,0,0,0,0
Alle Orte,10 bis unter 15 Jahre,        Unbekannt,0,0,0,0,0,0,0,0,0,0,0,0,0,0,0,0,0,0,0,0
Alle Orte,        15 bis unter 20 Jahre,Alle Geschlechter,0,7,14,12,21,22,28,25,23,22,47,73,72,110,178,164,190,162,181,182
Alle Orte,        15 bis unter 20 Jahre,Männlich,0,2,5,5,7,15,15,15,12,12,29,37,44,62,124,120,137,112,103,88
Alle Orte,        15 bis unter 20 Jahre,        Weiblich,0,5,9,7,14,7,13,10,11,10,18,36,28,48,54,44,53,50,78,94
Alle Orte,        15 bis unter 20 Jahre,        Unbekannt,0,0,0,0,0,0,0,0,0,0,0,0,0,0,0,0,0,0,0,0
Alle Orte,        20 bis unter 25 Jahre,Alle Geschlechter,8,28,40,53,60,69,101,129,167,185,199,282,288,384,513,520,727,674,842,893
Alle Orte,        20 bis unter 25 Jahre,Männlich,8,16,23,28,43,41,70,92,116,127,148,213,207,301,377,387,542,484,557,550
Alle Orte,        20 bis unter 25 Jahre,        Weiblich,0,12,17,25,17,28,31,37,51,58,51,68,81,82,136,133,185,190,285,343
Alle Orte,        20 bis unter 25 Jahre,        Unbekannt,0,0,0,0,0,0,0,0,0,0,0,1,0,1,0,0,0,0,0,0
Alle Orte,        25 bis unter 30 Jahre,Alle Geschlechter,31,46,60,60,66,83,104,152,166,189,234,294,320,397,523,477,592,634,720,942
Alle Orte,        25 bis unter 30 Jahre,Männlich,31,28,40,32,46,56,80,112,119,149,169,234,229,293,392,364,414,421,454,555
Alle Orte,        25 bis unter 30 Jahre,        Weiblich,0,18,20,28,20,27,24,40,47,40,65,60,91,104,131,113,178,213,266,387
Alle Orte,        25 bis unter 30 Jahre,        Unbekannt,0,0,0,0,0,0,0,0,0,0,0,0,0,0,0,0,0,0,0,0
Alle Orte,        30 bis unter 35 Jahre,Alle Geschlechter,33,61,82,74,84,109,103,163,190,175,212,229,216,233,336,296,365,381,445,543
Alle Orte,        30 bis unter 35 Jahre,Männlich,33,47,51,45,56,73,76,119,140,132,160,151,135,156,236,210,230,265,289,340
Alle Orte,        30 bis unter 35 Jahre,        Weiblich,0,14,31,29,28,36,27,44,50,43,51,78,81,77,100,86,135,116,156,203
Alle Orte,        30 bis unter 35 Jahre,        Unbekannt,0,0,0,0,0,0,0,0,0,0,1,0,0,0,0,0,0,0,0,0
Alle Orte,        35 bis unter 40 Jahre,Alle Geschlechter,25,60,62,65,68,82,92,98,119,132,148,198,166,209,242,215,204,224,272,321
Alle Orte,        35 bis unter 40 Jahre,Männlich,25,30,28,27,41,44,66,66,77,89,110,139,117,144,193,162,141,133,164,172
Alle Orte,        35 bis unter 40 Jahre,        Weiblich,0,30,34,38,27,38,26,32,42,43,38,59,49,65,49,53,63,91,108,149
Alle Orte,        35 bis unter 40 Jahre,        Unbekannt,0,0,0,0,0,0,0,0,0,0,0,0,0,0,0,0,0,0,0,0
Alle Orte,        40 bis unter 45 Jahre,Alle Geschlechter,10,70,84,89,81,73,114,97,76,111,101,152,145,148,146,151,174,191,196,221
Alle Orte,        40 bis unter 45 Jahre,Männlich,10,23,39,50,35,28,62,58,46,63,54,100,87,104,97,97,110,120,106,120
Alle Orte,        40 bis unter 45 Jahre,        Weiblich,0,47,45,39,46,45,52,39,30,48,47,52,58,44,49,54,64,71,90,101
Alle Orte,        40 bis unter 45 Jahre,        Unbekannt,0,0,0,0,0,0,0,0,0,0,0,0,0,0,0,0,0,0,0,0
Alle Orte,        45 bis unter 50 Jahre,Alle Geschlechter,10,40,36,60,41,50,79,115,112,126,128,131,101,119,120,94,127,105,135,142
Alle Orte,        45 bis unter 50 Jahre,Männlich,10,19,13,19,19,12,31,50,48,61,70,63,55,63,74,47,73,46,63,67
Alle Orte,        45 bis unter 50 Jahre,        Weiblich,0,21,23,41,22,38,48,65,64,65,58,68,46,56,46,47,54,59,72,75
Alle Orte,        45 bis unter 50 Jahre,        Unbekannt,0,0,0,0,0,0,0,0,0,0,0,0,0,0,0,0,0,0,0,0
Alle Orte,        50 bis unter 55 Jahre,Alle Geschlechter,0,17,19,32,30,51,43,62,51,65,84,107,109,105,123,109,106,94,113,109
Alle Orte,        50 bis unter 55 Jahre,Männlich,0,2,3,7,4,13,9,24,14,26,28,40,46,46,58,37,37,38,47,47
Alle Orte,        50 bis unter 55 Jahre,        Weiblich,0,15,16,25,26,38,34,38,37,39,56,67,63,59,65,72,69,56,66,62
Alle Orte,        50 bis unter 55 Jahre,        Unbekannt,0,0,0,0,0,0,0,0,0,0,0,0,0,0,0,0,0,0,0,0
Alle Orte,        55 bis unter 60 Jahre,Alle Geschlechter,3,8,12,9,13,9,19,21,28,34,34,41,58,68,83,66,69,82,104,95
Alle Orte,        55 bis unter 60 Jahre,Männlich,3,0,1,0,2,3,4,4,3,7,10,10,13,23,36,22,22,27,35,35
Alle Orte,        55 bis unter 60 Jahre,        Weiblich,0,8,11,9,11,6,15,17,25,27,24,31,45,45,47,44,47,55,69,60
Alle Orte,        55 bis unter 60 Jahre,        Unbekannt,0,0,0,0,0,0,0,0,0,0,0,0,0,0,0,0,0,0,0,0
Alle Orte,        60 bis unter 65 Jahre,Alle Geschlechter,0,7,3,6,8,11,2,11,18,11,15,15,22,30,41,40,28,31,42,51
Alle Orte,        60 bis unter 65 Jahre,Männlich,0,2,2,2,1,1,1,0,1,0,4,7,6,3,6,11,8,13,10,19
Alle Orte,        60 bis unter 65 Jahre,        Weiblich,0,5,1,4,7,10,1,11,17,11,11,8,16,27,35,29,20,18,32,32
Alle Orte,        60 bis unter 65 Jahre,        Unbekannt,0,0,0,0,0,0,0,0,0,0,0,0,0,0,0,0,0,0,0,0
Alle Orte,        65 bis unter 70 Jahre,Alle Geschlechter,0,0,4,1,0,4,4,4,5,1,4,3,6,12,16,17,11,19,20,11
Alle Orte,        65 bis unter 70 Jahre,Männlich,0,0,0,0,0,0,1,2,3,0,0,0,0,1,4,3,2,7,5,1
Alle Orte,        65 bis unter 70 Jahre,        Weiblich,0,0,4,1,0,4,3,2,2,1,4,3,6,11,12,14,9,12,15,10
Alle Orte,        65 bis unter 70 Jahre,        Unbekannt,0,0,0,0,0,0,0,0,0,0,0,0,0,0,0,0,0,0,0,0
Alle Orte,        70 bis unter 75 Jahre,Alle Geschlechter,0,0,2,0,0,1,2,5,2,0,0,1,1,1,2,4,4,3,5,8
Alle Orte,        70 bis unter 75 Jahre,Männlich,0,0,0,0,0,1,0,0,0,0,0,1,0,0,0,1,2,1,1,4
Alle Orte,        70 bis unter 75 Jahre,        Weiblich,0,0,2,0,0,0,2,5,2,0,0,0,1,1,2,3,2,2,4,4
Alle Orte,        70 bis unter 75 Jahre,        Unbekannt,0,0,0,0,0,0,0,0,0,0,0,0,0,0,0,0,0,0,0,0
Alle Orte,        75 bis unter 80 Jahre,Alle Geschlechter,0,0,0,0,0,0,0,1,0,0,0,1,1,0,1,2,1,0,0,1
Alle Orte,        75 bis unter 80 Jahre,Männlich,0,0,0,0,0,0,0,0,0,0,0,0,0,0,0,1,1,0,0,1
Alle Orte,        75 bis unter 80 Jahre,        Weiblich,0,0,0,0,0,0,0,1,0,0,0,1,1,0,1,1,0,0,0,0
Alle Orte,        75 bis unter 80 Jahre,        Unbekannt,0,0,0,0,0,0,0,0,0,0,0,0,0,0,0,0,0,0,0,0
Alle Orte,        80 bis unter 85 Jahre,Alle Geschlechter,0,0,0,1,0,0,0,0,1,0,0,0,0,0,0,0,0,0,0,1
Alle Orte,        80 bis unter 85 Jahre,Männlich,0,0,0,0,0,0,0,0,1,0,0,0,0,0,0,0,0,0,0,1
Alle Orte,        80 bis unter 85 Jahre,        Weiblich,0,0,0,1,0,0,0,0,0,0,0,0,0,0,0,0,0,0,0,0
Alle Orte,        80 bis unter 85 Jahre,        Unbekannt,0,0,0,0,0,0,0,0,0,0,0,0,0,0,0,0,0,0,0,0
Alle Orte,        85 bis unter 90 Jahre,Alle Geschlechter,0,0,0,0,0,0,0,0,0,0,0,0,0,0,0,0,0,0,0,0
Alle Orte,        85 bis unter 90 Jahre,Männlich,0,0,0,0,0,0,0,0,0,0,0,0,0,0,0,0,0,0,0,0
Alle Orte,        85 bis unter 90 Jahre,        Weiblich,0,0,0,0,0,0,0,0,0,0,0,0,0,0,0,0,0,0,0,0
Alle Orte,        85 bis unter 90 Jahre,        Unbekannt,0,0,0,0,0,0,0,0,0,0,0,0,0,0,0,0,0,0,0,0
Alle Orte,        90 bis unter 95 Jahre,Alle Geschlechter,0,0,0,0,0,0,0,0,0,0,0,0,0,0,0,0,0,0,0,0
Alle Orte,        90 bis unter 95 Jahre,Männlich,0,0,0,0,0,0,0,0,0,0,0,0,0,0,0,0,0,0,0,0
Alle Orte,        90 bis unter 95 Jahre,        Weiblich,0,0,0,0,0,0,0,0,0,0,0,0,0,0,0,0,0,0,0,0
Alle Orte,        90 bis unter 95 Jahre,        Unbekannt,0,0,0,0,0,0,0,0,0,0,0,0,0,0,0,0,0,0,0,0
Alle Orte,        95 Jahre und älter,Alle Geschlechter,0,0,0,0,0,0,0,0,0,0,0,0,0,0,0,0,0,0,0,0
Alle Orte,        95 Jahre und älter,Männlich,0,0,0,0,0,0,0,0,0,0,0,0,0,0,0,0,0,0,0,0
Alle Orte,        95 Jahre und älter,        Weiblich,0,0,0,0,0,0,0,0,0,0,0,0,0,0,0,0,0,0,0,0
Alle Orte,        95 Jahre und älter,        Unbekannt,0,0,0,0,0,0,0,0,0,0,0,0,0,0,0,0,0,0,0,0
Alle Orte,        Unbekannt,Alle Geschlechter,0,0,0,0,0,0,0,0,0,0,0,0,0,0,0,0,0,0,0,0
Alle Orte,        Unbekannt,Männlich,0,0,0,0,0,0,0,0,0,0,0,0,0,0,0,0,0,0,0,0
Alle Orte,        Unbekannt,        Weiblich,0,0,0,0,0,0,0,0,0,0,0,0,0,0,0,0,0,0,0,0
Alle Orte,        Unbekannt,        Unbekannt,0,0,0,0,0,0,0,0,0,0,0,0,0,0,0,0,0,0,0,0
        Deutschland,Alle Altersgruppen,Alle Geschlechter,111,328,396,446,456,547,669,859,932,1.030,1.185,1.500,1.475,1.767,2.262,2.116,2.540,2.542,3.037,3.475
        Deutschland,Alle Altersgruppen,Männlich,111,160,191,204,243,274,397,520,561,655,777,985,917,1.171,1.556,1.441,1.682,1.634,1.819,1.975
        Deutschland,Alle Altersgruppen,        Weiblich,0,168,205,242,213,273,272,339,371,375,407,514,558,595,706,675,858,908,1.218,1.500
        Deutschland,Alle Altersgruppen,        Unbekannt,0,0,0,0,0,0,0,0,0,0,1,1,0,1,0,0,0,0,0,0
        Deutschland,        Unter 1 Jahr,Alle Geschlechter,0,0,1,0,0,0,0,0,0,0,0,1,0,0,0,0,0,0,0,0
        Deutschland,        Unter 1 Jahr,Männlich,0,0,0,0,0,0,0,0,0,0,0,0,0,0,0,0,0,0,0,0
        Deutschland,        Unter 1 Jahr,        Weiblich,0,0,1,0,0,0,0,0,0,0,0,1,0,0,0,0,0,0,0,0
        Deutschland,        Unter 1 Jahr,        Unbekannt,0,0,0,0,0,0,0,0,0,0,0,0,0,0,0,0,0,0,0,0
        Deutschland,        1 Jahr bis unter 5 Jahre,Alle Geschlechter,0,0,0,0,0,0,0,0,0,0,0,1,0,0,0,0,0,0,0,0
        Deutschland,        1 Jahr bis unter 5 Jahre,Männlich,0,0,0,0,0,0,0,0,0,0,0,1,0,0,0,0,0,0,0,0
        Deutschland,        1 Jahr bis unter 5 Jahre,        Weiblich,0,0,0,0,0,0,0,0,0,0,0,0,0,0,0,0,0,0,0,0
        Deutschland,        1 Jahr bis unter 5 Jahre,        Unbekannt,0,0,0,0,0,0,0,0,0,0,0,0,0,0,0,0,0,0,0,0
        Deutschland,        5 bis unter 10 Jahre,Alle Geschlechter,0,0,0,0,0,0,0,0,0,0,0,0,0,0,0,0,0,0,0,0
        Deutschland,        5 bis unter 10 Jahre,Männlich,0,0,0,0,0,0,0,0,0,0,0,0,0,0,0,0,0,0,0,0
        Deutschland,        5 bis unter 10 Jahre,        Weiblich,0,0,0,0,0,0,0,0,0,0,0,0,0,0,0,0,0,0,0,0
        Deutschland,        5 bis unter 10 Jahre,        Unbekannt,0,0,0,0,0,0,0,0,0,0,0,0,0,0,0,0,0,0,0,0
        Deutschland,        10 bis unter 15 Jahre,Alle Geschlechter,0,0,0,0,0,0,0,0,0,0,0,0,0,0,0,0,0,0,0,0
        Deutschland,        10 bis unter 15 Jahre,Männlich,0,0,0,0,0,0,0,0,0,0,0,0,0,0,0,0,0,0,0,0
        Deutschland,        10 bis unter 15 Jahre,        Weiblich,0,0,0,0,0,0,0,0,0,0,0,0,0,0,0,0,0,0,0,0
        Deutschland,        10 bis unter 15 Jahre,        Unbekannt,0,0,0,0,0,0,0,0,0,0,0,0,0,0,0,0,0,0,0,0
        Deutschland,        15 bis unter 20 Jahre,Alle Geschlechter,0,7,14,12,21,20,26,25,23,22,47,73,72,109,175,162,187,158,180,180
        Deutschland,        15 bis unter 20 Jahre,Männlich,0,2,5,5,7,13,14,15,12,12,29,37,44,62,123,119,135,111,103,88
        Deutschland,        15 bis unter 20 Jahre,        Weiblich,0,5,9,7,14,7,12,10,11,10,18,36,28,47,52,43,52,47,77,92
        Deutschland,        15 bis unter 20 Jahre,        Unbekannt,0,0,0,0,0,0,0,0,0,0,0,0,0,0,0,0,0,0,0,0
        Deutschland,        20 bis unter 25 Jahre,Alle Geschlechter,3,25,38,51,57,67,95,123,161,184,196,280,281,377,500,511,715,663,835,884
        Deutschland,        20 bis unter 25 Jahre,Männlich,3,14,22,26,42,39,65,86,112,126,147,211,203,296,369,382,532,479,555,544
        Deutschland,        20 bis unter 25 Jahre,        Weiblich,0,11,16,25,15,28,30,37,49,58,49,68,78,80,131,129,183,184,280,340
        Deutschland,        20 bis unter 25 Jahre,        Unbekannt,0,0,0,0,0,0,0,0,0,0,0,1,0,1,0,0,0,0,0,0
        Deutschland,        25 bis unter 30 Jahre,Alle Geschlechter,28,44,57,57,62,79,97,148,164,184,231,288,309,385,500,472,580,623,712,923
        Deutschland,        25 bis unter 30 Jahre,Männlich,28,26,38,29,42,52,73,109,117,144,168,228,218,283,375,361,408,415,448,541
        Deutschland,        25 bis unter 30 Jahre,        Weiblich,0,18,19,28,20,27,24,39,47,40,63,60,91,102,125,111,172,208,264,382
        Deutschland,        25 bis unter 30 Jahre,        Unbekannt,0,0,0,0,0,0,0,0,0,0,0,0,0,0,0,0,0,0,0,0
        Deutschland,        30 bis unter 35 Jahre,Alle Geschlechter,33,59,74,69,82,107,102,160,182,174,208,225,213,228,328,288,357,369,439,535
        Deutschland,        30 bis unter 35 Jahre,Männlich,33,45,44,40,55,71,75,116,133,131,157,151,135,154,230,206,226,255,287,336
        Deutschland,        30 bis unter 35 Jahre,        Weiblich,0,14,30,29,27,36,27,44,49,43,50,74,78,74,98,82,131,114,152,199
        Deutschland,        30 bis unter 35 Jahre,        Unbekannt,0,0,0,0,0,0,0,0,0,0,1,0,0,0,0,0,0,0,0,0
        Deutschland,        35 bis unter 40 Jahre,Alle Geschlechter,24,58,60,64,65,81,92,95,115,129,144,195,162,197,237,208,193,213,264,320
        Deutschland,        35 bis unter 40 Jahre,Männlich,24,30,26,26,38,43,66,63,74,87,110,138,114,140,188,155,131,126,160,172
        Deutschland,        35 bis unter 40 Jahre,        Weiblich,0,28,34,38,27,38,26,32,41,42,34,57,48,57,49,53,62,87,104,148
        Deutschland,        35 bis unter 40 Jahre,        Unbekannt,0,0,0,0,0,0,0,0,0,0,0,0,0,0,0,0,0,0,0,0
        Deutschland,        40 bis unter 45 Jahre,Alle Geschlechter,10,67,81,89,77,70,109,92,75,109,98,147,142,147,145,150,172,186,193,219
        Deutschland,        40 bis unter 45 Jahre,Männlich,10,23,37,50,33,28,58,54,46,62,54,98,85,103,97,97,108,118,106,120
        Deutschland,        40 bis unter 45 Jahre,        Weiblich,0,44,44,39,44,42,51,38,29,47,44,49,57,44,48,53,64,68,87,99
        Deutschland,        40 bis unter 45 Jahre,        Unbekannt,0,0,0,0,0,0,0,0,0,0,0,0,0,0,0,0,0,0,0,0
        Deutschland,        45 bis unter 50 Jahre,Alle Geschlechter,10,36,34,58,41,48,79,114,109,122,125,125,100,115,117,94,124,105,135,141
        Deutschland,        45 bis unter 50 Jahre,Männlich,10,16,13,19,19,11,31,49,46,60,70,63,54,61,73,47,72,46,63,67
        Deutschland,        45 bis unter 50 Jahre,        Weiblich,0,20,21,39,22,37,48,65,63,62,55,62,46,54,44,47,52,59,72,74
        Deutschland,        45 bis unter 50 Jahre,        Unbekannt,0,0,0,0,0,0,0,0,0,0,0,0,0,0,0,0,0,0,0,0
        Deutschland,        50 bis unter 55 Jahre,Alle Geschlechter,0,17,18,30,30,50,42,61,50,62,83,104,108,104,121,106,104,93,112,108
        Deutschland,        50 bis unter 55 Jahre,Männlich,0,2,3,7,4,12,9,23,14,26,28,40,45,46,56,36,37,38,47,47
        Deutschland,        50 bis unter 55 Jahre,        Weiblich,0,15,15,23,26,38,33,38,36,36,55,64,63,58,65,70,67,55,65,61
        Deutschland,        50 bis unter 55 Jahre,        Unbekannt,0,0,0,0,0,0,0,0,0,0,0,0,0,0,0,0,0,0,0,0
        Deutschland,        55 bis unter 60 Jahre,Alle Geschlechter,3,8,11,8,13,9,19,20,28,33,34,41,58,67,82,63,66,81,102,95
        Deutschland,        55 bis unter 60 Jahre,Männlich,3,0,1,0,2,3,4,3,3,7,10,10,13,22,35,22,20,27,34,35
        Deutschland,        55 bis unter 60 Jahre,        Weiblich,0,8,10,8,11,6,15,17,25,26,24,31,45,45,47,41,46,54,68,60
        Deutschland,        55 bis unter 60 Jahre,        Unbekannt,0,0,0,0,0,0,0,0,0,0,0,0,0,0,0,0,0,0,0,0
        Deutschland,        60 bis unter 65 Jahre,Alle Geschlechter,0,7,3,6,8,11,2,11,17,10,15,15,22,27,41,39,26,30,42,50
        Deutschland,        60 bis unter 65 Jahre,Männlich,0,2,2,2,1,1,1,0,0,0,4,7,6,3,6,11,8,12,10,19
        Deutschland,        60 bis unter 65 Jahre,        Weiblich,0,5,1,4,7,10,1,11,17,10,11,8,16,24,35,28,18,18,32,31
        Deutschland,        60 bis unter 65 Jahre,        Unbekannt,0,0,0,0,0,0,0,0,0,0,0,0,0,0,0,0,0,0,0,0
        Deutschland,        65 bis unter 70 Jahre,Alle Geschlechter,0,0,3,1,0,4,4,4,5,1,4,3,6,10,16,17,11,18,18,10
        Deutschland,        65 bis unter 70 Jahre,Männlich,0,0,0,0,0,0,1,2,3,0,0,0,0,1,4,3,2,6,5,0
        Deutschland,        65 bis unter 70 Jahre,        Weiblich,0,0,3,1,0,4,3,2,2,1,4,3,6,9,12,14,9,12,13,10
        Deutschland,        65 bis unter 70 Jahre,        Unbekannt,0,0,0,0,0,0,0,0,0,0,0,0,0,0,0,0,0,0,0,0
        Deutschland,        70 bis unter 75 Jahre,Alle Geschlechter,0,0,2,0,0,1,2,5,2,0,0,1,1,1,0,4,4,3,5,8
        Deutschland,        70 bis unter 75 Jahre,Männlich,0,0,0,0,0,1,0,0,0,0,0,1,0,0,0,1,2,1,1,4
        Deutschland,        70 bis unter 75 Jahre,        Weiblich,0,0,2,0,0,0,2,5,2,0,0,0,1,1,0,3,2,2,4,4
        Deutschland,        70 bis unter 75 Jahre,        Unbekannt,0,0,0,0,0,0,0,0,0,0,0,0,0,0,0,0,0,0,0,0
        Deutschland,        75 bis unter 80 Jahre,Alle Geschlechter,0,0,0,0,0,0,0,1,0,0,0,1,1,0,0,2,1,0,0,1
        Deutschland,        75 bis unter 80 Jahre,Männlich,0,0,0,0,0,0,0,0,0,0,0,0,0,0,0,1,1,0,0,1
        Deutschland,        75 bis unter 80 Jahre,        Weiblich,0,0,0,0,0,0,0,1,0,0,0,1,1,0,0,1,0,0,0,0
        Deutschland,        75 bis unter 80 Jahre,        Unbekannt,0,0,0,0,0,0,0,0,0,0,0,0,0,0,0,0,0,0,0,0
        Deutschland,        80 bis unter 85 Jahre,Alle Geschlechter,0,0,0,1,0,0,0,0,1,0,0,0,0,0,0,0,0,0,0,1
        Deutschland,        80 bis unter 85 Jahre,Männlich,0,0,0,0,0,0,0,0,1,0,0,0,0,0,0,0,0,0,0,1
        Deutschland,        80 bis unter 85 Jahre,        Weiblich,0,0,0,1,0,0,0,0,0,0,0,0,0,0,0,0,0,0,0,0
        Deutschland,        80 bis unter 85 Jahre,        Unbekannt,0,0,0,0,0,0,0,0,0,0,0,0,0,0,0,0,0,0,0,0
        Deutschland,        85 bis unter 90 Jahre,Alle Geschlechter,0,0,0,0,0,0,0,0,0,0,0,0,0,0,0,0,0,0,0,0
        Deutschland,        85 bis unter 90 Jahre,Männlich,0,0,0,0,0,0,0,0,0,0,0,0,0,0,0,0,0,0,0,0
        Deutschland,        85 bis unter 90 Jahre,        Weiblich,0,0,0,0,0,0,0,0,0,0,0,0,0,0,0,0,0,0,0,0
        Deutschland,        85 bis unter 90 Jahre,        Unbekannt,0,0,0,0,0,0,0,0,0,0,0,0,0,0,0,0,0,0,0,0
        Deutschland,        90 bis unter 95 Jahre,Alle Geschlechter,0,0,0,0,0,0,0,0,0,0,0,0,0,0,0,0,0,0,0,0
        Deutschland,        90 bis unter 95 Jahre,Männlich,0,0,0,0,0,0,0,0,0,0,0,0,0,0,0,0,0,0,0,0
        Deutschland,        90 bis unter 95 Jahre,        Weiblich,0,0,0,0,0,0,0,0,0,0,0,0,0,0,0,0,0,0,0,0
        Deutschland,        90 bis unter 95 Jahre,        Unbekannt,0,0,0,0,0,0,0,0,0,0,0,0,0,0,0,0,0,0,0,0
        Deutschland,        95 Jahre und älter,Alle Geschlechter,0,0,0,0,0,0,0,0,0,0,0,0,0,0,0,0,0,0,0,0
        Deutschland,        95 Jahre und älter,Männlich,0,0,0,0,0,0,0,0,0,0,0,0,0,0,0,0,0,0,0,0
        Deutschland,        95 Jahre und älter,        Weiblich,0,0,0,0,0,0,0,0,0,0,0,0,0,0,0,0,0,0,0,0
        Deutschland,        95 Jahre und älter,        Unbekannt,0,0,0,0,0,0,0,0,0,0,0,0,0,0,0,0,0,0,0,0
        Deutschland,        Unbekannt,Alle Geschlechter,0,0,0,0,0,0,0,0,0,0,0,0,0,0,0,0,0,0,0,0
        Deutschland,        Unbekannt,Männlich,0,0,0,0,0,0,0,0,0,0,0,0,0,0,0,0,0,0,0,0
        Deutschland,        Unbekannt,        Weiblich,0,0,0,0,0,0,0,0,0,0,0,0,0,0,0,0,0,0,0,0
        Deutschland,        Unbekannt,        Unbekannt,0,0,0,0,0,0,0,0,0,0,0,0,0,0,0,0,0,0,0,0
          Baden-Württemberg,Alle Altersgruppen,Alle Geschlechter,10,47,63,55,46,57,62,100,90,112,125,166,151,188,230,211,257,250,322,375
          Baden-Württemberg,Alle Altersgruppen,Männlich,10,27,39,25,17,33,39,63,51,74,88,112,86,116,151,147,186,161,189,200
          Baden-Württemberg,Alle Altersgruppen,        Weiblich,0,20,24,30,29,24,23,37,39,38,37,54,65,71,79,64,71,89,133,175
          Baden-Württemberg,Alle Altersgruppen,        Unbekannt,0,0,0,0,0,0,0,0,0,0,0,0,0,1,0,0,0,0,0,0
          Baden-Württemberg,        Unter 1 Jahr,Alle Geschlechter,0,0,0,0,0,0,0,0,0,0,0,0,0,0,0,0,0,0,0,0
          Baden-Württemberg,        Unter 1 Jahr,Männlich,0,0,0,0,0,0,0,0,0,0,0,0,0,0,0,0,0,0,0,0
          Baden-Württemberg,        Unter 1 Jahr,        Weiblich,0,0,0,0,0,0,0,0,0,0,0,0,0,0,0,0,0,0,0,0
          Baden-Württemberg,        Unter 1 Jahr,        Unbekannt,0,0,0,0,0,0,0,0,0,0,0,0,0,0,0,0,0,0,0,0
          Baden-Württemberg,        1 Jahr bis unter 5 Jahre,Alle Geschlechter,0,0,0,0,0,0,0,0,0,0,0,0,0,0,0,0,0,0,0,0
          Baden-Württemberg,        1 Jahr bis unter 5 Jahre,Männlich,0,0,0,0,0,0,0,0,0,0,0,0,0,0,0,0,0,0,0,0
          Baden-Württemberg,        1 Jahr bis unter 5 Jahre,        Weiblich,0,0,0,0,0,0,0,0,0,0,0,0,0,0,0,0,0,0,0,0
          Baden-Württemberg,        1 Jahr bis unter 5 Jahre,        Unbekannt,0,0,0,0,0,0,0,0,0,0,0,0,0,0,0,0,0,0,0,0
          Baden-Württemberg,        5 bis unter 10 Jahre,Alle Geschlechter,0,0,0,0,0,0,0,0,0,0,0,0,0,0,0,0,0,0,0,0
          Baden-Württemberg,        5 bis unter 10 Jahre,Männlich,0,0,0,0,0,0,0,0,0,0,0,0,0,0,0,0,0,0,0,0
          Baden-Württemberg,        5 bis unter 10 Jahre,        Weiblich,0,0,0,0,0,0,0,0,0,0,0,0,0,0,0,0,0,0,0,0
          Baden-Württemberg,        5 bis unter 10 Jahre,        Unbekannt,0,0,0,0,0,0,0,0,0,0,0,0,0,0,0,0,0,0,0,0
          Baden-Württemberg,        10 bis unter 15 Jahre,Alle Geschlechter,0,0,0,0,0,0,0,0,0,0,0,0,0,0,0,0,0,0,0,0
          Baden-Württemberg,        10 bis unter 15 Jahre,Männlich,0,0,0,0,0,0,0,0,0,0,0,0,0,0,0,0,0,0,0,0
          Baden-Württemberg,        10 bis unter 15 Jahre,        Weiblich,0,0,0,0,0,0,0,0,0,0,0,0,0,0,0,0,0,0,0,0
          Baden-Württemberg,        10 bis unter 15 Jahre,        Unbekannt,0,0,0,0,0,0,0,0,0,0,0,0,0,0,0,0,0,0,0,0
          Baden-Württemberg,        15 bis unter 20 Jahre,Alle Geschlechter,0,2,2,1,2,1,1,3,1,2,5,5,7,10,13,13,19,7,19,20
          Baden-Württemberg,        15 bis unter 20 Jahre,Männlich,0,0,0,1,1,1,0,0,0,0,2,3,4,5,11,12,15,5,14,13
          Baden-Württemberg,        15 bis unter 20 Jahre,        Weiblich,0,2,2,0,1,0,1,3,1,2,3,2,3,5,2,1,4,2,5,7
          Baden-Württemberg,        15 bis unter 20 Jahre,        Unbekannt,0,0,0,0,0,0,0,0,0,0,0,0,0,0,0,0,0,0,0,0
          Baden-Württemberg,        20 bis unter 25 Jahre,Alle Geschlechter,0,10,5,9,2,8,8,11,15,26,16,28,36,54,49,56,88,70,85,104
          Baden-Württemberg,        20 bis unter 25 Jahre,Männlich,0,6,2,4,1,4,6,11,13,20,15,18,24,44,34,43,71,56,52,60
          Baden-Württemberg,        20 bis unter 25 Jahre,        Weiblich,0,4,3,5,1,4,2,0,2,6,1,10,12,9,15,13,17,14,33,44
          Baden-Württemberg,        20 bis unter 25 Jahre,        Unbekannt,0,0,0,0,0,0,0,0,0,0,0,0,0,1,0,0,0,0,0,0
          Baden-Württemberg,        25 bis unter 30 Jahre,Alle Geschlechter,1,6,6,4,9,13,11,20,21,30,30,34,37,32,60,46,50,61,84,102
          Baden-Württemberg,        25 bis unter 30 Jahre,Männlich,1,5,6,1,6,10,10,19,14,27,27,30,27,17,45,38,34,37,45,60
          Baden-Württemberg,        25 bis unter 30 Jahre,        Weiblich,0,1,0,3,3,3,1,1,7,3,3,4,10,15,15,8,16,24,39,42
          Baden-Württemberg,        25 bis unter 30 Jahre,        Unbekannt,0,0,0,0,0,0,0,0,0,0,0,0,0,0,0,0,0,0,0,0
          Baden-Württemberg,        30 bis unter 35 Jahre,Alle Geschlechter,3,5,14,9,7,16,13,19,16,16,29,30,19,24,27,38,48,39,44,49
          Baden-Württemberg,        30 bis unter 35 Jahre,Männlich,3,4,10,7,1,12,10,15,10,10,21,23,8,17,23,32,34,27,30,26
          Baden-Württemberg,        30 bis unter 35 Jahre,        Weiblich,0,1,4,2,6,4,3,4,6,6,8,7,11,7,4,6,14,12,14,23
          Baden-Württemberg,        30 bis unter 35 Jahre,        Unbekannt,0,0,0,0,0,0,0,0,0,0,0,0,0,0,0,0,0,0,0,0
          Baden-Württemberg,        35 bis unter 40 Jahre,Alle Geschlechter,2,9,13,8,6,6,10,4,6,2,10,20,15,13,26,17,14,21,29,41
          Baden-Württemberg,        35 bis unter 40 Jahre,Männlich,2,4,4,2,3,3,7,2,3,0,7,17,8,8,19,7,10,14,18,20
          Baden-Württemberg,        35 bis unter 40 Jahre,        Weiblich,0,5,9,6,3,3,3,2,3,2,3,3,7,5,7,10,4,7,11,21
          Baden-Württemberg,        35 bis unter 40 Jahre,        Unbekannt,0,0,0,0,0,0,0,0,0,0,0,0,0,0,0,0,0,0,0,0
          Baden-Württemberg,        40 bis unter 45 Jahre,Alle Geschlechter,3,8,17,10,13,4,8,14,7,11,5,8,9,14,12,10,17,28,23,25
          Baden-Württemberg,        40 bis unter 45 Jahre,Männlich,3,6,13,5,5,1,3,4,4,9,3,4,6,9,4,5,13,18,15,14
          Baden-Württemberg,        40 bis unter 45 Jahre,        Weiblich,0,2,4,5,8,3,5,10,3,2,2,4,3,5,8,5,4,10,8,11
          Baden-Württemberg,        40 bis unter 45 Jahre,        Unbekannt,0,0,0,0,0,0,0,0,0,0,0,0,0,0,0,0,0,0,0,0
          Baden-Württemberg,        45 bis unter 50 Jahre,Alle Geschlechter,1,3,6,9,2,4,5,16,10,10,11,18,7,11,17,6,7,9,16,9
          Baden-Württemberg,        45 bis unter 50 Jahre,Männlich,1,2,4,5,0,0,1,6,5,5,9,11,4,6,8,2,1,0,10,2
          Baden-Württemberg,        45 bis unter 50 Jahre,        Weiblich,0,1,2,4,2,4,4,10,5,5,2,7,3,5,9,4,6,9,6,7
          Baden-Württemberg,        45 bis unter 50 Jahre,        Unbekannt,0,0,0,0,0,0,0,0,0,0,0,0,0,0,0,0,0,0,0,0
          Baden-Württemberg,        50 bis unter 55 Jahre,Alle Geschlechter,0,2,0,2,4,3,4,8,6,6,13,16,11,13,17,15,7,4,7,12
          Baden-Württemberg,        50 bis unter 55 Jahre,Männlich,0,0,0,0,0,0,0,3,0,2,3,4,3,9,6,5,5,3,3,5
          Baden-Württemberg,        50 bis unter 55 Jahre,        Weiblich,0,2,0,2,4,3,4,5,6,4,10,12,8,4,11,10,2,1,4,7
          Baden-Württemberg,        50 bis unter 55 Jahre,        Unbekannt,0,0,0,0,0,0,0,0,0,0,0,0,0,0,0,0,0,0,0,0
          Baden-Württemberg,        55 bis unter 60 Jahre,Alle Geschlechter,0,0,0,3,0,1,2,4,6,7,5,5,7,8,3,5,3,7,9,7
          Baden-Württemberg,        55 bis unter 60 Jahre,Männlich,0,0,0,0,0,1,2,3,2,1,0,0,1,0,1,2,2,1,1,0
          Baden-Württemberg,        55 bis unter 60 Jahre,        Weiblich,0,0,0,3,0,0,0,1,4,6,5,5,6,8,2,3,1,6,8,7
          Baden-Württemberg,        55 bis unter 60 Jahre,        Unbekannt,0,0,0,0,0,0,0,0,0,0,0,0,0,0,0,0,0,0,0,0
          Baden-Württemberg,        60 bis unter 65 Jahre,Alle Geschlechter,0,2,0,0,1,0,0,0,2,2,1,2,3,6,3,4,3,4,3,4
          Baden-Württemberg,        60 bis unter 65 Jahre,Männlich,0,0,0,0,0,0,0,0,0,0,1,2,1,0,0,1,1,0,1,0
          Baden-Württemberg,        60 bis unter 65 Jahre,        Weiblich,0,2,0,0,1,0,0,0,2,2,0,0,2,6,3,3,2,4,2,4
          Baden-Württemberg,        60 bis unter 65 Jahre,        Unbekannt,0,0,0,0,0,0,0,0,0,0,0,0,0,0,0,0,0,0,0,0
          Baden-Württemberg,        65 bis unter 70 Jahre,Alle Geschlechter,0,0,0,0,0,0,0,0,0,0,0,0,0,3,3,1,0,0,1,0
          Baden-Württemberg,        65 bis unter 70 Jahre,Männlich,0,0,0,0,0,0,0,0,0,0,0,0,0,1,0,0,0,0,0,0
          Baden-Württemberg,        65 bis unter 70 Jahre,        Weiblich,0,0,0,0,0,0,0,0,0,0,0,0,0,2,3,1,0,0,1,0
          Baden-Württemberg,        65 bis unter 70 Jahre,        Unbekannt,0,0,0,0,0,0,0,0,0,0,0,0,0,0,0,0,0,0,0,0
          Baden-Württemberg,        70 bis unter 75 Jahre,Alle Geschlechter,0,0,0,0,0,1,0,1,0,0,0,0,0,0,0,0,1,0,2,2
          Baden-Württemberg,        70 bis unter 75 Jahre,Männlich,0,0,0,0,0,1,0,0,0,0,0,0,0,0,0,0,0,0,0,0
          Baden-Württemberg,        70 bis unter 75 Jahre,        Weiblich,0,0,0,0,0,0,0,1,0,0,0,0,0,0,0,0,1,0,2,2
          Baden-Württemberg,        70 bis unter 75 Jahre,        Unbekannt,0,0,0,0,0,0,0,0,0,0,0,0,0,0,0,0,0,0,0,0
          Baden-Württemberg,        75 bis unter 80 Jahre,Alle Geschlechter,0,0,0,0,0,0,0,0,0,0,0,0,0,0,0,0,0,0,0,0
          Baden-Württemberg,        75 bis unter 80 Jahre,Männlich,0,0,0,0,0,0,0,0,0,0,0,0,0,0,0,0,0,0,0,0
          Baden-Württemberg,        75 bis unter 80 Jahre,        Weiblich,0,0,0,0,0,0,0,0,0,0,0,0,0,0,0,0,0,0,0,0
          Baden-Württemberg,        75 bis unter 80 Jahre,        Unbekannt,0,0,0,0,0,0,0,0,0,0,0,0,0,0,0,0,0,0,0,0
          Baden-Württemberg,        80 bis unter 85 Jahre,Alle Geschlechter,0,0,0,0,0,0,0,0,0,0,0,0,0,0,0,0,0,0,0,0
          Baden-Württemberg,        80 bis unter 85 Jahre,Männlich,0,0,0,0,0,0,0,0,0,0,0,0,0,0,0,0,0,0,0,0
          Baden-Württemberg,        80 bis unter 85 Jahre,        Weiblich,0,0,0,0,0,0,0,0,0,0,0,0,0,0,0,0,0,0,0,0
          Baden-Württemberg,        80 bis unter 85 Jahre,        Unbekannt,0,0,0,0,0,0,0,0,0,0,0,0,0,0,0,0,0,0,0,0
          Baden-Württemberg,        85 bis unter 90 Jahre,Alle Geschlechter,0,0,0,0,0,0,0,0,0,0,0,0,0,0,0,0,0,0,0,0
          Baden-Württemberg,        85 bis unter 90 Jahre,Männlich,0,0,0,0,0,0,0,0,0,0,0,0,0,0,0,0,0,0,0,0
          Baden-Württemberg,        85 bis unter 90 Jahre,        Weiblich,0,0,0,0,0,0,0,0,0,0,0,0,0,0,0,0,0,0,0,0
          Baden-Württemberg,        85 bis unter 90 Jahre,        Unbekannt,0,0,0,0,0,0,0,0,0,0,0,0,0,0,0,0,0,0,0,0
          Baden-Württemberg,        90 bis unter 95 Jahre,Alle Geschlechter,0,0,0,0,0,0,0,0,0,0,0,0,0,0,0,0,0,0,0,0
          Baden-Württemberg,        90 bis unter 95 Jahre,Männlich,0,0,0,0,0,0,0,0,0,0,0,0,0,0,0,0,0,0,0,0
          Baden-Württemberg,        90 bis unter 95 Jahre,        Weiblich,0,0,0,0,0,0,0,0,0,0,0,0,0,0,0,0,0,0,0,0
          Baden-Württemberg,        90 bis unter 95 Jahre,        Unbekannt,0,0,0,0,0,0,0,0,0,0,0,0,0,0,0,0,0,0,0,0
          Baden-Württemberg,        95 Jahre und älter,Alle Geschlechter,0,0,0,0,0,0,0,0,0,0,0,0,0,0,0,0,0,0,0,0
          Baden-Württemberg,        95 Jahre und älter,Männlich,0,0,0,0,0,0,0,0,0,0,0,0,0,0,0,0,0,0,0,0
          Baden-Württemberg,        95 Jahre und älter,        Weiblich,0,0,0,0,0,0,0,0,0,0,0,0,0,0,0,0,0,0,0,0
          Baden-Württemberg,        95 Jahre und älter,        Unbekannt,0,0,0,0,0,0,0,0,0,0,0,0,0,0,0,0,0,0,0,0
          Baden-Württemberg,        Unbekannt,Alle Geschlechter,0,0,0,0,0,0,0,0,0,0,0,0,0,0,0,0,0,0,0,0
          Baden-Württemberg,        Unbekannt,Männlich,0,0,0,0,0,0,0,0,0,0,0,0,0,0,0,0,0,0,0,0
          Baden-Württemberg,        Unbekannt,        Weiblich,0,0,0,0,0,0,0,0,0,0,0,0,0,0,0,0,0,0,0,0
          Baden-Württemberg,        Unbekannt,        Unbekannt,0,0,0,0,0,0,0,0,0,0,0,0,0,0,0,0,0,0,0,0
          Bayern,Alle Altersgruppen,Alle Geschlechter,14,57,81,110,97,106,126,157,171,210,233,285,277,286,391,371,439,412,505,538
          Bayern,Alle Altersgruppen,Männlich,14,31,48,60,63,58,70,86,107,133,156,197,182,190,260,254,328,312,325,318
          Bayern,Alle Altersgruppen,        Weiblich,0,26,33,50,34,48,56,71,64,77,77,88,95,96,131,117,111,100,180,220
          Bayern,Alle Altersgruppen,        Unbekannt,0,0,0,0,0,0,0,0,0,0,0,0,0,0,0,0,0,0,0,0
          Bayern,        Unter 1 Jahr,Alle Geschlechter,0,0,0,0,0,0,0,0,0,0,0,1,0,0,0,0,0,0,0,0
          Bayern,        Unter 1 Jahr,Männlich,0,0,0,0,0,0,0,0,0,0,0,0,0,0,0,0,0,0,0,0
          Bayern,        Unter 1 Jahr,        Weiblich,0,0,0,0,0,0,0,0,0,0,0,1,0,0,0,0,0,0,0,0
          Bayern,        Unter 1 Jahr,        Unbekannt,0,0,0,0,0,0,0,0,0,0,0,0,0,0,0,0,0,0,0,0
          Bayern,        1 Jahr bis unter 5 Jahre,Alle Geschlechter,0,0,0,0,0,0,0,0,0,0,0,1,0,0,0,0,0,0,0,0
          Bayern,        1 Jahr bis unter 5 Jahre,Männlich,0,0,0,0,0,0,0,0,0,0,0,1,0,0,0,0,0,0,0,0
          Bayern,        1 Jahr bis unter 5 Jahre,        Weiblich,0,0,0,0,0,0,0,0,0,0,0,0,0,0,0,0,0,0,0,0
          Bayern,        1 Jahr bis unter 5 Jahre,        Unbekannt,0,0,0,0,0,0,0,0,0,0,0,0,0,0,0,0,0,0,0,0
          Bayern,        5 bis unter 10 Jahre,Alle Geschlechter,0,0,0,0,0,0,0,0,0,0,0,0,0,0,0,0,0,0,0,0
          Bayern,        5 bis unter 10 Jahre,Männlich,0,0,0,0,0,0,0,0,0,0,0,0,0,0,0,0,0,0,0,0
          Bayern,        5 bis unter 10 Jahre,        Weiblich,0,0,0,0,0,0,0,0,0,0,0,0,0,0,0,0,0,0,0,0
          Bayern,        5 bis unter 10 Jahre,        Unbekannt,0,0,0,0,0,0,0,0,0,0,0,0,0,0,0,0,0,0,0,0
          Bayern,        10 bis unter 15 Jahre,Alle Geschlechter,0,0,0,0,0,0,0,0,0,0,0,0,0,0,0,0,0,0,0,0
          Bayern,        10 bis unter 15 Jahre,Männlich,0,0,0,0,0,0,0,0,0,0,0,0,0,0,0,0,0,0,0,0
          Bayern,        10 bis unter 15 Jahre,        Weiblich,0,0,0,0,0,0,0,0,0,0,0,0,0,0,0,0,0,0,0,0
          Bayern,        10 bis unter 15 Jahre,        Unbekannt,0,0,0,0,0,0,0,0,0,0,0,0,0,0,0,0,0,0,0,0
          Bayern,        15 bis unter 20 Jahre,Alle Geschlechter,0,1,0,3,4,4,8,0,1,3,8,14,10,12,14,20,22,22,25,22
          Bayern,        15 bis unter 20 Jahre,Männlich,0,0,0,2,2,2,5,0,0,2,3,9,8,7,11,16,17,18,19,12
          Bayern,        15 bis unter 20 Jahre,        Weiblich,0,1,0,1,2,2,3,0,1,1,5,5,2,5,3,4,5,4,6,10
          Bayern,        15 bis unter 20 Jahre,        Unbekannt,0,0,0,0,0,0,0,0,0,0,0,0,0,0,0,0,0,0,0,0
          Bayern,        20 bis unter 25 Jahre,Alle Geschlechter,1,2,6,17,9,10,14,30,28,37,47,57,43,55,80,84,118,94,131,134
          Bayern,        20 bis unter 25 Jahre,Männlich,1,1,3,9,7,4,6,19,20,24,33,43,31,43,53,65,101,78,93,88
          Bayern,        20 bis unter 25 Jahre,        Weiblich,0,1,3,8,2,6,8,11,8,13,14,14,12,12,27,19,17,16,38,46
          Bayern,        20 bis unter 25 Jahre,        Unbekannt,0,0,0,0,0,0,0,0,0,0,0,0,0,0,0,0,0,0,0,0
          Bayern,        25 bis unter 30 Jahre,Alle Geschlechter,8,9,14,18,5,6,15,28,30,29,50,54,55,52,87,89,92,106,111,143
          Bayern,        25 bis unter 30 Jahre,Männlich,8,6,12,10,4,4,12,21,21,24,32,47,37,38,64,64,69,79,70,79
          Bayern,        25 bis unter 30 Jahre,        Weiblich,0,3,2,8,1,2,3,7,9,5,18,7,18,14,23,25,23,27,41,64
          Bayern,        25 bis unter 30 Jahre,        Unbekannt,0,0,0,0,0,0,0,0,0,0,0,0,0,0,0,0,0,0,0,0
          Bayern,        30 bis unter 35 Jahre,Alle Geschlechter,1,11,19,18,30,28,27,33,38,46,48,52,42,38,55,48,63,69,67,78
          Bayern,        30 bis unter 35 Jahre,Männlich,1,8,13,13,23,19,21,21,32,36,37,32,34,28,35,38,48,52,44,44
          Bayern,        30 bis unter 35 Jahre,        Weiblich,0,3,6,5,7,9,6,12,6,10,11,20,8,10,20,10,15,17,23,34
          Bayern,        30 bis unter 35 Jahre,        Unbekannt,0,0,0,0,0,0,0,0,0,0,0,0,0,0,0,0,0,0,0,0
          Bayern,        35 bis unter 40 Jahre,Alle Geschlechter,4,9,9,13,18,28,21,15,30,31,20,23,40,48,53,38,40,39,48,46
          Bayern,        35 bis unter 40 Jahre,Männlich,4,4,6,7,12,16,9,8,15,20,17,21,30,37,42,26,29,29,33,33
          Bayern,        35 bis unter 40 Jahre,        Weiblich,0,5,3,6,6,12,12,7,15,11,3,2,10,11,11,12,11,10,15,13
          Bayern,        35 bis unter 40 Jahre,        Unbekannt,0,0,0,0,0,0,0,0,0,0,0,0,0,0,0,0,0,0,0,0
          Bayern,        40 bis unter 45 Jahre,Alle Geschlechter,0,13,16,19,7,12,19,16,16,28,25,35,41,27,33,32,37,35,42,32
          Bayern,        40 bis unter 45 Jahre,Männlich,0,7,8,9,3,6,12,11,12,14,14,24,22,19,20,24,28,28,28,20
          Bayern,        40 bis unter 45 Jahre,        Weiblich,0,6,8,10,4,6,7,5,4,14,11,11,19,8,13,8,9,7,14,12
          Bayern,        40 bis unter 45 Jahre,        Unbekannt,0,0,0,0,0,0,0,0,0,0,0,0,0,0,0,0,0,0,0,0
          Bayern,        45 bis unter 50 Jahre,Alle Geschlechter,0,8,13,18,11,8,9,14,17,23,25,25,18,21,20,19,27,16,27,35
          Bayern,        45 bis unter 50 Jahre,Männlich,0,5,5,9,9,2,1,3,5,11,18,11,12,9,14,8,19,12,16,19
          Bayern,        45 bis unter 50 Jahre,        Weiblich,0,3,8,9,2,6,8,11,12,12,7,14,6,12,6,11,8,4,11,16
          Bayern,        45 bis unter 50 Jahre,        Unbekannt,0,0,0,0,0,0,0,0,0,0,0,0,0,0,0,0,0,0,0,0
          Bayern,        50 bis unter 55 Jahre,Alle Geschlechter,0,1,3,4,6,7,7,11,5,8,8,16,17,10,28,21,21,12,23,17
          Bayern,        50 bis unter 55 Jahre,Männlich,0,0,1,1,2,4,3,3,1,1,2,6,6,4,12,9,9,7,12,11
          Bayern,        50 bis unter 55 Jahre,        Weiblich,0,1,2,3,4,3,4,8,4,7,6,10,11,6,16,12,12,5,11,6
          Bayern,        50 bis unter 55 Jahre,        Unbekannt,0,0,0,0,0,0,0,0,0,0,0,0,0,0,0,0,0,0,0,0
          Bayern,        55 bis unter 60 Jahre,Alle Geschlechter,0,1,1,0,6,1,3,3,2,4,1,2,4,17,17,12,11,12,23,16
          Bayern,        55 bis unter 60 Jahre,Männlich,0,0,0,0,1,1,1,0,1,1,0,1,1,5,8,3,2,5,7,5
          Bayern,        55 bis unter 60 Jahre,        Weiblich,0,1,1,0,5,0,2,3,1,3,1,1,3,12,9,9,9,7,16,11
          Bayern,        55 bis unter 60 Jahre,        Unbekannt,0,0,0,0,0,0,0,0,0,0,0,0,0,0,0,0,0,0,0,0
          Bayern,        60 bis unter 65 Jahre,Alle Geschlechter,0,2,0,0,1,2,0,3,3,0,1,3,6,5,2,6,5,4,3,6
          Bayern,        60 bis unter 65 Jahre,Männlich,0,0,0,0,0,0,0,0,0,0,0,1,1,0,0,0,3,3,1,3
          Bayern,        60 bis unter 65 Jahre,        Weiblich,0,2,0,0,1,2,0,3,3,0,1,2,5,5,2,6,2,1,2,3
          Bayern,        60 bis unter 65 Jahre,        Unbekannt,0,0,0,0,0,0,0,0,0,0,0,0,0,0,0,0,0,0,0,0
          Bayern,        65 bis unter 70 Jahre,Alle Geschlechter,0,0,0,0,0,0,1,1,1,1,0,1,1,1,2,1,1,2,2,4
          Bayern,        65 bis unter 70 Jahre,Männlich,0,0,0,0,0,0,0,0,0,0,0,0,0,0,1,0,1,0,1,0
          Bayern,        65 bis unter 70 Jahre,        Weiblich,0,0,0,0,0,0,1,1,1,1,0,1,1,1,1,1,0,2,1,4
          Bayern,        65 bis unter 70 Jahre,        Unbekannt,0,0,0,0,0,0,0,0,0,0,0,0,0,0,0,0,0,0,0,0
          Bayern,        70 bis unter 75 Jahre,Alle Geschlechter,0,0,0,0,0,0,2,3,0,0,0,1,0,0,0,0,2,1,3,4
          Bayern,        70 bis unter 75 Jahre,Männlich,0,0,0,0,0,0,0,0,0,0,0,1,0,0,0,0,2,1,1,3
          Bayern,        70 bis unter 75 Jahre,        Weiblich,0,0,0,0,0,0,2,3,0,0,0,0,0,0,0,0,0,0,2,1
          Bayern,        70 bis unter 75 Jahre,        Unbekannt,0,0,0,0,0,0,0,0,0,0,0,0,0,0,0,0,0,0,0,0
          Bayern,        75 bis unter 80 Jahre,Alle Geschlechter,0,0,0,0,0,0,0,0,0,0,0,0,0,0,0,1,0,0,0,0
          Bayern,        75 bis unter 80 Jahre,Männlich,0,0,0,0,0,0,0,0,0,0,0,0,0,0,0,1,0,0,0,0
          Bayern,        75 bis unter 80 Jahre,        Weiblich,0,0,0,0,0,0,0,0,0,0,0,0,0,0,0,0,0,0,0,0
          Bayern,        75 bis unter 80 Jahre,        Unbekannt,0,0,0,0,0,0,0,0,0,0,0,0,0,0,0,0,0,0,0,0
          Bayern,        80 bis unter 85 Jahre,Alle Geschlechter,0,0,0,0,0,0,0,0,0,0,0,0,0,0,0,0,0,0,0,1
          Bayern,        80 bis unter 85 Jahre,Männlich,0,0,0,0,0,0,0,0,0,0,0,0,0,0,0,0,0,0,0,1
          Bayern,        80 bis unter 85 Jahre,        Weiblich,0,0,0,0,0,0,0,0,0,0,0,0,0,0,0,0,0,0,0,0
          Bayern,        80 bis unter 85 Jahre,        Unbekannt,0,0,0,0,0,0,0,0,0,0,0,0,0,0,0,0,0,0,0,0
          Bayern,        85 bis unter 90 Jahre,Alle Geschlechter,0,0,0,0,0,0,0,0,0,0,0,0,0,0,0,0,0,0,0,0
          Bayern,        85 bis unter 90 Jahre,Männlich,0,0,0,0,0,0,0,0,0,0,0,0,0,0,0,0,0,0,0,0
          Bayern,        85 bis unter 90 Jahre,        Weiblich,0,0,0,0,0,0,0,0,0,0,0,0,0,0,0,0,0,0,0,0
          Bayern,        85 bis unter 90 Jahre,        Unbekannt,0,0,0,0,0,0,0,0,0,0,0,0,0,0,0,0,0,0,0,0
          Bayern,        90 bis unter 95 Jahre,Alle Geschlechter,0,0,0,0,0,0,0,0,0,0,0,0,0,0,0,0,0,0,0,0
          Bayern,        90 bis unter 95 Jahre,Männlich,0,0,0,0,0,0,0,0,0,0,0,0,0,0,0,0,0,0,0,0
          Bayern,        90 bis unter 95 Jahre,        Weiblich,0,0,0,0,0,0,0,0,0,0,0,0,0,0,0,0,0,0,0,0
          Bayern,        90 bis unter 95 Jahre,        Unbekannt,0,0,0,0,0,0,0,0,0,0,0,0,0,0,0,0,0,0,0,0
          Bayern,        95 Jahre und älter,Alle Geschlechter,0,0,0,0,0,0,0,0,0,0,0,0,0,0,0,0,0,0,0,0
          Bayern,        95 Jahre und älter,Männlich,0,0,0,0,0,0,0,0,0,0,0,0,0,0,0,0,0,0,0,0
          Bayern,        95 Jahre und älter,        Weiblich,0,0,0,0,0,0,0,0,0,0,0,0,0,0,0,0,0,0,0,0
          Bayern,        95 Jahre und älter,        Unbekannt,0,0,0,0,0,0,0,0,0,0,0,0,0,0,0,0,0,0,0,0
          Bayern,        Unbekannt,Alle Geschlechter,0,0,0,0,0,0,0,0,0,0,0,0,0,0,0,0,0,0,0,0
          Bayern,        Unbekannt,Männlich,0,0,0,0,0,0,0,0,0,0,0,0,0,0,0,0,0,0,0,0
          Bayern,        Unbekannt,        Weiblich,0,0,0,0,0,0,0,0,0,0,0,0,0,0,0,0,0,0,0,0
          Bayern,        Unbekannt,        Unbekannt,0,0,0,0,0,0,0,0,0,0,0,0,0,0,0,0,0,0,0,0
          Berlin,Alle Altersgruppen,Alle Geschlechter,12,30,27,35,44,54,66,105,107,136,112,163,164,239,257,260,278,274,348,399
          Berlin,Alle Altersgruppen,Männlich,12,18,10,16,26,24,37,62,65,74,65,101,109,145,169,160,172,178,208,203
          Berlin,Alle Altersgruppen,        Weiblich,0,12,17,19,18,30,29,43,42,62,47,62,55,94,88,100,106,96,140,196
          Berlin,Alle Altersgruppen,        Unbekannt,0,0,0,0,0,0,0,0,0,0,0,0,0,0,0,0,0,0,0,0
          Berlin,        Unter 1 Jahr,Alle Geschlechter,0,0,0,0,0,0,0,0,0,0,0,0,0,0,0,0,0,0,0,0
          Berlin,        Unter 1 Jahr,Männlich,0,0,0,0,0,0,0,0,0,0,0,0,0,0,0,0,0,0,0,0
          Berlin,        Unter 1 Jahr,        Weiblich,0,0,0,0,0,0,0,0,0,0,0,0,0,0,0,0,0,0,0,0
          Berlin,        Unter 1 Jahr,        Unbekannt,0,0,0,0,0,0,0,0,0,0,0,0,0,0,0,0,0,0,0,0
          Berlin,        1 Jahr bis unter 5 Jahre,Alle Geschlechter,0,0,0,0,0,0,0,0,0,0,0,0,0,0,0,0,0,0,0,0
          Berlin,        1 Jahr bis unter 5 Jahre,Männlich,0,0,0,0,0,0,0,0,0,0,0,0,0,0,0,0,0,0,0,0
          Berlin,        1 Jahr bis unter 5 Jahre,        Weiblich,0,0,0,0,0,0,0,0,0,0,0,0,0,0,0,0,0,0,0,0
          Berlin,        1 Jahr bis unter 5 Jahre,        Unbekannt,0,0,0,0,0,0,0,0,0,0,0,0,0,0,0,0,0,0,0,0
          Berlin,        5 bis unter 10 Jahre,Alle Geschlechter,0,0,0,0,0,0,0,0,0,0,0,0,0,0,0,0,0,0,0,0
          Berlin,        5 bis unter 10 Jahre,Männlich,0,0,0,0,0,0,0,0,0,0,0,0,0,0,0,0,0,0,0,0
          Berlin,        5 bis unter 10 Jahre,        Weiblich,0,0,0,0,0,0,0,0,0,0,0,0,0,0,0,0,0,0,0,0
          Berlin,        5 bis unter 10 Jahre,        Unbekannt,0,0,0,0,0,0,0,0,0,0,0,0,0,0,0,0,0,0,0,0
          Berlin,        10 bis unter 15 Jahre,Alle Geschlechter,0,0,0,0,0,0,0,0,0,0,0,0,0,0,0,0,0,0,0,0
          Berlin,        10 bis unter 15 Jahre,Männlich,0,0,0,0,0,0,0,0,0,0,0,0,0,0,0,0,0,0,0,0
          Berlin,        10 bis unter 15 Jahre,        Weiblich,0,0,0,0,0,0,0,0,0,0,0,0,0,0,0,0,0,0,0,0
          Berlin,        10 bis unter 15 Jahre,        Unbekannt,0,0,0,0,0,0,0,0,0,0,0,0,0,0,0,0,0,0,0,0
          Berlin,        15 bis unter 20 Jahre,Alle Geschlechter,0,1,1,0,1,0,1,4,3,1,6,5,10,16,24,24,25,23,26,29
          Berlin,        15 bis unter 20 Jahre,Männlich,0,0,0,0,0,0,1,2,3,1,5,2,7,11,14,17,19,15,10,7
          Berlin,        15 bis unter 20 Jahre,        Weiblich,0,1,1,0,1,0,0,2,0,0,1,3,3,5,10,7,6,8,16,22
          Berlin,        15 bis unter 20 Jahre,        Unbekannt,0,0,0,0,0,0,0,0,0,0,0,0,0,0,0,0,0,0,0,0
          Berlin,        20 bis unter 25 Jahre,Alle Geschlechter,0,1,1,5,4,3,11,21,25,24,10,27,33,49,43,68,75,81,97,97
          Berlin,        20 bis unter 25 Jahre,Männlich,0,1,0,1,0,1,6,14,16,19,7,21,27,38,29,46,49,64,69,50
          Berlin,        20 bis unter 25 Jahre,        Weiblich,0,0,1,4,4,2,5,7,9,5,3,6,6,11,14,22,26,17,28,47
          Berlin,        20 bis unter 25 Jahre,        Unbekannt,0,0,0,0,0,0,0,0,0,0,0,0,0,0,0,0,0,0,0,0
          Berlin,        25 bis unter 30 Jahre,Alle Geschlechter,3,6,4,8,9,9,12,20,17,22,21,42,34,54,51,56,58,62,75,96
          Berlin,        25 bis unter 30 Jahre,Männlich,3,5,1,3,5,7,9,12,9,13,16,28,28,37,40,41,37,37,42,48
          Berlin,        25 bis unter 30 Jahre,        Weiblich,0,1,3,5,4,2,3,8,8,9,5,14,6,17,11,15,21,25,33,48
          Berlin,        25 bis unter 30 Jahre,        Unbekannt,0,0,0,0,0,0,0,0,0,0,0,0,0,0,0,0,0,0,0,0
          Berlin,        30 bis unter 35 Jahre,Alle Geschlechter,0,4,6,5,11,14,11,23,23,29,21,24,28,34,52,45,59,47,53,66
          Berlin,        30 bis unter 35 Jahre,Männlich,0,3,3,2,8,7,7,16,18,18,14,14,19,20,32,22,33,28,33,38
          Berlin,        30 bis unter 35 Jahre,        Weiblich,0,1,3,3,3,7,4,7,5,11,7,10,9,14,20,23,26,19,20,28
          Berlin,        30 bis unter 35 Jahre,        Unbekannt,0,0,0,0,0,0,0,0,0,0,0,0,0,0,0,0,0,0,0,0
          Berlin,        35 bis unter 40 Jahre,Alle Geschlechter,1,5,5,6,2,6,8,10,14,18,16,19,14,27,29,21,23,26,36,44
          Berlin,        35 bis unter 40 Jahre,Männlich,1,4,4,4,2,5,6,8,11,10,13,12,7,19,24,16,15,15,26,23
          Berlin,        35 bis unter 40 Jahre,        Weiblich,0,1,1,2,0,1,2,2,3,8,3,7,7,8,5,5,8,11,10,21
          Berlin,        35 bis unter 40 Jahre,        Unbekannt,0,0,0,0,0,0,0,0,0,0,0,0,0,0,0,0,0,0,0,0
          Berlin,        40 bis unter 45 Jahre,Alle Geschlechter,2,5,7,8,11,9,12,7,8,11,7,16,11,12,9,13,14,18,22,29
          Berlin,        40 bis unter 45 Jahre,Männlich,2,0,1,5,7,3,6,6,3,1,2,10,8,7,8,7,8,12,10,14
          Berlin,        40 bis unter 45 Jahre,        Weiblich,0,5,6,3,4,6,6,1,5,10,5,6,3,5,1,6,6,6,12,15
          Berlin,        40 bis unter 45 Jahre,        Unbekannt,0,0,0,0,0,0,0,0,0,0,0,0,0,0,0,0,0,0,0,0
          Berlin,        45 bis unter 50 Jahre,Alle Geschlechter,4,8,3,1,4,5,3,8,9,12,13,8,11,13,15,11,11,5,15,13
          Berlin,        45 bis unter 50 Jahre,Männlich,4,5,1,1,3,1,1,0,4,6,4,3,6,10,10,4,8,3,8,7
          Berlin,        45 bis unter 50 Jahre,        Weiblich,0,3,2,0,1,4,2,8,5,6,9,5,5,3,5,7,3,2,7,6
          Berlin,        45 bis unter 50 Jahre,        Unbekannt,0,0,0,0,0,0,0,0,0,0,0,0,0,0,0,0,0,0,0,0
          Berlin,        50 bis unter 55 Jahre,Alle Geschlechter,0,0,0,1,0,5,4,7,4,7,5,12,12,18,10,10,3,5,11,9
          Berlin,        50 bis unter 55 Jahre,Männlich,0,0,0,0,0,0,0,3,1,3,0,6,6,1,6,0,0,2,6,5
          Berlin,        50 bis unter 55 Jahre,        Weiblich,0,0,0,1,0,5,4,4,3,4,5,6,6,17,4,10,3,3,5,4
          Berlin,        50 bis unter 55 Jahre,        Unbekannt,0,0,0,0,0,0,0,0,0,0,0,0,0,0,0,0,0,0,0,0
          Berlin,        55 bis unter 60 Jahre,Alle Geschlechter,2,0,0,0,0,0,2,3,2,9,9,10,11,11,18,6,9,4,7,12
          Berlin,        55 bis unter 60 Jahre,Männlich,2,0,0,0,0,0,0,0,0,3,4,5,1,2,4,3,3,0,2,8
          Berlin,        55 bis unter 60 Jahre,        Weiblich,0,0,0,0,0,0,2,3,2,6,5,5,10,9,14,3,6,4,5,4
          Berlin,        55 bis unter 60 Jahre,        Unbekannt,0,0,0,0,0,0,0,0,0,0,0,0,0,0,0,0,0,0,0,0
          Berlin,        60 bis unter 65 Jahre,Alle Geschlechter,0,0,0,1,2,1,0,1,2,3,3,0,0,5,4,4,0,3,6,4
          Berlin,        60 bis unter 65 Jahre,Männlich,0,0,0,0,1,0,0,0,0,0,0,0,0,0,0,3,0,2,2,3
          Berlin,        60 bis unter 65 Jahre,        Weiblich,0,0,0,1,1,1,0,1,2,3,3,0,0,5,4,1,0,1,4,1
          Berlin,        60 bis unter 65 Jahre,        Unbekannt,0,0,0,0,0,0,0,0,0,0,0,0,0,0,0,0,0,0,0,0
          Berlin,        65 bis unter 70 Jahre,Alle Geschlechter,0,0,0,0,0,2,2,1,0,0,1,0,0,0,2,0,0,0,0,0
          Berlin,        65 bis unter 70 Jahre,Männlich,0,0,0,0,0,0,1,1,0,0,0,0,0,0,2,0,0,0,0,0
          Berlin,        65 bis unter 70 Jahre,        Weiblich,0,0,0,0,0,2,1,0,0,0,1,0,0,0,0,0,0,0,0,0
          Berlin,        65 bis unter 70 Jahre,        Unbekannt,0,0,0,0,0,0,0,0,0,0,0,0,0,0,0,0,0,0,0,0
          Berlin,        70 bis unter 75 Jahre,Alle Geschlechter,0,0,0,0,0,0,0,0,0,0,0,0,0,0,0,1,1,0,0,0
          Berlin,        70 bis unter 75 Jahre,Männlich,0,0,0,0,0,0,0,0,0,0,0,0,0,0,0,1,0,0,0,0
          Berlin,        70 bis unter 75 Jahre,        Weiblich,0,0,0,0,0,0,0,0,0,0,0,0,0,0,0,0,1,0,0,0
          Berlin,        70 bis unter 75 Jahre,        Unbekannt,0,0,0,0,0,0,0,0,0,0,0,0,0,0,0,0,0,0,0,0
          Berlin,        75 bis unter 80 Jahre,Alle Geschlechter,0,0,0,0,0,0,0,0,0,0,0,0,0,0,0,1,0,0,0,0
          Berlin,        75 bis unter 80 Jahre,Männlich,0,0,0,0,0,0,0,0,0,0,0,0,0,0,0,0,0,0,0,0
          Berlin,        75 bis unter 80 Jahre,        Weiblich,0,0,0,0,0,0,0,0,0,0,0,0,0,0,0,1,0,0,0,0
          Berlin,        75 bis unter 80 Jahre,        Unbekannt,0,0,0,0,0,0,0,0,0,0,0,0,0,0,0,0,0,0,0,0
          Berlin,        80 bis unter 85 Jahre,Alle Geschlechter,0,0,0,0,0,0,0,0,0,0,0,0,0,0,0,0,0,0,0,0
          Berlin,        80 bis unter 85 Jahre,Männlich,0,0,0,0,0,0,0,0,0,0,0,0,0,0,0,0,0,0,0,0
          Berlin,        80 bis unter 85 Jahre,        Weiblich,0,0,0,0,0,0,0,0,0,0,0,0,0,0,0,0,0,0,0,0
          Berlin,        80 bis unter 85 Jahre,        Unbekannt,0,0,0,0,0,0,0,0,0,0,0,0,0,0,0,0,0,0,0,0
          Berlin,        85 bis unter 90 Jahre,Alle Geschlechter,0,0,0,0,0,0,0,0,0,0,0,0,0,0,0,0,0,0,0,0
          Berlin,        85 bis unter 90 Jahre,Männlich,0,0,0,0,0,0,0,0,0,0,0,0,0,0,0,0,0,0,0,0
          Berlin,        85 bis unter 90 Jahre,        Weiblich,0,0,0,0,0,0,0,0,0,0,0,0,0,0,0,0,0,0,0,0
          Berlin,        85 bis unter 90 Jahre,        Unbekannt,0,0,0,0,0,0,0,0,0,0,0,0,0,0,0,0,0,0,0,0
          Berlin,        90 bis unter 95 Jahre,Alle Geschlechter,0,0,0,0,0,0,0,0,0,0,0,0,0,0,0,0,0,0,0,0
          Berlin,        90 bis unter 95 Jahre,Männlich,0,0,0,0,0,0,0,0,0,0,0,0,0,0,0,0,0,0,0,0
          Berlin,        90 bis unter 95 Jahre,        Weiblich,0,0,0,0,0,0,0,0,0,0,0,0,0,0,0,0,0,0,0,0
          Berlin,        90 bis unter 95 Jahre,        Unbekannt,0,0,0,0,0,0,0,0,0,0,0,0,0,0,0,0,0,0,0,0
          Berlin,        95 Jahre und älter,Alle Geschlechter,0,0,0,0,0,0,0,0,0,0,0,0,0,0,0,0,0,0,0,0
          Berlin,        95 Jahre und älter,Männlich,0,0,0,0,0,0,0,0,0,0,0,0,0,0,0,0,0,0,0,0
          Berlin,        95 Jahre und älter,        Weiblich,0,0,0,0,0,0,0,0,0,0,0,0,0,0,0,0,0,0,0,0
          Berlin,        95 Jahre und älter,        Unbekannt,0,0,0,0,0,0,0,0,0,0,0,0,0,0,0,0,0,0,0,0
          Berlin,        Unbekannt,Alle Geschlechter,0,0,0,0,0,0,0,0,0,0,0,0,0,0,0,0,0,0,0,0
          Berlin,        Unbekannt,Männlich,0,0,0,0,0,0,0,0,0,0,0,0,0,0,0,0,0,0,0,0
          Berlin,        Unbekannt,        Weiblich,0,0,0,0,0,0,0,0,0,0,0,0,0,0,0,0,0,0,0,0
          Berlin,        Unbekannt,        Unbekannt,0,0,0,0,0,0,0,0,0,0,0,0,0,0,0,0,0,0,0,0
          Brandenburg,Alle Altersgruppen,Alle Geschlechter,0,8,9,8,5,16,26,42,43,27,31,31,39,44,86,100,104,106,135,149
          Brandenburg,Alle Altersgruppen,Männlich,0,2,2,2,1,7,16,23,22,15,21,18,21,33,67,79,84,89,94,86
          Brandenburg,Alle Altersgruppen,        Weiblich,0,6,7,6,4,9,10,19,21,12,10,13,18,11,19,21,20,17,41,63
          Brandenburg,Alle Altersgruppen,        Unbekannt,0,0,0,0,0,0,0,0,0,0,0,0,0,0,0,0,0,0,0,0
          Brandenburg,        Unter 1 Jahr,Alle Geschlechter,0,0,0,0,0,0,0,0,0,0,0,0,0,0,0,0,0,0,0,0
          Brandenburg,        Unter 1 Jahr,Männlich,0,0,0,0,0,0,0,0,0,0,0,0,0,0,0,0,0,0,0,0
          Brandenburg,        Unter 1 Jahr,        Weiblich,0,0,0,0,0,0,0,0,0,0,0,0,0,0,0,0,0,0,0,0
          Brandenburg,        Unter 1 Jahr,        Unbekannt,0,0,0,0,0,0,0,0,0,0,0,0,0,0,0,0,0,0,0,0
          Brandenburg,        1 Jahr bis unter 5 Jahre,Alle Geschlechter,0,0,0,0,0,0,0,0,0,0,0,0,0,0,0,0,0,0,0,0
          Brandenburg,        1 Jahr bis unter 5 Jahre,Männlich,0,0,0,0,0,0,0,0,0,0,0,0,0,0,0,0,0,0,0,0
          Brandenburg,        1 Jahr bis unter 5 Jahre,        Weiblich,0,0,0,0,0,0,0,0,0,0,0,0,0,0,0,0,0,0,0,0
          Brandenburg,        1 Jahr bis unter 5 Jahre,        Unbekannt,0,0,0,0,0,0,0,0,0,0,0,0,0,0,0,0,0,0,0,0
          Brandenburg,        5 bis unter 10 Jahre,Alle Geschlechter,0,0,0,0,0,0,0,0,0,0,0,0,0,0,0,0,0,0,0,0
          Brandenburg,        5 bis unter 10 Jahre,Männlich,0,0,0,0,0,0,0,0,0,0,0,0,0,0,0,0,0,0,0,0
          Brandenburg,        5 bis unter 10 Jahre,        Weiblich,0,0,0,0,0,0,0,0,0,0,0,0,0,0,0,0,0,0,0,0
          Brandenburg,        5 bis unter 10 Jahre,        Unbekannt,0,0,0,0,0,0,0,0,0,0,0,0,0,0,0,0,0,0,0,0
          Brandenburg,        10 bis unter 15 Jahre,Alle Geschlechter,0,0,0,0,0,0,0,0,0,0,0,0,0,0,0,0,0,0,0,0
          Brandenburg,        10 bis unter 15 Jahre,Männlich,0,0,0,0,0,0,0,0,0,0,0,0,0,0,0,0,0,0,0,0
          Brandenburg,        10 bis unter 15 Jahre,        Weiblich,0,0,0,0,0,0,0,0,0,0,0,0,0,0,0,0,0,0,0,0
          Brandenburg,        10 bis unter 15 Jahre,        Unbekannt,0,0,0,0,0,0,0,0,0,0,0,0,0,0,0,0,0,0,0,0
          Brandenburg,        15 bis unter 20 Jahre,Alle Geschlechter,0,0,1,0,0,0,0,0,0,0,0,1,0,7,24,21,17,21,14,17
          Brandenburg,        15 bis unter 20 Jahre,Männlich,0,0,1,0,0,0,0,0,0,0,0,0,0,6,18,18,13,19,9,6
          Brandenburg,        15 bis unter 20 Jahre,        Weiblich,0,0,0,0,0,0,0,0,0,0,0,1,0,1,6,3,4,2,5,11
          Brandenburg,        15 bis unter 20 Jahre,        Unbekannt,0,0,0,0,0,0,0,0,0,0,0,0,0,0,0,0,0,0,0,0
          Brandenburg,        20 bis unter 25 Jahre,Alle Geschlechter,0,0,0,2,0,0,3,1,4,5,5,2,3,3,15,20,29,26,47,57
          Brandenburg,        20 bis unter 25 Jahre,Männlich,0,0,0,0,0,0,0,0,3,2,3,2,2,3,13,16,27,22,34,32
          Brandenburg,        20 bis unter 25 Jahre,        Weiblich,0,0,0,2,0,0,3,1,1,3,2,0,1,0,2,4,2,4,13,25
          Brandenburg,        20 bis unter 25 Jahre,        Unbekannt,0,0,0,0,0,0,0,0,0,0,0,0,0,0,0,0,0,0,0,0
          Brandenburg,        25 bis unter 30 Jahre,Alle Geschlechter,0,0,0,0,0,0,3,4,4,1,2,1,1,7,11,19,23,14,24,31
          Brandenburg,        25 bis unter 30 Jahre,Männlich,0,0,0,0,0,0,0,2,2,1,2,1,1,5,9,17,21,13,17,23
          Brandenburg,        25 bis unter 30 Jahre,        Weiblich,0,0,0,0,0,0,3,2,2,0,0,0,0,2,2,2,2,1,7,8
          Brandenburg,        25 bis unter 30 Jahre,        Unbekannt,0,0,0,0,0,0,0,0,0,0,0,0,0,0,0,0,0,0,0,0
          Brandenburg,        30 bis unter 35 Jahre,Alle Geschlechter,0,1,4,0,1,1,2,4,6,4,4,3,11,10,8,8,3,10,12,13
          Brandenburg,        30 bis unter 35 Jahre,Männlich,0,0,0,0,0,1,1,2,4,2,3,2,5,6,4,5,3,8,5,7
          Brandenburg,        30 bis unter 35 Jahre,        Weiblich,0,1,4,0,1,0,1,2,2,2,1,1,6,4,4,3,0,2,7,6
          Brandenburg,        30 bis unter 35 Jahre,        Unbekannt,0,0,0,0,0,0,0,0,0,0,0,0,0,0,0,0,0,0,0,0
          Brandenburg,        35 bis unter 40 Jahre,Alle Geschlechter,0,0,1,2,1,0,4,11,7,5,3,3,4,6,6,11,13,16,14,19
          Brandenburg,        35 bis unter 40 Jahre,Männlich,0,0,0,0,0,0,4,8,5,4,3,3,2,5,6,10,11,12,14,15
          Brandenburg,        35 bis unter 40 Jahre,        Weiblich,0,0,1,2,1,0,0,3,2,1,0,0,2,1,0,1,2,4,0,4
          Brandenburg,        35 bis unter 40 Jahre,        Unbekannt,0,0,0,0,0,0,0,0,0,0,0,0,0,0,0,0,0,0,0,0
          Brandenburg,        40 bis unter 45 Jahre,Alle Geschlechter,0,0,0,1,0,6,1,7,3,2,6,6,9,4,11,9,5,9,8,5
          Brandenburg,        40 bis unter 45 Jahre,Männlich,0,0,0,1,0,4,1,6,3,1,2,3,4,4,11,5,4,8,6,1
          Brandenburg,        40 bis unter 45 Jahre,        Weiblich,0,0,0,0,0,2,0,1,0,1,4,3,5,0,0,4,1,1,2,4
          Brandenburg,        40 bis unter 45 Jahre,        Unbekannt,0,0,0,0,0,0,0,0,0,0,0,0,0,0,0,0,0,0,0,0
          Brandenburg,        45 bis unter 50 Jahre,Alle Geschlechter,0,2,0,1,3,3,9,11,13,4,4,5,3,1,1,4,3,1,3,1
          Brandenburg,        45 bis unter 50 Jahre,Männlich,0,0,0,1,1,0,7,5,4,2,3,1,3,1,1,3,2,1,3,0
          Brandenburg,        45 bis unter 50 Jahre,        Weiblich,0,2,0,0,2,3,2,6,9,2,1,4,0,0,0,1,1,0,0,1
          Brandenburg,        45 bis unter 50 Jahre,        Unbekannt,0,0,0,0,0,0,0,0,0,0,0,0,0,0,0,0,0,0,0,0
          Brandenburg,        50 bis unter 55 Jahre,Alle Geschlechter,0,1,0,2,0,6,4,3,1,3,5,9,7,3,3,5,6,0,4,2
          Brandenburg,        50 bis unter 55 Jahre,Männlich,0,0,0,0,0,2,3,0,1,3,4,6,3,1,1,3,3,0,2,0
          Brandenburg,        50 bis unter 55 Jahre,        Weiblich,0,1,0,2,0,4,1,3,0,0,1,3,4,2,2,2,3,0,2,2
          Brandenburg,        50 bis unter 55 Jahre,        Unbekannt,0,0,0,0,0,0,0,0,0,0,0,0,0,0,0,0,0,0,0,0
          Brandenburg,        55 bis unter 60 Jahre,Alle Geschlechter,0,2,0,0,0,0,0,0,3,1,2,0,1,3,6,2,5,6,7,2
          Brandenburg,        55 bis unter 60 Jahre,Männlich,0,0,0,0,0,0,0,0,0,0,1,0,1,2,3,2,0,3,3,1
          Brandenburg,        55 bis unter 60 Jahre,        Weiblich,0,2,0,0,0,0,0,0,3,1,1,0,0,1,3,0,5,3,4,1
          Brandenburg,        55 bis unter 60 Jahre,        Unbekannt,0,0,0,0,0,0,0,0,0,0,0,0,0,0,0,0,0,0,0,0
          Brandenburg,        60 bis unter 65 Jahre,Alle Geschlechter,0,2,1,0,0,0,0,0,2,2,0,1,0,0,1,0,0,3,1,1
          Brandenburg,        60 bis unter 65 Jahre,Männlich,0,2,1,0,0,0,0,0,0,0,0,0,0,0,1,0,0,3,1,1
          Brandenburg,        60 bis unter 65 Jahre,        Weiblich,0,0,0,0,0,0,0,0,2,2,0,1,0,0,0,0,0,0,0,0
          Brandenburg,        60 bis unter 65 Jahre,        Unbekannt,0,0,0,0,0,0,0,0,0,0,0,0,0,0,0,0,0,0,0,0
          Brandenburg,        65 bis unter 70 Jahre,Alle Geschlechter,0,0,0,0,0,0,0,0,0,0,0,0,0,0,0,1,0,0,1,1
          Brandenburg,        65 bis unter 70 Jahre,Männlich,0,0,0,0,0,0,0,0,0,0,0,0,0,0,0,0,0,0,0,0
          Brandenburg,        65 bis unter 70 Jahre,        Weiblich,0,0,0,0,0,0,0,0,0,0,0,0,0,0,0,1,0,0,1,1
          Brandenburg,        65 bis unter 70 Jahre,        Unbekannt,0,0,0,0,0,0,0,0,0,0,0,0,0,0,0,0,0,0,0,0
          Brandenburg,        70 bis unter 75 Jahre,Alle Geschlechter,0,0,2,0,0,0,0,0,0,0,0,0,0,0,0,0,0,0,0,0
          Brandenburg,        70 bis unter 75 Jahre,Männlich,0,0,0,0,0,0,0,0,0,0,0,0,0,0,0,0,0,0,0,0
          Brandenburg,        70 bis unter 75 Jahre,        Weiblich,0,0,2,0,0,0,0,0,0,0,0,0,0,0,0,0,0,0,0,0
          Brandenburg,        70 bis unter 75 Jahre,        Unbekannt,0,0,0,0,0,0,0,0,0,0,0,0,0,0,0,0,0,0,0,0
          Brandenburg,        75 bis unter 80 Jahre,Alle Geschlechter,0,0,0,0,0,0,0,1,0,0,0,0,0,0,0,0,0,0,0,0
          Brandenburg,        75 bis unter 80 Jahre,Männlich,0,0,0,0,0,0,0,0,0,0,0,0,0,0,0,0,0,0,0,0
          Brandenburg,        75 bis unter 80 Jahre,        Weiblich,0,0,0,0,0,0,0,1,0,0,0,0,0,0,0,0,0,0,0,0
          Brandenburg,        75 bis unter 80 Jahre,        Unbekannt,0,0,0,0,0,0,0,0,0,0,0,0,0,0,0,0,0,0,0,0
          Brandenburg,        80 bis unter 85 Jahre,Alle Geschlechter,0,0,0,0,0,0,0,0,0,0,0,0,0,0,0,0,0,0,0,0
          Brandenburg,        80 bis unter 85 Jahre,Männlich,0,0,0,0,0,0,0,0,0,0,0,0,0,0,0,0,0,0,0,0
          Brandenburg,        80 bis unter 85 Jahre,        Weiblich,0,0,0,0,0,0,0,0,0,0,0,0,0,0,0,0,0,0,0,0
          Brandenburg,        80 bis unter 85 Jahre,        Unbekannt,0,0,0,0,0,0,0,0,0,0,0,0,0,0,0,0,0,0,0,0
          Brandenburg,        85 bis unter 90 Jahre,Alle Geschlechter,0,0,0,0,0,0,0,0,0,0,0,0,0,0,0,0,0,0,0,0
          Brandenburg,        85 bis unter 90 Jahre,Männlich,0,0,0,0,0,0,0,0,0,0,0,0,0,0,0,0,0,0,0,0
          Brandenburg,        85 bis unter 90 Jahre,        Weiblich,0,0,0,0,0,0,0,0,0,0,0,0,0,0,0,0,0,0,0,0
          Brandenburg,        85 bis unter 90 Jahre,        Unbekannt,0,0,0,0,0,0,0,0,0,0,0,0,0,0,0,0,0,0,0,0
          Brandenburg,        90 bis unter 95 Jahre,Alle Geschlechter,0,0,0,0,0,0,0,0,0,0,0,0,0,0,0,0,0,0,0,0
          Brandenburg,        90 bis unter 95 Jahre,Männlich,0,0,0,0,0,0,0,0,0,0,0,0,0,0,0,0,0,0,0,0
          Brandenburg,        90 bis unter 95 Jahre,        Weiblich,0,0,0,0,0,0,0,0,0,0,0,0,0,0,0,0,0,0,0,0
          Brandenburg,        90 bis unter 95 Jahre,        Unbekannt,0,0,0,0,0,0,0,0,0,0,0,0,0,0,0,0,0,0,0,0
          Brandenburg,        95 Jahre und älter,Alle Geschlechter,0,0,0,0,0,0,0,0,0,0,0,0,0,0,0,0,0,0,0,0
          Brandenburg,        95 Jahre und älter,Männlich,0,0,0,0,0,0,0,0,0,0,0,0,0,0,0,0,0,0,0,0
          Brandenburg,        95 Jahre und älter,        Weiblich,0,0,0,0,0,0,0,0,0,0,0,0,0,0,0,0,0,0,0,0
          Brandenburg,        95 Jahre und älter,        Unbekannt,0,0,0,0,0,0,0,0,0,0,0,0,0,0,0,0,0,0,0,0
          Brandenburg,        Unbekannt,Alle Geschlechter,0,0,0,0,0,0,0,0,0,0,0,0,0,0,0,0,0,0,0,0
          Brandenburg,        Unbekannt,Männlich,0,0,0,0,0,0,0,0,0,0,0,0,0,0,0,0,0,0,0,0
          Brandenburg,        Unbekannt,        Weiblich,0,0,0,0,0,0,0,0,0,0,0,0,0,0,0,0,0,0,0,0
          Brandenburg,        Unbekannt,        Unbekannt,0,0,0,0,0,0,0,0,0,0,0,0,0,0,0,0,0,0,0,0
          Bremen,Alle Altersgruppen,Alle Geschlechter,4,5,5,5,6,11,9,16,13,10,18,23,28,26,28,18,26,37,19,32
          Bremen,Alle Altersgruppen,Männlich,4,4,3,0,3,4,3,12,13,7,17,20,20,21,19,13,17,18,8,20
          Bremen,Alle Altersgruppen,        Weiblich,0,1,2,5,3,7,6,4,0,3,1,3,8,5,9,5,9,19,11,12
          Bremen,Alle Altersgruppen,        Unbekannt,0,0,0,0,0,0,0,0,0,0,0,0,0,0,0,0,0,0,0,0
          Bremen,        Unter 1 Jahr,Alle Geschlechter,0,0,0,0,0,0,0,0,0,0,0,0,0,0,0,0,0,0,0,0
          Bremen,        Unter 1 Jahr,Männlich,0,0,0,0,0,0,0,0,0,0,0,0,0,0,0,0,0,0,0,0
          Bremen,        Unter 1 Jahr,        Weiblich,0,0,0,0,0,0,0,0,0,0,0,0,0,0,0,0,0,0,0,0
          Bremen,        Unter 1 Jahr,        Unbekannt,0,0,0,0,0,0,0,0,0,0,0,0,0,0,0,0,0,0,0,0
          Bremen,        1 Jahr bis unter 5 Jahre,Alle Geschlechter,0,0,0,0,0,0,0,0,0,0,0,0,0,0,0,0,0,0,0,0
          Bremen,        1 Jahr bis unter 5 Jahre,Männlich,0,0,0,0,0,0,0,0,0,0,0,0,0,0,0,0,0,0,0,0
          Bremen,        1 Jahr bis unter 5 Jahre,        Weiblich,0,0,0,0,0,0,0,0,0,0,0,0,0,0,0,0,0,0,0,0
          Bremen,        1 Jahr bis unter 5 Jahre,        Unbekannt,0,0,0,0,0,0,0,0,0,0,0,0,0,0,0,0,0,0,0,0
          Bremen,        5 bis unter 10 Jahre,Alle Geschlechter,0,0,0,0,0,0,0,0,0,0,0,0,0,0,0,0,0,0,0,0
          Bremen,        5 bis unter 10 Jahre,Männlich,0,0,0,0,0,0,0,0,0,0,0,0,0,0,0,0,0,0,0,0
          Bremen,        5 bis unter 10 Jahre,        Weiblich,0,0,0,0,0,0,0,0,0,0,0,0,0,0,0,0,0,0,0,0
          Bremen,        5 bis unter 10 Jahre,        Unbekannt,0,0,0,0,0,0,0,0,0,0,0,0,0,0,0,0,0,0,0,0
          Bremen,        10 bis unter 15 Jahre,Alle Geschlechter,0,0,0,0,0,0,0,0,0,0,0,0,0,0,0,0,0,0,0,0
          Bremen,        10 bis unter 15 Jahre,Männlich,0,0,0,0,0,0,0,0,0,0,0,0,0,0,0,0,0,0,0,0
          Bremen,        10 bis unter 15 Jahre,        Weiblich,0,0,0,0,0,0,0,0,0,0,0,0,0,0,0,0,0,0,0,0
          Bremen,        10 bis unter 15 Jahre,        Unbekannt,0,0,0,0,0,0,0,0,0,0,0,0,0,0,0,0,0,0,0,0
          Bremen,        15 bis unter 20 Jahre,Alle Geschlechter,0,0,0,2,0,0,0,0,0,0,0,1,2,0,0,0,0,0,0,1
          Bremen,        15 bis unter 20 Jahre,Männlich,0,0,0,0,0,0,0,0,0,0,0,0,0,0,0,0,0,0,0,1
          Bremen,        15 bis unter 20 Jahre,        Weiblich,0,0,0,2,0,0,0,0,0,0,0,1,2,0,0,0,0,0,0,0
          Bremen,        15 bis unter 20 Jahre,        Unbekannt,0,0,0,0,0,0,0,0,0,0,0,0,0,0,0,0,0,0,0,0
          Bremen,        20 bis unter 25 Jahre,Alle Geschlechter,0,0,1,0,0,0,0,0,3,2,3,4,4,4,7,6,7,9,5,5
          Bremen,        20 bis unter 25 Jahre,Männlich,0,0,1,0,0,0,0,0,3,2,3,4,2,3,6,4,4,6,4,3
          Bremen,        20 bis unter 25 Jahre,        Weiblich,0,0,0,0,0,0,0,0,0,0,0,0,2,1,1,2,3,3,1,2
          Bremen,        20 bis unter 25 Jahre,        Unbekannt,0,0,0,0,0,0,0,0,0,0,0,0,0,0,0,0,0,0,0,0
          Bremen,        25 bis unter 30 Jahre,Alle Geschlechter,1,1,1,0,1,3,2,3,5,3,2,9,7,6,9,4,5,12,5,13
          Bremen,        25 bis unter 30 Jahre,Männlich,1,1,1,0,1,2,2,3,5,3,2,9,6,4,7,3,3,4,1,6
          Bremen,        25 bis unter 30 Jahre,        Weiblich,0,0,0,0,0,1,0,0,0,0,0,0,1,2,2,1,2,8,4,7
          Bremen,        25 bis unter 30 Jahre,        Unbekannt,0,0,0,0,0,0,0,0,0,0,0,0,0,0,0,0,0,0,0,0
          Bremen,        30 bis unter 35 Jahre,Alle Geschlechter,3,2,0,1,0,1,2,6,1,1,8,2,4,8,6,3,5,5,6,7
          Bremen,        30 bis unter 35 Jahre,Männlich,3,2,0,0,0,0,0,4,1,1,8,2,4,8,4,2,3,4,3,5
          Bremen,        30 bis unter 35 Jahre,        Weiblich,0,0,0,1,0,1,2,2,0,0,0,0,0,0,2,1,2,1,3,2
          Bremen,        30 bis unter 35 Jahre,        Unbekannt,0,0,0,0,0,0,0,0,0,0,0,0,0,0,0,0,0,0,0,0
          Bremen,        35 bis unter 40 Jahre,Alle Geschlechter,0,0,1,2,4,5,1,3,2,1,1,2,2,4,1,1,0,3,0,4
          Bremen,        35 bis unter 40 Jahre,Männlich,0,0,1,0,1,1,1,3,2,0,0,1,2,3,1,1,0,1,0,3
          Bremen,        35 bis unter 40 Jahre,        Weiblich,0,0,0,2,3,4,0,0,0,1,1,1,0,1,0,0,0,2,0,1
          Bremen,        35 bis unter 40 Jahre,        Unbekannt,0,0,0,0,0,0,0,0,0,0,0,0,0,0,0,0,0,0,0,0
          Bremen,        40 bis unter 45 Jahre,Alle Geschlechter,0,0,1,0,0,1,3,2,1,0,1,1,3,1,2,1,3,0,0,0
          Bremen,        40 bis unter 45 Jahre,Männlich,0,0,0,0,0,0,0,2,1,0,1,1,1,1,0,1,3,0,0,0
          Bremen,        40 bis unter 45 Jahre,        Weiblich,0,0,1,0,0,1,3,0,0,0,0,0,2,0,2,0,0,0,0,0
          Bremen,        40 bis unter 45 Jahre,        Unbekannt,0,0,0,0,0,0,0,0,0,0,0,0,0,0,0,0,0,0,0,0
          Bremen,        45 bis unter 50 Jahre,Alle Geschlechter,0,0,0,0,0,0,0,0,1,3,3,2,4,1,1,2,5,5,0,0
          Bremen,        45 bis unter 50 Jahre,Männlich,0,0,0,0,0,0,0,0,1,1,3,1,4,0,0,1,3,1,0,0
          Bremen,        45 bis unter 50 Jahre,        Weiblich,0,0,0,0,0,0,0,0,0,2,0,1,0,1,1,1,2,4,0,0
          Bremen,        45 bis unter 50 Jahre,        Unbekannt,0,0,0,0,0,0,0,0,0,0,0,0,0,0,0,0,0,0,0,0
          Bremen,        50 bis unter 55 Jahre,Alle Geschlechter,0,2,0,0,0,0,1,2,0,0,0,2,1,2,0,0,1,1,2,2
          Bremen,        50 bis unter 55 Jahre,Männlich,0,1,0,0,0,0,0,0,0,0,0,2,1,2,0,0,1,1,0,2
          Bremen,        50 bis unter 55 Jahre,        Weiblich,0,1,0,0,0,0,1,2,0,0,0,0,0,0,0,0,0,0,2,0
          Bremen,        50 bis unter 55 Jahre,        Unbekannt,0,0,0,0,0,0,0,0,0,0,0,0,0,0,0,0,0,0,0,0
          Bremen,        55 bis unter 60 Jahre,Alle Geschlechter,0,0,1,0,1,1,0,0,0,0,0,0,1,0,1,1,0,2,1,0
          Bremen,        55 bis unter 60 Jahre,Männlich,0,0,0,0,1,1,0,0,0,0,0,0,0,0,1,1,0,1,0,0
          Bremen,        55 bis unter 60 Jahre,        Weiblich,0,0,1,0,0,0,0,0,0,0,0,0,1,0,0,0,0,1,1,0
          Bremen,        55 bis unter 60 Jahre,        Unbekannt,0,0,0,0,0,0,0,0,0,0,0,0,0,0,0,0,0,0,0,0
          Bremen,        60 bis unter 65 Jahre,Alle Geschlechter,0,0,0,0,0,0,0,0,0,0,0,0,0,0,1,0,0,0,0,0
          Bremen,        60 bis unter 65 Jahre,Männlich,0,0,0,0,0,0,0,0,0,0,0,0,0,0,0,0,0,0,0,0
          Bremen,        60 bis unter 65 Jahre,        Weiblich,0,0,0,0,0,0,0,0,0,0,0,0,0,0,1,0,0,0,0,0
          Bremen,        60 bis unter 65 Jahre,        Unbekannt,0,0,0,0,0,0,0,0,0,0,0,0,0,0,0,0,0,0,0,0
          Bremen,        65 bis unter 70 Jahre,Alle Geschlechter,0,0,0,0,0,0,0,0,0,0,0,0,0,0,0,0,0,0,0,0
          Bremen,        65 bis unter 70 Jahre,Männlich,0,0,0,0,0,0,0,0,0,0,0,0,0,0,0,0,0,0,0,0
          Bremen,        65 bis unter 70 Jahre,        Weiblich,0,0,0,0,0,0,0,0,0,0,0,0,0,0,0,0,0,0,0,0
          Bremen,        65 bis unter 70 Jahre,        Unbekannt,0,0,0,0,0,0,0,0,0,0,0,0,0,0,0,0,0,0,0,0
          Bremen,        70 bis unter 75 Jahre,Alle Geschlechter,0,0,0,0,0,0,0,0,0,0,0,0,0,0,0,0,0,0,0,0
          Bremen,        70 bis unter 75 Jahre,Männlich,0,0,0,0,0,0,0,0,0,0,0,0,0,0,0,0,0,0,0,0
          Bremen,        70 bis unter 75 Jahre,        Weiblich,0,0,0,0,0,0,0,0,0,0,0,0,0,0,0,0,0,0,0,0
          Bremen,        70 bis unter 75 Jahre,        Unbekannt,0,0,0,0,0,0,0,0,0,0,0,0,0,0,0,0,0,0,0,0
          Bremen,        75 bis unter 80 Jahre,Alle Geschlechter,0,0,0,0,0,0,0,0,0,0,0,0,0,0,0,0,0,0,0,0
          Bremen,        75 bis unter 80 Jahre,Männlich,0,0,0,0,0,0,0,0,0,0,0,0,0,0,0,0,0,0,0,0
          Bremen,        75 bis unter 80 Jahre,        Weiblich,0,0,0,0,0,0,0,0,0,0,0,0,0,0,0,0,0,0,0,0
          Bremen,        75 bis unter 80 Jahre,        Unbekannt,0,0,0,0,0,0,0,0,0,0,0,0,0,0,0,0,0,0,0,0
          Bremen,        80 bis unter 85 Jahre,Alle Geschlechter,0,0,0,0,0,0,0,0,0,0,0,0,0,0,0,0,0,0,0,0
          Bremen,        80 bis unter 85 Jahre,Männlich,0,0,0,0,0,0,0,0,0,0,0,0,0,0,0,0,0,0,0,0
          Bremen,        80 bis unter 85 Jahre,        Weiblich,0,0,0,0,0,0,0,0,0,0,0,0,0,0,0,0,0,0,0,0
          Bremen,        80 bis unter 85 Jahre,        Unbekannt,0,0,0,0,0,0,0,0,0,0,0,0,0,0,0,0,0,0,0,0
          Bremen,        85 bis unter 90 Jahre,Alle Geschlechter,0,0,0,0,0,0,0,0,0,0,0,0,0,0,0,0,0,0,0,0
          Bremen,        85 bis unter 90 Jahre,Männlich,0,0,0,0,0,0,0,0,0,0,0,0,0,0,0,0,0,0,0,0
          Bremen,        85 bis unter 90 Jahre,        Weiblich,0,0,0,0,0,0,0,0,0,0,0,0,0,0,0,0,0,0,0,0
          Bremen,        85 bis unter 90 Jahre,        Unbekannt,0,0,0,0,0,0,0,0,0,0,0,0,0,0,0,0,0,0,0,0
          Bremen,        90 bis unter 95 Jahre,Alle Geschlechter,0,0,0,0,0,0,0,0,0,0,0,0,0,0,0,0,0,0,0,0
          Bremen,        90 bis unter 95 Jahre,Männlich,0,0,0,0,0,0,0,0,0,0,0,0,0,0,0,0,0,0,0,0
          Bremen,        90 bis unter 95 Jahre,        Weiblich,0,0,0,0,0,0,0,0,0,0,0,0,0,0,0,0,0,0,0,0
          Bremen,        90 bis unter 95 Jahre,        Unbekannt,0,0,0,0,0,0,0,0,0,0,0,0,0,0,0,0,0,0,0,0
          Bremen,        95 Jahre und älter,Alle Geschlechter,0,0,0,0,0,0,0,0,0,0,0,0,0,0,0,0,0,0,0,0
          Bremen,        95 Jahre und älter,Männlich,0,0,0,0,0,0,0,0,0,0,0,0,0,0,0,0,0,0,0,0
          Bremen,        95 Jahre und älter,        Weiblich,0,0,0,0,0,0,0,0,0,0,0,0,0,0,0,0,0,0,0,0
          Bremen,        95 Jahre und älter,        Unbekannt,0,0,0,0,0,0,0,0,0,0,0,0,0,0,0,0,0,0,0,0
          Bremen,        Unbekannt,Alle Geschlechter,0,0,0,0,0,0,0,0,0,0,0,0,0,0,0,0,0,0,0,0
          Bremen,        Unbekannt,Männlich,0,0,0,0,0,0,0,0,0,0,0,0,0,0,0,0,0,0,0,0
          Bremen,        Unbekannt,        Weiblich,0,0,0,0,0,0,0,0,0,0,0,0,0,0,0,0,0,0,0,0
          Bremen,        Unbekannt,        Unbekannt,0,0,0,0,0,0,0,0,0,0,0,0,0,0,0,0,0,0,0,0
          Hamburg,Alle Altersgruppen,Alle Geschlechter,1,1,12,16,10,15,7,22,16,19,21,40,30,38,49,47,59,84,73,81
          Hamburg,Alle Altersgruppen,Männlich,1,1,7,9,5,4,5,12,10,13,7,20,14,21,31,32,30,34,27,40
          Hamburg,Alle Altersgruppen,        Weiblich,0,0,5,7,5,11,2,10,6,6,14,20,16,17,18,15,29,50,46,41
          Hamburg,Alle Altersgruppen,        Unbekannt,0,0,0,0,0,0,0,0,0,0,0,0,0,0,0,0,0,0,0,0
          Hamburg,        Unter 1 Jahr,Alle Geschlechter,0,0,0,0,0,0,0,0,0,0,0,0,0,0,0,0,0,0,0,0
          Hamburg,        Unter 1 Jahr,Männlich,0,0,0,0,0,0,0,0,0,0,0,0,0,0,0,0,0,0,0,0
          Hamburg,        Unter 1 Jahr,        Weiblich,0,0,0,0,0,0,0,0,0,0,0,0,0,0,0,0,0,0,0,0
          Hamburg,        Unter 1 Jahr,        Unbekannt,0,0,0,0,0,0,0,0,0,0,0,0,0,0,0,0,0,0,0,0
          Hamburg,        1 Jahr bis unter 5 Jahre,Alle Geschlechter,0,0,0,0,0,0,0,0,0,0,0,0,0,0,0,0,0,0,0,0
          Hamburg,        1 Jahr bis unter 5 Jahre,Männlich,0,0,0,0,0,0,0,0,0,0,0,0,0,0,0,0,0,0,0,0
          Hamburg,        1 Jahr bis unter 5 Jahre,        Weiblich,0,0,0,0,0,0,0,0,0,0,0,0,0,0,0,0,0,0,0,0
          Hamburg,        1 Jahr bis unter 5 Jahre,        Unbekannt,0,0,0,0,0,0,0,0,0,0,0,0,0,0,0,0,0,0,0,0
          Hamburg,        5 bis unter 10 Jahre,Alle Geschlechter,0,0,0,0,0,0,0,0,0,0,0,0,0,0,0,0,0,0,0,0
          Hamburg,        5 bis unter 10 Jahre,Männlich,0,0,0,0,0,0,0,0,0,0,0,0,0,0,0,0,0,0,0,0
          Hamburg,        5 bis unter 10 Jahre,        Weiblich,0,0,0,0,0,0,0,0,0,0,0,0,0,0,0,0,0,0,0,0
          Hamburg,        5 bis unter 10 Jahre,        Unbekannt,0,0,0,0,0,0,0,0,0,0,0,0,0,0,0,0,0,0,0,0
          Hamburg,        10 bis unter 15 Jahre,Alle Geschlechter,0,0,0,0,0,0,0,0,0,0,0,0,0,0,0,0,0,0,0,0
          Hamburg,        10 bis unter 15 Jahre,Männlich,0,0,0,0,0,0,0,0,0,0,0,0,0,0,0,0,0,0,0,0
          Hamburg,        10 bis unter 15 Jahre,        Weiblich,0,0,0,0,0,0,0,0,0,0,0,0,0,0,0,0,0,0,0,0
          Hamburg,        10 bis unter 15 Jahre,        Unbekannt,0,0,0,0,0,0,0,0,0,0,0,0,0,0,0,0,0,0,0,0
          Hamburg,        15 bis unter 20 Jahre,Alle Geschlechter,0,0,0,0,0,0,0,1,0,0,2,1,0,0,4,2,1,5,4,3
          Hamburg,        15 bis unter 20 Jahre,Männlich,0,0,0,0,0,0,0,0,0,0,0,0,0,0,2,1,0,1,1,0
          Hamburg,        15 bis unter 20 Jahre,        Weiblich,0,0,0,0,0,0,0,1,0,0,2,1,0,0,2,1,1,4,3,3
          Hamburg,        15 bis unter 20 Jahre,        Unbekannt,0,0,0,0,0,0,0,0,0,0,0,0,0,0,0,0,0,0,0,0
          Hamburg,        20 bis unter 25 Jahre,Alle Geschlechter,0,0,2,2,2,1,2,2,6,8,3,11,7,4,12,6,17,24,16,18
          Hamburg,        20 bis unter 25 Jahre,Männlich,0,0,1,1,2,1,2,2,5,8,2,8,3,2,9,4,10,10,8,11
          Hamburg,        20 bis unter 25 Jahre,        Weiblich,0,0,1,1,0,0,0,0,1,0,1,3,4,2,3,2,7,14,8,7
          Hamburg,        20 bis unter 25 Jahre,        Unbekannt,0,0,0,0,0,0,0,0,0,0,0,0,0,0,0,0,0,0,0,0
          Hamburg,        25 bis unter 30 Jahre,Alle Geschlechter,0,0,2,5,3,2,0,2,3,4,5,3,3,9,11,8,13,13,12,27
          Hamburg,        25 bis unter 30 Jahre,Männlich,0,0,2,4,2,0,0,2,1,2,2,3,1,6,5,7,9,3,2,10
          Hamburg,        25 bis unter 30 Jahre,        Weiblich,0,0,0,1,1,2,0,0,2,2,3,0,2,3,6,1,4,10,10,17
          Hamburg,        25 bis unter 30 Jahre,        Unbekannt,0,0,0,0,0,0,0,0,0,0,0,0,0,0,0,0,0,0,0,0
          Hamburg,        30 bis unter 35 Jahre,Alle Geschlechter,0,0,0,2,3,3,0,7,3,2,2,6,4,5,7,6,7,11,14,17
          Hamburg,        30 bis unter 35 Jahre,Männlich,0,0,0,1,1,2,0,6,2,0,0,2,2,2,6,6,3,5,4,11
          Hamburg,        30 bis unter 35 Jahre,        Weiblich,0,0,0,1,2,1,0,1,1,2,2,4,2,3,1,0,4,6,10,6
          Hamburg,        30 bis unter 35 Jahre,        Unbekannt,0,0,0,0,0,0,0,0,0,0,0,0,0,0,0,0,0,0,0,0
          Hamburg,        35 bis unter 40 Jahre,Alle Geschlechter,0,0,4,1,1,2,0,2,2,2,2,6,3,7,4,8,8,11,11,3
          Hamburg,        35 bis unter 40 Jahre,Männlich,0,0,3,1,0,0,0,0,1,2,1,2,2,4,4,7,3,3,4,0
          Hamburg,        35 bis unter 40 Jahre,        Weiblich,0,0,1,0,1,2,0,2,1,0,1,4,1,3,0,1,5,8,7,3
          Hamburg,        35 bis unter 40 Jahre,        Unbekannt,0,0,0,0,0,0,0,0,0,0,0,0,0,0,0,0,0,0,0,0
          Hamburg,        40 bis unter 45 Jahre,Alle Geschlechter,1,1,3,4,0,4,3,3,0,1,3,6,3,8,4,7,4,4,5,4
          Hamburg,        40 bis unter 45 Jahre,Männlich,1,1,1,2,0,1,2,1,0,1,1,3,3,7,3,5,1,3,3,3
          Hamburg,        40 bis unter 45 Jahre,        Weiblich,0,0,2,2,0,3,1,2,0,0,2,3,0,1,1,2,3,1,2,1
          Hamburg,        40 bis unter 45 Jahre,        Unbekannt,0,0,0,0,0,0,0,0,0,0,0,0,0,0,0,0,0,0,0,0
          Hamburg,        45 bis unter 50 Jahre,Alle Geschlechter,0,0,1,0,0,1,2,2,1,0,1,1,1,2,2,3,3,4,4,4
          Hamburg,        45 bis unter 50 Jahre,Männlich,0,0,0,0,0,0,1,1,0,0,0,0,0,0,1,1,3,3,2,3
          Hamburg,        45 bis unter 50 Jahre,        Weiblich,0,0,1,0,0,1,1,1,1,0,1,1,1,2,1,2,0,1,2,1
          Hamburg,        45 bis unter 50 Jahre,        Unbekannt,0,0,0,0,0,0,0,0,0,0,0,0,0,0,0,0,0,0,0,0
          Hamburg,        50 bis unter 55 Jahre,Alle Geschlechter,0,0,0,0,1,1,0,3,1,1,2,1,2,3,1,2,2,4,1,1
          Hamburg,        50 bis unter 55 Jahre,Männlich,0,0,0,0,0,0,0,0,1,0,1,0,1,0,0,0,0,3,0,0
          Hamburg,        50 bis unter 55 Jahre,        Weiblich,0,0,0,0,1,1,0,3,0,1,1,1,1,3,1,2,2,1,1,1
          Hamburg,        50 bis unter 55 Jahre,        Unbekannt,0,0,0,0,0,0,0,0,0,0,0,0,0,0,0,0,0,0,0,0
          Hamburg,        55 bis unter 60 Jahre,Alle Geschlechter,0,0,0,2,0,0,0,0,0,1,0,3,6,0,4,2,2,4,2,1
          Hamburg,        55 bis unter 60 Jahre,Männlich,0,0,0,0,0,0,0,0,0,0,0,0,2,0,1,0,0,1,2,1
          Hamburg,        55 bis unter 60 Jahre,        Weiblich,0,0,0,2,0,0,0,0,0,1,0,3,4,0,3,2,2,3,0,0
          Hamburg,        55 bis unter 60 Jahre,        Unbekannt,0,0,0,0,0,0,0,0,0,0,0,0,0,0,0,0,0,0,0,0
          Hamburg,        60 bis unter 65 Jahre,Alle Geschlechter,0,0,0,0,0,1,0,0,0,0,1,2,0,0,0,3,2,2,2,3
          Hamburg,        60 bis unter 65 Jahre,Männlich,0,0,0,0,0,0,0,0,0,0,0,2,0,0,0,1,1,1,0,1
          Hamburg,        60 bis unter 65 Jahre,        Weiblich,0,0,0,0,0,1,0,0,0,0,1,0,0,0,0,2,1,1,2,2
          Hamburg,        60 bis unter 65 Jahre,        Unbekannt,0,0,0,0,0,0,0,0,0,0,0,0,0,0,0,0,0,0,0,0
          Hamburg,        65 bis unter 70 Jahre,Alle Geschlechter,0,0,0,0,0,0,0,0,0,0,0,0,1,0,0,0,0,2,2,0
          Hamburg,        65 bis unter 70 Jahre,Männlich,0,0,0,0,0,0,0,0,0,0,0,0,0,0,0,0,0,1,1,0
          Hamburg,        65 bis unter 70 Jahre,        Weiblich,0,0,0,0,0,0,0,0,0,0,0,0,1,0,0,0,0,1,1,0
          Hamburg,        65 bis unter 70 Jahre,        Unbekannt,0,0,0,0,0,0,0,0,0,0,0,0,0,0,0,0,0,0,0,0
          Hamburg,        70 bis unter 75 Jahre,Alle Geschlechter,0,0,0,0,0,0,0,0,0,0,0,0,0,0,0,0,0,0,0,0
          Hamburg,        70 bis unter 75 Jahre,Männlich,0,0,0,0,0,0,0,0,0,0,0,0,0,0,0,0,0,0,0,0
          Hamburg,        70 bis unter 75 Jahre,        Weiblich,0,0,0,0,0,0,0,0,0,0,0,0,0,0,0,0,0,0,0,0
          Hamburg,        70 bis unter 75 Jahre,        Unbekannt,0,0,0,0,0,0,0,0,0,0,0,0,0,0,0,0,0,0,0,0
          Hamburg,        75 bis unter 80 Jahre,Alle Geschlechter,0,0,0,0,0,0,0,0,0,0,0,0,0,0,0,0,0,0,0,0
          Hamburg,        75 bis unter 80 Jahre,Männlich,0,0,0,0,0,0,0,0,0,0,0,0,0,0,0,0,0,0,0,0
          Hamburg,        75 bis unter 80 Jahre,        Weiblich,0,0,0,0,0,0,0,0,0,0,0,0,0,0,0,0,0,0,0,0
          Hamburg,        75 bis unter 80 Jahre,        Unbekannt,0,0,0,0,0,0,0,0,0,0,0,0,0,0,0,0,0,0,0,0
          Hamburg,        80 bis unter 85 Jahre,Alle Geschlechter,0,0,0,0,0,0,0,0,0,0,0,0,0,0,0,0,0,0,0,0
          Hamburg,        80 bis unter 85 Jahre,Männlich,0,0,0,0,0,0,0,0,0,0,0,0,0,0,0,0,0,0,0,0
          Hamburg,        80 bis unter 85 Jahre,        Weiblich,0,0,0,0,0,0,0,0,0,0,0,0,0,0,0,0,0,0,0,0
          Hamburg,        80 bis unter 85 Jahre,        Unbekannt,0,0,0,0,0,0,0,0,0,0,0,0,0,0,0,0,0,0,0,0
          Hamburg,        85 bis unter 90 Jahre,Alle Geschlechter,0,0,0,0,0,0,0,0,0,0,0,0,0,0,0,0,0,0,0,0
          Hamburg,        85 bis unter 90 Jahre,Männlich,0,0,0,0,0,0,0,0,0,0,0,0,0,0,0,0,0,0,0,0
          Hamburg,        85 bis unter 90 Jahre,        Weiblich,0,0,0,0,0,0,0,0,0,0,0,0,0,0,0,0,0,0,0,0
          Hamburg,        85 bis unter 90 Jahre,        Unbekannt,0,0,0,0,0,0,0,0,0,0,0,0,0,0,0,0,0,0,0,0
          Hamburg,        90 bis unter 95 Jahre,Alle Geschlechter,0,0,0,0,0,0,0,0,0,0,0,0,0,0,0,0,0,0,0,0
          Hamburg,        90 bis unter 95 Jahre,Männlich,0,0,0,0,0,0,0,0,0,0,0,0,0,0,0,0,0,0,0,0
          Hamburg,        90 bis unter 95 Jahre,        Weiblich,0,0,0,0,0,0,0,0,0,0,0,0,0,0,0,0,0,0,0,0
          Hamburg,        90 bis unter 95 Jahre,        Unbekannt,0,0,0,0,0,0,0,0,0,0,0,0,0,0,0,0,0,0,0,0
          Hamburg,        95 Jahre und älter,Alle Geschlechter,0,0,0,0,0,0,0,0,0,0,0,0,0,0,0,0,0,0,0,0
          Hamburg,        95 Jahre und älter,Männlich,0,0,0,0,0,0,0,0,0,0,0,0,0,0,0,0,0,0,0,0
          Hamburg,        95 Jahre und älter,        Weiblich,0,0,0,0,0,0,0,0,0,0,0,0,0,0,0,0,0,0,0,0
          Hamburg,        95 Jahre und älter,        Unbekannt,0,0,0,0,0,0,0,0,0,0,0,0,0,0,0,0,0,0,0,0
          Hamburg,        Unbekannt,Alle Geschlechter,0,0,0,0,0,0,0,0,0,0,0,0,0,0,0,0,0,0,0,0
          Hamburg,        Unbekannt,Männlich,0,0,0,0,0,0,0,0,0,0,0,0,0,0,0,0,0,0,0,0
          Hamburg,        Unbekannt,        Weiblich,0,0,0,0,0,0,0,0,0,0,0,0,0,0,0,0,0,0,0,0
          Hamburg,        Unbekannt,        Unbekannt,0,0,0,0,0,0,0,0,0,0,0,0,0,0,0,0,0,0,0,0
          Hessen,Alle Altersgruppen,Alle Geschlechter,13,36,24,34,44,35,40,64,73,60,81,112,103,139,166,173,203,182,252,270
          Hessen,Alle Altersgruppen,Männlich,13,14,11,18,22,24,27,52,50,38,60,65,69,89,113,103,110,100,148,156
          Hessen,Alle Altersgruppen,        Weiblich,0,22,13,16,22,11,13,12,23,22,21,47,34,50,53,70,93,82,104,114
          Hessen,Alle Altersgruppen,        Unbekannt,0,0,0,0,0,0,0,0,0,0,0,0,0,0,0,0,0,0,0,0
          Hessen,        Unter 1 Jahr,Alle Geschlechter,0,0,0,0,0,0,0,0,0,0,0,0,0,0,0,0,0,0,0,0
          Hessen,        Unter 1 Jahr,Männlich,0,0,0,0,0,0,0,0,0,0,0,0,0,0,0,0,0,0,0,0
          Hessen,        Unter 1 Jahr,        Weiblich,0,0,0,0,0,0,0,0,0,0,0,0,0,0,0,0,0,0,0,0
          Hessen,        Unter 1 Jahr,        Unbekannt,0,0,0,0,0,0,0,0,0,0,0,0,0,0,0,0,0,0,0,0
          Hessen,        1 Jahr bis unter 5 Jahre,Alle Geschlechter,0,0,0,0,0,0,0,0,0,0,0,0,0,0,0,0,0,0,0,0
          Hessen,        1 Jahr bis unter 5 Jahre,Männlich,0,0,0,0,0,0,0,0,0,0,0,0,0,0,0,0,0,0,0,0
          Hessen,        1 Jahr bis unter 5 Jahre,        Weiblich,0,0,0,0,0,0,0,0,0,0,0,0,0,0,0,0,0,0,0,0
          Hessen,        1 Jahr bis unter 5 Jahre,        Unbekannt,0,0,0,0,0,0,0,0,0,0,0,0,0,0,0,0,0,0,0,0
          Hessen,        5 bis unter 10 Jahre,Alle Geschlechter,0,0,0,0,0,0,0,0,0,0,0,0,0,0,0,0,0,0,0,0
          Hessen,        5 bis unter 10 Jahre,Männlich,0,0,0,0,0,0,0,0,0,0,0,0,0,0,0,0,0,0,0,0
          Hessen,        5 bis unter 10 Jahre,        Weiblich,0,0,0,0,0,0,0,0,0,0,0,0,0,0,0,0,0,0,0,0
          Hessen,        5 bis unter 10 Jahre,        Unbekannt,0,0,0,0,0,0,0,0,0,0,0,0,0,0,0,0,0,0,0,0
          Hessen,        10 bis unter 15 Jahre,Alle Geschlechter,0,0,0,0,0,0,0,0,0,0,0,0,0,0,0,0,0,0,0,0
          Hessen,        10 bis unter 15 Jahre,Männlich,0,0,0,0,0,0,0,0,0,0,0,0,0,0,0,0,0,0,0,0
          Hessen,        10 bis unter 15 Jahre,        Weiblich,0,0,0,0,0,0,0,0,0,0,0,0,0,0,0,0,0,0,0,0
          Hessen,        10 bis unter 15 Jahre,        Unbekannt,0,0,0,0,0,0,0,0,0,0,0,0,0,0,0,0,0,0,0,0
          Hessen,        15 bis unter 20 Jahre,Alle Geschlechter,0,1,2,1,6,3,0,1,1,4,1,9,11,15,22,15,20,20,24,21
          Hessen,        15 bis unter 20 Jahre,Männlich,0,0,0,0,1,3,0,1,0,3,1,3,6,6,18,6,13,12,16,9
          Hessen,        15 bis unter 20 Jahre,        Weiblich,0,1,2,1,5,0,0,0,1,1,0,6,5,9,4,9,7,8,8,12
          Hessen,        15 bis unter 20 Jahre,        Unbekannt,0,0,0,0,0,0,0,0,0,0,0,0,0,0,0,0,0,0,0,0
          Hessen,        20 bis unter 25 Jahre,Alle Geschlechter,0,3,6,4,7,2,8,13,13,12,19,16,23,25,50,38,52,45,71,80
          Hessen,        20 bis unter 25 Jahre,Männlich,0,0,5,4,5,1,4,10,7,7,14,12,19,18,37,31,26,29,44,49
          Hessen,        20 bis unter 25 Jahre,        Weiblich,0,3,1,0,2,1,4,3,6,5,5,4,4,7,13,7,26,16,27,31
          Hessen,        20 bis unter 25 Jahre,        Unbekannt,0,0,0,0,0,0,0,0,0,0,0,0,0,0,0,0,0,0,0,0
          Hessen,        25 bis unter 30 Jahre,Alle Geschlechter,4,3,4,4,3,0,4,14,15,8,11,25,26,37,31,41,52,48,53,54
          Hessen,        25 bis unter 30 Jahre,Männlich,4,2,1,2,3,0,4,13,14,4,7,12,22,27,18,30,34,27,32,34
          Hessen,        25 bis unter 30 Jahre,        Weiblich,0,1,3,2,0,0,0,1,1,4,4,13,4,10,13,11,18,21,21,20
          Hessen,        25 bis unter 30 Jahre,        Unbekannt,0,0,0,0,0,0,0,0,0,0,0,0,0,0,0,0,0,0,0,0
          Hessen,        30 bis unter 35 Jahre,Alle Geschlechter,6,11,5,10,9,9,4,12,14,9,18,13,13,23,18,21,20,17,26,37
          Hessen,        30 bis unter 35 Jahre,Männlich,6,10,4,6,6,7,4,11,11,7,16,9,6,13,12,12,7,9,13,22
          Hessen,        30 bis unter 35 Jahre,        Weiblich,0,1,1,4,3,2,0,1,3,2,2,4,7,10,6,9,13,8,13,15
          Hessen,        30 bis unter 35 Jahre,        Unbekannt,0,0,0,0,0,0,0,0,0,0,0,0,0,0,0,0,0,0,0,0
          Hessen,        35 bis unter 40 Jahre,Alle Geschlechter,1,6,5,5,8,6,3,7,10,5,10,20,10,9,12,11,13,20,21,24
          Hessen,        35 bis unter 40 Jahre,Männlich,1,1,1,0,5,5,2,6,7,3,9,16,8,6,8,7,8,13,12,12
          Hessen,        35 bis unter 40 Jahre,        Weiblich,0,5,4,5,3,1,1,1,3,2,1,4,2,3,4,4,5,7,9,12
          Hessen,        35 bis unter 40 Jahre,        Unbekannt,0,0,0,0,0,0,0,0,0,0,0,0,0,0,0,0,0,0,0,0
          Hessen,        40 bis unter 45 Jahre,Alle Geschlechter,0,7,0,4,5,6,11,7,7,10,6,10,8,8,8,15,22,9,17,17
          Hessen,        40 bis unter 45 Jahre,Männlich,0,1,0,4,1,5,9,4,4,8,4,5,3,5,6,7,11,5,11,12
          Hessen,        40 bis unter 45 Jahre,        Weiblich,0,6,0,0,4,1,2,3,3,2,2,5,5,3,2,8,11,4,6,5
          Hessen,        40 bis unter 45 Jahre,        Unbekannt,0,0,0,0,0,0,0,0,0,0,0,0,0,0,0,0,0,0,0,0
          Hessen,        45 bis unter 50 Jahre,Alle Geschlechter,1,2,0,0,3,4,6,5,7,8,9,10,6,7,8,7,6,10,16,8
          Hessen,        45 bis unter 50 Jahre,Männlich,1,0,0,0,1,1,4,3,5,4,6,6,2,4,6,1,3,2,4,4
          Hessen,        45 bis unter 50 Jahre,        Weiblich,0,2,0,0,2,3,2,2,2,4,3,4,4,3,2,6,3,8,12,4
          Hessen,        45 bis unter 50 Jahre,        Unbekannt,0,0,0,0,0,0,0,0,0,0,0,0,0,0,0,0,0,0,0,0
          Hessen,        50 bis unter 55 Jahre,Alle Geschlechter,0,3,1,4,1,4,2,4,4,2,3,5,4,10,6,4,7,6,9,13
          Hessen,        50 bis unter 55 Jahre,Männlich,0,0,0,2,0,2,0,4,2,2,3,2,2,8,3,2,4,1,6,5
          Hessen,        50 bis unter 55 Jahre,        Weiblich,0,3,1,2,1,2,2,0,2,0,0,3,2,2,3,2,3,5,3,8
          Hessen,        50 bis unter 55 Jahre,        Unbekannt,0,0,0,0,0,0,0,0,0,0,0,0,0,0,0,0,0,0,0,0
          Hessen,        55 bis unter 60 Jahre,Alle Geschlechter,1,0,1,0,0,0,2,0,1,2,3,2,0,4,7,12,5,3,13,11
          Hessen,        55 bis unter 60 Jahre,Männlich,1,0,0,0,0,0,0,0,0,0,0,0,0,2,5,5,2,2,8,7
          Hessen,        55 bis unter 60 Jahre,        Weiblich,0,0,1,0,0,0,2,0,1,2,3,2,0,2,2,7,3,1,5,4
          Hessen,        55 bis unter 60 Jahre,        Unbekannt,0,0,0,0,0,0,0,0,0,0,0,0,0,0,0,0,0,0,0,0
          Hessen,        60 bis unter 65 Jahre,Alle Geschlechter,0,0,0,1,2,1,0,1,1,0,0,2,2,0,3,7,4,1,2,4
          Hessen,        60 bis unter 65 Jahre,Männlich,0,0,0,0,0,0,0,0,0,0,0,0,1,0,0,1,1,0,2,2
          Hessen,        60 bis unter 65 Jahre,        Weiblich,0,0,0,1,2,1,0,1,1,0,0,2,1,0,3,6,3,1,0,2
          Hessen,        60 bis unter 65 Jahre,        Unbekannt,0,0,0,0,0,0,0,0,0,0,0,0,0,0,0,0,0,0,0,0
          Hessen,        65 bis unter 70 Jahre,Alle Geschlechter,0,0,0,0,0,0,0,0,0,0,1,0,0,0,1,2,2,3,0,1
          Hessen,        65 bis unter 70 Jahre,Männlich,0,0,0,0,0,0,0,0,0,0,0,0,0,0,0,1,1,0,0,0
          Hessen,        65 bis unter 70 Jahre,        Weiblich,0,0,0,0,0,0,0,0,0,0,1,0,0,0,1,1,1,3,0,1
          Hessen,        65 bis unter 70 Jahre,        Unbekannt,0,0,0,0,0,0,0,0,0,0,0,0,0,0,0,0,0,0,0,0
          Hessen,        70 bis unter 75 Jahre,Alle Geschlechter,0,0,0,0,0,0,0,0,0,0,0,0,0,1,0,0,0,0,0,0
          Hessen,        70 bis unter 75 Jahre,Männlich,0,0,0,0,0,0,0,0,0,0,0,0,0,0,0,0,0,0,0,0
          Hessen,        70 bis unter 75 Jahre,        Weiblich,0,0,0,0,0,0,0,0,0,0,0,0,0,1,0,0,0,0,0,0
          Hessen,        70 bis unter 75 Jahre,        Unbekannt,0,0,0,0,0,0,0,0,0,0,0,0,0,0,0,0,0,0,0,0
          Hessen,        75 bis unter 80 Jahre,Alle Geschlechter,0,0,0,0,0,0,0,0,0,0,0,0,0,0,0,0,0,0,0,0
          Hessen,        75 bis unter 80 Jahre,Männlich,0,0,0,0,0,0,0,0,0,0,0,0,0,0,0,0,0,0,0,0
          Hessen,        75 bis unter 80 Jahre,        Weiblich,0,0,0,0,0,0,0,0,0,0,0,0,0,0,0,0,0,0,0,0
          Hessen,        75 bis unter 80 Jahre,        Unbekannt,0,0,0,0,0,0,0,0,0,0,0,0,0,0,0,0,0,0,0,0
          Hessen,        80 bis unter 85 Jahre,Alle Geschlechter,0,0,0,1,0,0,0,0,0,0,0,0,0,0,0,0,0,0,0,0
          Hessen,        80 bis unter 85 Jahre,Männlich,0,0,0,0,0,0,0,0,0,0,0,0,0,0,0,0,0,0,0,0
          Hessen,        80 bis unter 85 Jahre,        Weiblich,0,0,0,1,0,0,0,0,0,0,0,0,0,0,0,0,0,0,0,0
          Hessen,        80 bis unter 85 Jahre,        Unbekannt,0,0,0,0,0,0,0,0,0,0,0,0,0,0,0,0,0,0,0,0
          Hessen,        85 bis unter 90 Jahre,Alle Geschlechter,0,0,0,0,0,0,0,0,0,0,0,0,0,0,0,0,0,0,0,0
          Hessen,        85 bis unter 90 Jahre,Männlich,0,0,0,0,0,0,0,0,0,0,0,0,0,0,0,0,0,0,0,0
          Hessen,        85 bis unter 90 Jahre,        Weiblich,0,0,0,0,0,0,0,0,0,0,0,0,0,0,0,0,0,0,0,0
          Hessen,        85 bis unter 90 Jahre,        Unbekannt,0,0,0,0,0,0,0,0,0,0,0,0,0,0,0,0,0,0,0,0
          Hessen,        90 bis unter 95 Jahre,Alle Geschlechter,0,0,0,0,0,0,0,0,0,0,0,0,0,0,0,0,0,0,0,0
          Hessen,        90 bis unter 95 Jahre,Männlich,0,0,0,0,0,0,0,0,0,0,0,0,0,0,0,0,0,0,0,0
          Hessen,        90 bis unter 95 Jahre,        Weiblich,0,0,0,0,0,0,0,0,0,0,0,0,0,0,0,0,0,0,0,0
          Hessen,        90 bis unter 95 Jahre,        Unbekannt,0,0,0,0,0,0,0,0,0,0,0,0,0,0,0,0,0,0,0,0
          Hessen,        95 Jahre und älter,Alle Geschlechter,0,0,0,0,0,0,0,0,0,0,0,0,0,0,0,0,0,0,0,0
          Hessen,        95 Jahre und älter,Männlich,0,0,0,0,0,0,0,0,0,0,0,0,0,0,0,0,0,0,0,0
          Hessen,        95 Jahre und älter,        Weiblich,0,0,0,0,0,0,0,0,0,0,0,0,0,0,0,0,0,0,0,0
          Hessen,        95 Jahre und älter,        Unbekannt,0,0,0,0,0,0,0,0,0,0,0,0,0,0,0,0,0,0,0,0
          Hessen,        Unbekannt,Alle Geschlechter,0,0,0,0,0,0,0,0,0,0,0,0,0,0,0,0,0,0,0,0
          Hessen,        Unbekannt,Männlich,0,0,0,0,0,0,0,0,0,0,0,0,0,0,0,0,0,0,0,0
          Hessen,        Unbekannt,        Weiblich,0,0,0,0,0,0,0,0,0,0,0,0,0,0,0,0,0,0,0,0
          Hessen,        Unbekannt,        Unbekannt,0,0,0,0,0,0,0,0,0,0,0,0,0,0,0,0,0,0,0,0
          Mecklenburg-Vorpommern,Alle Altersgruppen,Alle Geschlechter,4,2,3,2,2,1,6,11,15,18,12,16,21,23,34,22,33,34,64,85
          Mecklenburg-Vorpommern,Alle Altersgruppen,Männlich,4,1,0,0,1,1,1,4,8,11,10,13,14,14,21,16,19,25,42,54
          Mecklenburg-Vorpommern,Alle Altersgruppen,        Weiblich,0,1,3,2,1,0,5,7,7,7,2,3,7,9,13,6,14,9,22,31
          Mecklenburg-Vorpommern,Alle Altersgruppen,        Unbekannt,0,0,0,0,0,0,0,0,0,0,0,0,0,0,0,0,0,0,0,0
          Mecklenburg-Vorpommern,        Unter 1 Jahr,Alle Geschlechter,0,0,0,0,0,0,0,0,0,0,0,0,0,0,0,0,0,0,0,0
          Mecklenburg-Vorpommern,        Unter 1 Jahr,Männlich,0,0,0,0,0,0,0,0,0,0,0,0,0,0,0,0,0,0,0,0
          Mecklenburg-Vorpommern,        Unter 1 Jahr,        Weiblich,0,0,0,0,0,0,0,0,0,0,0,0,0,0,0,0,0,0,0,0
          Mecklenburg-Vorpommern,        Unter 1 Jahr,        Unbekannt,0,0,0,0,0,0,0,0,0,0,0,0,0,0,0,0,0,0,0,0
          Mecklenburg-Vorpommern,        1 Jahr bis unter 5 Jahre,Alle Geschlechter,0,0,0,0,0,0,0,0,0,0,0,0,0,0,0,0,0,0,0,0
          Mecklenburg-Vorpommern,        1 Jahr bis unter 5 Jahre,Männlich,0,0,0,0,0,0,0,0,0,0,0,0,0,0,0,0,0,0,0,0
          Mecklenburg-Vorpommern,        1 Jahr bis unter 5 Jahre,        Weiblich,0,0,0,0,0,0,0,0,0,0,0,0,0,0,0,0,0,0,0,0
          Mecklenburg-Vorpommern,        1 Jahr bis unter 5 Jahre,        Unbekannt,0,0,0,0,0,0,0,0,0,0,0,0,0,0,0,0,0,0,0,0
          Mecklenburg-Vorpommern,        5 bis unter 10 Jahre,Alle Geschlechter,0,0,0,0,0,0,0,0,0,0,0,0,0,0,0,0,0,0,0,0
          Mecklenburg-Vorpommern,        5 bis unter 10 Jahre,Männlich,0,0,0,0,0,0,0,0,0,0,0,0,0,0,0,0,0,0,0,0
          Mecklenburg-Vorpommern,        5 bis unter 10 Jahre,        Weiblich,0,0,0,0,0,0,0,0,0,0,0,0,0,0,0,0,0,0,0,0
          Mecklenburg-Vorpommern,        5 bis unter 10 Jahre,        Unbekannt,0,0,0,0,0,0,0,0,0,0,0,0,0,0,0,0,0,0,0,0
          Mecklenburg-Vorpommern,        10 bis unter 15 Jahre,Alle Geschlechter,0,0,0,0,0,0,0,0,0,0,0,0,0,0,0,0,0,0,0,0
          Mecklenburg-Vorpommern,        10 bis unter 15 Jahre,Männlich,0,0,0,0,0,0,0,0,0,0,0,0,0,0,0,0,0,0,0,0
          Mecklenburg-Vorpommern,        10 bis unter 15 Jahre,        Weiblich,0,0,0,0,0,0,0,0,0,0,0,0,0,0,0,0,0,0,0,0
          Mecklenburg-Vorpommern,        10 bis unter 15 Jahre,        Unbekannt,0,0,0,0,0,0,0,0,0,0,0,0,0,0,0,0,0,0,0,0
          Mecklenburg-Vorpommern,        15 bis unter 20 Jahre,Alle Geschlechter,0,0,0,0,0,0,0,0,0,0,0,2,0,0,3,3,4,5,2,5
          Mecklenburg-Vorpommern,        15 bis unter 20 Jahre,Männlich,0,0,0,0,0,0,0,0,0,0,0,2,0,0,0,2,1,5,0,4
          Mecklenburg-Vorpommern,        15 bis unter 20 Jahre,        Weiblich,0,0,0,0,0,0,0,0,0,0,0,0,0,0,3,1,3,0,2,1
          Mecklenburg-Vorpommern,        15 bis unter 20 Jahre,        Unbekannt,0,0,0,0,0,0,0,0,0,0,0,0,0,0,0,0,0,0,0,0
          Mecklenburg-Vorpommern,        20 bis unter 25 Jahre,Alle Geschlechter,0,1,0,0,1,1,0,0,0,2,0,0,2,2,3,5,4,7,24,28
          Mecklenburg-Vorpommern,        20 bis unter 25 Jahre,Männlich,0,0,0,0,1,1,0,0,0,0,0,0,2,2,1,4,4,5,17,20
          Mecklenburg-Vorpommern,        20 bis unter 25 Jahre,        Weiblich,0,1,0,0,0,0,0,0,0,2,0,0,0,0,2,1,0,2,7,8
          Mecklenburg-Vorpommern,        20 bis unter 25 Jahre,        Unbekannt,0,0,0,0,0,0,0,0,0,0,0,0,0,0,0,0,0,0,0,0
          Mecklenburg-Vorpommern,        25 bis unter 30 Jahre,Alle Geschlechter,0,0,0,0,0,0,0,1,2,6,4,3,7,7,9,1,6,3,12,15
          Mecklenburg-Vorpommern,        25 bis unter 30 Jahre,Männlich,0,0,0,0,0,0,0,1,1,6,3,3,5,5,7,0,3,3,9,11
          Mecklenburg-Vorpommern,        25 bis unter 30 Jahre,        Weiblich,0,0,0,0,0,0,0,0,1,0,1,0,2,2,2,1,3,0,3,4
          Mecklenburg-Vorpommern,        25 bis unter 30 Jahre,        Unbekannt,0,0,0,0,0,0,0,0,0,0,0,0,0,0,0,0,0,0,0,0
          Mecklenburg-Vorpommern,        30 bis unter 35 Jahre,Alle Geschlechter,4,1,0,0,0,0,1,2,3,3,3,5,2,1,5,1,6,8,10,11
          Mecklenburg-Vorpommern,        30 bis unter 35 Jahre,Männlich,4,1,0,0,0,0,0,2,2,3,3,3,1,1,4,1,6,8,9,8
          Mecklenburg-Vorpommern,        30 bis unter 35 Jahre,        Weiblich,0,0,0,0,0,0,1,0,1,0,0,2,1,0,1,0,0,0,1,3
          Mecklenburg-Vorpommern,        30 bis unter 35 Jahre,        Unbekannt,0,0,0,0,0,0,0,0,0,0,0,0,0,0,0,0,0,0,0,0
          Mecklenburg-Vorpommern,        35 bis unter 40 Jahre,Alle Geschlechter,0,0,1,1,0,0,0,4,4,4,3,4,1,2,2,2,0,0,4,7
          Mecklenburg-Vorpommern,        35 bis unter 40 Jahre,Männlich,0,0,0,0,0,0,0,0,2,1,3,3,1,1,2,0,0,0,2,3
          Mecklenburg-Vorpommern,        35 bis unter 40 Jahre,        Weiblich,0,0,1,1,0,0,0,4,2,3,0,1,0,1,0,2,0,0,2,4
          Mecklenburg-Vorpommern,        35 bis unter 40 Jahre,        Unbekannt,0,0,0,0,0,0,0,0,0,0,0,0,0,0,0,0,0,0,0,0
          Mecklenburg-Vorpommern,        40 bis unter 45 Jahre,Alle Geschlechter,0,0,1,1,1,0,1,0,0,1,0,0,2,5,6,5,4,4,3,7
          Mecklenburg-Vorpommern,        40 bis unter 45 Jahre,Männlich,0,0,0,0,0,0,1,0,0,0,0,0,2,2,4,5,2,3,1,4
          Mecklenburg-Vorpommern,        40 bis unter 45 Jahre,        Weiblich,0,0,1,1,1,0,0,0,0,1,0,0,0,3,2,0,2,1,2,3
          Mecklenburg-Vorpommern,        40 bis unter 45 Jahre,        Unbekannt,0,0,0,0,0,0,0,0,0,0,0,0,0,0,0,0,0,0,0,0
          Mecklenburg-Vorpommern,        45 bis unter 50 Jahre,Alle Geschlechter,0,0,0,0,0,0,3,2,3,2,1,2,2,1,3,3,6,5,6,7
          Mecklenburg-Vorpommern,        45 bis unter 50 Jahre,Männlich,0,0,0,0,0,0,0,1,2,1,1,2,0,0,2,2,3,0,1,2
          Mecklenburg-Vorpommern,        45 bis unter 50 Jahre,        Weiblich,0,0,0,0,0,0,3,1,1,1,0,0,2,1,1,1,3,5,5,5
          Mecklenburg-Vorpommern,        45 bis unter 50 Jahre,        Unbekannt,0,0,0,0,0,0,0,0,0,0,0,0,0,0,0,0,0,0,0,0
          Mecklenburg-Vorpommern,        50 bis unter 55 Jahre,Alle Geschlechter,0,0,0,0,0,0,1,2,1,0,0,0,4,4,1,2,1,2,1,1
          Mecklenburg-Vorpommern,        50 bis unter 55 Jahre,Männlich,0,0,0,0,0,0,0,0,1,0,0,0,3,3,1,2,0,1,1,0
          Mecklenburg-Vorpommern,        50 bis unter 55 Jahre,        Weiblich,0,0,0,0,0,0,1,2,0,0,0,0,1,1,0,0,1,1,0,1
          Mecklenburg-Vorpommern,        50 bis unter 55 Jahre,        Unbekannt,0,0,0,0,0,0,0,0,0,0,0,0,0,0,0,0,0,0,0,0
          Mecklenburg-Vorpommern,        55 bis unter 60 Jahre,Alle Geschlechter,0,0,1,0,0,0,0,0,2,0,1,0,0,0,0,0,0,0,2,3
          Mecklenburg-Vorpommern,        55 bis unter 60 Jahre,Männlich,0,0,0,0,0,0,0,0,0,0,0,0,0,0,0,0,0,0,2,2
          Mecklenburg-Vorpommern,        55 bis unter 60 Jahre,        Weiblich,0,0,1,0,0,0,0,0,2,0,1,0,0,0,0,0,0,0,0,1
          Mecklenburg-Vorpommern,        55 bis unter 60 Jahre,        Unbekannt,0,0,0,0,0,0,0,0,0,0,0,0,0,0,0,0,0,0,0,0
          Mecklenburg-Vorpommern,        60 bis unter 65 Jahre,Alle Geschlechter,0,0,0,0,0,0,0,0,0,0,0,0,1,1,2,0,0,0,0,1
          Mecklenburg-Vorpommern,        60 bis unter 65 Jahre,Männlich,0,0,0,0,0,0,0,0,0,0,0,0,0,0,0,0,0,0,0,0
          Mecklenburg-Vorpommern,        60 bis unter 65 Jahre,        Weiblich,0,0,0,0,0,0,0,0,0,0,0,0,1,1,2,0,0,0,0,1
          Mecklenburg-Vorpommern,        60 bis unter 65 Jahre,        Unbekannt,0,0,0,0,0,0,0,0,0,0,0,0,0,0,0,0,0,0,0,0
          Mecklenburg-Vorpommern,        65 bis unter 70 Jahre,Alle Geschlechter,0,0,0,0,0,0,0,0,0,0,0,0,0,0,0,0,2,0,0,0
          Mecklenburg-Vorpommern,        65 bis unter 70 Jahre,Männlich,0,0,0,0,0,0,0,0,0,0,0,0,0,0,0,0,0,0,0,0
          Mecklenburg-Vorpommern,        65 bis unter 70 Jahre,        Weiblich,0,0,0,0,0,0,0,0,0,0,0,0,0,0,0,0,2,0,0,0
          Mecklenburg-Vorpommern,        65 bis unter 70 Jahre,        Unbekannt,0,0,0,0,0,0,0,0,0,0,0,0,0,0,0,0,0,0,0,0
          Mecklenburg-Vorpommern,        70 bis unter 75 Jahre,Alle Geschlechter,0,0,0,0,0,0,0,0,0,0,0,0,0,0,0,0,0,0,0,0
          Mecklenburg-Vorpommern,        70 bis unter 75 Jahre,Männlich,0,0,0,0,0,0,0,0,0,0,0,0,0,0,0,0,0,0,0,0
          Mecklenburg-Vorpommern,        70 bis unter 75 Jahre,        Weiblich,0,0,0,0,0,0,0,0,0,0,0,0,0,0,0,0,0,0,0,0
          Mecklenburg-Vorpommern,        70 bis unter 75 Jahre,        Unbekannt,0,0,0,0,0,0,0,0,0,0,0,0,0,0,0,0,0,0,0,0
          Mecklenburg-Vorpommern,        75 bis unter 80 Jahre,Alle Geschlechter,0,0,0,0,0,0,0,0,0,0,0,0,0,0,0,0,0,0,0,0
          Mecklenburg-Vorpommern,        75 bis unter 80 Jahre,Männlich,0,0,0,0,0,0,0,0,0,0,0,0,0,0,0,0,0,0,0,0
          Mecklenburg-Vorpommern,        75 bis unter 80 Jahre,        Weiblich,0,0,0,0,0,0,0,0,0,0,0,0,0,0,0,0,0,0,0,0
          Mecklenburg-Vorpommern,        75 bis unter 80 Jahre,        Unbekannt,0,0,0,0,0,0,0,0,0,0,0,0,0,0,0,0,0,0,0,0
          Mecklenburg-Vorpommern,        80 bis unter 85 Jahre,Alle Geschlechter,0,0,0,0,0,0,0,0,0,0,0,0,0,0,0,0,0,0,0,0
          Mecklenburg-Vorpommern,        80 bis unter 85 Jahre,Männlich,0,0,0,0,0,0,0,0,0,0,0,0,0,0,0,0,0,0,0,0
          Mecklenburg-Vorpommern,        80 bis unter 85 Jahre,        Weiblich,0,0,0,0,0,0,0,0,0,0,0,0,0,0,0,0,0,0,0,0
          Mecklenburg-Vorpommern,        80 bis unter 85 Jahre,        Unbekannt,0,0,0,0,0,0,0,0,0,0,0,0,0,0,0,0,0,0,0,0
          Mecklenburg-Vorpommern,        85 bis unter 90 Jahre,Alle Geschlechter,0,0,0,0,0,0,0,0,0,0,0,0,0,0,0,0,0,0,0,0
          Mecklenburg-Vorpommern,        85 bis unter 90 Jahre,Männlich,0,0,0,0,0,0,0,0,0,0,0,0,0,0,0,0,0,0,0,0
          Mecklenburg-Vorpommern,        85 bis unter 90 Jahre,        Weiblich,0,0,0,0,0,0,0,0,0,0,0,0,0,0,0,0,0,0,0,0
          Mecklenburg-Vorpommern,        85 bis unter 90 Jahre,        Unbekannt,0,0,0,0,0,0,0,0,0,0,0,0,0,0,0,0,0,0,0,0
          Mecklenburg-Vorpommern,        90 bis unter 95 Jahre,Alle Geschlechter,0,0,0,0,0,0,0,0,0,0,0,0,0,0,0,0,0,0,0,0
          Mecklenburg-Vorpommern,        90 bis unter 95 Jahre,Männlich,0,0,0,0,0,0,0,0,0,0,0,0,0,0,0,0,0,0,0,0
          Mecklenburg-Vorpommern,        90 bis unter 95 Jahre,        Weiblich,0,0,0,0,0,0,0,0,0,0,0,0,0,0,0,0,0,0,0,0
          Mecklenburg-Vorpommern,        90 bis unter 95 Jahre,        Unbekannt,0,0,0,0,0,0,0,0,0,0,0,0,0,0,0,0,0,0,0,0
          Mecklenburg-Vorpommern,        95 Jahre und älter,Alle Geschlechter,0,0,0,0,0,0,0,0,0,0,0,0,0,0,0,0,0,0,0,0
          Mecklenburg-Vorpommern,        95 Jahre und älter,Männlich,0,0,0,0,0,0,0,0,0,0,0,0,0,0,0,0,0,0,0,0
          Mecklenburg-Vorpommern,        95 Jahre und älter,        Weiblich,0,0,0,0,0,0,0,0,0,0,0,0,0,0,0,0,0,0,0,0
          Mecklenburg-Vorpommern,        95 Jahre und älter,        Unbekannt,0,0,0,0,0,0,0,0,0,0,0,0,0,0,0,0,0,0,0,0
          Mecklenburg-Vorpommern,        Unbekannt,Alle Geschlechter,0,0,0,0,0,0,0,0,0,0,0,0,0,0,0,0,0,0,0,0
          Mecklenburg-Vorpommern,        Unbekannt,Männlich,0,0,0,0,0,0,0,0,0,0,0,0,0,0,0,0,0,0,0,0
          Mecklenburg-Vorpommern,        Unbekannt,        Weiblich,0,0,0,0,0,0,0,0,0,0,0,0,0,0,0,0,0,0,0,0
          Mecklenburg-Vorpommern,        Unbekannt,        Unbekannt,0,0,0,0,0,0,0,0,0,0,0,0,0,0,0,0,0,0,0,0
          Niedersachsen,Alle Altersgruppen,Alle Geschlechter,4,24,28,31,31,57,53,58,71,71,110,128,127,134,175,149,214,226,249,264
          Niedersachsen,Alle Altersgruppen,Männlich,4,7,8,9,15,21,32,34,41,45,73,81,79,91,117,101,140,137,137,151
          Niedersachsen,Alle Altersgruppen,        Weiblich,0,17,20,22,16,36,21,24,30,26,37,47,48,43,58,48,74,89,112,113
          Niedersachsen,Alle Altersgruppen,        Unbekannt,0,0,0,0,0,0,0,0,0,0,0,0,0,0,0,0,0,0,0,0
          Niedersachsen,        Unter 1 Jahr,Alle Geschlechter,0,0,0,0,0,0,0,0,0,0,0,0,0,0,0,0,0,0,0,0
          Niedersachsen,        Unter 1 Jahr,Männlich,0,0,0,0,0,0,0,0,0,0,0,0,0,0,0,0,0,0,0,0
          Niedersachsen,        Unter 1 Jahr,        Weiblich,0,0,0,0,0,0,0,0,0,0,0,0,0,0,0,0,0,0,0,0
          Niedersachsen,        Unter 1 Jahr,        Unbekannt,0,0,0,0,0,0,0,0,0,0,0,0,0,0,0,0,0,0,0,0
          Niedersachsen,        1 Jahr bis unter 5 Jahre,Alle Geschlechter,0,0,0,0,0,0,0,0,0,0,0,0,0,0,0,0,0,0,0,0
          Niedersachsen,        1 Jahr bis unter 5 Jahre,Männlich,0,0,0,0,0,0,0,0,0,0,0,0,0,0,0,0,0,0,0,0
          Niedersachsen,        1 Jahr bis unter 5 Jahre,        Weiblich,0,0,0,0,0,0,0,0,0,0,0,0,0,0,0,0,0,0,0,0
          Niedersachsen,        1 Jahr bis unter 5 Jahre,        Unbekannt,0,0,0,0,0,0,0,0,0,0,0,0,0,0,0,0,0,0,0,0
          Niedersachsen,        5 bis unter 10 Jahre,Alle Geschlechter,0,0,0,0,0,0,0,0,0,0,0,0,0,0,0,0,0,0,0,0
          Niedersachsen,        5 bis unter 10 Jahre,Männlich,0,0,0,0,0,0,0,0,0,0,0,0,0,0,0,0,0,0,0,0
          Niedersachsen,        5 bis unter 10 Jahre,        Weiblich,0,0,0,0,0,0,0,0,0,0,0,0,0,0,0,0,0,0,0,0
          Niedersachsen,        5 bis unter 10 Jahre,        Unbekannt,0,0,0,0,0,0,0,0,0,0,0,0,0,0,0,0,0,0,0,0
          Niedersachsen,        10 bis unter 15 Jahre,Alle Geschlechter,0,0,0,0,0,0,0,0,0,0,0,0,0,0,0,0,0,0,0,0
          Niedersachsen,        10 bis unter 15 Jahre,Männlich,0,0,0,0,0,0,0,0,0,0,0,0,0,0,0,0,0,0,0,0
          Niedersachsen,        10 bis unter 15 Jahre,        Weiblich,0,0,0,0,0,0,0,0,0,0,0,0,0,0,0,0,0,0,0,0
          Niedersachsen,        10 bis unter 15 Jahre,        Unbekannt,0,0,0,0,0,0,0,0,0,0,0,0,0,0,0,0,0,0,0,0
          Niedersachsen,        15 bis unter 20 Jahre,Alle Geschlechter,0,0,1,0,0,1,1,3,0,0,3,5,7,4,13,13,11,14,16,13
          Niedersachsen,        15 bis unter 20 Jahre,Männlich,0,0,0,0,0,0,0,3,0,0,2,4,4,0,6,11,8,8,10,8
          Niedersachsen,        15 bis unter 20 Jahre,        Weiblich,0,0,1,0,0,1,1,0,0,0,1,1,3,4,7,2,3,6,6,5
          Niedersachsen,        15 bis unter 20 Jahre,        Unbekannt,0,0,0,0,0,0,0,0,0,0,0,0,0,0,0,0,0,0,0,0
          Niedersachsen,        20 bis unter 25 Jahre,Alle Geschlechter,0,1,6,3,6,10,7,9,13,8,21,21,19,28,31,20,61,49,67,66
          Niedersachsen,        20 bis unter 25 Jahre,Männlich,0,1,3,2,5,6,6,9,11,4,14,15,13,20,21,15,45,34,41,43
          Niedersachsen,        20 bis unter 25 Jahre,        Weiblich,0,0,3,1,1,4,1,0,2,4,7,6,6,8,10,5,16,15,26,23
          Niedersachsen,        20 bis unter 25 Jahre,        Unbekannt,0,0,0,0,0,0,0,0,0,0,0,0,0,0,0,0,0,0,0,0
          Niedersachsen,        25 bis unter 30 Jahre,Alle Geschlechter,0,1,4,3,4,11,9,6,14,21,22,24,30,27,30,32,51,56,60,71
          Niedersachsen,        25 bis unter 30 Jahre,Männlich,0,0,2,3,3,7,6,4,10,15,18,20,22,22,24,26,38,35,41,44
          Niedersachsen,        25 bis unter 30 Jahre,        Weiblich,0,1,2,0,1,4,3,2,4,6,4,4,8,5,6,6,13,21,19,27
          Niedersachsen,        25 bis unter 30 Jahre,        Unbekannt,0,0,0,0,0,0,0,0,0,0,0,0,0,0,0,0,0,0,0,0
          Niedersachsen,        30 bis unter 35 Jahre,Alle Geschlechter,3,4,3,2,0,7,8,7,6,8,15,22,19,20,29,22,24,35,37,40
          Niedersachsen,        30 bis unter 35 Jahre,Männlich,3,3,0,0,0,4,8,3,4,5,13,19,12,16,19,13,14,27,25,28
          Niedersachsen,        30 bis unter 35 Jahre,        Weiblich,0,1,3,2,0,3,0,4,2,3,2,3,7,4,10,9,10,8,12,12
          Niedersachsen,        30 bis unter 35 Jahre,        Unbekannt,0,0,0,0,0,0,0,0,0,0,0,0,0,0,0,0,0,0,0,0
          Niedersachsen,        35 bis unter 40 Jahre,Alle Geschlechter,1,3,1,2,2,8,7,5,8,9,14,10,13,11,30,24,22,26,17,27
          Niedersachsen,        35 bis unter 40 Jahre,Männlich,1,2,0,0,2,4,6,5,5,7,10,4,11,10,25,19,16,13,7,12
          Niedersachsen,        35 bis unter 40 Jahre,        Weiblich,0,1,1,2,0,4,1,0,3,2,4,6,2,1,5,5,6,13,10,15
          Niedersachsen,        35 bis unter 40 Jahre,        Unbekannt,0,0,0,0,0,0,0,0,0,0,0,0,0,0,0,0,0,0,0,0
          Niedersachsen,        40 bis unter 45 Jahre,Alle Geschlechter,0,6,9,8,9,4,9,7,6,7,7,16,11,16,12,7,12,14,9,17
          Niedersachsen,        40 bis unter 45 Jahre,Männlich,0,1,3,4,4,0,3,2,4,5,6,11,8,12,7,3,7,8,6,6
          Niedersachsen,        40 bis unter 45 Jahre,        Weiblich,0,5,6,4,5,4,6,5,2,2,1,5,3,4,5,4,5,6,3,11
          Niedersachsen,        40 bis unter 45 Jahre,        Unbekannt,0,0,0,0,0,0,0,0,0,0,0,0,0,0,0,0,0,0,0,0
          Niedersachsen,        45 bis unter 50 Jahre,Alle Geschlechter,0,2,1,9,4,3,9,13,13,10,13,14,10,14,12,10,14,10,12,10
          Niedersachsen,        45 bis unter 50 Jahre,Männlich,0,0,0,0,1,0,2,6,6,8,5,3,5,7,7,6,8,6,3,6
          Niedersachsen,        45 bis unter 50 Jahre,        Weiblich,0,2,1,9,3,3,7,7,7,2,8,11,5,7,5,4,6,4,9,4
          Niedersachsen,        45 bis unter 50 Jahre,        Unbekannt,0,0,0,0,0,0,0,0,0,0,0,0,0,0,0,0,0,0,0,0
          Niedersachsen,        50 bis unter 55 Jahre,Alle Geschlechter,0,5,3,2,5,9,3,3,5,6,10,12,11,8,11,12,12,9,12,5
          Niedersachsen,        50 bis unter 55 Jahre,Männlich,0,0,0,0,0,0,1,1,1,1,4,4,2,3,6,4,3,4,3,1
          Niedersachsen,        50 bis unter 55 Jahre,        Weiblich,0,5,3,2,5,9,2,2,4,5,6,8,9,5,5,8,9,5,9,4
          Niedersachsen,        50 bis unter 55 Jahre,        Unbekannt,0,0,0,0,0,0,0,0,0,0,0,0,0,0,0,0,0,0,0,0
          Niedersachsen,        55 bis unter 60 Jahre,Alle Geschlechter,0,2,0,1,1,2,0,3,2,1,3,4,6,4,2,6,2,8,12,10
          Niedersachsen,        55 bis unter 60 Jahre,Männlich,0,0,0,0,0,0,0,0,0,0,1,1,2,1,1,4,0,2,1,1
          Niedersachsen,        55 bis unter 60 Jahre,        Weiblich,0,2,0,1,1,2,0,3,2,1,2,3,4,3,1,2,2,6,11,9
          Niedersachsen,        55 bis unter 60 Jahre,        Unbekannt,0,0,0,0,0,0,0,0,0,0,0,0,0,0,0,0,0,0,0,0
          Niedersachsen,        60 bis unter 65 Jahre,Alle Geschlechter,0,0,0,1,0,0,0,1,3,1,2,0,0,1,4,2,2,3,6,4
          Niedersachsen,        60 bis unter 65 Jahre,Männlich,0,0,0,0,0,0,0,0,0,0,0,0,0,0,1,0,0,0,0,2
          Niedersachsen,        60 bis unter 65 Jahre,        Weiblich,0,0,0,1,0,0,0,1,3,1,2,0,0,1,3,2,2,3,6,2
          Niedersachsen,        60 bis unter 65 Jahre,        Unbekannt,0,0,0,0,0,0,0,0,0,0,0,0,0,0,0,0,0,0,0,0
          Niedersachsen,        65 bis unter 70 Jahre,Alle Geschlechter,0,0,0,0,0,2,0,1,0,0,0,0,1,1,1,1,2,2,1,1
          Niedersachsen,        65 bis unter 70 Jahre,Männlich,0,0,0,0,0,0,0,1,0,0,0,0,0,0,0,0,0,0,0,0
          Niedersachsen,        65 bis unter 70 Jahre,        Weiblich,0,0,0,0,0,2,0,0,0,0,0,0,1,1,1,1,2,2,1,1
          Niedersachsen,        65 bis unter 70 Jahre,        Unbekannt,0,0,0,0,0,0,0,0,0,0,0,0,0,0,0,0,0,0,0,0
          Niedersachsen,        70 bis unter 75 Jahre,Alle Geschlechter,0,0,0,0,0,0,0,0,1,0,0,0,0,0,0,0,0,0,0,0
          Niedersachsen,        70 bis unter 75 Jahre,Männlich,0,0,0,0,0,0,0,0,0,0,0,0,0,0,0,0,0,0,0,0
          Niedersachsen,        70 bis unter 75 Jahre,        Weiblich,0,0,0,0,0,0,0,0,1,0,0,0,0,0,0,0,0,0,0,0
          Niedersachsen,        70 bis unter 75 Jahre,        Unbekannt,0,0,0,0,0,0,0,0,0,0,0,0,0,0,0,0,0,0,0,0
          Niedersachsen,        75 bis unter 80 Jahre,Alle Geschlechter,0,0,0,0,0,0,0,0,0,0,0,0,0,0,0,0,1,0,0,0
          Niedersachsen,        75 bis unter 80 Jahre,Männlich,0,0,0,0,0,0,0,0,0,0,0,0,0,0,0,0,1,0,0,0
          Niedersachsen,        75 bis unter 80 Jahre,        Weiblich,0,0,0,0,0,0,0,0,0,0,0,0,0,0,0,0,0,0,0,0
          Niedersachsen,        75 bis unter 80 Jahre,        Unbekannt,0,0,0,0,0,0,0,0,0,0,0,0,0,0,0,0,0,0,0,0
          Niedersachsen,        80 bis unter 85 Jahre,Alle Geschlechter,0,0,0,0,0,0,0,0,0,0,0,0,0,0,0,0,0,0,0,0
          Niedersachsen,        80 bis unter 85 Jahre,Männlich,0,0,0,0,0,0,0,0,0,0,0,0,0,0,0,0,0,0,0,0
          Niedersachsen,        80 bis unter 85 Jahre,        Weiblich,0,0,0,0,0,0,0,0,0,0,0,0,0,0,0,0,0,0,0,0
          Niedersachsen,        80 bis unter 85 Jahre,        Unbekannt,0,0,0,0,0,0,0,0,0,0,0,0,0,0,0,0,0,0,0,0
          Niedersachsen,        85 bis unter 90 Jahre,Alle Geschlechter,0,0,0,0,0,0,0,0,0,0,0,0,0,0,0,0,0,0,0,0
          Niedersachsen,        85 bis unter 90 Jahre,Männlich,0,0,0,0,0,0,0,0,0,0,0,0,0,0,0,0,0,0,0,0
          Niedersachsen,        85 bis unter 90 Jahre,        Weiblich,0,0,0,0,0,0,0,0,0,0,0,0,0,0,0,0,0,0,0,0
          Niedersachsen,        85 bis unter 90 Jahre,        Unbekannt,0,0,0,0,0,0,0,0,0,0,0,0,0,0,0,0,0,0,0,0
          Niedersachsen,        90 bis unter 95 Jahre,Alle Geschlechter,0,0,0,0,0,0,0,0,0,0,0,0,0,0,0,0,0,0,0,0
          Niedersachsen,        90 bis unter 95 Jahre,Männlich,0,0,0,0,0,0,0,0,0,0,0,0,0,0,0,0,0,0,0,0
          Niedersachsen,        90 bis unter 95 Jahre,        Weiblich,0,0,0,0,0,0,0,0,0,0,0,0,0,0,0,0,0,0,0,0
          Niedersachsen,        90 bis unter 95 Jahre,        Unbekannt,0,0,0,0,0,0,0,0,0,0,0,0,0,0,0,0,0,0,0,0
          Niedersachsen,        95 Jahre und älter,Alle Geschlechter,0,0,0,0,0,0,0,0,0,0,0,0,0,0,0,0,0,0,0,0
          Niedersachsen,        95 Jahre und älter,Männlich,0,0,0,0,0,0,0,0,0,0,0,0,0,0,0,0,0,0,0,0
          Niedersachsen,        95 Jahre und älter,        Weiblich,0,0,0,0,0,0,0,0,0,0,0,0,0,0,0,0,0,0,0,0
          Niedersachsen,        95 Jahre und älter,        Unbekannt,0,0,0,0,0,0,0,0,0,0,0,0,0,0,0,0,0,0,0,0
          Niedersachsen,        Unbekannt,Alle Geschlechter,0,0,0,0,0,0,0,0,0,0,0,0,0,0,0,0,0,0,0,0
          Niedersachsen,        Unbekannt,Männlich,0,0,0,0,0,0,0,0,0,0,0,0,0,0,0,0,0,0,0,0
          Niedersachsen,        Unbekannt,        Weiblich,0,0,0,0,0,0,0,0,0,0,0,0,0,0,0,0,0,0,0,0
          Niedersachsen,        Unbekannt,        Unbekannt,0,0,0,0,0,0,0,0,0,0,0,0,0,0,0,0,0,0,0,0
          Nordrhein-Westfalen,Alle Altersgruppen,Alle Geschlechter,26,68,79,76,109,135,189,164,204,218,245,299,300,379,513,461,568,519,566,713
          Nordrhein-Westfalen,Alle Altersgruppen,Männlich,26,32,29,31,60,74,118,113,133,158,170,216,198,284,389,330,357,316,349,440
          Nordrhein-Westfalen,Alle Altersgruppen,        Weiblich,0,36,50,45,49,61,71,51,71,60,74,82,102,95,124,131,211,203,217,273
          Nordrhein-Westfalen,Alle Altersgruppen,        Unbekannt,0,0,0,0,0,0,0,0,0,0,1,1,0,0,0,0,0,0,0,0
          Nordrhein-Westfalen,        Unter 1 Jahr,Alle Geschlechter,0,0,0,0,0,0,0,0,0,0,0,0,0,0,0,0,0,0,0,0
          Nordrhein-Westfalen,        Unter 1 Jahr,Männlich,0,0,0,0,0,0,0,0,0,0,0,0,0,0,0,0,0,0,0,0
          Nordrhein-Westfalen,        Unter 1 Jahr,        Weiblich,0,0,0,0,0,0,0,0,0,0,0,0,0,0,0,0,0,0,0,0
          Nordrhein-Westfalen,        Unter 1 Jahr,        Unbekannt,0,0,0,0,0,0,0,0,0,0,0,0,0,0,0,0,0,0,0,0
          Nordrhein-Westfalen,        1 Jahr bis unter 5 Jahre,Alle Geschlechter,0,0,0,0,0,0,0,0,0,0,0,0,0,0,0,0,0,0,0,0
          Nordrhein-Westfalen,        1 Jahr bis unter 5 Jahre,Männlich,0,0,0,0,0,0,0,0,0,0,0,0,0,0,0,0,0,0,0,0
          Nordrhein-Westfalen,        1 Jahr bis unter 5 Jahre,        Weiblich,0,0,0,0,0,0,0,0,0,0,0,0,0,0,0,0,0,0,0,0
          Nordrhein-Westfalen,        1 Jahr bis unter 5 Jahre,        Unbekannt,0,0,0,0,0,0,0,0,0,0,0,0,0,0,0,0,0,0,0,0
          Nordrhein-Westfalen,        5 bis unter 10 Jahre,Alle Geschlechter,0,0,0,0,0,0,0,0,0,0,0,0,0,0,0,0,0,0,0,0
          Nordrhein-Westfalen,        5 bis unter 10 Jahre,Männlich,0,0,0,0,0,0,0,0,0,0,0,0,0,0,0,0,0,0,0,0
          Nordrhein-Westfalen,        5 bis unter 10 Jahre,        Weiblich,0,0,0,0,0,0,0,0,0,0,0,0,0,0,0,0,0,0,0,0
          Nordrhein-Westfalen,        5 bis unter 10 Jahre,        Unbekannt,0,0,0,0,0,0,0,0,0,0,0,0,0,0,0,0,0,0,0,0
          Nordrhein-Westfalen,        10 bis unter 15 Jahre,Alle Geschlechter,0,0,0,0,0,0,0,0,0,0,0,0,0,0,0,0,0,0,0,0
          Nordrhein-Westfalen,        10 bis unter 15 Jahre,Männlich,0,0,0,0,0,0,0,0,0,0,0,0,0,0,0,0,0,0,0,0
          Nordrhein-Westfalen,        10 bis unter 15 Jahre,        Weiblich,0,0,0,0,0,0,0,0,0,0,0,0,0,0,0,0,0,0,0,0
          Nordrhein-Westfalen,        10 bis unter 15 Jahre,        Unbekannt,0,0,0,0,0,0,0,0,0,0,0,0,0,0,0,0,0,0,0,0
          Nordrhein-Westfalen,        15 bis unter 20 Jahre,Alle Geschlechter,0,2,3,3,3,10,13,6,12,10,15,20,15,31,43,29,36,21,21,18
          Nordrhein-Westfalen,        15 bis unter 20 Jahre,Männlich,0,2,2,0,1,7,8,5,7,5,12,9,9,23,35,20,29,13,9,10
          Nordrhein-Westfalen,        15 bis unter 20 Jahre,        Weiblich,0,0,1,3,2,3,5,1,5,5,3,11,6,8,8,9,7,8,12,8
          Nordrhein-Westfalen,        15 bis unter 20 Jahre,        Unbekannt,0,0,0,0,0,0,0,0,0,0,0,0,0,0,0,0,0,0,0,0
          Nordrhein-Westfalen,        20 bis unter 25 Jahre,Alle Geschlechter,2,5,8,4,18,27,36,21,36,32,42,72,67,93,135,126,143,122,135,147
          Nordrhein-Westfalen,        20 bis unter 25 Jahre,Männlich,2,4,5,1,17,19,31,13,24,24,34,58,52,79,109,94,104,79,85,90
          Nordrhein-Westfalen,        20 bis unter 25 Jahre,        Weiblich,0,1,3,3,1,8,5,8,12,8,8,13,15,14,26,32,39,43,50,57
          Nordrhein-Westfalen,        20 bis unter 25 Jahre,        Unbekannt,0,0,0,0,0,0,0,0,0,0,0,1,0,0,0,0,0,0,0,0
          Nordrhein-Westfalen,        25 bis unter 30 Jahre,Alle Geschlechter,4,10,9,9,14,24,24,31,38,35,45,56,59,91,118,108,154,152,162,233
          Nordrhein-Westfalen,        25 bis unter 30 Jahre,Männlich,4,5,5,4,9,13,17,21,29,29,35,49,41,74,97,87,107,110,120,148
          Nordrhein-Westfalen,        25 bis unter 30 Jahre,        Weiblich,0,5,4,5,5,11,7,10,9,6,10,7,18,17,21,21,47,42,42,85
          Nordrhein-Westfalen,        25 bis unter 30 Jahre,        Unbekannt,0,0,0,0,0,0,0,0,0,0,0,0,0,0,0,0,0,0,0,0
          Nordrhein-Westfalen,        30 bis unter 35 Jahre,Alle Geschlechter,7,7,13,15,13,21,25,31,48,33,30,31,43,35,74,57,80,80,100,129
          Nordrhein-Westfalen,        30 bis unter 35 Jahre,Männlich,7,5,8,10,11,17,15,26,32,30,23,22,27,25,53,41,47,54,72,93
          Nordrhein-Westfalen,        30 bis unter 35 Jahre,        Weiblich,0,2,5,5,2,4,10,5,16,3,6,9,16,10,21,16,33,26,28,36
          Nordrhein-Westfalen,        30 bis unter 35 Jahre,        Unbekannt,0,0,0,0,0,0,0,0,0,0,1,0,0,0,0,0,0,0,0,0
          Nordrhein-Westfalen,        35 bis unter 40 Jahre,Alle Geschlechter,9,19,9,12,17,11,28,18,20,34,40,38,35,48,42,47,34,25,35,52
          Nordrhein-Westfalen,        35 bis unter 40 Jahre,Männlich,9,12,1,3,8,6,23,12,16,25,27,30,28,36,36,40,22,14,21,31
          Nordrhein-Westfalen,        35 bis unter 40 Jahre,        Weiblich,0,7,8,9,9,5,5,6,4,9,13,8,7,12,6,7,12,11,14,21
          Nordrhein-Westfalen,        35 bis unter 40 Jahre,        Unbekannt,0,0,0,0,0,0,0,0,0,0,0,0,0,0,0,0,0,0,0,0
          Nordrhein-Westfalen,        40 bis unter 45 Jahre,Alle Geschlechter,0,18,18,15,23,15,27,18,17,25,20,28,23,23,22,25,35,32,36,42
          Nordrhein-Westfalen,        40 bis unter 45 Jahre,Männlich,0,2,5,9,8,4,15,15,14,21,14,22,16,20,19,18,18,14,17,27
          Nordrhein-Westfalen,        40 bis unter 45 Jahre,        Weiblich,0,16,13,6,15,11,12,3,3,4,6,6,7,3,3,7,17,18,19,15
          Nordrhein-Westfalen,        40 bis unter 45 Jahre,        Unbekannt,0,0,0,0,0,0,0,0,0,0,0,0,0,0,0,0,0,0,0,0
          Nordrhein-Westfalen,        45 bis unter 50 Jahre,Alle Geschlechter,4,3,4,10,6,15,19,21,17,27,27,23,18,24,23,23,34,27,17,34
          Nordrhein-Westfalen,        45 bis unter 50 Jahre,Männlich,4,1,1,3,4,5,8,14,6,15,14,17,9,14,17,16,16,16,8,16
          Nordrhein-Westfalen,        45 bis unter 50 Jahre,        Weiblich,0,2,3,7,2,10,11,7,11,12,13,6,9,10,6,7,18,11,9,18
          Nordrhein-Westfalen,        45 bis unter 50 Jahre,        Unbekannt,0,0,0,0,0,0,0,0,0,0,0,0,0,0,0,0,0,0,0,0
          Nordrhein-Westfalen,        50 bis unter 55 Jahre,Alle Geschlechter,0,3,6,6,12,8,8,12,11,20,17,17,20,18,24,22,30,31,24,23
          Nordrhein-Westfalen,        50 bis unter 55 Jahre,Männlich,0,1,2,1,2,3,0,7,4,9,7,5,10,8,14,8,10,8,10,13
          Nordrhein-Westfalen,        50 bis unter 55 Jahre,        Weiblich,0,2,4,5,10,5,8,5,7,11,10,12,10,10,10,14,20,23,14,10
          Nordrhein-Westfalen,        50 bis unter 55 Jahre,        Unbekannt,0,0,0,0,0,0,0,0,0,0,0,0,0,0,0,0,0,0,0,0
          Nordrhein-Westfalen,        55 bis unter 60 Jahre,Alle Geschlechter,0,1,5,1,2,3,8,4,2,0,6,11,13,9,11,10,13,21,15,18
          Nordrhein-Westfalen,        55 bis unter 60 Jahre,Männlich,0,0,0,0,0,0,1,0,0,0,4,3,4,3,5,2,3,7,5,6
          Nordrhein-Westfalen,        55 bis unter 60 Jahre,        Weiblich,0,1,5,1,2,3,7,4,2,0,2,8,9,6,6,8,10,14,10,12
          Nordrhein-Westfalen,        55 bis unter 60 Jahre,        Unbekannt,0,0,0,0,0,0,0,0,0,0,0,0,0,0,0,0,0,0,0,0
          Nordrhein-Westfalen,        60 bis unter 65 Jahre,Alle Geschlechter,0,0,1,0,1,1,1,1,0,2,3,2,6,5,18,9,7,7,15,13
          Nordrhein-Westfalen,        60 bis unter 65 Jahre,Männlich,0,0,0,0,0,0,0,0,0,0,0,1,2,2,3,2,1,1,1,4
          Nordrhein-Westfalen,        60 bis unter 65 Jahre,        Weiblich,0,0,1,0,1,1,1,1,0,2,3,1,4,3,15,7,6,6,14,9
          Nordrhein-Westfalen,        60 bis unter 65 Jahre,        Unbekannt,0,0,0,0,0,0,0,0,0,0,0,0,0,0,0,0,0,0,0,0
          Nordrhein-Westfalen,        65 bis unter 70 Jahre,Alle Geschlechter,0,0,3,1,0,0,0,1,1,0,0,0,0,2,3,4,2,1,6,1
          Nordrhein-Westfalen,        65 bis unter 70 Jahre,Männlich,0,0,0,0,0,0,0,0,0,0,0,0,0,0,1,2,0,0,1,0
          Nordrhein-Westfalen,        65 bis unter 70 Jahre,        Weiblich,0,0,3,1,0,0,0,1,1,0,0,0,0,2,2,2,2,1,5,1
          Nordrhein-Westfalen,        65 bis unter 70 Jahre,        Unbekannt,0,0,0,0,0,0,0,0,0,0,0,0,0,0,0,0,0,0,0,0
          Nordrhein-Westfalen,        70 bis unter 75 Jahre,Alle Geschlechter,0,0,0,0,0,0,0,0,1,0,0,0,0,0,0,1,0,0,0,2
          Nordrhein-Westfalen,        70 bis unter 75 Jahre,Männlich,0,0,0,0,0,0,0,0,0,0,0,0,0,0,0,0,0,0,0,1
          Nordrhein-Westfalen,        70 bis unter 75 Jahre,        Weiblich,0,0,0,0,0,0,0,0,1,0,0,0,0,0,0,1,0,0,0,1
          Nordrhein-Westfalen,        70 bis unter 75 Jahre,        Unbekannt,0,0,0,0,0,0,0,0,0,0,0,0,0,0,0,0,0,0,0,0
          Nordrhein-Westfalen,        75 bis unter 80 Jahre,Alle Geschlechter,0,0,0,0,0,0,0,0,0,0,0,1,1,0,0,0,0,0,0,1
          Nordrhein-Westfalen,        75 bis unter 80 Jahre,Männlich,0,0,0,0,0,0,0,0,0,0,0,0,0,0,0,0,0,0,0,1
          Nordrhein-Westfalen,        75 bis unter 80 Jahre,        Weiblich,0,0,0,0,0,0,0,0,0,0,0,1,1,0,0,0,0,0,0,0
          Nordrhein-Westfalen,        75 bis unter 80 Jahre,        Unbekannt,0,0,0,0,0,0,0,0,0,0,0,0,0,0,0,0,0,0,0,0
          Nordrhein-Westfalen,        80 bis unter 85 Jahre,Alle Geschlechter,0,0,0,0,0,0,0,0,1,0,0,0,0,0,0,0,0,0,0,0
          Nordrhein-Westfalen,        80 bis unter 85 Jahre,Männlich,0,0,0,0,0,0,0,0,1,0,0,0,0,0,0,0,0,0,0,0
          Nordrhein-Westfalen,        80 bis unter 85 Jahre,        Weiblich,0,0,0,0,0,0,0,0,0,0,0,0,0,0,0,0,0,0,0,0
          Nordrhein-Westfalen,        80 bis unter 85 Jahre,        Unbekannt,0,0,0,0,0,0,0,0,0,0,0,0,0,0,0,0,0,0,0,0
          Nordrhein-Westfalen,        85 bis unter 90 Jahre,Alle Geschlechter,0,0,0,0,0,0,0,0,0,0,0,0,0,0,0,0,0,0,0,0
          Nordrhein-Westfalen,        85 bis unter 90 Jahre,Männlich,0,0,0,0,0,0,0,0,0,0,0,0,0,0,0,0,0,0,0,0
          Nordrhein-Westfalen,        85 bis unter 90 Jahre,        Weiblich,0,0,0,0,0,0,0,0,0,0,0,0,0,0,0,0,0,0,0,0
          Nordrhein-Westfalen,        85 bis unter 90 Jahre,        Unbekannt,0,0,0,0,0,0,0,0,0,0,0,0,0,0,0,0,0,0,0,0
          Nordrhein-Westfalen,        90 bis unter 95 Jahre,Alle Geschlechter,0,0,0,0,0,0,0,0,0,0,0,0,0,0,0,0,0,0,0,0
          Nordrhein-Westfalen,        90 bis unter 95 Jahre,Männlich,0,0,0,0,0,0,0,0,0,0,0,0,0,0,0,0,0,0,0,0
          Nordrhein-Westfalen,        90 bis unter 95 Jahre,        Weiblich,0,0,0,0,0,0,0,0,0,0,0,0,0,0,0,0,0,0,0,0
          Nordrhein-Westfalen,        90 bis unter 95 Jahre,        Unbekannt,0,0,0,0,0,0,0,0,0,0,0,0,0,0,0,0,0,0,0,0
          Nordrhein-Westfalen,        95 Jahre und älter,Alle Geschlechter,0,0,0,0,0,0,0,0,0,0,0,0,0,0,0,0,0,0,0,0
          Nordrhein-Westfalen,        95 Jahre und älter,Männlich,0,0,0,0,0,0,0,0,0,0,0,0,0,0,0,0,0,0,0,0
          Nordrhein-Westfalen,        95 Jahre und älter,        Weiblich,0,0,0,0,0,0,0,0,0,0,0,0,0,0,0,0,0,0,0,0
          Nordrhein-Westfalen,        95 Jahre und älter,        Unbekannt,0,0,0,0,0,0,0,0,0,0,0,0,0,0,0,0,0,0,0,0
          Nordrhein-Westfalen,        Unbekannt,Alle Geschlechter,0,0,0,0,0,0,0,0,0,0,0,0,0,0,0,0,0,0,0,0
          Nordrhein-Westfalen,        Unbekannt,Männlich,0,0,0,0,0,0,0,0,0,0,0,0,0,0,0,0,0,0,0,0
          Nordrhein-Westfalen,        Unbekannt,        Weiblich,0,0,0,0,0,0,0,0,0,0,0,0,0,0,0,0,0,0,0,0
          Nordrhein-Westfalen,        Unbekannt,        Unbekannt,0,0,0,0,0,0,0,0,0,0,0,0,0,0,0,0,0,0,0,0
          Rheinland-Pfalz,Alle Altersgruppen,Alle Geschlechter,9,9,11,16,13,20,27,28,28,40,48,57,69,71,82,69,68,86,117,144
          Rheinland-Pfalz,Alle Altersgruppen,Männlich,9,5,4,5,5,7,16,11,16,28,28,37,40,46,55,49,43,56,66,76
          Rheinland-Pfalz,Alle Altersgruppen,        Weiblich,0,4,7,11,8,13,11,17,12,12,20,20,29,25,27,20,25,30,51,68
          Rheinland-Pfalz,Alle Altersgruppen,        Unbekannt,0,0,0,0,0,0,0,0,0,0,0,0,0,0,0,0,0,0,0,0
          Rheinland-Pfalz,        Unter 1 Jahr,Alle Geschlechter,0,0,1,0,0,0,0,0,0,0,0,0,0,0,0,0,0,0,0,0
          Rheinland-Pfalz,        Unter 1 Jahr,Männlich,0,0,0,0,0,0,0,0,0,0,0,0,0,0,0,0,0,0,0,0
          Rheinland-Pfalz,        Unter 1 Jahr,        Weiblich,0,0,1,0,0,0,0,0,0,0,0,0,0,0,0,0,0,0,0,0
          Rheinland-Pfalz,        Unter 1 Jahr,        Unbekannt,0,0,0,0,0,0,0,0,0,0,0,0,0,0,0,0,0,0,0,0
          Rheinland-Pfalz,        1 Jahr bis unter 5 Jahre,Alle Geschlechter,0,0,0,0,0,0,0,0,0,0,0,0,0,0,0,0,0,0,0,0
          Rheinland-Pfalz,        1 Jahr bis unter 5 Jahre,Männlich,0,0,0,0,0,0,0,0,0,0,0,0,0,0,0,0,0,0,0,0
          Rheinland-Pfalz,        1 Jahr bis unter 5 Jahre,        Weiblich,0,0,0,0,0,0,0,0,0,0,0,0,0,0,0,0,0,0,0,0
          Rheinland-Pfalz,        1 Jahr bis unter 5 Jahre,        Unbekannt,0,0,0,0,0,0,0,0,0,0,0,0,0,0,0,0,0,0,0,0
          Rheinland-Pfalz,        5 bis unter 10 Jahre,Alle Geschlechter,0,0,0,0,0,0,0,0,0,0,0,0,0,0,0,0,0,0,0,0
          Rheinland-Pfalz,        5 bis unter 10 Jahre,Männlich,0,0,0,0,0,0,0,0,0,0,0,0,0,0,0,0,0,0,0,0
          Rheinland-Pfalz,        5 bis unter 10 Jahre,        Weiblich,0,0,0,0,0,0,0,0,0,0,0,0,0,0,0,0,0,0,0,0
          Rheinland-Pfalz,        5 bis unter 10 Jahre,        Unbekannt,0,0,0,0,0,0,0,0,0,0,0,0,0,0,0,0,0,0,0,0
          Rheinland-Pfalz,        10 bis unter 15 Jahre,Alle Geschlechter,0,0,0,0,0,0,0,0,0,0,0,0,0,0,0,0,0,0,0,0
          Rheinland-Pfalz,        10 bis unter 15 Jahre,Männlich,0,0,0,0,0,0,0,0,0,0,0,0,0,0,0,0,0,0,0,0
          Rheinland-Pfalz,        10 bis unter 15 Jahre,        Weiblich,0,0,0,0,0,0,0,0,0,0,0,0,0,0,0,0,0,0,0,0
          Rheinland-Pfalz,        10 bis unter 15 Jahre,        Unbekannt,0,0,0,0,0,0,0,0,0,0,0,0,0,0,0,0,0,0,0,0
          Rheinland-Pfalz,        15 bis unter 20 Jahre,Alle Geschlechter,0,0,1,0,2,1,0,1,1,1,3,5,5,3,5,2,12,4,6,10
          Rheinland-Pfalz,        15 bis unter 20 Jahre,Männlich,0,0,0,0,0,0,0,0,1,1,3,2,4,1,3,1,8,3,3,9
          Rheinland-Pfalz,        15 bis unter 20 Jahre,        Weiblich,0,0,1,0,2,1,0,1,0,0,0,3,1,2,2,1,4,1,3,1
          Rheinland-Pfalz,        15 bis unter 20 Jahre,        Unbekannt,0,0,0,0,0,0,0,0,0,0,0,0,0,0,0,0,0,0,0,0
          Rheinland-Pfalz,        20 bis unter 25 Jahre,Alle Geschlechter,0,0,1,1,0,2,2,2,2,5,6,9,14,21,23,22,21,29,37,31
          Rheinland-Pfalz,        20 bis unter 25 Jahre,Männlich,0,0,0,0,0,1,1,0,2,2,2,4,8,14,15,15,15,19,24,17
          Rheinland-Pfalz,        20 bis unter 25 Jahre,        Weiblich,0,0,1,1,0,1,1,2,0,3,4,5,6,7,8,7,6,10,13,14
          Rheinland-Pfalz,        20 bis unter 25 Jahre,        Unbekannt,0,0,0,0,0,0,0,0,0,0,0,0,0,0,0,0,0,0,0,0
          Rheinland-Pfalz,        25 bis unter 30 Jahre,Alle Geschlechter,1,1,3,2,3,3,7,6,3,14,12,8,13,16,16,14,14,22,28,34
          Rheinland-Pfalz,        25 bis unter 30 Jahre,Männlich,1,0,2,1,3,2,6,4,2,11,8,7,9,15,12,12,10,17,15,21
          Rheinland-Pfalz,        25 bis unter 30 Jahre,        Weiblich,0,1,1,1,0,1,1,2,1,3,4,1,4,1,4,2,4,5,13,13
          Rheinland-Pfalz,        25 bis unter 30 Jahre,        Unbekannt,0,0,0,0,0,0,0,0,0,0,0,0,0,0,0,0,0,0,0,0
          Rheinland-Pfalz,        30 bis unter 35 Jahre,Alle Geschlechter,5,2,1,1,1,4,4,5,9,7,6,13,8,7,8,5,8,15,19,23
          Rheinland-Pfalz,        30 bis unter 35 Jahre,Männlich,5,2,1,1,1,1,4,3,5,4,5,9,5,5,7,4,6,10,15,14
          Rheinland-Pfalz,        30 bis unter 35 Jahre,        Weiblich,0,0,0,0,0,3,0,2,4,3,1,4,3,2,1,1,2,5,4,9
          Rheinland-Pfalz,        30 bis unter 35 Jahre,        Unbekannt,0,0,0,0,0,0,0,0,0,0,0,0,0,0,0,0,0,0,0,0
          Rheinland-Pfalz,        35 bis unter 40 Jahre,Alle Geschlechter,1,1,2,1,1,1,4,4,2,5,5,14,7,4,15,9,1,2,13,23
          Rheinland-Pfalz,        35 bis unter 40 Jahre,Männlich,1,1,0,0,0,1,3,4,2,5,3,8,4,3,11,9,0,1,4,5
          Rheinland-Pfalz,        35 bis unter 40 Jahre,        Weiblich,0,0,2,1,1,0,1,0,0,0,2,6,3,1,4,0,1,1,9,18
          Rheinland-Pfalz,        35 bis unter 40 Jahre,        Unbekannt,0,0,0,0,0,0,0,0,0,0,0,0,0,0,0,0,0,0,0,0
          Rheinland-Pfalz,        40 bis unter 45 Jahre,Alle Geschlechter,2,2,1,4,3,1,4,4,1,0,5,5,10,7,5,7,2,3,5,11
          Rheinland-Pfalz,        40 bis unter 45 Jahre,Männlich,2,2,1,2,1,1,1,0,0,0,2,5,7,3,3,4,1,1,2,6
          Rheinland-Pfalz,        40 bis unter 45 Jahre,        Weiblich,0,0,0,2,2,0,3,4,1,0,3,0,3,4,2,3,1,2,3,5
          Rheinland-Pfalz,        40 bis unter 45 Jahre,        Unbekannt,0,0,0,0,0,0,0,0,0,0,0,0,0,0,0,0,0,0,0,0
          Rheinland-Pfalz,        45 bis unter 50 Jahre,Alle Geschlechter,0,2,0,5,0,3,2,2,3,6,4,1,3,7,3,2,1,3,7,5
          Rheinland-Pfalz,        45 bis unter 50 Jahre,Männlich,0,0,0,0,0,0,0,0,1,5,4,1,3,5,3,2,0,1,3,3
          Rheinland-Pfalz,        45 bis unter 50 Jahre,        Weiblich,0,2,0,5,0,3,2,2,2,1,0,0,0,2,0,0,1,2,4,2
          Rheinland-Pfalz,        45 bis unter 50 Jahre,        Unbekannt,0,0,0,0,0,0,0,0,0,0,0,0,0,0,0,0,0,0,0,0
          Rheinland-Pfalz,        50 bis unter 55 Jahre,Alle Geschlechter,0,0,1,2,1,2,1,1,1,2,6,1,2,5,3,4,4,5,2,6
          Rheinland-Pfalz,        50 bis unter 55 Jahre,Männlich,0,0,0,1,0,0,0,0,0,0,1,1,0,0,1,2,2,3,0,0
          Rheinland-Pfalz,        50 bis unter 55 Jahre,        Weiblich,0,0,1,1,1,2,1,1,1,2,5,0,2,5,2,2,2,2,2,6
          Rheinland-Pfalz,        50 bis unter 55 Jahre,        Unbekannt,0,0,0,0,0,0,0,0,0,0,0,0,0,0,0,0,0,0,0,0
          Rheinland-Pfalz,        55 bis unter 60 Jahre,Alle Geschlechter,0,1,0,0,2,1,1,2,3,0,0,1,5,0,2,0,3,2,0,0
          Rheinland-Pfalz,        55 bis unter 60 Jahre,Männlich,0,0,0,0,0,0,0,0,0,0,0,0,0,0,0,0,1,0,0,0
          Rheinland-Pfalz,        55 bis unter 60 Jahre,        Weiblich,0,1,0,0,2,1,1,2,3,0,0,1,5,0,2,0,2,2,0,0
          Rheinland-Pfalz,        55 bis unter 60 Jahre,        Unbekannt,0,0,0,0,0,0,0,0,0,0,0,0,0,0,0,0,0,0,0,0
          Rheinland-Pfalz,        60 bis unter 65 Jahre,Alle Geschlechter,0,0,0,0,0,2,1,1,0,0,1,0,1,1,1,0,1,1,0,1
          Rheinland-Pfalz,        60 bis unter 65 Jahre,Männlich,0,0,0,0,0,1,1,0,0,0,0,0,0,0,0,0,0,1,0,1
          Rheinland-Pfalz,        60 bis unter 65 Jahre,        Weiblich,0,0,0,0,0,1,0,1,0,0,1,0,1,1,1,0,1,0,0,0
          Rheinland-Pfalz,        60 bis unter 65 Jahre,        Unbekannt,0,0,0,0,0,0,0,0,0,0,0,0,0,0,0,0,0,0,0,0
          Rheinland-Pfalz,        65 bis unter 70 Jahre,Alle Geschlechter,0,0,0,0,0,0,1,0,3,0,0,0,1,0,1,4,1,0,0,0
          Rheinland-Pfalz,        65 bis unter 70 Jahre,Männlich,0,0,0,0,0,0,0,0,3,0,0,0,0,0,0,0,0,0,0,0
          Rheinland-Pfalz,        65 bis unter 70 Jahre,        Weiblich,0,0,0,0,0,0,1,0,0,0,0,0,1,0,1,4,1,0,0,0
          Rheinland-Pfalz,        65 bis unter 70 Jahre,        Unbekannt,0,0,0,0,0,0,0,0,0,0,0,0,0,0,0,0,0,0,0,0
          Rheinland-Pfalz,        70 bis unter 75 Jahre,Alle Geschlechter,0,0,0,0,0,0,0,0,0,0,0,0,0,0,0,0,0,0,0,0
          Rheinland-Pfalz,        70 bis unter 75 Jahre,Männlich,0,0,0,0,0,0,0,0,0,0,0,0,0,0,0,0,0,0,0,0
          Rheinland-Pfalz,        70 bis unter 75 Jahre,        Weiblich,0,0,0,0,0,0,0,0,0,0,0,0,0,0,0,0,0,0,0,0
          Rheinland-Pfalz,        70 bis unter 75 Jahre,        Unbekannt,0,0,0,0,0,0,0,0,0,0,0,0,0,0,0,0,0,0,0,0
          Rheinland-Pfalz,        75 bis unter 80 Jahre,Alle Geschlechter,0,0,0,0,0,0,0,0,0,0,0,0,0,0,0,0,0,0,0,0
          Rheinland-Pfalz,        75 bis unter 80 Jahre,Männlich,0,0,0,0,0,0,0,0,0,0,0,0,0,0,0,0,0,0,0,0
          Rheinland-Pfalz,        75 bis unter 80 Jahre,        Weiblich,0,0,0,0,0,0,0,0,0,0,0,0,0,0,0,0,0,0,0,0
          Rheinland-Pfalz,        75 bis unter 80 Jahre,        Unbekannt,0,0,0,0,0,0,0,0,0,0,0,0,0,0,0,0,0,0,0,0
          Rheinland-Pfalz,        80 bis unter 85 Jahre,Alle Geschlechter,0,0,0,0,0,0,0,0,0,0,0,0,0,0,0,0,0,0,0,0
          Rheinland-Pfalz,        80 bis unter 85 Jahre,Männlich,0,0,0,0,0,0,0,0,0,0,0,0,0,0,0,0,0,0,0,0
          Rheinland-Pfalz,        80 bis unter 85 Jahre,        Weiblich,0,0,0,0,0,0,0,0,0,0,0,0,0,0,0,0,0,0,0,0
          Rheinland-Pfalz,        80 bis unter 85 Jahre,        Unbekannt,0,0,0,0,0,0,0,0,0,0,0,0,0,0,0,0,0,0,0,0
          Rheinland-Pfalz,        85 bis unter 90 Jahre,Alle Geschlechter,0,0,0,0,0,0,0,0,0,0,0,0,0,0,0,0,0,0,0,0
          Rheinland-Pfalz,        85 bis unter 90 Jahre,Männlich,0,0,0,0,0,0,0,0,0,0,0,0,0,0,0,0,0,0,0,0
          Rheinland-Pfalz,        85 bis unter 90 Jahre,        Weiblich,0,0,0,0,0,0,0,0,0,0,0,0,0,0,0,0,0,0,0,0
          Rheinland-Pfalz,        85 bis unter 90 Jahre,        Unbekannt,0,0,0,0,0,0,0,0,0,0,0,0,0,0,0,0,0,0,0,0
          Rheinland-Pfalz,        90 bis unter 95 Jahre,Alle Geschlechter,0,0,0,0,0,0,0,0,0,0,0,0,0,0,0,0,0,0,0,0
          Rheinland-Pfalz,        90 bis unter 95 Jahre,Männlich,0,0,0,0,0,0,0,0,0,0,0,0,0,0,0,0,0,0,0,0
          Rheinland-Pfalz,        90 bis unter 95 Jahre,        Weiblich,0,0,0,0,0,0,0,0,0,0,0,0,0,0,0,0,0,0,0,0
          Rheinland-Pfalz,        90 bis unter 95 Jahre,        Unbekannt,0,0,0,0,0,0,0,0,0,0,0,0,0,0,0,0,0,0,0,0
          Rheinland-Pfalz,        95 Jahre und älter,Alle Geschlechter,0,0,0,0,0,0,0,0,0,0,0,0,0,0,0,0,0,0,0,0
          Rheinland-Pfalz,        95 Jahre und älter,Männlich,0,0,0,0,0,0,0,0,0,0,0,0,0,0,0,0,0,0,0,0
          Rheinland-Pfalz,        95 Jahre und älter,        Weiblich,0,0,0,0,0,0,0,0,0,0,0,0,0,0,0,0,0,0,0,0
          Rheinland-Pfalz,        95 Jahre und älter,        Unbekannt,0,0,0,0,0,0,0,0,0,0,0,0,0,0,0,0,0,0,0,0
          Rheinland-Pfalz,        Unbekannt,Alle Geschlechter,0,0,0,0,0,0,0,0,0,0,0,0,0,0,0,0,0,0,0,0
          Rheinland-Pfalz,        Unbekannt,Männlich,0,0,0,0,0,0,0,0,0,0,0,0,0,0,0,0,0,0,0,0
          Rheinland-Pfalz,        Unbekannt,        Weiblich,0,0,0,0,0,0,0,0,0,0,0,0,0,0,0,0,0,0,0,0
          Rheinland-Pfalz,        Unbekannt,        Unbekannt,0,0,0,0,0,0,0,0,0,0,0,0,0,0,0,0,0,0,0,0
          Saarland,Alle Altersgruppen,Alle Geschlechter,4,4,5,11,9,2,7,12,14,12,20,22,19,17,26,21,25,20,24,40
          Saarland,Alle Altersgruppen,Männlich,4,2,3,5,5,1,4,4,9,10,14,12,13,6,12,15,17,16,17,16
          Saarland,Alle Altersgruppen,        Weiblich,0,2,2,6,4,1,3,8,5,2,6,10,6,11,14,6,8,4,7,24
          Saarland,Alle Altersgruppen,        Unbekannt,0,0,0,0,0,0,0,0,0,0,0,0,0,0,0,0,0,0,0,0
          Saarland,        Unter 1 Jahr,Alle Geschlechter,0,0,0,0,0,0,0,0,0,0,0,0,0,0,0,0,0,0,0,0
          Saarland,        Unter 1 Jahr,Männlich,0,0,0,0,0,0,0,0,0,0,0,0,0,0,0,0,0,0,0,0
          Saarland,        Unter 1 Jahr,        Weiblich,0,0,0,0,0,0,0,0,0,0,0,0,0,0,0,0,0,0,0,0
          Saarland,        Unter 1 Jahr,        Unbekannt,0,0,0,0,0,0,0,0,0,0,0,0,0,0,0,0,0,0,0,0
          Saarland,        1 Jahr bis unter 5 Jahre,Alle Geschlechter,0,0,0,0,0,0,0,0,0,0,0,0,0,0,0,0,0,0,0,0
          Saarland,        1 Jahr bis unter 5 Jahre,Männlich,0,0,0,0,0,0,0,0,0,0,0,0,0,0,0,0,0,0,0,0
          Saarland,        1 Jahr bis unter 5 Jahre,        Weiblich,0,0,0,0,0,0,0,0,0,0,0,0,0,0,0,0,0,0,0,0
          Saarland,        1 Jahr bis unter 5 Jahre,        Unbekannt,0,0,0,0,0,0,0,0,0,0,0,0,0,0,0,0,0,0,0,0
          Saarland,        5 bis unter 10 Jahre,Alle Geschlechter,0,0,0,0,0,0,0,0,0,0,0,0,0,0,0,0,0,0,0,0
          Saarland,        5 bis unter 10 Jahre,Männlich,0,0,0,0,0,0,0,0,0,0,0,0,0,0,0,0,0,0,0,0
          Saarland,        5 bis unter 10 Jahre,        Weiblich,0,0,0,0,0,0,0,0,0,0,0,0,0,0,0,0,0,0,0,0
          Saarland,        5 bis unter 10 Jahre,        Unbekannt,0,0,0,0,0,0,0,0,0,0,0,0,0,0,0,0,0,0,0,0
          Saarland,        10 bis unter 15 Jahre,Alle Geschlechter,0,0,0,0,0,0,0,0,0,0,0,0,0,0,0,0,0,0,0,0
          Saarland,        10 bis unter 15 Jahre,Männlich,0,0,0,0,0,0,0,0,0,0,0,0,0,0,0,0,0,0,0,0
          Saarland,        10 bis unter 15 Jahre,        Weiblich,0,0,0,0,0,0,0,0,0,0,0,0,0,0,0,0,0,0,0,0
          Saarland,        10 bis unter 15 Jahre,        Unbekannt,0,0,0,0,0,0,0,0,0,0,0,0,0,0,0,0,0,0,0,0
          Saarland,        15 bis unter 20 Jahre,Alle Geschlechter,0,0,0,0,0,0,1,4,1,1,1,1,1,0,0,1,1,4,5,3
          Saarland,        15 bis unter 20 Jahre,Männlich,0,0,0,0,0,0,0,3,1,0,0,0,0,0,0,0,1,3,3,0
          Saarland,        15 bis unter 20 Jahre,        Weiblich,0,0,0,0,0,0,1,1,0,1,1,1,1,0,0,1,0,1,2,3
          Saarland,        15 bis unter 20 Jahre,        Unbekannt,0,0,0,0,0,0,0,0,0,0,0,0,0,0,0,0,0,0,0,0
          Saarland,        20 bis unter 25 Jahre,Alle Geschlechter,0,1,1,3,2,0,0,1,3,6,5,8,4,4,3,4,5,7,6,12
          Saarland,        20 bis unter 25 Jahre,Männlich,0,0,1,3,2,0,0,0,2,5,3,4,3,2,0,2,4,6,4,6
          Saarland,        20 bis unter 25 Jahre,        Weiblich,0,1,0,0,0,0,0,1,1,1,2,4,1,2,3,2,1,1,2,6
          Saarland,        20 bis unter 25 Jahre,        Unbekannt,0,0,0,0,0,0,0,0,0,0,0,0,0,0,0,0,0,0,0,0
          Saarland,        25 bis unter 30 Jahre,Alle Geschlechter,3,1,2,0,3,1,0,2,2,2,6,6,4,5,12,6,6,1,2,8
          Saarland,        25 bis unter 30 Jahre,Männlich,3,1,1,0,1,0,0,0,2,2,6,3,2,2,9,4,1,0,2,5
          Saarland,        25 bis unter 30 Jahre,        Weiblich,0,0,1,0,2,1,0,2,0,0,0,3,2,3,3,2,5,1,0,3
          Saarland,        25 bis unter 30 Jahre,        Unbekannt,0,0,0,0,0,0,0,0,0,0,0,0,0,0,0,0,0,0,0,0
          Saarland,        30 bis unter 35 Jahre,Alle Geschlechter,0,1,0,1,1,0,3,1,2,0,1,0,3,1,3,6,1,3,4,7
          Saarland,        30 bis unter 35 Jahre,Männlich,0,0,0,0,1,0,3,1,2,0,1,0,2,0,2,6,1,3,3,3
          Saarland,        30 bis unter 35 Jahre,        Weiblich,0,1,0,1,0,0,0,0,0,0,0,0,1,1,1,0,0,0,1,4
          Saarland,        30 bis unter 35 Jahre,        Unbekannt,0,0,0,0,0,0,0,0,0,0,0,0,0,0,0,0,0,0,0,0
          Saarland,        35 bis unter 40 Jahre,Alle Geschlechter,0,0,1,0,0,0,0,0,4,2,2,1,0,1,1,3,5,3,1,1
          Saarland,        35 bis unter 40 Jahre,Männlich,0,0,1,0,0,0,0,0,2,2,2,1,0,0,0,2,3,2,1,0
          Saarland,        35 bis unter 40 Jahre,        Weiblich,0,0,0,0,0,0,0,0,2,0,0,0,0,1,1,1,2,1,0,1
          Saarland,        35 bis unter 40 Jahre,        Unbekannt,0,0,0,0,0,0,0,0,0,0,0,0,0,0,0,0,0,0,0,0
          Saarland,        40 bis unter 45 Jahre,Alle Geschlechter,1,1,0,3,1,1,2,0,1,0,2,2,2,2,1,1,3,1,2,2
          Saarland,        40 bis unter 45 Jahre,Männlich,1,1,0,2,1,1,1,0,0,0,1,1,2,1,0,1,3,1,2,1
          Saarland,        40 bis unter 45 Jahre,        Weiblich,0,0,0,1,0,0,1,0,1,0,1,1,0,1,1,0,0,0,0,1
          Saarland,        40 bis unter 45 Jahre,        Unbekannt,0,0,0,0,0,0,0,0,0,0,0,0,0,0,0,0,0,0,0,0
          Saarland,        45 bis unter 50 Jahre,Alle Geschlechter,0,0,0,2,2,0,1,3,1,0,1,2,1,2,2,0,2,0,1,0
          Saarland,        45 bis unter 50 Jahre,Männlich,0,0,0,0,0,0,0,0,0,0,0,2,1,0,0,0,2,0,1,0
          Saarland,        45 bis unter 50 Jahre,        Weiblich,0,0,0,2,2,0,1,3,1,0,1,0,0,2,2,0,0,0,0,0
          Saarland,        45 bis unter 50 Jahre,        Unbekannt,0,0,0,0,0,0,0,0,0,0,0,0,0,0,0,0,0,0,0,0
          Saarland,        50 bis unter 55 Jahre,Alle Geschlechter,0,0,1,2,0,0,0,0,0,1,1,1,4,1,3,0,0,0,1,1
          Saarland,        50 bis unter 55 Jahre,Männlich,0,0,0,0,0,0,0,0,0,1,1,1,3,1,1,0,0,0,0,0
          Saarland,        50 bis unter 55 Jahre,        Weiblich,0,0,1,2,0,0,0,0,0,0,0,0,1,0,2,0,0,0,1,1
          Saarland,        50 bis unter 55 Jahre,        Unbekannt,0,0,0,0,0,0,0,0,0,0,0,0,0,0,0,0,0,0,0,0
          Saarland,        55 bis unter 60 Jahre,Alle Geschlechter,0,0,0,0,0,0,0,0,0,0,1,0,0,1,0,0,2,1,2,5
          Saarland,        55 bis unter 60 Jahre,Männlich,0,0,0,0,0,0,0,0,0,0,0,0,0,0,0,0,2,1,1,1
          Saarland,        55 bis unter 60 Jahre,        Weiblich,0,0,0,0,0,0,0,0,0,0,1,0,0,1,0,0,0,0,1,4
          Saarland,        55 bis unter 60 Jahre,        Unbekannt,0,0,0,0,0,0,0,0,0,0,0,0,0,0,0,0,0,0,0,0
          Saarland,        60 bis unter 65 Jahre,Alle Geschlechter,0,0,0,0,0,0,0,0,0,0,0,1,0,0,0,0,0,0,0,0
          Saarland,        60 bis unter 65 Jahre,Männlich,0,0,0,0,0,0,0,0,0,0,0,0,0,0,0,0,0,0,0,0
          Saarland,        60 bis unter 65 Jahre,        Weiblich,0,0,0,0,0,0,0,0,0,0,0,1,0,0,0,0,0,0,0,0
          Saarland,        60 bis unter 65 Jahre,        Unbekannt,0,0,0,0,0,0,0,0,0,0,0,0,0,0,0,0,0,0,0,0
          Saarland,        65 bis unter 70 Jahre,Alle Geschlechter,0,0,0,0,0,0,0,0,0,0,0,0,0,0,1,0,0,0,0,1
          Saarland,        65 bis unter 70 Jahre,Männlich,0,0,0,0,0,0,0,0,0,0,0,0,0,0,0,0,0,0,0,0
          Saarland,        65 bis unter 70 Jahre,        Weiblich,0,0,0,0,0,0,0,0,0,0,0,0,0,0,1,0,0,0,0,1
          Saarland,        65 bis unter 70 Jahre,        Unbekannt,0,0,0,0,0,0,0,0,0,0,0,0,0,0,0,0,0,0,0,0
          Saarland,        70 bis unter 75 Jahre,Alle Geschlechter,0,0,0,0,0,0,0,1,0,0,0,0,0,0,0,0,0,0,0,0
          Saarland,        70 bis unter 75 Jahre,Männlich,0,0,0,0,0,0,0,0,0,0,0,0,0,0,0,0,0,0,0,0
          Saarland,        70 bis unter 75 Jahre,        Weiblich,0,0,0,0,0,0,0,1,0,0,0,0,0,0,0,0,0,0,0,0
          Saarland,        70 bis unter 75 Jahre,        Unbekannt,0,0,0,0,0,0,0,0,0,0,0,0,0,0,0,0,0,0,0,0
          Saarland,        75 bis unter 80 Jahre,Alle Geschlechter,0,0,0,0,0,0,0,0,0,0,0,0,0,0,0,0,0,0,0,0
          Saarland,        75 bis unter 80 Jahre,Männlich,0,0,0,0,0,0,0,0,0,0,0,0,0,0,0,0,0,0,0,0
          Saarland,        75 bis unter 80 Jahre,        Weiblich,0,0,0,0,0,0,0,0,0,0,0,0,0,0,0,0,0,0,0,0
          Saarland,        75 bis unter 80 Jahre,        Unbekannt,0,0,0,0,0,0,0,0,0,0,0,0,0,0,0,0,0,0,0,0
          Saarland,        80 bis unter 85 Jahre,Alle Geschlechter,0,0,0,0,0,0,0,0,0,0,0,0,0,0,0,0,0,0,0,0
          Saarland,        80 bis unter 85 Jahre,Männlich,0,0,0,0,0,0,0,0,0,0,0,0,0,0,0,0,0,0,0,0
          Saarland,        80 bis unter 85 Jahre,        Weiblich,0,0,0,0,0,0,0,0,0,0,0,0,0,0,0,0,0,0,0,0
          Saarland,        80 bis unter 85 Jahre,        Unbekannt,0,0,0,0,0,0,0,0,0,0,0,0,0,0,0,0,0,0,0,0
          Saarland,        85 bis unter 90 Jahre,Alle Geschlechter,0,0,0,0,0,0,0,0,0,0,0,0,0,0,0,0,0,0,0,0
          Saarland,        85 bis unter 90 Jahre,Männlich,0,0,0,0,0,0,0,0,0,0,0,0,0,0,0,0,0,0,0,0
          Saarland,        85 bis unter 90 Jahre,        Weiblich,0,0,0,0,0,0,0,0,0,0,0,0,0,0,0,0,0,0,0,0
          Saarland,        85 bis unter 90 Jahre,        Unbekannt,0,0,0,0,0,0,0,0,0,0,0,0,0,0,0,0,0,0,0,0
          Saarland,        90 bis unter 95 Jahre,Alle Geschlechter,0,0,0,0,0,0,0,0,0,0,0,0,0,0,0,0,0,0,0,0
          Saarland,        90 bis unter 95 Jahre,Männlich,0,0,0,0,0,0,0,0,0,0,0,0,0,0,0,0,0,0,0,0
          Saarland,        90 bis unter 95 Jahre,        Weiblich,0,0,0,0,0,0,0,0,0,0,0,0,0,0,0,0,0,0,0,0
          Saarland,        90 bis unter 95 Jahre,        Unbekannt,0,0,0,0,0,0,0,0,0,0,0,0,0,0,0,0,0,0,0,0
          Saarland,        95 Jahre und älter,Alle Geschlechter,0,0,0,0,0,0,0,0,0,0,0,0,0,0,0,0,0,0,0,0
          Saarland,        95 Jahre und älter,Männlich,0,0,0,0,0,0,0,0,0,0,0,0,0,0,0,0,0,0,0,0
          Saarland,        95 Jahre und älter,        Weiblich,0,0,0,0,0,0,0,0,0,0,0,0,0,0,0,0,0,0,0,0
          Saarland,        95 Jahre und älter,        Unbekannt,0,0,0,0,0,0,0,0,0,0,0,0,0,0,0,0,0,0,0,0
          Saarland,        Unbekannt,Alle Geschlechter,0,0,0,0,0,0,0,0,0,0,0,0,0,0,0,0,0,0,0,0
          Saarland,        Unbekannt,Männlich,0,0,0,0,0,0,0,0,0,0,0,0,0,0,0,0,0,0,0,0
          Saarland,        Unbekannt,        Weiblich,0,0,0,0,0,0,0,0,0,0,0,0,0,0,0,0,0,0,0,0
          Saarland,        Unbekannt,        Unbekannt,0,0,0,0,0,0,0,0,0,0,0,0,0,0,0,0,0,0,0,0
          Sachsen,Alle Altersgruppen,Alle Geschlechter,1,15,25,23,17,22,21,29,30,34,48,69,66,85,101,85,112,123,148,142
          Sachsen,Alle Altersgruppen,Männlich,1,8,16,9,8,8,13,14,10,17,25,37,31,48,70,54,78,82,83,76
          Sachsen,Alle Altersgruppen,        Weiblich,0,7,9,14,9,14,8,15,20,17,23,32,35,37,31,31,34,41,65,66
          Sachsen,Alle Altersgruppen,        Unbekannt,0,0,0,0,0,0,0,0,0,0,0,0,0,0,0,0,0,0,0,0
          Sachsen,        Unter 1 Jahr,Alle Geschlechter,0,0,0,0,0,0,0,0,0,0,0,0,0,0,0,0,0,0,0,0
          Sachsen,        Unter 1 Jahr,Männlich,0,0,0,0,0,0,0,0,0,0,0,0,0,0,0,0,0,0,0,0
          Sachsen,        Unter 1 Jahr,        Weiblich,0,0,0,0,0,0,0,0,0,0,0,0,0,0,0,0,0,0,0,0
          Sachsen,        Unter 1 Jahr,        Unbekannt,0,0,0,0,0,0,0,0,0,0,0,0,0,0,0,0,0,0,0,0
          Sachsen,        1 Jahr bis unter 5 Jahre,Alle Geschlechter,0,0,0,0,0,0,0,0,0,0,0,0,0,0,0,0,0,0,0,0
          Sachsen,        1 Jahr bis unter 5 Jahre,Männlich,0,0,0,0,0,0,0,0,0,0,0,0,0,0,0,0,0,0,0,0
          Sachsen,        1 Jahr bis unter 5 Jahre,        Weiblich,0,0,0,0,0,0,0,0,0,0,0,0,0,0,0,0,0,0,0,0
          Sachsen,        1 Jahr bis unter 5 Jahre,        Unbekannt,0,0,0,0,0,0,0,0,0,0,0,0,0,0,0,0,0,0,0,0
          Sachsen,        5 bis unter 10 Jahre,Alle Geschlechter,0,0,0,0,0,0,0,0,0,0,0,0,0,0,0,0,0,0,0,0
          Sachsen,        5 bis unter 10 Jahre,Männlich,0,0,0,0,0,0,0,0,0,0,0,0,0,0,0,0,0,0,0,0
          Sachsen,        5 bis unter 10 Jahre,        Weiblich,0,0,0,0,0,0,0,0,0,0,0,0,0,0,0,0,0,0,0,0
          Sachsen,        5 bis unter 10 Jahre,        Unbekannt,0,0,0,0,0,0,0,0,0,0,0,0,0,0,0,0,0,0,0,0
          Sachsen,        10 bis unter 15 Jahre,Alle Geschlechter,0,0,0,0,0,0,0,0,0,0,0,0,0,0,0,0,0,0,0,0
          Sachsen,        10 bis unter 15 Jahre,Männlich,0,0,0,0,0,0,0,0,0,0,0,0,0,0,0,0,0,0,0,0
          Sachsen,        10 bis unter 15 Jahre,        Weiblich,0,0,0,0,0,0,0,0,0,0,0,0,0,0,0,0,0,0,0,0
          Sachsen,        10 bis unter 15 Jahre,        Unbekannt,0,0,0,0,0,0,0,0,0,0,0,0,0,0,0,0,0,0,0,0
          Sachsen,        15 bis unter 20 Jahre,Alle Geschlechter,0,0,3,0,1,0,0,1,1,0,0,3,2,4,3,9,5,5,3,8
          Sachsen,        15 bis unter 20 Jahre,Männlich,0,0,2,0,1,0,0,1,0,0,0,3,2,2,1,8,4,3,1,5
          Sachsen,        15 bis unter 20 Jahre,        Weiblich,0,0,1,0,0,0,0,0,1,0,0,0,0,2,2,1,1,2,2,3
          Sachsen,        15 bis unter 20 Jahre,        Unbekannt,0,0,0,0,0,0,0,0,0,0,0,0,0,0,0,0,0,0,0,0
          Sachsen,        20 bis unter 25 Jahre,Alle Geschlechter,0,1,1,1,5,2,3,3,5,6,8,9,13,13,17,18,40,41,43,32
          Sachsen,        20 bis unter 25 Jahre,Männlich,0,1,1,1,2,1,2,2,1,1,6,7,8,8,15,14,30,28,28,20
          Sachsen,        20 bis unter 25 Jahre,        Weiblich,0,0,0,0,3,1,1,1,4,5,2,2,5,5,2,4,10,13,15,12
          Sachsen,        20 bis unter 25 Jahre,        Unbekannt,0,0,0,0,0,0,0,0,0,0,0,0,0,0,0,0,0,0,0,0
          Sachsen,        25 bis unter 30 Jahre,Alle Geschlechter,0,2,5,1,5,3,4,1,4,4,8,14,18,22,29,21,28,31,37,40
          Sachsen,        25 bis unter 30 Jahre,Männlich,0,1,5,0,2,3,4,1,2,4,5,10,7,17,20,12,20,25,18,19
          Sachsen,        25 bis unter 30 Jahre,        Weiblich,0,1,0,1,3,0,0,0,2,0,3,4,11,5,9,9,8,6,19,21
          Sachsen,        25 bis unter 30 Jahre,        Unbekannt,0,0,0,0,0,0,0,0,0,0,0,0,0,0,0,0,0,0,0,0
          Sachsen,        30 bis unter 35 Jahre,Alle Geschlechter,1,6,3,2,0,3,0,7,4,3,8,8,7,12,22,12,10,14,25,23
          Sachsen,        30 bis unter 35 Jahre,Männlich,1,5,2,0,0,1,0,4,3,2,5,5,4,6,18,11,6,11,20,13
          Sachsen,        30 bis unter 35 Jahre,        Weiblich,0,1,1,2,0,2,0,3,1,1,3,3,3,6,4,1,4,3,5,10
          Sachsen,        30 bis unter 35 Jahre,        Unbekannt,0,0,0,0,0,0,0,0,0,0,0,0,0,0,0,0,0,0,0,0
          Sachsen,        35 bis unter 40 Jahre,Alle Geschlechter,0,3,6,7,2,4,1,4,1,5,6,15,9,8,10,10,12,8,15,13
          Sachsen,        35 bis unter 40 Jahre,Männlich,0,1,5,6,2,1,1,0,1,5,4,6,5,4,6,6,9,5,10,8
          Sachsen,        35 bis unter 40 Jahre,        Weiblich,0,2,1,1,0,3,0,4,0,0,2,9,4,4,4,4,3,3,5,5
          Sachsen,        35 bis unter 40 Jahre,        Unbekannt,0,0,0,0,0,0,0,0,0,0,0,0,0,0,0,0,0,0,0,0
          Sachsen,        40 bis unter 45 Jahre,Alle Geschlechter,0,2,3,5,1,5,3,3,4,1,6,8,3,10,4,6,7,9,11,12
          Sachsen,        40 bis unter 45 Jahre,Männlich,0,0,0,2,1,0,0,1,1,0,2,4,1,7,4,3,4,6,2,8
          Sachsen,        40 bis unter 45 Jahre,        Weiblich,0,2,3,3,0,5,3,2,3,1,4,4,2,3,0,3,3,3,9,4
          Sachsen,        40 bis unter 45 Jahre,        Unbekannt,0,0,0,0,0,0,0,0,0,0,0,0,0,0,0,0,0,0,0,0
          Sachsen,        45 bis unter 50 Jahre,Alle Geschlechter,0,1,3,3,2,2,8,5,6,8,4,7,5,6,3,1,2,3,5,3
          Sachsen,        45 bis unter 50 Jahre,Männlich,0,0,1,0,0,2,6,4,2,0,0,0,0,0,1,0,2,0,2,1
          Sachsen,        45 bis unter 50 Jahre,        Weiblich,0,1,2,3,2,0,2,1,4,8,4,7,5,6,2,1,0,3,3,2
          Sachsen,        45 bis unter 50 Jahre,        Unbekannt,0,0,0,0,0,0,0,0,0,0,0,0,0,0,0,0,0,0,0,0
          Sachsen,        50 bis unter 55 Jahre,Alle Geschlechter,0,0,1,3,0,1,1,4,2,3,5,3,3,4,3,2,3,9,5,3
          Sachsen,        50 bis unter 55 Jahre,Männlich,0,0,0,0,0,0,0,1,0,3,0,1,2,2,1,0,0,4,2,1
          Sachsen,        50 bis unter 55 Jahre,        Weiblich,0,0,1,3,0,1,1,3,2,0,5,2,1,2,2,2,3,5,3,2
          Sachsen,        50 bis unter 55 Jahre,        Unbekannt,0,0,0,0,0,0,0,0,0,0,0,0,0,0,0,0,0,0,0,0
          Sachsen,        55 bis unter 60 Jahre,Alle Geschlechter,0,0,0,0,0,0,1,0,2,4,0,0,2,2,7,4,5,3,4,5
          Sachsen,        55 bis unter 60 Jahre,Männlich,0,0,0,0,0,0,0,0,0,2,0,0,1,1,3,0,3,0,0,1
          Sachsen,        55 bis unter 60 Jahre,        Weiblich,0,0,0,0,0,0,1,0,2,2,0,0,1,1,4,4,2,3,4,4
          Sachsen,        55 bis unter 60 Jahre,        Unbekannt,0,0,0,0,0,0,0,0,0,0,0,0,0,0,0,0,0,0,0,0
          Sachsen,        60 bis unter 65 Jahre,Alle Geschlechter,0,0,0,1,1,2,0,1,1,0,3,2,2,3,1,0,0,0,0,3
          Sachsen,        60 bis unter 65 Jahre,Männlich,0,0,0,0,0,0,0,0,0,0,3,1,1,1,1,0,0,0,0,0
          Sachsen,        60 bis unter 65 Jahre,        Weiblich,0,0,0,1,1,2,0,1,1,0,0,1,1,2,0,0,0,0,0,3
          Sachsen,        60 bis unter 65 Jahre,        Unbekannt,0,0,0,0,0,0,0,0,0,0,0,0,0,0,0,0,0,0,0,0
          Sachsen,        65 bis unter 70 Jahre,Alle Geschlechter,0,0,0,0,0,0,0,0,0,0,0,0,1,1,2,0,0,0,0,0
          Sachsen,        65 bis unter 70 Jahre,Männlich,0,0,0,0,0,0,0,0,0,0,0,0,0,0,0,0,0,0,0,0
          Sachsen,        65 bis unter 70 Jahre,        Weiblich,0,0,0,0,0,0,0,0,0,0,0,0,1,1,2,0,0,0,0,0
          Sachsen,        65 bis unter 70 Jahre,        Unbekannt,0,0,0,0,0,0,0,0,0,0,0,0,0,0,0,0,0,0,0,0
          Sachsen,        70 bis unter 75 Jahre,Alle Geschlechter,0,0,0,0,0,0,0,0,0,0,0,0,1,0,0,2,0,0,0,0
          Sachsen,        70 bis unter 75 Jahre,Männlich,0,0,0,0,0,0,0,0,0,0,0,0,0,0,0,0,0,0,0,0
          Sachsen,        70 bis unter 75 Jahre,        Weiblich,0,0,0,0,0,0,0,0,0,0,0,0,1,0,0,2,0,0,0,0
          Sachsen,        70 bis unter 75 Jahre,        Unbekannt,0,0,0,0,0,0,0,0,0,0,0,0,0,0,0,0,0,0,0,0
          Sachsen,        75 bis unter 80 Jahre,Alle Geschlechter,0,0,0,0,0,0,0,0,0,0,0,0,0,0,0,0,0,0,0,0
          Sachsen,        75 bis unter 80 Jahre,Männlich,0,0,0,0,0,0,0,0,0,0,0,0,0,0,0,0,0,0,0,0
          Sachsen,        75 bis unter 80 Jahre,        Weiblich,0,0,0,0,0,0,0,0,0,0,0,0,0,0,0,0,0,0,0,0
          Sachsen,        75 bis unter 80 Jahre,        Unbekannt,0,0,0,0,0,0,0,0,0,0,0,0,0,0,0,0,0,0,0,0
          Sachsen,        80 bis unter 85 Jahre,Alle Geschlechter,0,0,0,0,0,0,0,0,0,0,0,0,0,0,0,0,0,0,0,0
          Sachsen,        80 bis unter 85 Jahre,Männlich,0,0,0,0,0,0,0,0,0,0,0,0,0,0,0,0,0,0,0,0
          Sachsen,        80 bis unter 85 Jahre,        Weiblich,0,0,0,0,0,0,0,0,0,0,0,0,0,0,0,0,0,0,0,0
          Sachsen,        80 bis unter 85 Jahre,        Unbekannt,0,0,0,0,0,0,0,0,0,0,0,0,0,0,0,0,0,0,0,0
          Sachsen,        85 bis unter 90 Jahre,Alle Geschlechter,0,0,0,0,0,0,0,0,0,0,0,0,0,0,0,0,0,0,0,0
          Sachsen,        85 bis unter 90 Jahre,Männlich,0,0,0,0,0,0,0,0,0,0,0,0,0,0,0,0,0,0,0,0
          Sachsen,        85 bis unter 90 Jahre,        Weiblich,0,0,0,0,0,0,0,0,0,0,0,0,0,0,0,0,0,0,0,0
          Sachsen,        85 bis unter 90 Jahre,        Unbekannt,0,0,0,0,0,0,0,0,0,0,0,0,0,0,0,0,0,0,0,0
          Sachsen,        90 bis unter 95 Jahre,Alle Geschlechter,0,0,0,0,0,0,0,0,0,0,0,0,0,0,0,0,0,0,0,0
          Sachsen,        90 bis unter 95 Jahre,Männlich,0,0,0,0,0,0,0,0,0,0,0,0,0,0,0,0,0,0,0,0
          Sachsen,        90 bis unter 95 Jahre,        Weiblich,0,0,0,0,0,0,0,0,0,0,0,0,0,0,0,0,0,0,0,0
          Sachsen,        90 bis unter 95 Jahre,        Unbekannt,0,0,0,0,0,0,0,0,0,0,0,0,0,0,0,0,0,0,0,0
          Sachsen,        95 Jahre und älter,Alle Geschlechter,0,0,0,0,0,0,0,0,0,0,0,0,0,0,0,0,0,0,0,0
          Sachsen,        95 Jahre und älter,Männlich,0,0,0,0,0,0,0,0,0,0,0,0,0,0,0,0,0,0,0,0
          Sachsen,        95 Jahre und älter,        Weiblich,0,0,0,0,0,0,0,0,0,0,0,0,0,0,0,0,0,0,0,0
          Sachsen,        95 Jahre und älter,        Unbekannt,0,0,0,0,0,0,0,0,0,0,0,0,0,0,0,0,0,0,0,0
          Sachsen,        Unbekannt,Alle Geschlechter,0,0,0,0,0,0,0,0,0,0,0,0,0,0,0,0,0,0,0,0
          Sachsen,        Unbekannt,Männlich,0,0,0,0,0,0,0,0,0,0,0,0,0,0,0,0,0,0,0,0
          Sachsen,        Unbekannt,        Weiblich,0,0,0,0,0,0,0,0,0,0,0,0,0,0,0,0,0,0,0,0
          Sachsen,        Unbekannt,        Unbekannt,0,0,0,0,0,0,0,0,0,0,0,0,0,0,0,0,0,0,0,0
          Sachsen-Anhalt,Alle Altersgruppen,Alle Geschlechter,0,9,9,6,6,3,8,11,21,14,24,25,36,30,35,34,48,66,71,90
          Sachsen-Anhalt,Alle Altersgruppen,Männlich,0,5,4,4,6,2,5,5,7,5,10,11,16,21,23,27,34,32,43,52
          Sachsen-Anhalt,Alle Altersgruppen,        Weiblich,0,4,5,2,0,1,3,6,14,9,14,14,20,9,12,7,14,34,28,38
          Sachsen-Anhalt,Alle Altersgruppen,        Unbekannt,0,0,0,0,0,0,0,0,0,0,0,0,0,0,0,0,0,0,0,0
          Sachsen-Anhalt,        Unter 1 Jahr,Alle Geschlechter,0,0,0,0,0,0,0,0,0,0,0,0,0,0,0,0,0,0,0,0
          Sachsen-Anhalt,        Unter 1 Jahr,Männlich,0,0,0,0,0,0,0,0,0,0,0,0,0,0,0,0,0,0,0,0
          Sachsen-Anhalt,        Unter 1 Jahr,        Weiblich,0,0,0,0,0,0,0,0,0,0,0,0,0,0,0,0,0,0,0,0
          Sachsen-Anhalt,        Unter 1 Jahr,        Unbekannt,0,0,0,0,0,0,0,0,0,0,0,0,0,0,0,0,0,0,0,0
          Sachsen-Anhalt,        1 Jahr bis unter 5 Jahre,Alle Geschlechter,0,0,0,0,0,0,0,0,0,0,0,0,0,0,0,0,0,0,0,0
          Sachsen-Anhalt,        1 Jahr bis unter 5 Jahre,Männlich,0,0,0,0,0,0,0,0,0,0,0,0,0,0,0,0,0,0,0,0
          Sachsen-Anhalt,        1 Jahr bis unter 5 Jahre,        Weiblich,0,0,0,0,0,0,0,0,0,0,0,0,0,0,0,0,0,0,0,0
          Sachsen-Anhalt,        1 Jahr bis unter 5 Jahre,        Unbekannt,0,0,0,0,0,0,0,0,0,0,0,0,0,0,0,0,0,0,0,0
          Sachsen-Anhalt,        5 bis unter 10 Jahre,Alle Geschlechter,0,0,0,0,0,0,0,0,0,0,0,0,0,0,0,0,0,0,0,0
          Sachsen-Anhalt,        5 bis unter 10 Jahre,Männlich,0,0,0,0,0,0,0,0,0,0,0,0,0,0,0,0,0,0,0,0
          Sachsen-Anhalt,        5 bis unter 10 Jahre,        Weiblich,0,0,0,0,0,0,0,0,0,0,0,0,0,0,0,0,0,0,0,0
          Sachsen-Anhalt,        5 bis unter 10 Jahre,        Unbekannt,0,0,0,0,0,0,0,0,0,0,0,0,0,0,0,0,0,0,0,0
          Sachsen-Anhalt,        10 bis unter 15 Jahre,Alle Geschlechter,0,0,0,0,0,0,0,0,0,0,0,0,0,0,0,0,0,0,0,0
          Sachsen-Anhalt,        10 bis unter 15 Jahre,Männlich,0,0,0,0,0,0,0,0,0,0,0,0,0,0,0,0,0,0,0,0
          Sachsen-Anhalt,        10 bis unter 15 Jahre,        Weiblich,0,0,0,0,0,0,0,0,0,0,0,0,0,0,0,0,0,0,0,0
          Sachsen-Anhalt,        10 bis unter 15 Jahre,        Unbekannt,0,0,0,0,0,0,0,0,0,0,0,0,0,0,0,0,0,0,0,0
          Sachsen-Anhalt,        15 bis unter 20 Jahre,Alle Geschlechter,0,0,0,0,0,0,0,0,1,0,0,0,1,2,2,5,5,2,6,5
          Sachsen-Anhalt,        15 bis unter 20 Jahre,Männlich,0,0,0,0,0,0,0,0,0,0,0,0,0,0,0,5,3,1,4,2
          Sachsen-Anhalt,        15 bis unter 20 Jahre,        Weiblich,0,0,0,0,0,0,0,0,1,0,0,0,1,2,2,0,2,1,2,3
          Sachsen-Anhalt,        15 bis unter 20 Jahre,        Unbekannt,0,0,0,0,0,0,0,0,0,0,0,0,0,0,0,0,0,0,0,0
          Sachsen-Anhalt,        20 bis unter 25 Jahre,Alle Geschlechter,0,0,0,0,0,1,0,2,4,4,1,5,7,11,14,11,20,20,26,31
          Sachsen-Anhalt,        20 bis unter 25 Jahre,Männlich,0,0,0,0,0,0,0,1,2,2,1,4,5,9,12,10,18,15,21,22
          Sachsen-Anhalt,        20 bis unter 25 Jahre,        Weiblich,0,0,0,0,0,1,0,1,2,2,0,1,2,2,2,1,2,5,5,9
          Sachsen-Anhalt,        20 bis unter 25 Jahre,        Unbekannt,0,0,0,0,0,0,0,0,0,0,0,0,0,0,0,0,0,0,0,0
          Sachsen-Anhalt,        25 bis unter 30 Jahre,Alle Geschlechter,0,1,0,1,0,0,0,1,3,0,8,6,8,7,3,7,8,19,12,18
          Sachsen-Anhalt,        25 bis unter 30 Jahre,Männlich,0,0,0,0,0,0,0,0,2,0,2,3,6,5,3,6,7,8,7,10
          Sachsen-Anhalt,        25 bis unter 30 Jahre,        Weiblich,0,1,0,1,0,0,0,1,1,0,6,3,2,2,0,1,1,11,5,8
          Sachsen-Anhalt,        25 bis unter 30 Jahre,        Unbekannt,0,0,0,0,0,0,0,0,0,0,0,0,0,0,0,0,0,0,0,0
          Sachsen-Anhalt,        30 bis unter 35 Jahre,Alle Geschlechter,0,1,2,0,2,0,2,0,2,2,7,4,6,0,1,2,5,6,11,14
          Sachsen-Anhalt,        30 bis unter 35 Jahre,Männlich,0,1,1,0,2,0,2,0,1,2,5,2,3,0,0,0,1,1,5,9
          Sachsen-Anhalt,        30 bis unter 35 Jahre,        Weiblich,0,0,1,0,0,0,0,0,1,0,2,2,3,0,1,2,4,5,6,5
          Sachsen-Anhalt,        30 bis unter 35 Jahre,        Unbekannt,0,0,0,0,0,0,0,0,0,0,0,0,0,0,0,0,0,0,0,0
          Sachsen-Anhalt,        35 bis unter 40 Jahre,Alle Geschlechter,0,0,1,2,3,1,1,4,2,1,0,2,2,3,2,0,2,6,9,6
          Sachsen-Anhalt,        35 bis unter 40 Jahre,Männlich,0,0,0,1,3,1,1,4,0,0,0,0,0,2,1,0,1,3,2,2
          Sachsen-Anhalt,        35 bis unter 40 Jahre,        Weiblich,0,0,1,1,0,0,0,0,2,1,0,2,2,1,1,0,1,3,7,4
          Sachsen-Anhalt,        35 bis unter 40 Jahre,        Unbekannt,0,0,0,0,0,0,0,0,0,0,0,0,0,0,0,0,0,0,0,0
          Sachsen-Anhalt,        40 bis unter 45 Jahre,Alle Geschlechter,0,3,2,1,1,0,1,2,1,2,3,2,2,2,5,4,3,3,1,5
          Sachsen-Anhalt,        40 bis unter 45 Jahre,Männlich,0,2,2,1,1,0,0,0,0,0,0,1,0,0,2,4,2,1,1,2
          Sachsen-Anhalt,        40 bis unter 45 Jahre,        Weiblich,0,1,0,0,0,0,1,2,1,2,3,1,2,2,3,0,1,2,0,3
          Sachsen-Anhalt,        40 bis unter 45 Jahre,        Unbekannt,0,0,0,0,0,0,0,0,0,0,0,0,0,0,0,0,0,0,0,0
          Sachsen-Anhalt,        45 bis unter 50 Jahre,Alle Geschlechter,0,4,3,0,0,0,1,0,3,3,3,2,3,2,2,2,1,2,0,4
          Sachsen-Anhalt,        45 bis unter 50 Jahre,Männlich,0,2,1,0,0,0,0,0,2,1,1,0,0,2,2,1,0,0,0,0
          Sachsen-Anhalt,        45 bis unter 50 Jahre,        Weiblich,0,2,2,0,0,0,1,0,1,2,2,2,3,0,0,1,1,2,0,4
          Sachsen-Anhalt,        45 bis unter 50 Jahre,        Unbekannt,0,0,0,0,0,0,0,0,0,0,0,0,0,0,0,0,0,0,0,0
          Sachsen-Anhalt,        50 bis unter 55 Jahre,Alle Geschlechter,0,0,1,2,0,1,3,0,3,0,1,3,5,3,6,2,0,2,2,3
          Sachsen-Anhalt,        50 bis unter 55 Jahre,Männlich,0,0,0,2,0,1,2,0,0,0,1,1,2,3,3,1,0,1,0,1
          Sachsen-Anhalt,        50 bis unter 55 Jahre,        Weiblich,0,0,1,0,0,0,1,0,3,0,0,2,3,0,3,1,0,1,2,2
          Sachsen-Anhalt,        50 bis unter 55 Jahre,        Unbekannt,0,0,0,0,0,0,0,0,0,0,0,0,0,0,0,0,0,0,0,0
          Sachsen-Anhalt,        55 bis unter 60 Jahre,Alle Geschlechter,0,0,0,0,0,0,0,1,0,2,0,1,0,0,0,1,4,3,2,2
          Sachsen-Anhalt,        55 bis unter 60 Jahre,Männlich,0,0,0,0,0,0,0,0,0,0,0,0,0,0,0,0,2,2,1,2
          Sachsen-Anhalt,        55 bis unter 60 Jahre,        Weiblich,0,0,0,0,0,0,0,1,0,2,0,1,0,0,0,1,2,1,1,0
          Sachsen-Anhalt,        55 bis unter 60 Jahre,        Unbekannt,0,0,0,0,0,0,0,0,0,0,0,0,0,0,0,0,0,0,0,0
          Sachsen-Anhalt,        60 bis unter 65 Jahre,Alle Geschlechter,0,0,0,0,0,0,0,1,2,0,0,0,1,0,0,0,0,1,2,2
          Sachsen-Anhalt,        60 bis unter 65 Jahre,Männlich,0,0,0,0,0,0,0,0,0,0,0,0,0,0,0,0,0,0,2,2
          Sachsen-Anhalt,        60 bis unter 65 Jahre,        Weiblich,0,0,0,0,0,0,0,1,2,0,0,0,1,0,0,0,0,1,0,0
          Sachsen-Anhalt,        60 bis unter 65 Jahre,        Unbekannt,0,0,0,0,0,0,0,0,0,0,0,0,0,0,0,0,0,0,0,0
          Sachsen-Anhalt,        65 bis unter 70 Jahre,Alle Geschlechter,0,0,0,0,0,0,0,0,0,0,1,0,1,0,0,0,0,2,0,0
          Sachsen-Anhalt,        65 bis unter 70 Jahre,Männlich,0,0,0,0,0,0,0,0,0,0,0,0,0,0,0,0,0,0,0,0
          Sachsen-Anhalt,        65 bis unter 70 Jahre,        Weiblich,0,0,0,0,0,0,0,0,0,0,1,0,1,0,0,0,0,2,0,0
          Sachsen-Anhalt,        65 bis unter 70 Jahre,        Unbekannt,0,0,0,0,0,0,0,0,0,0,0,0,0,0,0,0,0,0,0,0
          Sachsen-Anhalt,        70 bis unter 75 Jahre,Alle Geschlechter,0,0,0,0,0,0,0,0,0,0,0,0,0,0,0,0,0,0,0,0
          Sachsen-Anhalt,        70 bis unter 75 Jahre,Männlich,0,0,0,0,0,0,0,0,0,0,0,0,0,0,0,0,0,0,0,0
          Sachsen-Anhalt,        70 bis unter 75 Jahre,        Weiblich,0,0,0,0,0,0,0,0,0,0,0,0,0,0,0,0,0,0,0,0
          Sachsen-Anhalt,        70 bis unter 75 Jahre,        Unbekannt,0,0,0,0,0,0,0,0,0,0,0,0,0,0,0,0,0,0,0,0
          Sachsen-Anhalt,        75 bis unter 80 Jahre,Alle Geschlechter,0,0,0,0,0,0,0,0,0,0,0,0,0,0,0,0,0,0,0,0
          Sachsen-Anhalt,        75 bis unter 80 Jahre,Männlich,0,0,0,0,0,0,0,0,0,0,0,0,0,0,0,0,0,0,0,0
          Sachsen-Anhalt,        75 bis unter 80 Jahre,        Weiblich,0,0,0,0,0,0,0,0,0,0,0,0,0,0,0,0,0,0,0,0
          Sachsen-Anhalt,        75 bis unter 80 Jahre,        Unbekannt,0,0,0,0,0,0,0,0,0,0,0,0,0,0,0,0,0,0,0,0
          Sachsen-Anhalt,        80 bis unter 85 Jahre,Alle Geschlechter,0,0,0,0,0,0,0,0,0,0,0,0,0,0,0,0,0,0,0,0
          Sachsen-Anhalt,        80 bis unter 85 Jahre,Männlich,0,0,0,0,0,0,0,0,0,0,0,0,0,0,0,0,0,0,0,0
          Sachsen-Anhalt,        80 bis unter 85 Jahre,        Weiblich,0,0,0,0,0,0,0,0,0,0,0,0,0,0,0,0,0,0,0,0
          Sachsen-Anhalt,        80 bis unter 85 Jahre,        Unbekannt,0,0,0,0,0,0,0,0,0,0,0,0,0,0,0,0,0,0,0,0
          Sachsen-Anhalt,        85 bis unter 90 Jahre,Alle Geschlechter,0,0,0,0,0,0,0,0,0,0,0,0,0,0,0,0,0,0,0,0
          Sachsen-Anhalt,        85 bis unter 90 Jahre,Männlich,0,0,0,0,0,0,0,0,0,0,0,0,0,0,0,0,0,0,0,0
          Sachsen-Anhalt,        85 bis unter 90 Jahre,        Weiblich,0,0,0,0,0,0,0,0,0,0,0,0,0,0,0,0,0,0,0,0
          Sachsen-Anhalt,        85 bis unter 90 Jahre,        Unbekannt,0,0,0,0,0,0,0,0,0,0,0,0,0,0,0,0,0,0,0,0
          Sachsen-Anhalt,        90 bis unter 95 Jahre,Alle Geschlechter,0,0,0,0,0,0,0,0,0,0,0,0,0,0,0,0,0,0,0,0
          Sachsen-Anhalt,        90 bis unter 95 Jahre,Männlich,0,0,0,0,0,0,0,0,0,0,0,0,0,0,0,0,0,0,0,0
          Sachsen-Anhalt,        90 bis unter 95 Jahre,        Weiblich,0,0,0,0,0,0,0,0,0,0,0,0,0,0,0,0,0,0,0,0
          Sachsen-Anhalt,        90 bis unter 95 Jahre,        Unbekannt,0,0,0,0,0,0,0,0,0,0,0,0,0,0,0,0,0,0,0,0
          Sachsen-Anhalt,        95 Jahre und älter,Alle Geschlechter,0,0,0,0,0,0,0,0,0,0,0,0,0,0,0,0,0,0,0,0
          Sachsen-Anhalt,        95 Jahre und älter,Männlich,0,0,0,0,0,0,0,0,0,0,0,0,0,0,0,0,0,0,0,0
          Sachsen-Anhalt,        95 Jahre und älter,        Weiblich,0,0,0,0,0,0,0,0,0,0,0,0,0,0,0,0,0,0,0,0
          Sachsen-Anhalt,        95 Jahre und älter,        Unbekannt,0,0,0,0,0,0,0,0,0,0,0,0,0,0,0,0,0,0,0,0
          Sachsen-Anhalt,        Unbekannt,Alle Geschlechter,0,0,0,0,0,0,0,0,0,0,0,0,0,0,0,0,0,0,0,0
          Sachsen-Anhalt,        Unbekannt,Männlich,0,0,0,0,0,0,0,0,0,0,0,0,0,0,0,0,0,0,0,0
          Sachsen-Anhalt,        Unbekannt,        Weiblich,0,0,0,0,0,0,0,0,0,0,0,0,0,0,0,0,0,0,0,0
          Sachsen-Anhalt,        Unbekannt,        Unbekannt,0,0,0,0,0,0,0,0,0,0,0,0,0,0,0,0,0,0,0,0
          Schleswig-Holstein,Alle Altersgruppen,Alle Geschlechter,8,10,12,13,13,4,11,29,23,38,36,43,27,46,61,47,71,78,78,81
          Schleswig-Holstein,Alle Altersgruppen,Männlich,8,3,5,8,4,0,4,18,15,21,23,32,16,32,38,30,44,48,43,43
          Schleswig-Holstein,Alle Altersgruppen,        Weiblich,0,7,7,5,9,4,7,11,8,17,13,11,11,14,23,17,27,30,35,38
          Schleswig-Holstein,Alle Altersgruppen,        Unbekannt,0,0,0,0,0,0,0,0,0,0,0,0,0,0,0,0,0,0,0,0
          Schleswig-Holstein,        Unter 1 Jahr,Alle Geschlechter,0,0,0,0,0,0,0,0,0,0,0,0,0,0,0,0,0,0,0,0
          Schleswig-Holstein,        Unter 1 Jahr,Männlich,0,0,0,0,0,0,0,0,0,0,0,0,0,0,0,0,0,0,0,0
          Schleswig-Holstein,        Unter 1 Jahr,        Weiblich,0,0,0,0,0,0,0,0,0,0,0,0,0,0,0,0,0,0,0,0
          Schleswig-Holstein,        Unter 1 Jahr,        Unbekannt,0,0,0,0,0,0,0,0,0,0,0,0,0,0,0,0,0,0,0,0
          Schleswig-Holstein,        1 Jahr bis unter 5 Jahre,Alle Geschlechter,0,0,0,0,0,0,0,0,0,0,0,0,0,0,0,0,0,0,0,0
          Schleswig-Holstein,        1 Jahr bis unter 5 Jahre,Männlich,0,0,0,0,0,0,0,0,0,0,0,0,0,0,0,0,0,0,0,0
          Schleswig-Holstein,        1 Jahr bis unter 5 Jahre,        Weiblich,0,0,0,0,0,0,0,0,0,0,0,0,0,0,0,0,0,0,0,0
          Schleswig-Holstein,        1 Jahr bis unter 5 Jahre,        Unbekannt,0,0,0,0,0,0,0,0,0,0,0,0,0,0,0,0,0,0,0,0
          Schleswig-Holstein,        5 bis unter 10 Jahre,Alle Geschlechter,0,0,0,0,0,0,0,0,0,0,0,0,0,0,0,0,0,0,0,0
          Schleswig-Holstein,        5 bis unter 10 Jahre,Männlich,0,0,0,0,0,0,0,0,0,0,0,0,0,0,0,0,0,0,0,0
          Schleswig-Holstein,        5 bis unter 10 Jahre,        Weiblich,0,0,0,0,0,0,0,0,0,0,0,0,0,0,0,0,0,0,0,0
          Schleswig-Holstein,        5 bis unter 10 Jahre,        Unbekannt,0,0,0,0,0,0,0,0,0,0,0,0,0,0,0,0,0,0,0,0
          Schleswig-Holstein,        10 bis unter 15 Jahre,Alle Geschlechter,0,0,0,0,0,0,0,0,0,0,0,0,0,0,0,0,0,0,0,0
          Schleswig-Holstein,        10 bis unter 15 Jahre,Männlich,0,0,0,0,0,0,0,0,0,0,0,0,0,0,0,0,0,0,0,0
          Schleswig-Holstein,        10 bis unter 15 Jahre,        Weiblich,0,0,0,0,0,0,0,0,0,0,0,0,0,0,0,0,0,0,0,0
          Schleswig-Holstein,        10 bis unter 15 Jahre,        Unbekannt,0,0,0,0,0,0,0,0,0,0,0,0,0,0,0,0,0,0,0,0
          Schleswig-Holstein,        15 bis unter 20 Jahre,Alle Geschlechter,0,0,0,2,2,0,0,1,1,0,0,1,1,4,4,3,4,4,7,2
          Schleswig-Holstein,        15 bis unter 20 Jahre,Männlich,0,0,0,2,1,0,0,0,0,0,0,0,0,0,3,2,1,4,2,1
          Schleswig-Holstein,        15 bis unter 20 Jahre,        Weiblich,0,0,0,0,1,0,0,1,1,0,0,1,1,4,1,1,3,0,5,1
          Schleswig-Holstein,        15 bis unter 20 Jahre,        Unbekannt,0,0,0,0,0,0,0,0,0,0,0,0,0,0,0,0,0,0,0,0
          Schleswig-Holstein,        20 bis unter 25 Jahre,Alle Geschlechter,0,0,0,0,1,0,1,5,4,7,9,7,2,7,11,15,26,25,25,23
          Schleswig-Holstein,        20 bis unter 25 Jahre,Männlich,0,0,0,0,0,0,1,4,3,6,9,7,2,7,9,9,16,18,16,17
          Schleswig-Holstein,        20 bis unter 25 Jahre,        Weiblich,0,0,0,0,1,0,0,1,1,1,0,0,0,0,2,6,10,7,9,6
          Schleswig-Holstein,        20 bis unter 25 Jahre,        Unbekannt,0,0,0,0,0,0,0,0,0,0,0,0,0,0,0,0,0,0,0,0
          Schleswig-Holstein,        25 bis unter 30 Jahre,Alle Geschlechter,3,2,3,1,2,0,2,9,3,3,2,3,6,10,18,12,15,18,22,21
          Schleswig-Holstein,        25 bis unter 30 Jahre,Männlich,3,0,0,1,2,0,0,6,3,2,2,3,3,8,13,11,13,12,17,10
          Schleswig-Holstein,        25 bis unter 30 Jahre,        Weiblich,0,2,3,0,0,0,2,3,0,1,0,0,3,2,5,1,2,6,5,11
          Schleswig-Holstein,        25 bis unter 30 Jahre,        Unbekannt,0,0,0,0,0,0,0,0,0,0,0,0,0,0,0,0,0,0,0,0
          Schleswig-Holstein,        30 bis unter 35 Jahre,Alle Geschlechter,0,3,4,2,4,0,0,2,5,6,5,8,3,8,8,7,11,4,5,14
          Schleswig-Holstein,        30 bis unter 35 Jahre,Männlich,0,1,2,0,1,0,0,2,4,6,2,6,2,5,6,6,9,4,2,8
          Schleswig-Holstein,        30 bis unter 35 Jahre,        Weiblich,0,2,2,2,3,0,0,0,1,0,3,2,1,3,2,1,2,0,3,6
          Schleswig-Holstein,        30 bis unter 35 Jahre,        Unbekannt,0,0,0,0,0,0,0,0,0,0,0,0,0,0,0,0,0,0,0,0
          Schleswig-Holstein,        35 bis unter 40 Jahre,Alle Geschlechter,4,2,0,0,0,0,2,3,2,4,6,14,4,1,2,3,2,3,6,4
          Schleswig-Holstein,        35 bis unter 40 Jahre,Männlich,4,1,0,0,0,0,1,2,2,3,6,11,4,1,1,2,1,0,4,2
          Schleswig-Holstein,        35 bis unter 40 Jahre,        Weiblich,0,1,0,0,0,0,1,1,0,1,0,3,0,0,1,1,1,3,2,2
          Schleswig-Holstein,        35 bis unter 40 Jahre,        Unbekannt,0,0,0,0,0,0,0,0,0,0,0,0,0,0,0,0,0,0,0,0
          Schleswig-Holstein,        40 bis unter 45 Jahre,Alle Geschlechter,1,1,1,5,1,0,3,2,2,9,1,1,2,2,5,2,3,10,3,3
          Schleswig-Holstein,        40 bis unter 45 Jahre,Männlich,1,0,1,3,0,0,2,2,0,2,1,1,0,1,1,0,2,5,0,1
          Schleswig-Holstein,        40 bis unter 45 Jahre,        Weiblich,0,1,0,2,1,0,1,0,2,7,0,0,2,1,4,2,1,5,3,2
          Schleswig-Holstein,        40 bis unter 45 Jahre,        Unbekannt,0,0,0,0,0,0,0,0,0,0,0,0,0,0,0,0,0,0,0,0
          Schleswig-Holstein,        45 bis unter 50 Jahre,Alle Geschlechter,0,1,0,0,3,0,1,6,1,4,3,4,6,3,5,1,2,4,2,7
          Schleswig-Holstein,        45 bis unter 50 Jahre,Männlich,0,1,0,0,0,0,0,1,1,1,2,4,4,3,1,0,2,1,0,4
          Schleswig-Holstein,        45 bis unter 50 Jahre,        Weiblich,0,0,0,0,3,0,1,5,0,3,1,0,2,0,4,1,0,3,2,3
          Schleswig-Holstein,        45 bis unter 50 Jahre,        Unbekannt,0,0,0,0,0,0,0,0,0,0,0,0,0,0,0,0,0,0,0,0
          Schleswig-Holstein,        50 bis unter 55 Jahre,Alle Geschlechter,0,0,1,0,0,3,2,1,3,3,6,3,3,2,5,2,6,2,5,3
          Schleswig-Holstein,        50 bis unter 55 Jahre,Männlich,0,0,0,0,0,0,0,1,2,1,1,0,1,1,1,0,0,0,0,0
          Schleswig-Holstein,        50 bis unter 55 Jahre,        Weiblich,0,0,1,0,0,3,2,0,1,2,5,3,2,1,4,2,6,2,5,3
          Schleswig-Holstein,        50 bis unter 55 Jahre,        Unbekannt,0,0,0,0,0,0,0,0,0,0,0,0,0,0,0,0,0,0,0,0
          Schleswig-Holstein,        55 bis unter 60 Jahre,Alle Geschlechter,0,0,2,1,0,0,0,0,2,2,3,0,0,7,3,0,1,3,2,2
          Schleswig-Holstein,        55 bis unter 60 Jahre,Männlich,0,0,1,0,0,0,0,0,0,0,0,0,0,6,3,0,0,2,1,0
          Schleswig-Holstein,        55 bis unter 60 Jahre,        Weiblich,0,0,1,1,0,0,0,0,2,2,3,0,0,1,0,0,1,1,1,2
          Schleswig-Holstein,        55 bis unter 60 Jahre,        Unbekannt,0,0,0,0,0,0,0,0,0,0,0,0,0,0,0,0,0,0,0,0
          Schleswig-Holstein,        60 bis unter 65 Jahre,Alle Geschlechter,0,1,1,2,0,1,0,0,0,0,0,0,0,0,0,0,1,0,0,2
          Schleswig-Holstein,        60 bis unter 65 Jahre,Männlich,0,0,1,2,0,0,0,0,0,0,0,0,0,0,0,0,0,0,0,0
          Schleswig-Holstein,        60 bis unter 65 Jahre,        Weiblich,0,1,0,0,0,1,0,0,0,0,0,0,0,0,0,0,1,0,0,2
          Schleswig-Holstein,        60 bis unter 65 Jahre,        Unbekannt,0,0,0,0,0,0,0,0,0,0,0,0,0,0,0,0,0,0,0,0
          Schleswig-Holstein,        65 bis unter 70 Jahre,Alle Geschlechter,0,0,0,0,0,0,0,0,0,0,1,2,0,2,0,2,0,3,1,0
          Schleswig-Holstein,        65 bis unter 70 Jahre,Männlich,0,0,0,0,0,0,0,0,0,0,0,0,0,0,0,0,0,2,1,0
          Schleswig-Holstein,        65 bis unter 70 Jahre,        Weiblich,0,0,0,0,0,0,0,0,0,0,1,2,0,2,0,2,0,1,0,0
          Schleswig-Holstein,        65 bis unter 70 Jahre,        Unbekannt,0,0,0,0,0,0,0,0,0,0,0,0,0,0,0,0,0,0,0,0
          Schleswig-Holstein,        70 bis unter 75 Jahre,Alle Geschlechter,0,0,0,0,0,0,0,0,0,0,0,0,0,0,0,0,0,2,0,0
          Schleswig-Holstein,        70 bis unter 75 Jahre,Männlich,0,0,0,0,0,0,0,0,0,0,0,0,0,0,0,0,0,0,0,0
          Schleswig-Holstein,        70 bis unter 75 Jahre,        Weiblich,0,0,0,0,0,0,0,0,0,0,0,0,0,0,0,0,0,2,0,0
          Schleswig-Holstein,        70 bis unter 75 Jahre,        Unbekannt,0,0,0,0,0,0,0,0,0,0,0,0,0,0,0,0,0,0,0,0
          Schleswig-Holstein,        75 bis unter 80 Jahre,Alle Geschlechter,0,0,0,0,0,0,0,0,0,0,0,0,0,0,0,0,0,0,0,0
          Schleswig-Holstein,        75 bis unter 80 Jahre,Männlich,0,0,0,0,0,0,0,0,0,0,0,0,0,0,0,0,0,0,0,0
          Schleswig-Holstein,        75 bis unter 80 Jahre,        Weiblich,0,0,0,0,0,0,0,0,0,0,0,0,0,0,0,0,0,0,0,0
          Schleswig-Holstein,        75 bis unter 80 Jahre,        Unbekannt,0,0,0,0,0,0,0,0,0,0,0,0,0,0,0,0,0,0,0,0
          Schleswig-Holstein,        80 bis unter 85 Jahre,Alle Geschlechter,0,0,0,0,0,0,0,0,0,0,0,0,0,0,0,0,0,0,0,0
          Schleswig-Holstein,        80 bis unter 85 Jahre,Männlich,0,0,0,0,0,0,0,0,0,0,0,0,0,0,0,0,0,0,0,0
          Schleswig-Holstein,        80 bis unter 85 Jahre,        Weiblich,0,0,0,0,0,0,0,0,0,0,0,0,0,0,0,0,0,0,0,0
          Schleswig-Holstein,        80 bis unter 85 Jahre,        Unbekannt,0,0,0,0,0,0,0,0,0,0,0,0,0,0,0,0,0,0,0,0
          Schleswig-Holstein,        85 bis unter 90 Jahre,Alle Geschlechter,0,0,0,0,0,0,0,0,0,0,0,0,0,0,0,0,0,0,0,0
          Schleswig-Holstein,        85 bis unter 90 Jahre,Männlich,0,0,0,0,0,0,0,0,0,0,0,0,0,0,0,0,0,0,0,0
          Schleswig-Holstein,        85 bis unter 90 Jahre,        Weiblich,0,0,0,0,0,0,0,0,0,0,0,0,0,0,0,0,0,0,0,0
          Schleswig-Holstein,        85 bis unter 90 Jahre,        Unbekannt,0,0,0,0,0,0,0,0,0,0,0,0,0,0,0,0,0,0,0,0
          Schleswig-Holstein,        90 bis unter 95 Jahre,Alle Geschlechter,0,0,0,0,0,0,0,0,0,0,0,0,0,0,0,0,0,0,0,0
          Schleswig-Holstein,        90 bis unter 95 Jahre,Männlich,0,0,0,0,0,0,0,0,0,0,0,0,0,0,0,0,0,0,0,0
          Schleswig-Holstein,        90 bis unter 95 Jahre,        Weiblich,0,0,0,0,0,0,0,0,0,0,0,0,0,0,0,0,0,0,0,0
          Schleswig-Holstein,        90 bis unter 95 Jahre,        Unbekannt,0,0,0,0,0,0,0,0,0,0,0,0,0,0,0,0,0,0,0,0
          Schleswig-Holstein,        95 Jahre und älter,Alle Geschlechter,0,0,0,0,0,0,0,0,0,0,0,0,0,0,0,0,0,0,0,0
          Schleswig-Holstein,        95 Jahre und älter,Männlich,0,0,0,0,0,0,0,0,0,0,0,0,0,0,0,0,0,0,0,0
          Schleswig-Holstein,        95 Jahre und älter,        Weiblich,0,0,0,0,0,0,0,0,0,0,0,0,0,0,0,0,0,0,0,0
          Schleswig-Holstein,        95 Jahre und älter,        Unbekannt,0,0,0,0,0,0,0,0,0,0,0,0,0,0,0,0,0,0,0,0
          Schleswig-Holstein,        Unbekannt,Alle Geschlechter,0,0,0,0,0,0,0,0,0,0,0,0,0,0,0,0,0,0,0,0
          Schleswig-Holstein,        Unbekannt,Männlich,0,0,0,0,0,0,0,0,0,0,0,0,0,0,0,0,0,0,0,0
          Schleswig-Holstein,        Unbekannt,        Weiblich,0,0,0,0,0,0,0,0,0,0,0,0,0,0,0,0,0,0,0,0
          Schleswig-Holstein,        Unbekannt,        Unbekannt,0,0,0,0,0,0,0,0,0,0,0,0,0,0,0,0,0,0,0,0
          Thüringen,Alle Altersgruppen,Alle Geschlechter,1,3,3,5,4,9,11,11,13,11,21,21,18,22,28,48,35,45,66,72
          Thüringen,Alle Altersgruppen,Männlich,1,0,2,3,2,6,7,7,4,6,10,13,9,14,21,31,23,30,40,44
          Thüringen,Alle Altersgruppen,        Weiblich,0,3,1,2,2,3,4,4,9,5,11,8,9,8,7,17,12,15,26,28
          Thüringen,Alle Altersgruppen,        Unbekannt,0,0,0,0,0,0,0,0,0,0,0,0,0,0,0,0,0,0,0,0
          Thüringen,        Unter 1 Jahr,Alle Geschlechter,0,0,0,0,0,0,0,0,0,0,0,0,0,0,0,0,0,0,0,0
          Thüringen,        Unter 1 Jahr,Männlich,0,0,0,0,0,0,0,0,0,0,0,0,0,0,0,0,0,0,0,0
          Thüringen,        Unter 1 Jahr,        Weiblich,0,0,0,0,0,0,0,0,0,0,0,0,0,0,0,0,0,0,0,0
          Thüringen,        Unter 1 Jahr,        Unbekannt,0,0,0,0,0,0,0,0,0,0,0,0,0,0,0,0,0,0,0,0
          Thüringen,        1 Jahr bis unter 5 Jahre,Alle Geschlechter,0,0,0,0,0,0,0,0,0,0,0,0,0,0,0,0,0,0,0,0
          Thüringen,        1 Jahr bis unter 5 Jahre,Männlich,0,0,0,0,0,0,0,0,0,0,0,0,0,0,0,0,0,0,0,0
          Thüringen,        1 Jahr bis unter 5 Jahre,        Weiblich,0,0,0,0,0,0,0,0,0,0,0,0,0,0,0,0,0,0,0,0
          Thüringen,        1 Jahr bis unter 5 Jahre,        Unbekannt,0,0,0,0,0,0,0,0,0,0,0,0,0,0,0,0,0,0,0,0
          Thüringen,        5 bis unter 10 Jahre,Alle Geschlechter,0,0,0,0,0,0,0,0,0,0,0,0,0,0,0,0,0,0,0,0
          Thüringen,        5 bis unter 10 Jahre,Männlich,0,0,0,0,0,0,0,0,0,0,0,0,0,0,0,0,0,0,0,0
          Thüringen,        5 bis unter 10 Jahre,        Weiblich,0,0,0,0,0,0,0,0,0,0,0,0,0,0,0,0,0,0,0,0
          Thüringen,        5 bis unter 10 Jahre,        Unbekannt,0,0,0,0,0,0,0,0,0,0,0,0,0,0,0,0,0,0,0,0
          Thüringen,        10 bis unter 15 Jahre,Alle Geschlechter,0,0,0,0,0,0,0,0,0,0,0,0,0,0,0,0,0,0,0,0
          Thüringen,        10 bis unter 15 Jahre,Männlich,0,0,0,0,0,0,0,0,0,0,0,0,0,0,0,0,0,0,0,0
          Thüringen,        10 bis unter 15 Jahre,        Weiblich,0,0,0,0,0,0,0,0,0,0,0,0,0,0,0,0,0,0,0,0
          Thüringen,        10 bis unter 15 Jahre,        Unbekannt,0,0,0,0,0,0,0,0,0,0,0,0,0,0,0,0,0,0,0,0
          Thüringen,        15 bis unter 20 Jahre,Alle Geschlechter,0,0,0,0,0,0,1,0,0,0,3,0,0,1,1,2,5,1,2,3
          Thüringen,        15 bis unter 20 Jahre,Männlich,0,0,0,0,0,0,0,0,0,0,1,0,0,1,1,0,3,1,2,1
          Thüringen,        15 bis unter 20 Jahre,        Weiblich,0,0,0,0,0,0,1,0,0,0,2,0,0,0,0,2,2,0,0,2
          Thüringen,        15 bis unter 20 Jahre,        Unbekannt,0,0,0,0,0,0,0,0,0,0,0,0,0,0,0,0,0,0,0,0
          Thüringen,        20 bis unter 25 Jahre,Alle Geschlechter,0,0,0,0,0,0,0,2,0,0,1,4,4,4,7,12,9,14,20,19
          Thüringen,        20 bis unter 25 Jahre,Männlich,0,0,0,0,0,0,0,1,0,0,1,4,2,4,6,10,8,10,15,16
          Thüringen,        20 bis unter 25 Jahre,        Weiblich,0,0,0,0,0,0,0,1,0,0,0,0,2,0,1,2,1,4,5,3
          Thüringen,        20 bis unter 25 Jahre,        Unbekannt,0,0,0,0,0,0,0,0,0,0,0,0,0,0,0,0,0,0,0,0
          Thüringen,        25 bis unter 30 Jahre,Alle Geschlechter,0,1,0,1,1,4,4,0,0,2,3,0,1,3,5,8,5,5,13,17
          Thüringen,        25 bis unter 30 Jahre,Männlich,0,0,0,0,1,4,3,0,0,1,1,0,1,1,2,3,2,5,10,13
          Thüringen,        25 bis unter 30 Jahre,        Weiblich,0,1,0,1,0,0,1,0,0,1,2,0,0,2,3,5,3,0,3,4
          Thüringen,        25 bis unter 30 Jahre,        Unbekannt,0,0,0,0,0,0,0,0,0,0,0,0,0,0,0,0,0,0,0,0
          Thüringen,        30 bis unter 35 Jahre,Alle Geschlechter,0,0,0,1,0,0,0,1,2,5,3,4,1,2,5,7,7,6,6,7
          Thüringen,        30 bis unter 35 Jahre,Männlich,0,0,0,0,0,0,0,0,2,5,1,1,1,2,5,7,5,4,4,7
          Thüringen,        30 bis unter 35 Jahre,        Weiblich,0,0,0,1,0,0,0,1,0,0,2,3,0,0,0,0,2,2,2,0
          Thüringen,        30 bis unter 35 Jahre,        Unbekannt,0,0,0,0,0,0,0,0,0,0,0,0,0,0,0,0,0,0,0,0
          Thüringen,        35 bis unter 40 Jahre,Alle Geschlechter,1,1,1,2,0,3,2,1,1,1,6,4,3,5,2,3,4,4,5,6
          Thüringen,        35 bis unter 40 Jahre,Männlich,1,0,0,2,0,0,2,1,0,0,5,3,2,1,2,3,3,1,2,3
          Thüringen,        35 bis unter 40 Jahre,        Weiblich,0,1,1,0,0,3,0,0,1,1,1,1,1,4,0,0,1,3,3,3
          Thüringen,        35 bis unter 40 Jahre,        Unbekannt,0,0,0,0,0,0,0,0,0,0,0,0,0,0,0,0,0,0,0,0
          Thüringen,        40 bis unter 45 Jahre,Alle Geschlechter,0,0,2,1,1,2,2,0,1,1,1,3,3,6,6,6,1,7,6,8
          Thüringen,        40 bis unter 45 Jahre,Männlich,0,0,2,1,1,2,2,0,0,0,1,3,2,5,5,5,1,5,2,1
          Thüringen,        40 bis unter 45 Jahre,        Weiblich,0,0,0,0,0,0,0,0,1,1,0,0,1,1,1,1,0,2,4,7
          Thüringen,        40 bis unter 45 Jahre,        Unbekannt,0,0,0,0,0,0,0,0,0,0,0,0,0,0,0,0,0,0,0,0
          Thüringen,        45 bis unter 50 Jahre,Alle Geschlechter,0,0,0,0,1,0,1,6,4,2,3,1,2,0,0,0,0,1,4,1
          Thüringen,        45 bis unter 50 Jahre,Männlich,0,0,0,0,0,0,0,5,2,0,0,1,1,0,0,0,0,0,2,0
          Thüringen,        45 bis unter 50 Jahre,        Weiblich,0,0,0,0,1,0,1,1,2,2,3,0,1,0,0,0,0,1,2,1
          Thüringen,        45 bis unter 50 Jahre,        Unbekannt,0,0,0,0,0,0,0,0,0,0,0,0,0,0,0,0,0,0,0,0
          Thüringen,        50 bis unter 55 Jahre,Alle Geschlechter,0,0,0,0,0,0,1,0,3,0,1,3,2,0,0,3,1,1,3,7
          Thüringen,        50 bis unter 55 Jahre,Männlich,0,0,0,0,0,0,0,0,0,0,0,1,0,0,0,0,0,0,2,3
          Thüringen,        50 bis unter 55 Jahre,        Weiblich,0,0,0,0,0,0,1,0,3,0,1,2,2,0,0,3,1,1,1,4
          Thüringen,        50 bis unter 55 Jahre,        Unbekannt,0,0,0,0,0,0,0,0,0,0,0,0,0,0,0,0,0,0,0,0
          Thüringen,        55 bis unter 60 Jahre,Alle Geschlechter,0,1,0,0,1,0,0,0,1,0,0,2,2,1,1,2,1,2,1,1
          Thüringen,        55 bis unter 60 Jahre,Männlich,0,0,0,0,0,0,0,0,0,0,0,0,0,0,0,0,0,0,0,0
          Thüringen,        55 bis unter 60 Jahre,        Weiblich,0,1,0,0,1,0,0,0,1,0,0,2,2,1,1,2,1,2,1,1
          Thüringen,        55 bis unter 60 Jahre,        Unbekannt,0,0,0,0,0,0,0,0,0,0,0,0,0,0,0,0,0,0,0,0
          Thüringen,        60 bis unter 65 Jahre,Alle Geschlechter,0,0,0,0,0,0,0,1,1,0,0,0,0,0,1,4,1,1,2,2
          Thüringen,        60 bis unter 65 Jahre,Männlich,0,0,0,0,0,0,0,0,0,0,0,0,0,0,0,3,1,1,0,0
          Thüringen,        60 bis unter 65 Jahre,        Weiblich,0,0,0,0,0,0,0,1,1,0,0,0,0,0,1,1,0,0,2,2
          Thüringen,        60 bis unter 65 Jahre,        Unbekannt,0,0,0,0,0,0,0,0,0,0,0,0,0,0,0,0,0,0,0,0
          Thüringen,        65 bis unter 70 Jahre,Alle Geschlechter,0,0,0,0,0,0,0,0,0,0,0,0,0,0,0,1,1,3,4,1
          Thüringen,        65 bis unter 70 Jahre,Männlich,0,0,0,0,0,0,0,0,0,0,0,0,0,0,0,0,0,3,1,0
          Thüringen,        65 bis unter 70 Jahre,        Weiblich,0,0,0,0,0,0,0,0,0,0,0,0,0,0,0,1,1,0,3,1
          Thüringen,        65 bis unter 70 Jahre,        Unbekannt,0,0,0,0,0,0,0,0,0,0,0,0,0,0,0,0,0,0,0,0
          Thüringen,        70 bis unter 75 Jahre,Alle Geschlechter,0,0,0,0,0,0,0,0,0,0,0,0,0,0,0,0,0,0,0,0
          Thüringen,        70 bis unter 75 Jahre,Männlich,0,0,0,0,0,0,0,0,0,0,0,0,0,0,0,0,0,0,0,0
          Thüringen,        70 bis unter 75 Jahre,        Weiblich,0,0,0,0,0,0,0,0,0,0,0,0,0,0,0,0,0,0,0,0
          Thüringen,        70 bis unter 75 Jahre,        Unbekannt,0,0,0,0,0,0,0,0,0,0,0,0,0,0,0,0,0,0,0,0
          Thüringen,        75 bis unter 80 Jahre,Alle Geschlechter,0,0,0,0,0,0,0,0,0,0,0,0,0,0,0,0,0,0,0,0
          Thüringen,        75 bis unter 80 Jahre,Männlich,0,0,0,0,0,0,0,0,0,0,0,0,0,0,0,0,0,0,0,0
          Thüringen,        75 bis unter 80 Jahre,        Weiblich,0,0,0,0,0,0,0,0,0,0,0,0,0,0,0,0,0,0,0,0
          Thüringen,        75 bis unter 80 Jahre,        Unbekannt,0,0,0,0,0,0,0,0,0,0,0,0,0,0,0,0,0,0,0,0
          Thüringen,        80 bis unter 85 Jahre,Alle Geschlechter,0,0,0,0,0,0,0,0,0,0,0,0,0,0,0,0,0,0,0,0
          Thüringen,        80 bis unter 85 Jahre,Männlich,0,0,0,0,0,0,0,0,0,0,0,0,0,0,0,0,0,0,0,0
          Thüringen,        80 bis unter 85 Jahre,        Weiblich,0,0,0,0,0,0,0,0,0,0,0,0,0,0,0,0,0,0,0,0
          Thüringen,        80 bis unter 85 Jahre,        Unbekannt,0,0,0,0,0,0,0,0,0,0,0,0,0,0,0,0,0,0,0,0
          Thüringen,        85 bis unter 90 Jahre,Alle Geschlechter,0,0,0,0,0,0,0,0,0,0,0,0,0,0,0,0,0,0,0,0
          Thüringen,        85 bis unter 90 Jahre,Männlich,0,0,0,0,0,0,0,0,0,0,0,0,0,0,0,0,0,0,0,0
          Thüringen,        85 bis unter 90 Jahre,        Weiblich,0,0,0,0,0,0,0,0,0,0,0,0,0,0,0,0,0,0,0,0
          Thüringen,        85 bis unter 90 Jahre,        Unbekannt,0,0,0,0,0,0,0,0,0,0,0,0,0,0,0,0,0,0,0,0
          Thüringen,        90 bis unter 95 Jahre,Alle Geschlechter,0,0,0,0,0,0,0,0,0,0,0,0,0,0,0,0,0,0,0,0
          Thüringen,        90 bis unter 95 Jahre,Männlich,0,0,0,0,0,0,0,0,0,0,0,0,0,0,0,0,0,0,0,0
          Thüringen,        90 bis unter 95 Jahre,        Weiblich,0,0,0,0,0,0,0,0,0,0,0,0,0,0,0,0,0,0,0,0
          Thüringen,        90 bis unter 95 Jahre,        Unbekannt,0,0,0,0,0,0,0,0,0,0,0,0,0,0,0,0,0,0,0,0
          Thüringen,        95 Jahre und älter,Alle Geschlechter,0,0,0,0,0,0,0,0,0,0,0,0,0,0,0,0,0,0,0,0
          Thüringen,        95 Jahre und älter,Männlich,0,0,0,0,0,0,0,0,0,0,0,0,0,0,0,0,0,0,0,0
          Thüringen,        95 Jahre und älter,        Weiblich,0,0,0,0,0,0,0,0,0,0,0,0,0,0,0,0,0,0,0,0
          Thüringen,        95 Jahre und älter,        Unbekannt,0,0,0,0,0,0,0,0,0,0,0,0,0,0,0,0,0,0,0,0
          Thüringen,        Unbekannt,Alle Geschlechter,0,0,0,0,0,0,0,0,0,0,0,0,0,0,0,0,0,0,0,0
          Thüringen,        Unbekannt,Männlich,0,0,0,0,0,0,0,0,0,0,0,0,0,0,0,0,0,0,0,0
          Thüringen,        Unbekannt,        Weiblich,0,0,0,0,0,0,0,0,0,0,0,0,0,0,0,0,0,0,0,0
          Thüringen,        Unbekannt,        Unbekannt,0,0,0,0,0,0,0,0,0,0,0,0,0,0,0,0,0,0,0,0
        Wohnsitz im Ausland,Alle Altersgruppen,Alle Geschlechter,9,16,23,14,14,13,16,22,22,17,19,19,19,44,60,39,56,55,37,44
        Wohnsitz im Ausland,Alle Altersgruppen,Männlich,9,10,14,9,9,10,12,20,16,8,4,1,11,20,39,21,35,32,14,24
        Wohnsitz im Ausland,Alle Altersgruppen,        Weiblich,0,6,9,5,5,3,4,2,6,9,15,18,8,24,21,18,21,23,23,20
        Wohnsitz im Ausland,Alle Altersgruppen,        Unbekannt,0,0,0,0,0,0,0,0,0,0,0,0,0,0,0,0,0,0,0,0
        Wohnsitz im Ausland,        Unter 1 Jahr,Alle Geschlechter,0,0,0,0,0,0,0,0,0,0,0,0,0,0,0,0,0,0,0,0
        Wohnsitz im Ausland,        Unter 1 Jahr,Männlich,0,0,0,0,0,0,0,0,0,0,0,0,0,0,0,0,0,0,0,0
        Wohnsitz im Ausland,        Unter 1 Jahr,        Weiblich,0,0,0,0,0,0,0,0,0,0,0,0,0,0,0,0,0,0,0,0
        Wohnsitz im Ausland,        Unter 1 Jahr,        Unbekannt,0,0,0,0,0,0,0,0,0,0,0,0,0,0,0,0,0,0,0,0
        Wohnsitz im Ausland,        1 Jahr bis unter 5 Jahre,Alle Geschlechter,0,1,0,0,0,0,0,0,0,0,0,0,0,0,0,0,0,0,0,0
        Wohnsitz im Ausland,        1 Jahr bis unter 5 Jahre,Männlich,0,1,0,0,0,0,0,0,0,0,0,0,0,0,0,0,0,0,0,0
        Wohnsitz im Ausland,        1 Jahr bis unter 5 Jahre,        Weiblich,0,0,0,0,0,0,0,0,0,0,0,0,0,0,0,0,0,0,0,0
        Wohnsitz im Ausland,        1 Jahr bis unter 5 Jahre,        Unbekannt,0,0,0,0,0,0,0,0,0,0,0,0,0,0,0,0,0,0,0,0
        Wohnsitz im Ausland,        5 bis unter 10 Jahre,Alle Geschlechter,0,0,0,0,0,0,0,0,0,0,0,0,0,0,0,0,0,0,0,0
        Wohnsitz im Ausland,        5 bis unter 10 Jahre,Männlich,0,0,0,0,0,0,0,0,0,0,0,0,0,0,0,0,0,0,0,0
        Wohnsitz im Ausland,        5 bis unter 10 Jahre,        Weiblich,0,0,0,0,0,0,0,0,0,0,0,0,0,0,0,0,0,0,0,0
        Wohnsitz im Ausland,        5 bis unter 10 Jahre,        Unbekannt,0,0,0,0,0,0,0,0,0,0,0,0,0,0,0,0,0,0,0,0
        Wohnsitz im Ausland,        10 bis unter 15 Jahre,Alle Geschlechter,0,0,0,0,0,0,0,0,0,0,0,0,0,0,0,0,0,0,0,0
        Wohnsitz im Ausland,        10 bis unter 15 Jahre,Männlich,0,0,0,0,0,0,0,0,0,0,0,0,0,0,0,0,0,0,0,0
        Wohnsitz im Ausland,        10 bis unter 15 Jahre,        Weiblich,0,0,0,0,0,0,0,0,0,0,0,0,0,0,0,0,0,0,0,0
        Wohnsitz im Ausland,        10 bis unter 15 Jahre,        Unbekannt,0,0,0,0,0,0,0,0,0,0,0,0,0,0,0,0,0,0,0,0
        Wohnsitz im Ausland,        15 bis unter 20 Jahre,Alle Geschlechter,0,0,0,0,0,1,1,0,0,0,0,0,0,1,3,2,2,4,1,2
        Wohnsitz im Ausland,        15 bis unter 20 Jahre,Männlich,0,0,0,0,0,1,0,0,0,0,0,0,0,0,1,1,1,1,0,0
        Wohnsitz im Ausland,        15 bis unter 20 Jahre,        Weiblich,0,0,0,0,0,0,1,0,0,0,0,0,0,1,2,1,1,3,1,2
        Wohnsitz im Ausland,        15 bis unter 20 Jahre,        Unbekannt,0,0,0,0,0,0,0,0,0,0,0,0,0,0,0,0,0,0,0,0
        Wohnsitz im Ausland,        20 bis unter 25 Jahre,Alle Geschlechter,5,3,2,0,2,1,2,4,2,0,2,0,3,6,12,9,11,9,7,9
        Wohnsitz im Ausland,        20 bis unter 25 Jahre,Männlich,5,2,1,0,0,1,1,4,1,0,0,0,0,4,7,5,9,5,2,6
        Wohnsitz im Ausland,        20 bis unter 25 Jahre,        Weiblich,0,1,1,0,2,0,1,0,1,0,2,0,3,2,5,4,2,4,5,3
        Wohnsitz im Ausland,        20 bis unter 25 Jahre,        Unbekannt,0,0,0,0,0,0,0,0,0,0,0,0,0,0,0,0,0,0,0,0
        Wohnsitz im Ausland,        25 bis unter 30 Jahre,Alle Geschlechter,3,2,3,3,3,4,7,4,2,3,3,0,6,10,22,5,12,10,7,18
        Wohnsitz im Ausland,        25 bis unter 30 Jahre,Männlich,3,2,2,3,3,4,7,3,2,3,1,0,6,8,16,3,6,5,5,13
        Wohnsitz im Ausland,        25 bis unter 30 Jahre,        Weiblich,0,0,1,0,0,0,0,1,0,0,2,0,0,2,6,2,6,5,2,5
        Wohnsitz im Ausland,        25 bis unter 30 Jahre,        Unbekannt,0,0,0,0,0,0,0,0,0,0,0,0,0,0,0,0,0,0,0,0
        Wohnsitz im Ausland,        30 bis unter 35 Jahre,Alle Geschlechter,0,2,8,5,2,2,0,3,8,1,4,4,3,5,8,8,8,12,6,8
        Wohnsitz im Ausland,        30 bis unter 35 Jahre,Männlich,0,2,7,5,1,2,0,3,7,1,3,0,0,2,6,4,4,10,2,4
        Wohnsitz im Ausland,        30 bis unter 35 Jahre,        Weiblich,0,0,1,0,1,0,0,0,1,0,1,4,3,3,2,4,4,2,4,4
        Wohnsitz im Ausland,        30 bis unter 35 Jahre,        Unbekannt,0,0,0,0,0,0,0,0,0,0,0,0,0,0,0,0,0,0,0,0
        Wohnsitz im Ausland,        35 bis unter 40 Jahre,Alle Geschlechter,1,1,2,1,3,1,0,3,4,3,4,3,4,12,5,7,11,11,8,1
        Wohnsitz im Ausland,        35 bis unter 40 Jahre,Männlich,1,0,2,1,3,1,0,3,3,2,0,1,3,4,5,7,10,7,4,0
        Wohnsitz im Ausland,        35 bis unter 40 Jahre,        Weiblich,0,1,0,0,0,0,0,0,1,1,4,2,1,8,0,0,1,4,4,1
        Wohnsitz im Ausland,        35 bis unter 40 Jahre,        Unbekannt,0,0,0,0,0,0,0,0,0,0,0,0,0,0,0,0,0,0,0,0
        Wohnsitz im Ausland,        40 bis unter 45 Jahre,Alle Geschlechter,0,3,3,0,4,2,5,5,1,1,2,3,2,1,1,1,2,5,3,2
        Wohnsitz im Ausland,        40 bis unter 45 Jahre,Männlich,0,0,2,0,2,0,4,4,0,1,0,0,1,1,0,0,2,2,0,0
        Wohnsitz im Ausland,        40 bis unter 45 Jahre,        Weiblich,0,3,1,0,2,2,1,1,1,0,2,3,1,0,1,1,0,3,3,2
        Wohnsitz im Ausland,        40 bis unter 45 Jahre,        Unbekannt,0,0,0,0,0,0,0,0,0,0,0,0,0,0,0,0,0,0,0,0
        Wohnsitz im Ausland,        45 bis unter 50 Jahre,Alle Geschlechter,0,4,2,2,0,1,0,1,3,4,3,6,0,2,3,0,3,0,0,1
        Wohnsitz im Ausland,        45 bis unter 50 Jahre,Männlich,0,3,0,0,0,0,0,1,2,1,0,0,0,0,1,0,1,0,0,0
        Wohnsitz im Ausland,        45 bis unter 50 Jahre,        Weiblich,0,1,2,2,0,1,0,0,1,3,3,6,0,2,2,0,2,0,0,1
        Wohnsitz im Ausland,        45 bis unter 50 Jahre,        Unbekannt,0,0,0,0,0,0,0,0,0,0,0,0,0,0,0,0,0,0,0,0
        Wohnsitz im Ausland,        50 bis unter 55 Jahre,Alle Geschlechter,0,0,1,2,0,1,1,1,1,3,1,3,1,1,2,3,2,1,1,1
        Wohnsitz im Ausland,        50 bis unter 55 Jahre,Männlich,0,0,0,0,0,1,0,1,0,0,0,0,1,0,2,1,0,0,0,0
        Wohnsitz im Ausland,        50 bis unter 55 Jahre,        Weiblich,0,0,1,2,0,0,1,0,1,3,1,3,0,1,0,2,2,1,1,1
        Wohnsitz im Ausland,        50 bis unter 55 Jahre,        Unbekannt,0,0,0,0,0,0,0,0,0,0,0,0,0,0,0,0,0,0,0,0
        Wohnsitz im Ausland,        55 bis unter 60 Jahre,Alle Geschlechter,0,0,1,1,0,0,0,1,0,1,0,0,0,1,1,3,3,1,2,0
        Wohnsitz im Ausland,        55 bis unter 60 Jahre,Männlich,0,0,0,0,0,0,0,1,0,0,0,0,0,1,1,0,2,0,1,0
        Wohnsitz im Ausland,        55 bis unter 60 Jahre,        Weiblich,0,0,1,1,0,0,0,0,0,1,0,0,0,0,0,3,1,1,1,0
        Wohnsitz im Ausland,        55 bis unter 60 Jahre,        Unbekannt,0,0,0,0,0,0,0,0,0,0,0,0,0,0,0,0,0,0,0,0
        Wohnsitz im Ausland,        60 bis unter 65 Jahre,Alle Geschlechter,0,0,0,0,0,0,0,0,1,1,0,0,0,3,0,1,2,1,0,1
        Wohnsitz im Ausland,        60 bis unter 65 Jahre,Männlich,0,0,0,0,0,0,0,0,1,0,0,0,0,0,0,0,0,1,0,0
        Wohnsitz im Ausland,        60 bis unter 65 Jahre,        Weiblich,0,0,0,0,0,0,0,0,0,1,0,0,0,3,0,1,2,0,0,1
        Wohnsitz im Ausland,        60 bis unter 65 Jahre,        Unbekannt,0,0,0,0,0,0,0,0,0,0,0,0,0,0,0,0,0,0,0,0
        Wohnsitz im Ausland,        65 bis unter 70 Jahre,Alle Geschlechter,0,0,1,0,0,0,0,0,0,0,0,0,0,2,0,0,0,1,2,1
        Wohnsitz im Ausland,        65 bis unter 70 Jahre,Männlich,0,0,0,0,0,0,0,0,0,0,0,0,0,0,0,0,0,1,0,1
        Wohnsitz im Ausland,        65 bis unter 70 Jahre,        Weiblich,0,0,1,0,0,0,0,0,0,0,0,0,0,2,0,0,0,0,2,0
        Wohnsitz im Ausland,        65 bis unter 70 Jahre,        Unbekannt,0,0,0,0,0,0,0,0,0,0,0,0,0,0,0,0,0,0,0,0
        Wohnsitz im Ausland,        70 bis unter 75 Jahre,Alle Geschlechter,0,0,0,0,0,0,0,0,0,0,0,0,0,0,2,0,0,0,0,0
        Wohnsitz im Ausland,        70 bis unter 75 Jahre,Männlich,0,0,0,0,0,0,0,0,0,0,0,0,0,0,0,0,0,0,0,0
        Wohnsitz im Ausland,        70 bis unter 75 Jahre,        Weiblich,0,0,0,0,0,0,0,0,0,0,0,0,0,0,2,0,0,0,0,0
        Wohnsitz im Ausland,        70 bis unter 75 Jahre,        Unbekannt,0,0,0,0,0,0,0,0,0,0,0,0,0,0,0,0,0,0,0,0
        Wohnsitz im Ausland,        75 bis unter 80 Jahre,Alle Geschlechter,0,0,0,0,0,0,0,0,0,0,0,0,0,0,1,0,0,0,0,0
        Wohnsitz im Ausland,        75 bis unter 80 Jahre,Männlich,0,0,0,0,0,0,0,0,0,0,0,0,0,0,0,0,0,0,0,0
        Wohnsitz im Ausland,        75 bis unter 80 Jahre,        Weiblich,0,0,0,0,0,0,0,0,0,0,0,0,0,0,1,0,0,0,0,0
        Wohnsitz im Ausland,        75 bis unter 80 Jahre,        Unbekannt,0,0,0,0,0,0,0,0,0,0,0,0,0,0,0,0,0,0,0,0
        Wohnsitz im Ausland,        80 bis unter 85 Jahre,Alle Geschlechter,0,0,0,0,0,0,0,0,0,0,0,0,0,0,0,0,0,0,0,0
        Wohnsitz im Ausland,        80 bis unter 85 Jahre,Männlich,0,0,0,0,0,0,0,0,0,0,0,0,0,0,0,0,0,0,0,0
        Wohnsitz im Ausland,        80 bis unter 85 Jahre,        Weiblich,0,0,0,0,0,0,0,0,0,0,0,0,0,0,0,0,0,0,0,0
        Wohnsitz im Ausland,        80 bis unter 85 Jahre,        Unbekannt,0,0,0,0,0,0,0,0,0,0,0,0,0,0,0,0,0,0,0,0
        Wohnsitz im Ausland,        85 bis unter 90 Jahre,Alle Geschlechter,0,0,0,0,0,0,0,0,0,0,0,0,0,0,0,0,0,0,0,0
        Wohnsitz im Ausland,        85 bis unter 90 Jahre,Männlich,0,0,0,0,0,0,0,0,0,0,0,0,0,0,0,0,0,0,0,0
        Wohnsitz im Ausland,        85 bis unter 90 Jahre,        Weiblich,0,0,0,0,0,0,0,0,0,0,0,0,0,0,0,0,0,0,0,0
        Wohnsitz im Ausland,        85 bis unter 90 Jahre,        Unbekannt,0,0,0,0,0,0,0,0,0,0,0,0,0,0,0,0,0,0,0,0
        Wohnsitz im Ausland,        90 bis unter 95 Jahre,Alle Geschlechter,0,0,0,0,0,0,0,0,0,0,0,0,0,0,0,0,0,0,0,0
        Wohnsitz im Ausland,        90 bis unter 95 Jahre,Männlich,0,0,0,0,0,0,0,0,0,0,0,0,0,0,0,0,0,0,0,0
        Wohnsitz im Ausland,        90 bis unter 95 Jahre,        Weiblich,0,0,0,0,0,0,0,0,0,0,0,0,0,0,0,0,0,0,0,0
        Wohnsitz im Ausland,        90 bis unter 95 Jahre,        Unbekannt,0,0,0,0,0,0,0,0,0,0,0,0,0,0,0,0,0,0,0,0
        Wohnsitz im Ausland,        95 Jahre und älter,Alle Geschlechter,0,0,0,0,0,0,0,0,0,0,0,0,0,0,0,0,0,0,0,0
        Wohnsitz im Ausland,        95 Jahre und älter,Männlich,0,0,0,0,0,0,0,0,0,0,0,0,0,0,0,0,0,0,0,0
        Wohnsitz im Ausland,        95 Jahre und älter,        Weiblich,0,0,0,0,0,0,0,0,0,0,0,0,0,0,0,0,0,0,0,0
        Wohnsitz im Ausland,        95 Jahre und älter,        Unbekannt,0,0,0,0,0,0,0,0,0,0,0,0,0,0,0,0,0,0,0,0
        Wohnsitz im Ausland,        Unbekannt,Alle Geschlechter,0,0,0,0,0,0,0,0,0,0,0,0,0,0,0,0,0,0,0,0
        Wohnsitz im Ausland,        Unbekannt,Männlich,0,0,0,0,0,0,0,0,0,0,0,0,0,0,0,0,0,0,0,0
        Wohnsitz im Ausland,        Unbekannt,        Weiblich,0,0,0,0,0,0,0,0,0,0,0,0,0,0,0,0,0,0,0,0
        Wohnsitz im Ausland,        Unbekannt,        Unbekannt,0,0,0,0,0,0,0,0,0,0,0,0,0,0,0,0,0,0,0,0
        keine Angabe,Alle Altersgruppen,Alle Geschlechter,0,1,0,2,2,4,6,2,4,4,2,10,11,5,2,0,2,3,1,1
        keine Angabe,Alle Altersgruppen,Männlich,0,0,0,2,2,3,6,2,3,3,1,10,11,5,2,0,2,1,1,1
        keine Angabe,Alle Altersgruppen,        Weiblich,0,1,0,0,0,1,0,0,1,1,1,0,0,0,0,0,0,2,0,0
        keine Angabe,Alle Altersgruppen,        Unbekannt,0,0,0,0,0,0,0,0,0,0,0,0,0,0,0,0,0,0,0,0
        keine Angabe,        Unter 1 Jahr,Alle Geschlechter,0,0,0,0,0,0,0,0,0,0,0,0,0,0,0,0,0,0,0,0
        keine Angabe,        Unter 1 Jahr,Männlich,0,0,0,0,0,0,0,0,0,0,0,0,0,0,0,0,0,0,0,0
        keine Angabe,        Unter 1 Jahr,        Weiblich,0,0,0,0,0,0,0,0,0,0,0,0,0,0,0,0,0,0,0,0
        keine Angabe,        Unter 1 Jahr,        Unbekannt,0,0,0,0,0,0,0,0,0,0,0,0,0,0,0,0,0,0,0,0
        keine Angabe,        1 Jahr bis unter 5 Jahre,Alle Geschlechter,0,0,0,0,0,0,0,0,0,0,0,0,0,0,0,0,0,0,0,0
        keine Angabe,        1 Jahr bis unter 5 Jahre,Männlich,0,0,0,0,0,0,0,0,0,0,0,0,0,0,0,0,0,0,0,0
        keine Angabe,        1 Jahr bis unter 5 Jahre,        Weiblich,0,0,0,0,0,0,0,0,0,0,0,0,0,0,0,0,0,0,0,0
        keine Angabe,        1 Jahr bis unter 5 Jahre,        Unbekannt,0,0,0,0,0,0,0,0,0,0,0,0,0,0,0,0,0,0,0,0
        keine Angabe,        5 bis unter 10 Jahre,Alle Geschlechter,0,0,0,0,0,0,0,0,0,0,0,0,0,0,0,0,0,0,0,0
        keine Angabe,        5 bis unter 10 Jahre,Männlich,0,0,0,0,0,0,0,0,0,0,0,0,0,0,0,0,0,0,0,0
        keine Angabe,        5 bis unter 10 Jahre,        Weiblich,0,0,0,0,0,0,0,0,0,0,0,0,0,0,0,0,0,0,0,0
        keine Angabe,        5 bis unter 10 Jahre,        Unbekannt,0,0,0,0,0,0,0,0,0,0,0,0,0,0,0,0,0,0,0,0
        keine Angabe,        10 bis unter 15 Jahre,Alle Geschlechter,0,0,0,0,0,0,0,0,0,0,0,0,0,0,0,0,0,0,0,0
        keine Angabe,        10 bis unter 15 Jahre,Männlich,0,0,0,0,0,0,0,0,0,0,0,0,0,0,0,0,0,0,0,0
        keine Angabe,        10 bis unter 15 Jahre,        Weiblich,0,0,0,0,0,0,0,0,0,0,0,0,0,0,0,0,0,0,0,0
        keine Angabe,        10 bis unter 15 Jahre,        Unbekannt,0,0,0,0,0,0,0,0,0,0,0,0,0,0,0,0,0,0,0,0
        keine Angabe,        15 bis unter 20 Jahre,Alle Geschlechter,0,0,0,0,0,1,1,0,0,0,0,0,0,0,0,0,1,0,0,0
        keine Angabe,        15 bis unter 20 Jahre,Männlich,0,0,0,0,0,1,1,0,0,0,0,0,0,0,0,0,1,0,0,0
        keine Angabe,        15 bis unter 20 Jahre,        Weiblich,0,0,0,0,0,0,0,0,0,0,0,0,0,0,0,0,0,0,0,0
        keine Angabe,        15 bis unter 20 Jahre,        Unbekannt,0,0,0,0,0,0,0,0,0,0,0,0,0,0,0,0,0,0,0,0
        keine Angabe,        20 bis unter 25 Jahre,Alle Geschlechter,0,0,0,2,1,1,4,2,4,1,1,2,4,1,1,0,1,2,0,0
        keine Angabe,        20 bis unter 25 Jahre,Männlich,0,0,0,2,1,1,4,2,3,1,1,2,4,1,1,0,1,0,0,0
        keine Angabe,        20 bis unter 25 Jahre,        Weiblich,0,0,0,0,0,0,0,0,1,0,0,0,0,0,0,0,0,2,0,0
        keine Angabe,        20 bis unter 25 Jahre,        Unbekannt,0,0,0,0,0,0,0,0,0,0,0,0,0,0,0,0,0,0,0,0
        keine Angabe,        25 bis unter 30 Jahre,Alle Geschlechter,0,0,0,0,1,0,0,0,0,2,0,6,5,2,1,0,0,1,1,1
        keine Angabe,        25 bis unter 30 Jahre,Männlich,0,0,0,0,1,0,0,0,0,2,0,6,5,2,1,0,0,1,1,1
        keine Angabe,        25 bis unter 30 Jahre,        Weiblich,0,0,0,0,0,0,0,0,0,0,0,0,0,0,0,0,0,0,0,0
        keine Angabe,        25 bis unter 30 Jahre,        Unbekannt,0,0,0,0,0,0,0,0,0,0,0,0,0,0,0,0,0,0,0,0
        keine Angabe,        30 bis unter 35 Jahre,Alle Geschlechter,0,0,0,0,0,0,1,0,0,0,0,0,0,0,0,0,0,0,0,0
        keine Angabe,        30 bis unter 35 Jahre,Männlich,0,0,0,0,0,0,1,0,0,0,0,0,0,0,0,0,0,0,0,0
        keine Angabe,        30 bis unter 35 Jahre,        Weiblich,0,0,0,0,0,0,0,0,0,0,0,0,0,0,0,0,0,0,0,0
        keine Angabe,        30 bis unter 35 Jahre,        Unbekannt,0,0,0,0,0,0,0,0,0,0,0,0,0,0,0,0,0,0,0,0
        keine Angabe,        35 bis unter 40 Jahre,Alle Geschlechter,0,1,0,0,0,0,0,0,0,0,0,0,0,0,0,0,0,0,0,0
        keine Angabe,        35 bis unter 40 Jahre,Männlich,0,0,0,0,0,0,0,0,0,0,0,0,0,0,0,0,0,0,0,0
        keine Angabe,        35 bis unter 40 Jahre,        Weiblich,0,1,0,0,0,0,0,0,0,0,0,0,0,0,0,0,0,0,0,0
        keine Angabe,        35 bis unter 40 Jahre,        Unbekannt,0,0,0,0,0,0,0,0,0,0,0,0,0,0,0,0,0,0,0,0
        keine Angabe,        40 bis unter 45 Jahre,Alle Geschlechter,0,0,0,0,0,1,0,0,0,1,1,2,1,0,0,0,0,0,0,0
        keine Angabe,        40 bis unter 45 Jahre,Männlich,0,0,0,0,0,0,0,0,0,0,0,2,1,0,0,0,0,0,0,0
        keine Angabe,        40 bis unter 45 Jahre,        Weiblich,0,0,0,0,0,1,0,0,0,1,1,0,0,0,0,0,0,0,0,0
        keine Angabe,        40 bis unter 45 Jahre,        Unbekannt,0,0,0,0,0,0,0,0,0,0,0,0,0,0,0,0,0,0,0,0
        keine Angabe,        45 bis unter 50 Jahre,Alle Geschlechter,0,0,0,0,0,1,0,0,0,0,0,0,1,2,0,0,0,0,0,0
        keine Angabe,        45 bis unter 50 Jahre,Männlich,0,0,0,0,0,1,0,0,0,0,0,0,1,2,0,0,0,0,0,0
        keine Angabe,        45 bis unter 50 Jahre,        Weiblich,0,0,0,0,0,0,0,0,0,0,0,0,0,0,0,0,0,0,0,0
        keine Angabe,        45 bis unter 50 Jahre,        Unbekannt,0,0,0,0,0,0,0,0,0,0,0,0,0,0,0,0,0,0,0,0
        keine Angabe,        50 bis unter 55 Jahre,Alle Geschlechter,0,0,0,0,0,0,0,0,0,0,0,0,0,0,0,0,0,0,0,0
        keine Angabe,        50 bis unter 55 Jahre,Männlich,0,0,0,0,0,0,0,0,0,0,0,0,0,0,0,0,0,0,0,0
        keine Angabe,        50 bis unter 55 Jahre,        Weiblich,0,0,0,0,0,0,0,0,0,0,0,0,0,0,0,0,0,0,0,0
        keine Angabe,        50 bis unter 55 Jahre,        Unbekannt,0,0,0,0,0,0,0,0,0,0,0,0,0,0,0,0,0,0,0,0
        keine Angabe,        55 bis unter 60 Jahre,Alle Geschlechter,0,0,0,0,0,0,0,0,0,0,0,0,0,0,0,0,0,0,0,0
        keine Angabe,        55 bis unter 60 Jahre,Männlich,0,0,0,0,0,0,0,0,0,0,0,0,0,0,0,0,0,0,0,0
        keine Angabe,        55 bis unter 60 Jahre,        Weiblich,0,0,0,0,0,0,0,0,0,0,0,0,0,0,0,0,0,0,0,0
        keine Angabe,        55 bis unter 60 Jahre,        Unbekannt,0,0,0,0,0,0,0,0,0,0,0,0,0,0,0,0,0,0,0,0
        keine Angabe,        60 bis unter 65 Jahre,Alle Geschlechter,0,0,0,0,0,0,0,0,0,0,0,0,0,0,0,0,0,0,0,0
        keine Angabe,        60 bis unter 65 Jahre,Männlich,0,0,0,0,0,0,0,0,0,0,0,0,0,0,0,0,0,0,0,0
        keine Angabe,        60 bis unter 65 Jahre,        Weiblich,0,0,0,0,0,0,0,0,0,0,0,0,0,0,0,0,0,0,0,0
        keine Angabe,        60 bis unter 65 Jahre,        Unbekannt,0,0,0,0,0,0,0,0,0,0,0,0,0,0,0,0,0,0,0,0
        keine Angabe,        65 bis unter 70 Jahre,Alle Geschlechter,0,0,0,0,0,0,0,0,0,0,0,0,0,0,0,0,0,0,0,0
        keine Angabe,        65 bis unter 70 Jahre,Männlich,0,0,0,0,0,0,0,0,0,0,0,0,0,0,0,0,0,0,0,0
        keine Angabe,        65 bis unter 70 Jahre,        Weiblich,0,0,0,0,0,0,0,0,0,0,0,0,0,0,0,0,0,0,0,0
        keine Angabe,        65 bis unter 70 Jahre,        Unbekannt,0,0,0,0,0,0,0,0,0,0,0,0,0,0,0,0,0,0,0,0
        keine Angabe,        70 bis unter 75 Jahre,Alle Geschlechter,0,0,0,0,0,0,0,0,0,0,0,0,0,0,0,0,0,0,0,0
        keine Angabe,        70 bis unter 75 Jahre,Männlich,0,0,0,0,0,0,0,0,0,0,0,0,0,0,0,0,0,0,0,0
        keine Angabe,        70 bis unter 75 Jahre,        Weiblich,0,0,0,0,0,0,0,0,0,0,0,0,0,0,0,0,0,0,0,0
        keine Angabe,        70 bis unter 75 Jahre,        Unbekannt,0,0,0,0,0,0,0,0,0,0,0,0,0,0,0,0,0,0,0,0
        keine Angabe,        75 bis unter 80 Jahre,Alle Geschlechter,0,0,0,0,0,0,0,0,0,0,0,0,0,0,0,0,0,0,0,0
        keine Angabe,        75 bis unter 80 Jahre,Männlich,0,0,0,0,0,0,0,0,0,0,0,0,0,0,0,0,0,0,0,0
        keine Angabe,        75 bis unter 80 Jahre,        Weiblich,0,0,0,0,0,0,0,0,0,0,0,0,0,0,0,0,0,0,0,0
        keine Angabe,        75 bis unter 80 Jahre,        Unbekannt,0,0,0,0,0,0,0,0,0,0,0,0,0,0,0,0,0,0,0,0
        keine Angabe,        80 bis unter 85 Jahre,Alle Geschlechter,0,0,0,0,0,0,0,0,0,0,0,0,0,0,0,0,0,0,0,0
        keine Angabe,        80 bis unter 85 Jahre,Männlich,0,0,0,0,0,0,0,0,0,0,0,0,0,0,0,0,0,0,0,0
        keine Angabe,        80 bis unter 85 Jahre,        Weiblich,0,0,0,0,0,0,0,0,0,0,0,0,0,0,0,0,0,0,0,0
        keine Angabe,        80 bis unter 85 Jahre,        Unbekannt,0,0,0,0,0,0,0,0,0,0,0,0,0,0,0,0,0,0,0,0
        keine Angabe,        85 bis unter 90 Jahre,Alle Geschlechter,0,0,0,0,0,0,0,0,0,0,0,0,0,0,0,0,0,0,0,0
        keine Angabe,        85 bis unter 90 Jahre,Männlich,0,0,0,0,0,0,0,0,0,0,0,0,0,0,0,0,0,0,0,0
        keine Angabe,        85 bis unter 90 Jahre,        Weiblich,0,0,0,0,0,0,0,0,0,0,0,0,0,0,0,0,0,0,0,0
        keine Angabe,        85 bis unter 90 Jahre,        Unbekannt,0,0,0,0,0,0,0,0,0,0,0,0,0,0,0,0,0,0,0,0
        keine Angabe,        90 bis unter 95 Jahre,Alle Geschlechter,0,0,0,0,0,0,0,0,0,0,0,0,0,0,0,0,0,0,0,0
        keine Angabe,        90 bis unter 95 Jahre,Männlich,0,0,0,0,0,0,0,0,0,0,0,0,0,0,0,0,0,0,0,0
        keine Angabe,        90 bis unter 95 Jahre,        Weiblich,0,0,0,0,0,0,0,0,0,0,0,0,0,0,0,0,0,0,0,0
        keine Angabe,        90 bis unter 95 Jahre,        Unbekannt,0,0,0,0,0,0,0,0,0,0,0,0,0,0,0,0,0,0,0,0
        keine Angabe,        95 Jahre und älter,Alle Geschlechter,0,0,0,0,0,0,0,0,0,0,0,0,0,0,0,0,0,0,0,0
        keine Angabe,        95 Jahre und älter,Männlich,0,0,0,0,0,0,0,0,0,0,0,0,0,0,0,0,0,0,0,0
        keine Angabe,        95 Jahre und älter,        Weiblich,0,0,0,0,0,0,0,0,0,0,0,0,0,0,0,0,0,0,0,0
        keine Angabe,        95 Jahre und älter,        Unbekannt,0,0,0,0,0,0,0,0,0,0,0,0,0,0,0,0,0,0,0,0
        keine Angabe,        Unbekannt,Alle Geschlechter,0,0,0,0,0,0,0,0,0,0,0,0,0,0,0,0,0,0,0,0
        keine Angabe,        Unbekannt,Männlich,0,0,0,0,0,0,0,0,0,0,0,0,0,0,0,0,0,0,0,0
        keine Angabe,        Unbekannt,        Weiblich,0,0,0,0,0,0,0,0,0,0,0,0,0,0,0,0,0,0,0,0
        keine Angabe,        Unbekannt,        Unbekannt,0,0,0,0,0,0,0,0,0,0,0,0,0,0,0,0,0,0,0,0
,,,,,,,,,,,,,,,,,,,,,,