Bundesland;Altersgruppen;Geschlecht;2005;2006;2007;2008;2009;2010;2011;2012;2013;2014;2015;2016;2017;2018;2019;2020;2021;2022;2023;2024
Alle Orte;Alle Altersgruppen;Alle Geschlechter;120;345;419;462;472;564;691;883;958;1.051;1.206;1.529;1.505;1.816;2.324;2.155;2.598;2.600;3.075;3.520
Alle Orte;Alle Altersgruppen;Männlich;120;170;205;215;254;287;415;542;580;666;782;996;939;1.196;1.597;1.462;1.719;1.667;1.834;2.000
Alle Orte;Alle Altersgruppen;        Weiblich;0;175;214;247;218;277;276;341;378;385;423;532;566;619;727;693;879;933;1.241;1.520
Alle Orte;Alle Altersgruppen;        Unbekannt;0;0;0;0;0;0;0;0;0;0;1;1;0;1;0;0;0;0;0;0
Alle Orte;        Unter 1 Jahr;Alle Geschlechter;0;0;1;0;0;0;0;0;0;0;0;1;0;0;0;0;0;0;0;0
Alle Orte;        Unter 1 Jahr;Männlich;0;0;0;0;0;0;0;0;0;0;0;0;0;0;0;0;0;0;0;0
Alle Orte;        Unter 1 Jahr;        Weiblich;0;0;1;0;0;0;0;0;0;0;0;1;0;0;0;0;0;0;0;0
Alle Orte;        Unter 1 Jahr;        Unbekannt;0;0;0;0;0;0;0;0;0;0;0;0;0;0;0;0;0;0;0;0
Alle Orte;        1 Jahr bis unter 5 Jahre;Alle Geschlechter;0;1;0;0;0;0;0;0;0;0;0;1;0;0;0;0;0;0;0;0
Alle Orte;        1 Jahr bis unter 5 Jahre;Männlich;0;1;0;0;0;0;0;0;0;0;0;1;0;0;0;0;0;0;0;0
Alle Orte;        1 Jahr bis unter 5 Jahre;        Weiblich;0;0;0;0;0;0;0;0;0;0;0;0;0;0;0;0;0;0;0;0
Alle Orte;        1 Jahr bis unter 5 Jahre;        Unbekannt;0;0;0;0;0;0;0;0;0;0;0;0;0;0;0;0;0;0;0;0
Alle Orte;        5 bis unter 10 Jahre;Alle Geschlechter;0;0;0;0;0;0;0;0;0;0;0;0;0;0;0;0;0;0;0;0
Alle Orte;        5 bis unter 10 Jahre;Männlich;0;0;0;0;0;0;0;0;0;0;0;0;0;0;0;0;0;0;0;0
Alle Orte;        5 bis unter 10 Jahre;        Weiblich;0;0;0;0;0;0;0;0;0;0;0;0;0;0;0;0;0;0;0;0
Alle Orte;        5 bis unter 10 Jahre;        Unbekannt;0;0;0;0;0;0;0;0;0;0;0;0;0;0;0;0;0;0;0;0
Alle Orte;10 bis unter 15 Jahre;Alle Geschlechter;0;0;0;0;0;0;0;0;0;0;0;0;0;0;0;0;0;0;0;0
Alle Orte;10 bis unter 15 Jahre;Männlich;0;0;0;0;0;0;0;0;0;0;0;0;0;0;0;0;0;0;0;0
Alle Orte;10 bis unter 15 Jahre;        Weiblich;0;0;0;0;0;0;0;0;0;0;0;0;0;0;0;0;0;0;0;0
Alle Orte;10 bis unter 15 Jahre;        Unbekannt;0;0;0;0;0;0;0;0;0;0;0;0;0;0;0;0;0;0;0;0
Alle Orte;        15 bis unter 20 Jahre;Alle Geschlechter;0;7;14;12;21;22;28;25;23;22;47;73;72;110;178;164;190;162;181;182
Alle Orte;        15 bis unter 20 Jahre;Männlich;0;2;5;5;7;15;15;15;12;12;29;37;44;62;124;120;137;112;103;88
Alle Orte;        15 bis unter 20 Jahre;        Weiblich;0;5;9;7;14;7;13;10;11;10;18;36;28;48;54;44;53;50;78;94
Alle Orte;        15 bis unter 20 Jahre;        Unbekannt;0;0;0;0;0;0;0;0;0;0;0;0;0;0;0;0;0;0;0;0
Alle Orte;        20 bis unter 25 Jahre;Alle Geschlechter;8;28;40;53;60;69;101;129;167;185;199;282;288;384;513;520;727;674;842;893
Alle Orte;        20 bis unter 25 Jahre;Männlich;8;16;23;28;43;41;70;92;116;127;148;213;207;301;377;387;542;484;557;550
Alle Orte;        20 bis unter 25 Jahre;        Weiblich;0;12;17;25;17;28;31;37;51;58;51;68;81;82;136;133;185;190;285;343
Alle Orte;        20 bis unter 25 Jahre;        Unbekannt;0;0;0;0;0;0;0;0;0;0;0;1;0;1;0;0;0;0;0;0
Alle Orte;        25 bis unter 30 Jahre;Alle Geschlechter;31;46;60;60;66;83;104;152;166;189;234;294;320;397;523;477;592;634;720;942
Alle Orte;        25 bis unter 30 Jahre;Männlich;31;28;40;32;46;56;80;112;119;149;169;234;229;293;392;364;414;421;454;555
Alle Orte;        25 bis unter 30 Jahre;        Weiblich;0;18;20;28;20;27;24;40;47;40;65;60;91;104;131;113;178;213;266;387
Alle Orte;        25 bis unter 30 Jahre;        Unbekannt;0;0;0;0;0;0;0;0;0;0;0;0;0;0;0;0;0;0;0;0
Alle Orte;        30 bis unter 35 Jahre;Alle Geschlechter;33;61;82;74;84;109;103;163;190;175;212;229;216;233;336;296;365;381;445;543
Alle Orte;        30 bis unter 35 Jahre;Männlich;33;47;51;45;56;73;76;119;140;132;160;151;135;156;236;210;230;265;289;340
Alle Orte;        30 bis unter 35 Jahre;        Weiblich;0;14;31;29;28;36;27;44;50;43;51;78;81;77;100;86;135;116;156;203
Alle Orte;        30 bis unter 35 Jahre;        Unbekannt;0;0;0;0;0;0;0;0;0;0;1;0;0;0;0;0;0;0;0;0
Alle Orte;        35 bis unter 40 Jahre;Alle Geschlechter;25;60;62;65;68;82;92;98;119;132;148;198;166;209;242;215;204;224;272;321
Alle Orte;        35 bis unter 40 Jahre;Männlich;25;30;28;27;41;44;66;66;77;89;110;139;117;144;193;162;141;133;164;172
Alle Orte;        35 bis unter 40 Jahre;        Weiblich;0;30;34;38;27;38;26;32;42;43;38;59;49;65;49;53;63;91;108;149
Alle Orte;        35 bis unter 40 Jahre;        Unbekannt;0;0;0;0;0;0;0;0;0;0;0;0;0;0;0;0;0;0;0;0
Alle Orte;        40 bis unter 45 Jahre;Alle Geschlechter;10;70;84;89;81;73;114;97;76;111;101;152;145;148;146;151;174;191;196;221
Alle Orte;        40 bis unter 45 Jahre;Männlich;10;23;39;50;35;28;62;58;46;63;54;100;87;104;97;97;110;120;106;120
Alle Orte;        40 bis unter 45 Jahre;        Weiblich;0;47;45;39;46;45;52;39;30;48;47;52;58;44;49;54;64;71;90;101
Alle Orte;        40 bis unter 45 Jahre;        Unbekannt;0;0;0;0;0;0;0;0;0;0;0;0;0;0;0;0;0;0;0;0
Alle Orte;        45 bis unter 50 Jahre;Alle Geschlechter;10;40;36;60;41;50;79;115;112;126;128;131;101;119;120;94;127;105;135;142
Alle Orte;        45 bis unter 50 Jahre;Männlich;10;19;13;19;19;12;31;50;48;61;70;63;55;63;74;47;73;46;63;67
Alle Orte;        45 bis unter 50 Jahre;        Weiblich;0;21;23;41;22;38;48;65;64;65;58;68;46;56;46;47;54;59;72;75
Alle Orte;        45 bis unter 50 Jahre;        Unbekannt;0;0;0;0;0;0;0;0;0;0;0;0;0;0;0;0;0;0;0;0
Alle Orte;        50 bis unter 55 Jahre;Alle Geschlechter;0;17;19;32;30;51;43;62;51;65;84;107;109;105;123;109;106;94;113;109
Alle Orte;        50 bis unter 55 Jahre;Männlich;0;2;3;7;4;13;9;24;14;26;28;40;46;46;58;37;37;38;47;47
Alle Orte;        50 bis unter 55 Jahre;        Weiblich;0;15;16;25;26;38;34;38;37;39;56;67;63;59;65;72;69;56;66;62
Alle Orte;        50 bis unter 55 Jahre;        Unbekannt;0;0;0;0;0;0;0;0;0;0;0;0;0;0;0;0;0;0;0;0
Alle Orte;        55 bis unter 60 Jahre;Alle Geschlechter;3;8;12;9;13;9;19;21;28;34;34;41;58;68;83;66;69;82;104;95
Alle Orte;        55 bis unter 60 Jahre;Männlich;3;0;1;0;2;3;4;4;3;7;10;10;13;23;36;22;22;27;35;35
Alle Orte;        55 bis unter 60 Jahre;        Weiblich;0;8;11;9;11;6;15;17;25;27;24;31;45;45;47;44;47;55;69;60
Alle Orte;        55 bis unter 60 Jahre;        Unbekannt;0;0;0;0;0;0;0;0;0;0;0;0;0;0;0;0;0;0;0;0
Alle Orte;        60 bis unter 65 Jahre;Alle Geschlechter;0;7;3;6;8;11;2;11;18;11;15;15;22;30;41;40;28;31;42;51
Alle Orte;        60 bis unter 65 Jahre;Männlich;0;2;2;2;1;1;1;0;1;0;4;7;6;3;6;11;8;13;10;19
Alle Orte;        60 bis unter 65 Jahre;        Weiblich;0;5;1;4;7;10;1;11;17;11;11;8;16;27;35;29;20;18;32;32
Alle Orte;        60 bis unter 65 Jahre;        Unbekannt;0;0;0;0;0;0;0;0;0;0;0;0;0;0;0;0;0;0;0;0
Alle Orte;        65 bis unter 70 Jahre;Alle Geschlechter;0;0;4;1;0;4;4;4;5;1;4;3;6;12;16;17;11;19;20;11
Alle Orte;        65 bis unter 70 Jahre;Männlich;0;0;0;0;0;0;1;2;3;0;0;0;0;1;4;3;2;7;5;1
Alle Orte;        65 bis unter 70 Jahre;        Weiblich;0;0;4;1;0;4;3;2;2;1;4;3;6;11;12;14;9;12;15;10
Alle Orte;        65 bis unter 70 Jahre;        Unbekannt;0;0;0;0;0;0;0;0;0;0;0;0;0;0;0;0;0;0;0;0
Alle Orte;        70 bis unter 75 Jahre;Alle Geschlechter;0;0;2;0;0;1;2;5;2;0;0;1;1;1;2;4;4;3;5;8
Alle Orte;        70 bis unter 75 Jahre;Männlich;0;0;0;0;0;1;0;0;0;0;0;1;0;0;0;1;2;1;1;4
Alle Orte;        70 bis unter 75 Jahre;        Weiblich;0;0;2;0;0;0;2;5;2;0;0;0;1;1;2;3;2;2;4;4
Alle Orte;        70 bis unter 75 Jahre;        Unbekannt;0;0;0;0;0;0;0;0;0;0;0;0;0;0;0;0;0;0;0;0
Alle Orte;        75 bis unter 80 Jahre;Alle Geschlechter;0;0;0;0;0;0;0;1;0;0;0;1;1;0;1;2;1;0;0;1
Alle Orte;        75 bis unter 80 Jahre;Männlich;0;0;0;0;0;0;0;0;0;0;0;0;0;0;0;1;1;0;0;1
Alle Orte;        75 bis unter 80 Jahre;        Weiblich;0;0;0;0;0;0;0;1;0;0;0;1;1;0;1;1;0;0;0;0
Alle Orte;        75 bis unter 80 Jahre;        Unbekannt;0;0;0;0;0;0;0;0;0;0;0;0;0;0;0;0;0;0;0;0
Alle Orte;        80 bis unter 85 Jahre;Alle Geschlechter;0;0;0;1;0;0;0;0;1;0;0;0;0;0;0;0;0;0;0;1
Alle Orte;        80 bis unter 85 Jahre;Männlich;0;0;0;0;0;0;0;0;1;0;0;0;0;0;0;0;0;0;0;1
Alle Orte;        80 bis unter 85 Jahre;        Weiblich;0;0;0;1;0;0;0;0;0;0;0;0;0;0;0;0;0;0;0;0
Alle Orte;        80 bis unter 85 Jahre;        Unbekannt;0;0;0;0;0;0;0;0;0;0;0;0;0;0;0;0;0;0;0;0
Alle Orte;        85 bis unter 90 Jahre;Alle Geschlechter;0;0;0;0;0;0;0;0;0;0;0;0;0;0;0;0;0;0;0;0
Alle Orte;        85 bis unter 90 Jahre;Männlich;0;0;0;0;0;0;0;0;0;0;0;0;0;0;0;0;0;0;0;0
Alle Orte;        85 bis unter 90 Jahre;        Weiblich;0;0;0;0;0;0;0;0;0;0;0;0;0;0;0;0;0;0;0;0
Alle Orte;        85 bis unter 90 Jahre;        Unbekannt;0;0;0;0;0;0;0;0;0;0;0;0;0;0;0;0;0;0;0;0
Alle Orte;        90 bis unter 95 Jahre;Alle Geschlechter;0;0;0;0;0;0;0;0;0;0;0;0;0;0;0;0;0;0;0;0
Alle Orte;        90 bis unter 95 Jahre;Männlich;0;0;0;0;0;0;0;0;0;0;0;0;0;0;0;0;0;0;0;0
Alle Orte;        90 bis unter 95 Jahre;        Weiblich;0;0;0;0;0;0;0;0;0;0;0;0;0;0;0;0;0;0;0;0
Alle Orte;        90 bis unter 95 Jahre;        Unbekannt;0;0;0;0;0;0;0;0;0;0;0;0;0;0;0;0;0;0;0;0
Alle Orte;        95 Jahre und älter;Alle Geschlechter;0;0;0;0;0;0;0;0;0;0;0;0;0;0;0;0;0;0;0;0
Alle Orte;        95 Jahre und älter;Männlich;0;0;0;0;0;0;0;0;0;0;0;0;0;0;0;0;0;0;0;0
Alle Orte;        95 Jahre und älter;        Weiblich;0;0;0;0;0;0;0;0;0;0;0;0;0;0;0;0;0;0;0;0
Alle Orte;        95 Jahre und älter;        Unbekannt;0;0;0;0;0;0;0;0;0;0;0;0;0;0;0;0;0;0;0;0
Alle Orte;        Unbekannt;Alle Geschlechter;0;0;0;0;0;0;0;0;0;0;0;0;0;0;0;0;0;0;0;0
Alle Orte;        Unbekannt;Männlich;0;0;0;0;0;0;0;0;0;0;0;0;0;0;0;0;0;0;0;0
Alle Orte;        Unbekannt;        Weiblich;0;0;0;0;0;0;0;0;0;0;0;0;0;0;0;0;0;0;0;0
Alle Orte;        Unbekannt;        Unbekannt;0;0;0;0;0;0;0;0;0;0;0;0;0;0;0;0;0;0;0;0
        Deutschland;Alle Altersgruppen;Alle Geschlechter;120;345;419;462;472;564;691;883;958;1.051;1.206;1.529;1.505;1.816;2.324;2.155;2.598;2.600;3.075;3.520
        Deutschland;Alle Altersgruppen;Männlich;120;170;205;215;254;287;415;542;580;666;782;996;939;1.196;1.597;1.462;1.719;1.667;1.834;2.000
        Deutschland;Alle Altersgruppen;        Weiblich;0;175;214;247;218;277;276;341;378;385;423;532;566;619;727;693;879;933;1.241;1.520
        Deutschland;Alle Altersgruppen;        Unbekannt;0;0;0;0;0;0;0;0;0;0;1;1;0;1;0;0;0;0;0;0
        Deutschland;        Unter 1 Jahr;Alle Geschlechter;0;0;1;0;0;0;0;0;0;0;0;1;0;0;0;0;0;0;0;0
        Deutschland;        Unter 1 Jahr;Männlich;0;0;0;0;0;0;0;0;0;0;0;0;0;0;0;0;0;0;0;0
        Deutschland;        Unter 1 Jahr;        Weiblich;0;0;1;0;0;0;0;0;0;0;0;1;0;0;0;0;0;0;0;0
        Deutschland;        Unter 1 Jahr;        Unbekannt;0;0;0;0;0;0;0;0;0;0;0;0;0;0;0;0;0;0;0;0
        Deutschland;        1 Jahr bis unter 5 Jahre;Alle Geschlechter;0;1;0;0;0;0;0;0;0;0;0;1;0;0;0;0;0;0;0;0
        Deutschland;        1 Jahr bis unter 5 Jahre;Männlich;0;1;0;0;0;0;0;0;0;0;0;1;0;0;0;0;0;0;0;0
        Deutschland;        1 Jahr bis unter 5 Jahre;        Weiblich;0;0;0;0;0;0;0;0;0;0;0;0;0;0;0;0;0;0;0;0
        Deutschland;        1 Jahr bis unter 5 Jahre;        Unbekannt;0;0;0;0;0;0;0;0;0;0;0;0;0;0;0;0;0;0;0;0
        Deutschland;        5 bis unter 10 Jahre;Alle Geschlechter;0;0;0;0;0;0;0;0;0;0;0;0;0;0;0;0;0;0;0;0
        Deutschland;        5 bis unter 10 Jahre;Männlich;0;0;0;0;0;0;0;0;0;0;0;0;0;0;0;0;0;0;0;0
        Deutschland;        5 bis unter 10 Jahre;        Weiblich;0;0;0;0;0;0;0;0;0;0;0;0;0;0;0;0;0;0;0;0
        Deutschland;        5 bis unter 10 Jahre;        Unbekannt;0;0;0;0;0;0;0;0;0;0;0;0;0;0;0;0;0;0;0;0
        Deutschland;        10 bis unter 15 Jahre;Alle Geschlechter;0;0;0;0;0;0;0;0;0;0;0;0;0;0;0;0;0;0;0;0
        Deutschland;        10 bis unter 15 Jahre;Männlich;0;0;0;0;0;0;0;0;0;0;0;0;0;0;0;0;0;0;0;0
        Deutschland;        10 bis unter 15 Jahre;        Weiblich;0;0;0;0;0;0;0;0;0;0;0;0;0;0;0;0;0;0;0;0
        Deutschland;        10 bis unter 15 Jahre;        Unbekannt;0;0;0;0;0;0;0;0;0;0;0;0;0;0;0;0;0;0;0;0
        Deutschland;        15 bis unter 20 Jahre;Alle Geschlechter;0;7;14;12;21;22;28;25;23;22;47;73;72;110;178;164;190;162;181;182
        Deutschland;        15 bis unter 20 Jahre;Männlich;0;2;5;5;7;15;15;15;12;12;29;37;44;62;124;120;137;112;103;88
        Deutschland;        15 bis unter 20 Jahre;        Weiblich;0;5;9;7;14;7;13;10;11;10;18;36;28;48;54;44;53;50;78;94
        Deutschland;        15 bis unter 20 Jahre;        Unbekannt;0;0;0;0;0;0;0;0;0;0;0;0;0;0;0;0;0;0;0;0
        Deutschland;        20 bis unter 25 Jahre;Alle Geschlechter;8;28;40;53;60;69;101;129;167;185;199;282;288;384;513;520;727;674;842;893
        Deutschland;        20 bis unter 25 Jahre;Männlich;8;16;23;28;43;41;70;92;116;127;148;213;207;301;377;387;542;484;557;550
        Deutschland;        20 bis unter 25 Jahre;        Weiblich;0;12;17;25;17;28;31;37;51;58;51;68;81;82;136;133;185;190;285;343
        Deutschland;        20 bis unter 25 Jahre;        Unbekannt;0;0;0;0;0;0;0;0;0;0;0;1;0;1;0;0;0;0;0;0
        Deutschland;        25 bis unter 30 Jahre;Alle Geschlechter;31;46;60;60;66;83;104;152;166;189;234;294;320;397;523;477;592;634;720;942
        Deutschland;        25 bis unter 30 Jahre;Männlich;31;28;40;32;46;56;80;112;119;149;169;234;229;293;392;364;414;421;454;555
        Deutschland;        25 bis unter 30 Jahre;        Weiblich;0;18;20;28;20;27;24;40;47;40;65;60;91;104;131;113;178;213;266;387
        Deutschland;        25 bis unter 30 Jahre;        Unbekannt;0;0;0;0;0;0;0;0;0;0;0;0;0;0;0;0;0;0;0;0
        Deutschland;        30 bis unter 35 Jahre;Alle Geschlechter;33;61;82;74;84;109;103;163;190;175;212;229;216;233;336;296;365;381;445;543
        Deutschland;        30 bis unter 35 Jahre;Männlich;33;47;51;45;56;73;76;119;140;132;160;151;135;156;236;210;230;265;289;340
        Deutschland;        30 bis unter 35 Jahre;        Weiblich;0;14;31;29;28;36;27;44;50;43;51;78;81;77;100;86;135;116;156;203
        Deutschland;        30 bis unter 35 Jahre;        Unbekannt;0;0;0;0;0;0;0;0;0;0;1;0;0;0;0;0;0;0;0;0
        Deutschland;        35 bis unter 40 Jahre;Alle Geschlechter;25;60;62;65;68;82;92;98;119;132;148;198;166;209;242;215;204;224;272;321
        Deutschland;        35 bis unter 40 Jahre;Männlich;25;30;28;27;41;44;66;66;77;89;110;139;117;144;193;162;141;133;164;172
        Deutschland;        35 bis unter 40 Jahre;        Weiblich;0;30;34;38;27;38;26;32;42;43;38;59;49;65;49;53;63;91;108;149
        Deutschland;        35 bis unter 40 Jahre;        Unbekannt;0;0;0;0;0;0;0;0;0;0;0;0;0;0;0;0;0;0;0;0
        Deutschland;        40 bis unter 45 Jahre;Alle Geschlechter;10;70;84;89;81;73;114;97;76;111;101;152;145;148;146;151;174;191;196;221
        Deutschland;        40 bis unter 45 Jahre;Männlich;10;23;39;50;35;28;62;58;46;63;54;100;87;104;97;97;110;120;106;120
        Deutschland;        40 bis unter 45 Jahre;        Weiblich;0;47;45;39;46;45;52;39;30;48;47;52;58;44;49;54;64;71;90;101
        Deutschland;        40 bis unter 45 Jahre;        Unbekannt;0;0;0;0;0;0;0;0;0;0;0;0;0;0;0;0;0;0;0;0
        Deutschland;        45 bis unter 50 Jahre;Alle Geschlechter;10;40;36;60;41;50;79;115;112;126;128;131;101;119;120;94;127;105;135;142
        Deutschland;        45 bis unter 50 Jahre;Männlich;10;19;13;19;19;12;31;50;48;61;70;63;55;63;74;47;73;46;63;67
        Deutschland;        45 bis unter 50 Jahre;        Weiblich;0;21;23;41;22;38;48;65;64;65;58;68;46;56;46;47;54;59;72;75
        Deutschland;        45 bis unter 50 Jahre;        Unbekannt;0;0;0;0;0;0;0;0;0;0;0;0;0;0;0;0;0;0;0;0
        Deutschland;        50 bis unter 55 Jahre;Alle Geschlechter;0;17;19;32;30;51;43;62;51;65;84;107;109;105;123;109;106;94;113;109
        Deutschland;        50 bis unter 55 Jahre;Männlich;0;2;3;7;4;13;9;24;14;26;28;40;46;46;58;37;37;38;47;47
        Deutschland;        50 bis unter 55 Jahre;        Weiblich;0;15;16;25;26;38;34;38;37;39;56;67;63;59;65;72;69;56;66;62
        Deutschland;        50 bis unter 55 Jahre;        Unbekannt;0;0;0;0;0;0;0;0;0;0;0;0;0;0;0;0;0;0;0;0
        Deutschland;        55 bis unter 60 Jahre;Alle Geschlechter;3;8;12;9;13;9;19;21;28;34;34;41;58;68;83;66;69;82;104;95
        Deutschland;        55 bis unter 60 Jahre;Männlich;3;0;1;0;2;3;4;4;3;7;10;10;13;23;36;22;22;27;35;35
        Deutschland;        55 bis unter 60 Jahre;        Weiblich;0;8;11;9;11;6;15;17;25;27;24;31;45;45;47;44;47;55;69;60
        Deutschland;        55 bis unter 60 Jahre;        Unbekannt;0;0;0;0;0;0;0;0;0;0;0;0;0;0;0;0;0;0;0;0
        Deutschland;        60 bis unter 65 Jahre;Alle Geschlechter;0;7;3;6;8;11;2;11;18;11;15;15;22;30;41;40;28;31;42;51
        Deutschland;        60 bis unter 65 Jahre;Männlich;0;2;2;2;1;1;1;0;1;0;4;7;6;3;6;11;8;13;10;19
        Deutschland;        60 bis unter 65 Jahre;        Weiblich;0;5;1;4;7;10;1;11;17;11;11;8;16;27;35;29;20;18;32;32
        Deutschland;        60 bis unter 65 Jahre;        Unbekannt;0;0;0;0;0;0;0;0;0;0;0;0;0;0;0;0;0;0;0;0
        Deutschland;        65 bis unter 70 Jahre;Alle Geschlechter;0;0;4;1;0;4;4;4;5;1;4;3;6;12;16;17;11;19;20;11
        Deutschland;        65 bis unter 70 Jahre;Männlich;0;0;0;0;0;0;1;2;3;0;0;0;0;1;4;3;2;7;5;1
        Deutschland;        65 bis unter 70 Jahre;        Weiblich;0;0;4;1;0;4;3;2;2;1;4;3;6;11;12;14;9;12;15;10
        Deutschland;        65 bis unter 70 Jahre;        Unbekannt;0;0;0;0;0;0;0;0;0;0;0;0;0;0;0;0;0;0;0;0
        Deutschland;        70 bis unter 75 Jahre;Alle Geschlechter;0;0;2;0;0;1;2;5;2;0;0;1;1;1;2;4;4;3;5;8
        Deutschland;        70 bis unter 75 Jahre;Männlich;0;0;0;0;0;1;0;0;0;0;0;1;0;0;0;1;2;1;1;4
        Deutschland;        70 bis unter 75 Jahre;        Weiblich;0;0;2;0;0;0;2;5;2;0;0;0;1;1;2;3;2;2;4;4
        Deutschland;        70 bis unter 75 Jahre;        Unbekannt;0;0;0;0;0;0;0;0;0;0;0;0;0;0;0;0;0;0;0;0
        Deutschland;        75 bis unter 80 Jahre;Alle Geschlechter;0;0;0;0;0;0;0;1;0;0;0;1;1;0;1;2;1;0;0;1
        Deutschland;        75 bis unter 80 Jahre;Männlich;0;0;0;0;0;0;0;0;0;0;0;0;0;0;0;1;1;0;0;1
        Deutschland;        75 bis unter 80 Jahre;        Weiblich;0;0;0;0;0;0;0;1;0;0;0;1;1;0;1;1;0;0;0;0
        Deutschland;        75 bis unter 80 Jahre;        Unbekannt;0;0;0;0;0;0;0;0;0;0;0;0;0;0;0;0;0;0;0;0
        Deutschland;        80 bis unter 85 Jahre;Alle Geschlechter;0;0;0;1;0;0;0;0;1;0;0;0;0;0;0;0;0;0;0;1
        Deutschland;        80 bis unter 85 Jahre;Männlich;0;0;0;0;0;0;0;0;1;0;0;0;0;0;0;0;0;0;0;1
        Deutschland;        80 bis unter 85 Jahre;        Weiblich;0;0;0;1;0;0;0;0;0;0;0;0;0;0;0;0;0;0;0;0
        Deutschland;        80 bis unter 85 Jahre;        Unbekannt;0;0;0;0;0;0;0;0;0;0;0;0;0;0;0;0;0;0;0;0
        Deutschland;        85 bis unter 90 Jahre;Alle Geschlechter;0;0;0;0;0;0;0;0;0;0;0;0;0;0;0;0;0;0;0;0
        Deutschland;        85 bis unter 90 Jahre;Männlich;0;0;0;0;0;0;0;0;0;0;0;0;0;0;0;0;0;0;0;0
        Deutschland;        85 bis unter 90 Jahre;        Weiblich;0;0;0;0;0;0;0;0;0;0;0;0;0;0;0;0;0;0;0;0
        Deutschland;        85 bis unter 90 Jahre;        Unbekannt;0;0;0;0;0;0;0;0;0;0;0;0;0;0;0;0;0;0;0;0
        Deutschland;        90 bis unter 95 Jahre;Alle Geschlechter;0;0;0;0;0;0;0;0;0;0;0;0;0;0;0;0;0;0;0;0
        Deutschland;        90 bis unter 95 Jahre;Männlich;0;0;0;0;0;0;0;0;0;0;0;0;0;0;0;0;0;0;0;0
        Deutschland;        90 bis unter 95 Jahre;        Weiblich;0;0;0;0;0;0;0;0;0;0;0;0;0;0;0;0;0;0;0;0
        Deutschland;        90 bis unter 95 Jahre;        Unbekannt;0;0;0;0;0;0;0;0;0;0;0;0;0;0;0;0;0;0;0;0
        Deutschland;        95 Jahre und älter;Alle Geschlechter;0;0;0;0;0;0;0;0;0;0;0;0;0;0;0;0;0;0;0;0
        Deutschland;        95 Jahre und älter;Männlich;0;0;0;0;0;0;0;0;0;0;0;0;0;0;0;0;0;0;0;0
        Deutschland;        95 Jahre und älter;        Weiblich;0;0;0;0;0;0;0;0;0;0;0;0;0;0;0;0;0;0;0;0
        Deutschland;        95 Jahre und älter;        Unbekannt;0;0;0;0;0;0;0;0;0;0;0;0;0;0;0;0;0;0;0;0
        Deutschland;        Unbekannt;Alle Geschlechter;0;0;0;0;0;0;0;0;0;0;0;0;0;0;0;0;0;0;0;0
        Deutschland;        Unbekannt;Männlich;0;0;0;0;0;0;0;0;0;0;0;0;0;0;0;0;0;0;0;0
        Deutschland;        Unbekannt;        Weiblich;0;0;0;0;0;0;0;0;0;0;0;0;0;0;0;0;0;0;0;0
        Deutschland;        Unbekannt;        Unbekannt;0;0;0;0;0;0;0;0;0;0;0;0;0;0;0;0;0;0;0;0
          Baden-Württemberg;Alle Altersgruppen;Alle Geschlechter;1;4;2;6;10;9;6;8;7;8;9;12;10;15;19;43;42;56;80;138
          Baden-Württemberg;Alle Altersgruppen;Männlich;1;1;0;0;1;2;0;0;1;1;1;1;1;0;4;14;11;22;15;32
          Baden-Württemberg;Alle Altersgruppen;        Weiblich;0;3;2;6;9;7;6;8;6;7;8;11;9;14;15;29;31;34;65;106
          Baden-Württemberg;Alle Altersgruppen;        Unbekannt;0;0;0;0;0;0;0;0;0;0;0;0;0;1;0;0;0;0;0;0
          Baden-Württemberg;        Unter 1 Jahr;Alle Geschlechter;0;0;0;0;0;0;0;0;0;0;0;0;0;0;0;0;0;0;0;0
          Baden-Württemberg;        Unter 1 Jahr;Männlich;0;0;0;0;0;0;0;0;0;0;0;0;0;0;0;0;0;0;0;0
          Baden-Württemberg;        Unter 1 Jahr;        Weiblich;0;0;0;0;0;0;0;0;0;0;0;0;0;0;0;0;0;0;0;0
          Baden-Württemberg;        Unter 1 Jahr;        Unbekannt;0;0;0;0;0;0;0;0;0;0;0;0;0;0;0;0;0;0;0;0
          Baden-Württemberg;        1 Jahr bis unter 5 Jahre;Alle Geschlechter;0;0;0;0;0;0;0;0;0;0;0;0;0;0;0;0;0;0;0;0
          Baden-Württemberg;        1 Jahr bis unter 5 Jahre;Männlich;0;0;0;0;0;0;0;0;0;0;0;0;0;0;0;0;0;0;0;0
          Baden-Württemberg;        1 Jahr bis unter 5 Jahre;        Weiblich;0;0;0;0;0;0;0;0;0;0;0;0;0;0;0;0;0;0;0;0
          Baden-Württemberg;        1 Jahr bis unter 5 Jahre;        Unbekannt;0;0;0;0;0;0;0;0;0;0;0;0;0;0;0;0;0;0;0;0
          Baden-Württemberg;        5 bis unter 10 Jahre;Alle Geschlechter;0;0;0;0;0;0;0;0;0;0;0;0;0;0;0;0;0;0;0;0
          Baden-Württemberg;        5 bis unter 10 Jahre;Männlich;0;0;0;0;0;0;0;0;0;0;0;0;0;0;0;0;0;0;0;0
          Baden-Württemberg;        5 bis unter 10 Jahre;        Weiblich;0;0;0;0;0;0;0;0;0;0;0;0;0;0;0;0;0;0;0;0
          Baden-Württemberg;        5 bis unter 10 Jahre;        Unbekannt;0;0;0;0;0;0;0;0;0;0;0;0;0;0;0;0;0;0;0;0
          Baden-Württemberg;        10 bis unter 15 Jahre;Alle Geschlechter;0;0;0;0;0;0;0;0;0;0;0;0;0;0;0;0;0;0;0;0
          Baden-Württemberg;        10 bis unter 15 Jahre;Männlich;0;0;0;0;0;0;0;0;0;0;0;0;0;0;0;0;0;0;0;0
          Baden-Württemberg;        10 bis unter 15 Jahre;        Weiblich;0;0;0;0;0;0;0;0;0;0;0;0;0;0;0;0;0;0;0;0
          Baden-Württemberg;        10 bis unter 15 Jahre;        Unbekannt;0;0;0;0;0;0;0;0;0;0;0;0;0;0;0;0;0;0;0;0
          Baden-Württemberg;        15 bis unter 20 Jahre;Alle Geschlechter;0;0;0;0;0;0;3;1;0;0;0;0;1;1;0;1;0;4;2;5
          Baden-Württemberg;        15 bis unter 20 Jahre;Männlich;0;0;0;0;0;0;0;0;0;0;0;0;0;0;0;0;0;4;1;2
          Baden-Württemberg;        15 bis unter 20 Jahre;        Weiblich;0;0;0;0;0;0;3;1;0;0;0;0;1;1;0;1;0;0;1;3
          Baden-Württemberg;        15 bis unter 20 Jahre;        Unbekannt;0;0;0;0;0;0;0;0;0;0;0;0;0;0;0;0;0;0;0;0
          Baden-Württemberg;        20 bis unter 25 Jahre;Alle Geschlechter;0;0;0;1;1;2;0;0;1;2;1;3;2;2;4;3;11;17;17;32
          Baden-Württemberg;        20 bis unter 25 Jahre;Männlich;0;0;0;0;0;1;0;0;0;1;1;0;0;0;2;1;5;11;6;15
          Baden-Württemberg;        20 bis unter 25 Jahre;        Weiblich;0;0;0;1;1;1;0;0;1;1;0;3;2;1;2;2;6;6;11;17
          Baden-Württemberg;        20 bis unter 25 Jahre;        Unbekannt;0;0;0;0;0;0;0;0;0;0;0;0;0;1;0;0;0;0;0;0
          Baden-Württemberg;        25 bis unter 30 Jahre;Alle Geschlechter;0;1;0;0;0;1;0;0;0;0;0;0;3;1;3;8;6;8;14;20
          Baden-Württemberg;        25 bis unter 30 Jahre;Männlich;0;0;0;0;0;0;0;0;0;0;0;0;1;0;1;5;2;5;3;2
          Baden-Württemberg;        25 bis unter 30 Jahre;        Weiblich;0;1;0;0;0;1;0;0;0;0;0;0;2;1;2;3;4;3;11;18
          Baden-Württemberg;        25 bis unter 30 Jahre;        Unbekannt;0;0;0;0;0;0;0;0;0;0;0;0;0;0;0;0;0;0;0;0
          Baden-Württemberg;        30 bis unter 35 Jahre;Alle Geschlechter;0;0;0;2;2;1;0;0;3;0;2;1;2;0;3;11;7;5;11;26
          Baden-Württemberg;        30 bis unter 35 Jahre;Männlich;0;0;0;0;0;1;0;0;1;0;0;1;0;0;0;6;1;1;2;7
          Baden-Württemberg;        30 bis unter 35 Jahre;        Weiblich;0;0;0;2;2;0;0;0;2;0;2;0;2;0;3;5;6;4;9;19
          Baden-Württemberg;        30 bis unter 35 Jahre;        Unbekannt;0;0;0;0;0;0;0;0;0;0;0;0;0;0;0;0;0;0;0;0
          Baden-Württemberg;        35 bis unter 40 Jahre;Alle Geschlechter;0;1;1;0;2;1;0;1;1;1;1;1;1;1;2;5;4;4;7;20
          Baden-Württemberg;        35 bis unter 40 Jahre;Männlich;0;0;0;0;0;0;0;0;0;0;0;0;0;0;0;2;1;0;0;2
          Baden-Württemberg;        35 bis unter 40 Jahre;        Weiblich;0;1;1;0;2;1;0;1;1;1;1;1;1;1;2;3;3;4;7;18
          Baden-Württemberg;        35 bis unter 40 Jahre;        Unbekannt;0;0;0;0;0;0;0;0;0;0;0;0;0;0;0;0;0;0;0;0
          Baden-Württemberg;        40 bis unter 45 Jahre;Alle Geschlechter;0;0;0;2;2;1;0;0;0;0;0;2;0;2;2;1;2;4;11;10
          Baden-Württemberg;        40 bis unter 45 Jahre;Männlich;0;0;0;0;1;0;0;0;0;0;0;0;0;0;1;0;1;0;2;4
          Baden-Württemberg;        40 bis unter 45 Jahre;        Weiblich;0;0;0;2;1;1;0;0;0;0;0;2;0;2;1;1;1;4;9;6
          Baden-Württemberg;        40 bis unter 45 Jahre;        Unbekannt;0;0;0;0;0;0;0;0;0;0;0;0;0;0;0;0;0;0;0;0
          Baden-Württemberg;        45 bis unter 50 Jahre;Alle Geschlechter;1;1;1;1;2;2;0;3;0;2;2;2;1;3;0;1;3;5;6;2
          Baden-Württemberg;        45 bis unter 50 Jahre;Männlich;1;1;0;0;0;0;0;0;0;0;0;0;0;0;0;0;0;0;0;0
          Baden-Württemberg;        45 bis unter 50 Jahre;        Weiblich;0;0;1;1;2;2;0;3;0;2;2;2;1;3;0;1;3;5;6;2
          Baden-Württemberg;        45 bis unter 50 Jahre;        Unbekannt;0;0;0;0;0;0;0;0;0;0;0;0;0;0;0;0;0;0;0;0
          Baden-Württemberg;        50 bis unter 55 Jahre;Alle Geschlechter;0;0;0;0;1;1;3;3;1;0;2;3;0;0;3;5;3;4;6;13
          Baden-Württemberg;        50 bis unter 55 Jahre;Männlich;0;0;0;0;0;0;0;0;0;0;0;0;0;0;0;0;0;1;1;0
          Baden-Württemberg;        50 bis unter 55 Jahre;        Weiblich;0;0;0;0;1;1;3;3;1;0;2;3;0;0;3;5;3;3;5;13
          Baden-Württemberg;        50 bis unter 55 Jahre;        Unbekannt;0;0;0;0;0;0;0;0;0;0;0;0;0;0;0;0;0;0;0;0
          Baden-Württemberg;        55 bis unter 60 Jahre;Alle Geschlechter;0;0;0;0;0;0;0;0;1;1;0;0;0;3;0;3;4;4;6;6
          Baden-Württemberg;        55 bis unter 60 Jahre;Männlich;0;0;0;0;0;0;0;0;0;0;0;0;0;0;0;0;1;0;0;0
          Baden-Württemberg;        55 bis unter 60 Jahre;        Weiblich;0;0;0;0;0;0;0;0;1;1;0;0;0;3;0;3;3;4;6;6
          Baden-Württemberg;        55 bis unter 60 Jahre;        Unbekannt;0;0;0;0;0;0;0;0;0;0;0;0;0;0;0;0;0;0;0;0
          Baden-Württemberg;        60 bis unter 65 Jahre;Alle Geschlechter;0;1;0;0;0;0;0;0;0;2;1;0;0;2;1;3;1;1;0;4
          Baden-Württemberg;        60 bis unter 65 Jahre;Männlich;0;0;0;0;0;0;0;0;0;0;0;0;0;0;0;0;0;0;0;0
          Baden-Württemberg;        60 bis unter 65 Jahre;        Weiblich;0;1;0;0;0;0;0;0;0;2;1;0;0;2;1;3;1;1;0;4
          Baden-Württemberg;        60 bis unter 65 Jahre;        Unbekannt;0;0;0;0;0;0;0;0;0;0;0;0;0;0;0;0;0;0;0;0
          Baden-Württemberg;        65 bis unter 70 Jahre;Alle Geschlechter;0;0;0;0;0;0;0;0;0;0;0;0;0;0;1;2;0;0;0;0
          Baden-Württemberg;        65 bis unter 70 Jahre;Männlich;0;0;0;0;0;0;0;0;0;0;0;0;0;0;0;0;0;0;0;0
          Baden-Württemberg;        65 bis unter 70 Jahre;        Weiblich;0;0;0;0;0;0;0;0;0;0;0;0;0;0;1;2;0;0;0;0
          Baden-Württemberg;        65 bis unter 70 Jahre;        Unbekannt;0;0;0;0;0;0;0;0;0;0;0;0;0;0;0;0;0;0;0;0
          Baden-Württemberg;        70 bis unter 75 Jahre;Alle Geschlechter;0;0;0;0;0;0;0;0;0;0;0;0;0;0;0;0;1;0;0;0
          Baden-Württemberg;        70 bis unter 75 Jahre;Männlich;0;0;0;0;0;0;0;0;0;0;0;0;0;0;0;0;0;0;0;0
          Baden-Württemberg;        70 bis unter 75 Jahre;        Weiblich;0;0;0;0;0;0;0;0;0;0;0;0;0;0;0;0;1;0;0;0
          Baden-Württemberg;        70 bis unter 75 Jahre;        Unbekannt;0;0;0;0;0;0;0;0;0;0;0;0;0;0;0;0;0;0;0;0
          Baden-Württemberg;        75 bis unter 80 Jahre;Alle Geschlechter;0;0;0;0;0;0;0;0;0;0;0;0;0;0;0;0;0;0;0;0
          Baden-Württemberg;        75 bis unter 80 Jahre;Männlich;0;0;0;0;0;0;0;0;0;0;0;0;0;0;0;0;0;0;0;0
          Baden-Württemberg;        75 bis unter 80 Jahre;        Weiblich;0;0;0;0;0;0;0;0;0;0;0;0;0;0;0;0;0;0;0;0
          Baden-Württemberg;        75 bis unter 80 Jahre;        Unbekannt;0;0;0;0;0;0;0;0;0;0;0;0;0;0;0;0;0;0;0;0
          Baden-Württemberg;        80 bis unter 85 Jahre;Alle Geschlechter;0;0;0;0;0;0;0;0;0;0;0;0;0;0;0;0;0;0;0;0
          Baden-Württemberg;        80 bis unter 85 Jahre;Männlich;0;0;0;0;0;0;0;0;0;0;0;0;0;0;0;0;0;0;0;0
          Baden-Württemberg;        80 bis unter 85 Jahre;        Weiblich;0;0;0;0;0;0;0;0;0;0;0;0;0;0;0;0;0;0;0;0
          Baden-Württemberg;        80 bis unter 85 Jahre;        Unbekannt;0;0;0;0;0;0;0;0;0;0;0;0;0;0;0;0;0;0;0;0
          Baden-Württemberg;        85 bis unter 90 Jahre;Alle Geschlechter;0;0;0;0;0;0;0;0;0;0;0;0;0;0;0;0;0;0;0;0
          Baden-Württemberg;        85 bis unter 90 Jahre;Männlich;0;0;0;0;0;0;0;0;0;0;0;0;0;0;0;0;0;0;0;0
          Baden-Württemberg;        85 bis unter 90 Jahre;        Weiblich;0;0;0;0;0;0;0;0;0;0;0;0;0;0;0;0;0;0;0;0
          Baden-Württemberg;        85 bis unter 90 Jahre;        Unbekannt;0;0;0;0;0;0;0;0;0;0;0;0;0;0;0;0;0;0;0;0
          Baden-Württemberg;        90 bis unter 95 Jahre;Alle Geschlechter;0;0;0;0;0;0;0;0;0;0;0;0;0;0;0;0;0;0;0;0
          Baden-Württemberg;        90 bis unter 95 Jahre;Männlich;0;0;0;0;0;0;0;0;0;0;0;0;0;0;0;0;0;0;0;0
          Baden-Württemberg;        90 bis unter 95 Jahre;        Weiblich;0;0;0;0;0;0;0;0;0;0;0;0;0;0;0;0;0;0;0;0
          Baden-Württemberg;        90 bis unter 95 Jahre;        Unbekannt;0;0;0;0;0;0;0;0;0;0;0;0;0;0;0;0;0;0;0;0
          Baden-Württemberg;        95 Jahre und älter;Alle Geschlechter;0;0;0;0;0;0;0;0;0;0;0;0;0;0;0;0;0;0;0;0
          Baden-Württemberg;        95 Jahre und älter;Männlich;0;0;0;0;0;0;0;0;0;0;0;0;0;0;0;0;0;0;0;0
          Baden-Württemberg;        95 Jahre und älter;        Weiblich;0;0;0;0;0;0;0;0;0;0;0;0;0;0;0;0;0;0;0;0
          Baden-Württemberg;        95 Jahre und älter;        Unbekannt;0;0;0;0;0;0;0;0;0;0;0;0;0;0;0;0;0;0;0;0
          Baden-Württemberg;        Unbekannt;Alle Geschlechter;0;0;0;0;0;0;0;0;0;0;0;0;0;0;0;0;0;0;0;0
          Baden-Württemberg;        Unbekannt;Männlich;0;0;0;0;0;0;0;0;0;0;0;0;0;0;0;0;0;0;0;0
          Baden-Württemberg;        Unbekannt;        Weiblich;0;0;0;0;0;0;0;0;0;0;0;0;0;0;0;0;0;0;0;0
          Baden-Württemberg;        Unbekannt;        Unbekannt;0;0;0;0;0;0;0;0;0;0;0;0;0;0;0;0;0;0;0;0
          Bayern;Alle Altersgruppen;Alle Geschlechter;42;164;249;271;275;294;399;507;571;675;822;1.008;922;1.044;1.331;1.158;1.309;1.363;1.636;1.775
          Bayern;Alle Altersgruppen;Männlich;42;94;150;151;167;166;265;344;396;468;577;725;624;726;937;806;943;928;1.018;1.051
          Bayern;Alle Altersgruppen;        Weiblich;0;70;99;120;108;128;134;163;175;207;244;282;298;318;394;352;366;435;618;724
          Bayern;Alle Altersgruppen;        Unbekannt;0;0;0;0;0;0;0;0;0;0;1;1;0;0;0;0;0;0;0;0
          Bayern;        Unter 1 Jahr;Alle Geschlechter;0;0;0;0;0;0;0;0;0;0;0;1;0;0;0;0;0;0;0;0
          Bayern;        Unter 1 Jahr;Männlich;0;0;0;0;0;0;0;0;0;0;0;0;0;0;0;0;0;0;0;0
          Bayern;        Unter 1 Jahr;        Weiblich;0;0;0;0;0;0;0;0;0;0;0;1;0;0;0;0;0;0;0;0
          Bayern;        Unter 1 Jahr;        Unbekannt;0;0;0;0;0;0;0;0;0;0;0;0;0;0;0;0;0;0;0;0
          Bayern;        1 Jahr bis unter 5 Jahre;Alle Geschlechter;0;0;0;0;0;0;0;0;0;0;0;1;0;0;0;0;0;0;0;0
          Bayern;        1 Jahr bis unter 5 Jahre;Männlich;0;0;0;0;0;0;0;0;0;0;0;1;0;0;0;0;0;0;0;0
          Bayern;        1 Jahr bis unter 5 Jahre;        Weiblich;0;0;0;0;0;0;0;0;0;0;0;0;0;0;0;0;0;0;0;0
          Bayern;        1 Jahr bis unter 5 Jahre;        Unbekannt;0;0;0;0;0;0;0;0;0;0;0;0;0;0;0;0;0;0;0;0
          Bayern;        5 bis unter 10 Jahre;Alle Geschlechter;0;0;0;0;0;0;0;0;0;0;0;0;0;0;0;0;0;0;0;0
          Bayern;        5 bis unter 10 Jahre;Männlich;0;0;0;0;0;0;0;0;0;0;0;0;0;0;0;0;0;0;0;0
          Bayern;        5 bis unter 10 Jahre;        Weiblich;0;0;0;0;0;0;0;0;0;0;0;0;0;0;0;0;0;0;0;0
          Bayern;        5 bis unter 10 Jahre;        Unbekannt;0;0;0;0;0;0;0;0;0;0;0;0;0;0;0;0;0;0;0;0
          Bayern;        10 bis unter 15 Jahre;Alle Geschlechter;0;0;0;0;0;0;0;0;0;0;0;0;0;0;0;0;0;0;0;0
          Bayern;        10 bis unter 15 Jahre;Männlich;0;0;0;0;0;0;0;0;0;0;0;0;0;0;0;0;0;0;0;0
          Bayern;        10 bis unter 15 Jahre;        Weiblich;0;0;0;0;0;0;0;0;0;0;0;0;0;0;0;0;0;0;0;0
          Bayern;        10 bis unter 15 Jahre;        Unbekannt;0;0;0;0;0;0;0;0;0;0;0;0;0;0;0;0;0;0;0;0
          Bayern;        15 bis unter 20 Jahre;Alle Geschlechter;0;2;5;6;9;8;13;3;5;6;21;28;25;34;55;53;69;57;54;61
          Bayern;        15 bis unter 20 Jahre;Männlich;0;0;3;3;4;6;9;3;1;3;12;20;18;19;41;36;56;43;36;34
          Bayern;        15 bis unter 20 Jahre;        Weiblich;0;2;2;3;5;2;4;0;4;3;9;8;7;15;14;17;13;14;18;27
          Bayern;        15 bis unter 20 Jahre;        Unbekannt;0;0;0;0;0;0;0;0;0;0;0;0;0;0;0;0;0;0;0;0
          Bayern;        20 bis unter 25 Jahre;Alle Geschlechter;6;15;26;40;40;31;65;80;95;117;139;187;182;221;272;272;366;340;430;439
          Bayern;        20 bis unter 25 Jahre;Männlich;6;10;15;24;30;18;45;60;71;86;107;154;139;181;206;203;288;256;285;276
          Bayern;        20 bis unter 25 Jahre;        Weiblich;0;5;11;16;10;13;20;20;24;31;32;32;43;40;66;69;78;84;145;163
          Bayern;        20 bis unter 25 Jahre;        Unbekannt;0;0;0;0;0;0;0;0;0;0;0;1;0;0;0;0;0;0;0;0
          Bayern;        25 bis unter 30 Jahre;Alle Geschlechter;11;19;40;37;43;41;63;88;115;134;185;212;212;230;332;278;308;374;443;531
          Bayern;        25 bis unter 30 Jahre;Männlich;11;12;30;24;31;31;52;65;85;109;140;176;161;175;248;217;231;259;284;315
          Bayern;        25 bis unter 30 Jahre;        Weiblich;0;7;10;13;12;10;11;23;30;25;45;36;51;55;84;61;77;115;159;216
          Bayern;        25 bis unter 30 Jahre;        Unbekannt;0;0;0;0;0;0;0;0;0;0;0;0;0;0;0;0;0;0;0;0
          Bayern;        30 bis unter 35 Jahre;Alle Geschlechter;9;38;64;48;55;72;69;112;120;125;161;169;148;142;195;175;198;222;255;298
          Bayern;        30 bis unter 35 Jahre;Männlich;9;30;43;34;38;48;53;88;103;100;125;118;105;106;141;129;136;154;168;192
          Bayern;        30 bis unter 35 Jahre;        Weiblich;0;8;21;14;17;24;16;24;17;25;35;51;43;36;54;46;62;68;87;106
          Bayern;        30 bis unter 35 Jahre;        Unbekannt;0;0;0;0;0;0;0;0;0;0;1;0;0;0;0;0;0;0;0;0
          Bayern;        35 bis unter 40 Jahre;Alle Geschlechter;9;25;38;43;43;50;56;54;76;85;99;137;113;139;166;128;120;141;160;159
          Bayern;        35 bis unter 40 Jahre;Männlich;9;15;26;24;30;28;39;42;50;59;80;105;81;94;130;95;91;89;100;95
          Bayern;        35 bis unter 40 Jahre;        Weiblich;0;10;12;19;13;22;17;12;26;26;19;32;32;45;36;33;29;52;60;64
          Bayern;        35 bis unter 40 Jahre;        Unbekannt;0;0;0;0;0;0;0;0;0;0;0;0;0;0;0;0;0;0;0;0
          Bayern;        40 bis unter 45 Jahre;Alle Geschlechter;3;28;42;48;44;35;73;50;48;80;63;100;94;90;87;86;90;104;110;107
          Bayern;        40 bis unter 45 Jahre;Männlich;3;16;23;28;22;19;46;32;35;50;37;71;58;68;58;58;65;69;66;61
          Bayern;        40 bis unter 45 Jahre;        Weiblich;0;12;19;20;22;16;27;18;13;30;26;29;36;22;29;28;25;35;44;46
          Bayern;        40 bis unter 45 Jahre;        Unbekannt;0;0;0;0;0;0;0;0;0;0;0;0;0;0;0;0;0;0;0;0
          Bayern;        45 bis unter 50 Jahre;Alle Geschlechter;4;22;22;31;19;23;36;65;64;77;83;92;60;67;77;50;61;42;64;67
          Bayern;        45 bis unter 50 Jahre;Männlich;4;9;8;12;9;7;14;31;34;45;52;47;34;41;51;24;37;21;35;34
          Bayern;        45 bis unter 50 Jahre;        Weiblich;0;13;14;19;10;16;22;34;30;32;31;45;26;26;26;26;24;21;29;33
          Bayern;        45 bis unter 50 Jahre;        Unbekannt;0;0;0;0;0;0;0;0;0;0;0;0;0;0;0;0;0;0;0;0
          Bayern;        50 bis unter 55 Jahre;Alle Geschlechter;0;7;6;13;10;25;15;34;21;31;44;58;51;60;75;63;53;31;57;45
          Bayern;        50 bis unter 55 Jahre;Männlich;0;2;1;1;2;6;3;18;9;11;15;23;19;30;37;29;24;15;26;22
          Bayern;        50 bis unter 55 Jahre;        Weiblich;0;5;5;12;8;19;12;16;12;20;29;35;32;30;38;34;29;16;31;23
          Bayern;        50 bis unter 55 Jahre;        Unbekannt;0;0;0;0;0;0;0;0;0;0;0;0;0;0;0;0;0;0;0;0
          Bayern;        55 bis unter 60 Jahre;Alle Geschlechter;0;6;2;3;9;4;5;9;12;18;17;13;19;36;46;29;28;31;38;41
          Bayern;        55 bis unter 60 Jahre;Männlich;0;0;0;0;1;2;3;4;3;5;5;4;6;11;23;8;8;13;9;10
          Bayern;        55 bis unter 60 Jahre;        Weiblich;0;6;2;3;8;2;2;5;9;13;12;9;13;25;23;21;20;18;29;31
          Bayern;        55 bis unter 60 Jahre;        Unbekannt;0;0;0;0;0;0;0;0;0;0;0;0;0;0;0;0;0;0;0;0
          Bayern;        60 bis unter 65 Jahre;Alle Geschlechter;0;2;1;1;3;5;1;6;9;1;9;8;15;21;19;19;10;15;17;16
          Bayern;        60 bis unter 65 Jahre;Männlich;0;0;1;1;0;1;1;0;1;0;4;5;3;0;1;5;4;8;6;8
          Bayern;        60 bis unter 65 Jahre;        Weiblich;0;2;0;0;3;4;0;6;8;1;5;3;12;21;18;14;6;7;11;8
          Bayern;        60 bis unter 65 Jahre;        Unbekannt;0;0;0;0;0;0;0;0;0;0;0;0;0;0;0;0;0;0;0;0
          Bayern;        65 bis unter 70 Jahre;Alle Geschlechter;0;0;1;1;0;0;1;3;5;1;1;1;2;4;4;2;3;5;4;5
          Bayern;        65 bis unter 70 Jahre;Männlich;0;0;0;0;0;0;0;1;3;0;0;0;0;1;1;0;1;0;2;0
          Bayern;        65 bis unter 70 Jahre;        Weiblich;0;0;1;1;0;0;1;2;2;1;1;1;2;3;3;2;2;5;2;5
          Bayern;        65 bis unter 70 Jahre;        Unbekannt;0;0;0;0;0;0;0;0;0;0;0;0;0;0;0;0;0;0;0;0
          Bayern;        70 bis unter 75 Jahre;Alle Geschlechter;0;0;2;0;0;0;2;3;0;0;0;1;1;0;2;1;3;1;4;5
          Bayern;        70 bis unter 75 Jahre;Männlich;0;0;0;0;0;0;0;0;0;0;0;1;0;0;0;1;2;1;1;3
          Bayern;        70 bis unter 75 Jahre;        Weiblich;0;0;2;0;0;0;2;3;0;0;0;0;1;0;2;0;1;0;3;2
          Bayern;        70 bis unter 75 Jahre;        Unbekannt;0;0;0;0;0;0;0;0;0;0;0;0;0;0;0;0;0;0;0;0
          Bayern;        75 bis unter 80 Jahre;Alle Geschlechter;0;0;0;0;0;0;0;0;0;0;0;0;0;0;1;2;0;0;0;0
          Bayern;        75 bis unter 80 Jahre;Männlich;0;0;0;0;0;0;0;0;0;0;0;0;0;0;0;1;0;0;0;0
          Bayern;        75 bis unter 80 Jahre;        Weiblich;0;0;0;0;0;0;0;0;0;0;0;0;0;0;1;1;0;0;0;0
          Bayern;        75 bis unter 80 Jahre;        Unbekannt;0;0;0;0;0;0;0;0;0;0;0;0;0;0;0;0;0;0;0;0
          Bayern;        80 bis unter 85 Jahre;Alle Geschlechter;0;0;0;0;0;0;0;0;1;0;0;0;0;0;0;0;0;0;0;1
          Bayern;        80 bis unter 85 Jahre;Männlich;0;0;0;0;0;0;0;0;1;0;0;0;0;0;0;0;0;0;0;1
          Bayern;        80 bis unter 85 Jahre;        Weiblich;0;0;0;0;0;0;0;0;0;0;0;0;0;0;0;0;0;0;0;0
          Bayern;        80 bis unter 85 Jahre;        Unbekannt;0;0;0;0;0;0;0;0;0;0;0;0;0;0;0;0;0;0;0;0
          Bayern;        85 bis unter 90 Jahre;Alle Geschlechter;0;0;0;0;0;0;0;0;0;0;0;0;0;0;0;0;0;0;0;0
          Bayern;        85 bis unter 90 Jahre;Männlich;0;0;0;0;0;0;0;0;0;0;0;0;0;0;0;0;0;0;0;0
          Bayern;        85 bis unter 90 Jahre;        Weiblich;0;0;0;0;0;0;0;0;0;0;0;0;0;0;0;0;0;0;0;0
          Bayern;        85 bis unter 90 Jahre;        Unbekannt;0;0;0;0;0;0;0;0;0;0;0;0;0;0;0;0;0;0;0;0
          Bayern;        90 bis unter 95 Jahre;Alle Geschlechter;0;0;0;0;0;0;0;0;0;0;0;0;0;0;0;0;0;0;0;0
          Bayern;        90 bis unter 95 Jahre;Männlich;0;0;0;0;0;0;0;0;0;0;0;0;0;0;0;0;0;0;0;0
          Bayern;        90 bis unter 95 Jahre;        Weiblich;0;0;0;0;0;0;0;0;0;0;0;0;0;0;0;0;0;0;0;0
          Bayern;        90 bis unter 95 Jahre;        Unbekannt;0;0;0;0;0;0;0;0;0;0;0;0;0;0;0;0;0;0;0;0
          Bayern;        95 Jahre und älter;Alle Geschlechter;0;0;0;0;0;0;0;0;0;0;0;0;0;0;0;0;0;0;0;0
          Bayern;        95 Jahre und älter;Männlich;0;0;0;0;0;0;0;0;0;0;0;0;0;0;0;0;0;0;0;0
          Bayern;        95 Jahre und älter;        Weiblich;0;0;0;0;0;0;0;0;0;0;0;0;0;0;0;0;0;0;0;0
          Bayern;        95 Jahre und älter;        Unbekannt;0;0;0;0;0;0;0;0;0;0;0;0;0;0;0;0;0;0;0;0
          Bayern;        Unbekannt;Alle Geschlechter;0;0;0;0;0;0;0;0;0;0;0;0;0;0;0;0;0;0;0;0
          Bayern;        Unbekannt;Männlich;0;0;0;0;0;0;0;0;0;0;0;0;0;0;0;0;0;0;0;0
          Bayern;        Unbekannt;        Weiblich;0;0;0;0;0;0;0;0;0;0;0;0;0;0;0;0;0;0;0;0
          Bayern;        Unbekannt;        Unbekannt;0;0;0;0;0;0;0;0;0;0;0;0;0;0;0;0;0;0;0;0
          Berlin;Alle Altersgruppen;Alle Geschlechter;6;22;19;18;30;28;69;113;111;136;94;155;186;317;458;475;512;491;595;742
          Berlin;Alle Altersgruppen;Männlich;6;15;8;9;27;17;44;65;73;97;81;121;145;252;384;405;425;410;469;514
          Berlin;Alle Altersgruppen;        Weiblich;0;7;11;9;3;11;25;48;38;39;13;34;41;65;74;70;87;81;126;228
          Berlin;Alle Altersgruppen;        Unbekannt;0;0;0;0;0;0;0;0;0;0;0;0;0;0;0;0;0;0;0;0
          Berlin;        Unter 1 Jahr;Alle Geschlechter;0;0;0;0;0;0;0;0;0;0;0;0;0;0;0;0;0;0;0;0
          Berlin;        Unter 1 Jahr;Männlich;0;0;0;0;0;0;0;0;0;0;0;0;0;0;0;0;0;0;0;0
          Berlin;        Unter 1 Jahr;        Weiblich;0;0;0;0;0;0;0;0;0;0;0;0;0;0;0;0;0;0;0;0
          Berlin;        Unter 1 Jahr;        Unbekannt;0;0;0;0;0;0;0;0;0;0;0;0;0;0;0;0;0;0;0;0
          Berlin;        1 Jahr bis unter 5 Jahre;Alle Geschlechter;0;0;0;0;0;0;0;0;0;0;0;0;0;0;0;0;0;0;0;0
          Berlin;        1 Jahr bis unter 5 Jahre;Männlich;0;0;0;0;0;0;0;0;0;0;0;0;0;0;0;0;0;0;0;0
          Berlin;        1 Jahr bis unter 5 Jahre;        Weiblich;0;0;0;0;0;0;0;0;0;0;0;0;0;0;0;0;0;0;0;0
          Berlin;        1 Jahr bis unter 5 Jahre;        Unbekannt;0;0;0;0;0;0;0;0;0;0;0;0;0;0;0;0;0;0;0;0
          Berlin;        5 bis unter 10 Jahre;Alle Geschlechter;0;0;0;0;0;0;0;0;0;0;0;0;0;0;0;0;0;0;0;0
          Berlin;        5 bis unter 10 Jahre;Männlich;0;0;0;0;0;0;0;0;0;0;0;0;0;0;0;0;0;0;0;0
          Berlin;        5 bis unter 10 Jahre;        Weiblich;0;0;0;0;0;0;0;0;0;0;0;0;0;0;0;0;0;0;0;0
          Berlin;        5 bis unter 10 Jahre;        Unbekannt;0;0;0;0;0;0;0;0;0;0;0;0;0;0;0;0;0;0;0;0
          Berlin;        10 bis unter 15 Jahre;Alle Geschlechter;0;0;0;0;0;0;0;0;0;0;0;0;0;0;0;0;0;0;0;0
          Berlin;        10 bis unter 15 Jahre;Männlich;0;0;0;0;0;0;0;0;0;0;0;0;0;0;0;0;0;0;0;0
          Berlin;        10 bis unter 15 Jahre;        Weiblich;0;0;0;0;0;0;0;0;0;0;0;0;0;0;0;0;0;0;0;0
          Berlin;        10 bis unter 15 Jahre;        Unbekannt;0;0;0;0;0;0;0;0;0;0;0;0;0;0;0;0;0;0;0;0
          Berlin;        15 bis unter 20 Jahre;Alle Geschlechter;0;0;1;0;0;0;1;3;3;1;3;8;13;26;54;68;56;61;63;72
          Berlin;        15 bis unter 20 Jahre;Männlich;0;0;0;0;0;0;1;1;3;1;3;7;11;18;38;60;48;50;37;35
          Berlin;        15 bis unter 20 Jahre;        Weiblich;0;0;1;0;0;0;0;2;0;0;0;1;2;8;16;8;8;11;26;37
          Berlin;        15 bis unter 20 Jahre;        Unbekannt;0;0;0;0;0;0;0;0;0;0;0;0;0;0;0;0;0;0;0;0
          Berlin;        20 bis unter 25 Jahre;Alle Geschlechter;0;1;0;3;1;2;8;11;22;22;9;23;40;73;119;152;177;170;217;244
          Berlin;        20 bis unter 25 Jahre;Männlich;0;1;0;1;1;2;6;10;16;17;8;20;33;64;104;136;155;145;177;165
          Berlin;        20 bis unter 25 Jahre;        Weiblich;0;0;0;2;0;0;2;1;6;5;1;3;7;9;15;16;22;25;40;79
          Berlin;        20 bis unter 25 Jahre;        Unbekannt;0;0;0;0;0;0;0;0;0;0;0;0;0;0;0;0;0;0;0;0
          Berlin;        25 bis unter 30 Jahre;Alle Geschlechter;0;3;1;1;4;4;8;19;15;20;16;37;38;75;91;94;117;102;126;185
          Berlin;        25 bis unter 30 Jahre;Männlich;0;2;1;0;3;4;6;13;12;19;15;32;34;62;82;81;99;79;96;136
          Berlin;        25 bis unter 30 Jahre;        Weiblich;0;1;0;1;1;0;2;6;3;1;1;5;4;13;9;13;18;23;30;49
          Berlin;        25 bis unter 30 Jahre;        Unbekannt;0;0;0;0;0;0;0;0;0;0;0;0;0;0;0;0;0;0;0;0
          Berlin;        30 bis unter 35 Jahre;Alle Geschlechter;4;5;1;1;7;4;9;14;19;27;17;16;27;36;60;58;69;62;75;106
          Berlin;        30 bis unter 35 Jahre;Männlich;4;3;0;0;6;4;7;9;15;20;17;11;16;27;50;48;54;53;65;78
          Berlin;        30 bis unter 35 Jahre;        Weiblich;0;2;1;1;1;0;2;5;4;7;0;5;11;9;10;10;15;9;10;28
          Berlin;        30 bis unter 35 Jahre;        Unbekannt;0;0;0;0;0;0;0;0;0;0;0;0;0;0;0;0;0;0;0;0
          Berlin;        35 bis unter 40 Jahre;Alle Geschlechter;1;3;2;3;2;3;10;16;13;18;18;21;17;37;48;42;40;32;41;61
          Berlin;        35 bis unter 40 Jahre;Männlich;1;3;0;0;2;3;10;11;12;13;18;19;13;32;45;39;30;27;35;43
          Berlin;        35 bis unter 40 Jahre;        Weiblich;0;0;2;3;0;0;0;5;1;5;0;2;4;5;3;3;10;5;6;18
          Berlin;        35 bis unter 40 Jahre;        Unbekannt;0;0;0;0;0;0;0;0;0;0;0;0;0;0;0;0;0;0;0;0
          Berlin;        40 bis unter 45 Jahre;Alle Geschlechter;1;3;8;7;7;7;10;20;10;10;10;21;17;24;28;25;24;33;27;31
          Berlin;        40 bis unter 45 Jahre;Männlich;1;2;5;6;7;1;5;12;5;5;7;16;15;20;28;22;19;31;22;22
          Berlin;        40 bis unter 45 Jahre;        Weiblich;0;1;3;1;0;6;5;8;5;5;3;5;2;4;0;3;5;2;5;9
          Berlin;        40 bis unter 45 Jahre;        Unbekannt;0;0;0;0;0;0;0;0;0;0;0;0;0;0;0;0;0;0;0;0
          Berlin;        45 bis unter 50 Jahre;Alle Geschlechter;0;4;3;2;7;1;11;13;16;17;7;7;11;15;14;12;13;9;18;20
          Berlin;        45 bis unter 50 Jahre;Männlich;0;2;1;2;7;1;5;6;7;10;5;3;7;11;10;9;11;7;15;15
          Berlin;        45 bis unter 50 Jahre;        Weiblich;0;2;2;0;0;0;6;7;9;7;2;4;4;4;4;3;2;2;3;5
          Berlin;        45 bis unter 50 Jahre;        Unbekannt;0;0;0;0;0;0;0;0;0;0;0;0;0;0;0;0;0;0;0;0
          Berlin;        50 bis unter 55 Jahre;Alle Geschlechter;0;1;1;0;0;4;6;13;6;11;7;13;14;15;18;15;6;11;10;7
          Berlin;        50 bis unter 55 Jahre;Männlich;0;0;0;0;0;2;3;3;3;10;5;9;13;8;14;4;3;10;10;6
          Berlin;        50 bis unter 55 Jahre;        Weiblich;0;1;1;0;0;2;3;10;3;1;2;4;1;7;4;11;3;1;0;1
          Berlin;        50 bis unter 55 Jahre;        Unbekannt;0;0;0;0;0;0;0;0;0;0;0;0;0;0;0;0;0;0;0;0
          Berlin;        55 bis unter 60 Jahre;Alle Geschlechter;0;0;1;0;0;0;3;3;3;5;5;7;8;14;19;5;10;6;14;13
          Berlin;        55 bis unter 60 Jahre;Männlich;0;0;0;0;0;0;0;0;0;2;3;4;2;9;9;4;6;3;10;11
          Berlin;        55 bis unter 60 Jahre;        Weiblich;0;0;1;0;0;0;3;3;3;3;2;3;6;5;10;1;4;3;4;2
          Berlin;        55 bis unter 60 Jahre;        Unbekannt;0;0;0;0;0;0;0;0;0;0;0;0;0;0;0;0;0;0;0;0
          Berlin;        60 bis unter 65 Jahre;Alle Geschlechter;0;2;1;1;2;0;1;1;4;5;1;2;1;2;4;2;0;3;4;3
          Berlin;        60 bis unter 65 Jahre;Männlich;0;2;1;0;1;0;0;0;0;0;0;0;1;1;2;2;0;3;2;3
          Berlin;        60 bis unter 65 Jahre;        Weiblich;0;0;0;1;1;0;1;1;4;5;1;2;0;1;2;0;0;0;2;0
          Berlin;        60 bis unter 65 Jahre;        Unbekannt;0;0;0;0;0;0;0;0;0;0;0;0;0;0;0;0;0;0;0;0
          Berlin;        65 bis unter 70 Jahre;Alle Geschlechter;0;0;0;0;0;3;2;0;0;0;1;0;0;0;3;0;0;2;0;0
          Berlin;        65 bis unter 70 Jahre;Männlich;0;0;0;0;0;0;1;0;0;0;0;0;0;0;2;0;0;2;0;0
          Berlin;        65 bis unter 70 Jahre;        Weiblich;0;0;0;0;0;3;1;0;0;0;1;0;0;0;1;0;0;0;0;0
          Berlin;        65 bis unter 70 Jahre;        Unbekannt;0;0;0;0;0;0;0;0;0;0;0;0;0;0;0;0;0;0;0;0
          Berlin;        70 bis unter 75 Jahre;Alle Geschlechter;0;0;0;0;0;0;0;0;0;0;0;0;0;0;0;2;0;0;0;0
          Berlin;        70 bis unter 75 Jahre;Männlich;0;0;0;0;0;0;0;0;0;0;0;0;0;0;0;0;0;0;0;0
          Berlin;        70 bis unter 75 Jahre;        Weiblich;0;0;0;0;0;0;0;0;0;0;0;0;0;0;0;2;0;0;0;0
          Berlin;        70 bis unter 75 Jahre;        Unbekannt;0;0;0;0;0;0;0;0;0;0;0;0;0;0;0;0;0;0;0;0
          Berlin;        75 bis unter 80 Jahre;Alle Geschlechter;0;0;0;0;0;0;0;0;0;0;0;0;0;0;0;0;0;0;0;0
          Berlin;        75 bis unter 80 Jahre;Männlich;0;0;0;0;0;0;0;0;0;0;0;0;0;0;0;0;0;0;0;0
          Berlin;        75 bis unter 80 Jahre;        Weiblich;0;0;0;0;0;0;0;0;0;0;0;0;0;0;0;0;0;0;0;0
          Berlin;        75 bis unter 80 Jahre;        Unbekannt;0;0;0;0;0;0;0;0;0;0;0;0;0;0;0;0;0;0;0;0
          Berlin;        80 bis unter 85 Jahre;Alle Geschlechter;0;0;0;0;0;0;0;0;0;0;0;0;0;0;0;0;0;0;0;0
          Berlin;        80 bis unter 85 Jahre;Männlich;0;0;0;0;0;0;0;0;0;0;0;0;0;0;0;0;0;0;0;0
          Berlin;        80 bis unter 85 Jahre;        Weiblich;0;0;0;0;0;0;0;0;0;0;0;0;0;0;0;0;0;0;0;0
          Berlin;        80 bis unter 85 Jahre;        Unbekannt;0;0;0;0;0;0;0;0;0;0;0;0;0;0;0;0;0;0;0;0
          Berlin;        85 bis unter 90 Jahre;Alle Geschlechter;0;0;0;0;0;0;0;0;0;0;0;0;0;0;0;0;0;0;0;0
          Berlin;        85 bis unter 90 Jahre;Männlich;0;0;0;0;0;0;0;0;0;0;0;0;0;0;0;0;0;0;0;0
          Berlin;        85 bis unter 90 Jahre;        Weiblich;0;0;0;0;0;0;0;0;0;0;0;0;0;0;0;0;0;0;0;0
          Berlin;        85 bis unter 90 Jahre;        Unbekannt;0;0;0;0;0;0;0;0;0;0;0;0;0;0;0;0;0;0;0;0
          Berlin;        90 bis unter 95 Jahre;Alle Geschlechter;0;0;0;0;0;0;0;0;0;0;0;0;0;0;0;0;0;0;0;0
          Berlin;        90 bis unter 95 Jahre;Männlich;0;0;0;0;0;0;0;0;0;0;0;0;0;0;0;0;0;0;0;0
          Berlin;        90 bis unter 95 Jahre;        Weiblich;0;0;0;0;0;0;0;0;0;0;0;0;0;0;0;0;0;0;0;0
          Berlin;        90 bis unter 95 Jahre;        Unbekannt;0;0;0;0;0;0;0;0;0;0;0;0;0;0;0;0;0;0;0;0
          Berlin;        95 Jahre und älter;Alle Geschlechter;0;0;0;0;0;0;0;0;0;0;0;0;0;0;0;0;0;0;0;0
          Berlin;        95 Jahre und älter;Männlich;0;0;0;0;0;0;0;0;0;0;0;0;0;0;0;0;0;0;0;0
          Berlin;        95 Jahre und älter;        Weiblich;0;0;0;0;0;0;0;0;0;0;0;0;0;0;0;0;0;0;0;0
          Berlin;        95 Jahre und älter;        Unbekannt;0;0;0;0;0;0;0;0;0;0;0;0;0;0;0;0;0;0;0;0
          Berlin;        Unbekannt;Alle Geschlechter;0;0;0;0;0;0;0;0;0;0;0;0;0;0;0;0;0;0;0;0
          Berlin;        Unbekannt;Männlich;0;0;0;0;0;0;0;0;0;0;0;0;0;0;0;0;0;0;0;0
          Berlin;        Unbekannt;        Weiblich;0;0;0;0;0;0;0;0;0;0;0;0;0;0;0;0;0;0;0;0
          Berlin;        Unbekannt;        Unbekannt;0;0;0;0;0;0;0;0;0;0;0;0;0;0;0;0;0;0;0;0
          Brandenburg;Alle Altersgruppen;Alle Geschlechter;0;0;0;0;0;0;0;2;0;1;1;2;0;0;0;0;0;0;0;0
          Brandenburg;Alle Altersgruppen;Männlich;0;0;0;0;0;0;0;1;0;0;0;1;0;0;0;0;0;0;0;0
          Brandenburg;Alle Altersgruppen;        Weiblich;0;0;0;0;0;0;0;1;0;1;1;1;0;0;0;0;0;0;0;0
          Brandenburg;Alle Altersgruppen;        Unbekannt;0;0;0;0;0;0;0;0;0;0;0;0;0;0;0;0;0;0;0;0
          Brandenburg;        Unter 1 Jahr;Alle Geschlechter;0;0;0;0;0;0;0;0;0;0;0;0;0;0;0;0;0;0;0;0
          Brandenburg;        Unter 1 Jahr;Männlich;0;0;0;0;0;0;0;0;0;0;0;0;0;0;0;0;0;0;0;0
          Brandenburg;        Unter 1 Jahr;        Weiblich;0;0;0;0;0;0;0;0;0;0;0;0;0;0;0;0;0;0;0;0
          Brandenburg;        Unter 1 Jahr;        Unbekannt;0;0;0;0;0;0;0;0;0;0;0;0;0;0;0;0;0;0;0;0
          Brandenburg;        1 Jahr bis unter 5 Jahre;Alle Geschlechter;0;0;0;0;0;0;0;0;0;0;0;0;0;0;0;0;0;0;0;0
          Brandenburg;        1 Jahr bis unter 5 Jahre;Männlich;0;0;0;0;0;0;0;0;0;0;0;0;0;0;0;0;0;0;0;0
          Brandenburg;        1 Jahr bis unter 5 Jahre;        Weiblich;0;0;0;0;0;0;0;0;0;0;0;0;0;0;0;0;0;0;0;0
          Brandenburg;        1 Jahr bis unter 5 Jahre;        Unbekannt;0;0;0;0;0;0;0;0;0;0;0;0;0;0;0;0;0;0;0;0
          Brandenburg;        5 bis unter 10 Jahre;Alle Geschlechter;0;0;0;0;0;0;0;0;0;0;0;0;0;0;0;0;0;0;0;0
          Brandenburg;        5 bis unter 10 Jahre;Männlich;0;0;0;0;0;0;0;0;0;0;0;0;0;0;0;0;0;0;0;0
          Brandenburg;        5 bis unter 10 Jahre;        Weiblich;0;0;0;0;0;0;0;0;0;0;0;0;0;0;0;0;0;0;0;0
          Brandenburg;        5 bis unter 10 Jahre;        Unbekannt;0;0;0;0;0;0;0;0;0;0;0;0;0;0;0;0;0;0;0;0
          Brandenburg;        10 bis unter 15 Jahre;Alle Geschlechter;0;0;0;0;0;0;0;0;0;0;0;0;0;0;0;0;0;0;0;0
          Brandenburg;        10 bis unter 15 Jahre;Männlich;0;0;0;0;0;0;0;0;0;0;0;0;0;0;0;0;0;0;0;0
          Brandenburg;        10 bis unter 15 Jahre;        Weiblich;0;0;0;0;0;0;0;0;0;0;0;0;0;0;0;0;0;0;0;0
          Brandenburg;        10 bis unter 15 Jahre;        Unbekannt;0;0;0;0;0;0;0;0;0;0;0;0;0;0;0;0;0;0;0;0
          Brandenburg;        15 bis unter 20 Jahre;Alle Geschlechter;0;0;0;0;0;0;0;1;0;0;0;0;0;0;0;0;0;0;0;0
          Brandenburg;        15 bis unter 20 Jahre;Männlich;0;0;0;0;0;0;0;1;0;0;0;0;0;0;0;0;0;0;0;0
          Brandenburg;        15 bis unter 20 Jahre;        Weiblich;0;0;0;0;0;0;0;0;0;0;0;0;0;0;0;0;0;0;0;0
          Brandenburg;        15 bis unter 20 Jahre;        Unbekannt;0;0;0;0;0;0;0;0;0;0;0;0;0;0;0;0;0;0;0;0
          Brandenburg;        20 bis unter 25 Jahre;Alle Geschlechter;0;0;0;0;0;0;0;0;0;0;0;0;0;0;0;0;0;0;0;0
          Brandenburg;        20 bis unter 25 Jahre;Männlich;0;0;0;0;0;0;0;0;0;0;0;0;0;0;0;0;0;0;0;0
          Brandenburg;        20 bis unter 25 Jahre;        Weiblich;0;0;0;0;0;0;0;0;0;0;0;0;0;0;0;0;0;0;0;0
          Brandenburg;        20 bis unter 25 Jahre;        Unbekannt;0;0;0;0;0;0;0;0;0;0;0;0;0;0;0;0;0;0;0;0
          Brandenburg;        25 bis unter 30 Jahre;Alle Geschlechter;0;0;0;0;0;0;0;0;0;1;0;0;0;0;0;0;0;0;0;0
          Brandenburg;        25 bis unter 30 Jahre;Männlich;0;0;0;0;0;0;0;0;0;0;0;0;0;0;0;0;0;0;0;0
          Brandenburg;        25 bis unter 30 Jahre;        Weiblich;0;0;0;0;0;0;0;0;0;1;0;0;0;0;0;0;0;0;0;0
          Brandenburg;        25 bis unter 30 Jahre;        Unbekannt;0;0;0;0;0;0;0;0;0;0;0;0;0;0;0;0;0;0;0;0
          Brandenburg;        30 bis unter 35 Jahre;Alle Geschlechter;0;0;0;0;0;0;0;0;0;0;0;1;0;0;0;0;0;0;0;0
          Brandenburg;        30 bis unter 35 Jahre;Männlich;0;0;0;0;0;0;0;0;0;0;0;1;0;0;0;0;0;0;0;0
          Brandenburg;        30 bis unter 35 Jahre;        Weiblich;0;0;0;0;0;0;0;0;0;0;0;0;0;0;0;0;0;0;0;0
          Brandenburg;        30 bis unter 35 Jahre;        Unbekannt;0;0;0;0;0;0;0;0;0;0;0;0;0;0;0;0;0;0;0;0
          Brandenburg;        35 bis unter 40 Jahre;Alle Geschlechter;0;0;0;0;0;0;0;0;0;0;0;0;0;0;0;0;0;0;0;0
          Brandenburg;        35 bis unter 40 Jahre;Männlich;0;0;0;0;0;0;0;0;0;0;0;0;0;0;0;0;0;0;0;0
          Brandenburg;        35 bis unter 40 Jahre;        Weiblich;0;0;0;0;0;0;0;0;0;0;0;0;0;0;0;0;0;0;0;0
          Brandenburg;        35 bis unter 40 Jahre;        Unbekannt;0;0;0;0;0;0;0;0;0;0;0;0;0;0;0;0;0;0;0;0
          Brandenburg;        40 bis unter 45 Jahre;Alle Geschlechter;0;0;0;0;0;0;0;0;0;0;1;0;0;0;0;0;0;0;0;0
          Brandenburg;        40 bis unter 45 Jahre;Männlich;0;0;0;0;0;0;0;0;0;0;0;0;0;0;0;0;0;0;0;0
          Brandenburg;        40 bis unter 45 Jahre;        Weiblich;0;0;0;0;0;0;0;0;0;0;1;0;0;0;0;0;0;0;0;0
          Brandenburg;        40 bis unter 45 Jahre;        Unbekannt;0;0;0;0;0;0;0;0;0;0;0;0;0;0;0;0;0;0;0;0
          Brandenburg;        45 bis unter 50 Jahre;Alle Geschlechter;0;0;0;0;0;0;0;0;0;0;0;1;0;0;0;0;0;0;0;0
          Brandenburg;        45 bis unter 50 Jahre;Männlich;0;0;0;0;0;0;0;0;0;0;0;0;0;0;0;0;0;0;0;0
          Brandenburg;        45 bis unter 50 Jahre;        Weiblich;0;0;0;0;0;0;0;0;0;0;0;1;0;0;0;0;0;0;0;0
          Brandenburg;        45 bis unter 50 Jahre;        Unbekannt;0;0;0;0;0;0;0;0;0;0;0;0;0;0;0;0;0;0;0;0
          Brandenburg;        50 bis unter 55 Jahre;Alle Geschlechter;0;0;0;0;0;0;0;0;0;0;0;0;0;0;0;0;0;0;0;0
          Brandenburg;        50 bis unter 55 Jahre;Männlich;0;0;0;0;0;0;0;0;0;0;0;0;0;0;0;0;0;0;0;0
          Brandenburg;        50 bis unter 55 Jahre;        Weiblich;0;0;0;0;0;0;0;0;0;0;0;0;0;0;0;0;0;0;0;0
          Brandenburg;        50 bis unter 55 Jahre;        Unbekannt;0;0;0;0;0;0;0;0;0;0;0;0;0;0;0;0;0;0;0;0
          Brandenburg;        55 bis unter 60 Jahre;Alle Geschlechter;0;0;0;0;0;0;0;0;0;0;0;0;0;0;0;0;0;0;0;0
          Brandenburg;        55 bis unter 60 Jahre;Männlich;0;0;0;0;0;0;0;0;0;0;0;0;0;0;0;0;0;0;0;0
          Brandenburg;        55 bis unter 60 Jahre;        Weiblich;0;0;0;0;0;0;0;0;0;0;0;0;0;0;0;0;0;0;0;0
          Brandenburg;        55 bis unter 60 Jahre;        Unbekannt;0;0;0;0;0;0;0;0;0;0;0;0;0;0;0;0;0;0;0;0
          Brandenburg;        60 bis unter 65 Jahre;Alle Geschlechter;0;0;0;0;0;0;0;0;0;0;0;0;0;0;0;0;0;0;0;0
          Brandenburg;        60 bis unter 65 Jahre;Männlich;0;0;0;0;0;0;0;0;0;0;0;0;0;0;0;0;0;0;0;0
          Brandenburg;        60 bis unter 65 Jahre;        Weiblich;0;0;0;0;0;0;0;0;0;0;0;0;0;0;0;0;0;0;0;0
          Brandenburg;        60 bis unter 65 Jahre;        Unbekannt;0;0;0;0;0;0;0;0;0;0;0;0;0;0;0;0;0;0;0;0
          Brandenburg;        65 bis unter 70 Jahre;Alle Geschlechter;0;0;0;0;0;0;0;0;0;0;0;0;0;0;0;0;0;0;0;0
          Brandenburg;        65 bis unter 70 Jahre;Männlich;0;0;0;0;0;0;0;0;0;0;0;0;0;0;0;0;0;0;0;0
          Brandenburg;        65 bis unter 70 Jahre;        Weiblich;0;0;0;0;0;0;0;0;0;0;0;0;0;0;0;0;0;0;0;0
          Brandenburg;        65 bis unter 70 Jahre;        Unbekannt;0;0;0;0;0;0;0;0;0;0;0;0;0;0;0;0;0;0;0;0
          Brandenburg;        70 bis unter 75 Jahre;Alle Geschlechter;0;0;0;0;0;0;0;0;0;0;0;0;0;0;0;0;0;0;0;0
          Brandenburg;        70 bis unter 75 Jahre;Männlich;0;0;0;0;0;0;0;0;0;0;0;0;0;0;0;0;0;0;0;0
          Brandenburg;        70 bis unter 75 Jahre;        Weiblich;0;0;0;0;0;0;0;0;0;0;0;0;0;0;0;0;0;0;0;0
          Brandenburg;        70 bis unter 75 Jahre;        Unbekannt;0;0;0;0;0;0;0;0;0;0;0;0;0;0;0;0;0;0;0;0
          Brandenburg;        75 bis unter 80 Jahre;Alle Geschlechter;0;0;0;0;0;0;0;1;0;0;0;0;0;0;0;0;0;0;0;0
          Brandenburg;        75 bis unter 80 Jahre;Männlich;0;0;0;0;0;0;0;0;0;0;0;0;0;0;0;0;0;0;0;0
          Brandenburg;        75 bis unter 80 Jahre;        Weiblich;0;0;0;0;0;0;0;1;0;0;0;0;0;0;0;0;0;0;0;0
          Brandenburg;        75 bis unter 80 Jahre;        Unbekannt;0;0;0;0;0;0;0;0;0;0;0;0;0;0;0;0;0;0;0;0
          Brandenburg;        80 bis unter 85 Jahre;Alle Geschlechter;0;0;0;0;0;0;0;0;0;0;0;0;0;0;0;0;0;0;0;0
          Brandenburg;        80 bis unter 85 Jahre;Männlich;0;0;0;0;0;0;0;0;0;0;0;0;0;0;0;0;0;0;0;0
          Brandenburg;        80 bis unter 85 Jahre;        Weiblich;0;0;0;0;0;0;0;0;0;0;0;0;0;0;0;0;0;0;0;0
          Brandenburg;        80 bis unter 85 Jahre;        Unbekannt;0;0;0;0;0;0;0;0;0;0;0;0;0;0;0;0;0;0;0;0
          Brandenburg;        85 bis unter 90 Jahre;Alle Geschlechter;0;0;0;0;0;0;0;0;0;0;0;0;0;0;0;0;0;0;0;0
          Brandenburg;        85 bis unter 90 Jahre;Männlich;0;0;0;0;0;0;0;0;0;0;0;0;0;0;0;0;0;0;0;0
          Brandenburg;        85 bis unter 90 Jahre;        Weiblich;0;0;0;0;0;0;0;0;0;0;0;0;0;0;0;0;0;0;0;0
          Brandenburg;        85 bis unter 90 Jahre;        Unbekannt;0;0;0;0;0;0;0;0;0;0;0;0;0;0;0;0;0;0;0;0
          Brandenburg;        90 bis unter 95 Jahre;Alle Geschlechter;0;0;0;0;0;0;0;0;0;0;0;0;0;0;0;0;0;0;0;0
          Brandenburg;        90 bis unter 95 Jahre;Männlich;0;0;0;0;0;0;0;0;0;0;0;0;0;0;0;0;0;0;0;0
          Brandenburg;        90 bis unter 95 Jahre;        Weiblich;0;0;0;0;0;0;0;0;0;0;0;0;0;0;0;0;0;0;0;0
          Brandenburg;        90 bis unter 95 Jahre;        Unbekannt;0;0;0;0;0;0;0;0;0;0;0;0;0;0;0;0;0;0;0;0
          Brandenburg;        95 Jahre und älter;Alle Geschlechter;0;0;0;0;0;0;0;0;0;0;0;0;0;0;0;0;0;0;0;0
          Brandenburg;        95 Jahre und älter;Männlich;0;0;0;0;0;0;0;0;0;0;0;0;0;0;0;0;0;0;0;0
          Brandenburg;        95 Jahre und älter;        Weiblich;0;0;0;0;0;0;0;0;0;0;0;0;0;0;0;0;0;0;0;0
          Brandenburg;        95 Jahre und älter;        Unbekannt;0;0;0;0;0;0;0;0;0;0;0;0;0;0;0;0;0;0;0;0
          Brandenburg;        Unbekannt;Alle Geschlechter;0;0;0;0;0;0;0;0;0;0;0;0;0;0;0;0;0;0;0;0
          Brandenburg;        Unbekannt;Männlich;0;0;0;0;0;0;0;0;0;0;0;0;0;0;0;0;0;0;0;0
          Brandenburg;        Unbekannt;        Weiblich;0;0;0;0;0;0;0;0;0;0;0;0;0;0;0;0;0;0;0;0
          Brandenburg;        Unbekannt;        Unbekannt;0;0;0;0;0;0;0;0;0;0;0;0;0;0;0;0;0;0;0;0
          Bremen;Alle Altersgruppen;Alle Geschlechter;0;0;0;0;0;0;0;0;0;0;0;0;0;0;0;0;0;0;0;1
          Bremen;Alle Altersgruppen;Männlich;0;0;0;0;0;0;0;0;0;0;0;0;0;0;0;0;0;0;0;1
          Bremen;Alle Altersgruppen;        Weiblich;0;0;0;0;0;0;0;0;0;0;0;0;0;0;0;0;0;0;0;0
          Bremen;Alle Altersgruppen;        Unbekannt;0;0;0;0;0;0;0;0;0;0;0;0;0;0;0;0;0;0;0;0
          Bremen;        Unter 1 Jahr;Alle Geschlechter;0;0;0;0;0;0;0;0;0;0;0;0;0;0;0;0;0;0;0;0
          Bremen;        Unter 1 Jahr;Männlich;0;0;0;0;0;0;0;0;0;0;0;0;0;0;0;0;0;0;0;0
          Bremen;        Unter 1 Jahr;        Weiblich;0;0;0;0;0;0;0;0;0;0;0;0;0;0;0;0;0;0;0;0
          Bremen;        Unter 1 Jahr;        Unbekannt;0;0;0;0;0;0;0;0;0;0;0;0;0;0;0;0;0;0;0;0
          Bremen;        1 Jahr bis unter 5 Jahre;Alle Geschlechter;0;0;0;0;0;0;0;0;0;0;0;0;0;0;0;0;0;0;0;0
          Bremen;        1 Jahr bis unter 5 Jahre;Männlich;0;0;0;0;0;0;0;0;0;0;0;0;0;0;0;0;0;0;0;0
          Bremen;        1 Jahr bis unter 5 Jahre;        Weiblich;0;0;0;0;0;0;0;0;0;0;0;0;0;0;0;0;0;0;0;0
          Bremen;        1 Jahr bis unter 5 Jahre;        Unbekannt;0;0;0;0;0;0;0;0;0;0;0;0;0;0;0;0;0;0;0;0
          Bremen;        5 bis unter 10 Jahre;Alle Geschlechter;0;0;0;0;0;0;0;0;0;0;0;0;0;0;0;0;0;0;0;0
          Bremen;        5 bis unter 10 Jahre;Männlich;0;0;0;0;0;0;0;0;0;0;0;0;0;0;0;0;0;0;0;0
          Bremen;        5 bis unter 10 Jahre;        Weiblich;0;0;0;0;0;0;0;0;0;0;0;0;0;0;0;0;0;0;0;0
          Bremen;        5 bis unter 10 Jahre;        Unbekannt;0;0;0;0;0;0;0;0;0;0;0;0;0;0;0;0;0;0;0;0
          Bremen;        10 bis unter 15 Jahre;Alle Geschlechter;0;0;0;0;0;0;0;0;0;0;0;0;0;0;0;0;0;0;0;0
          Bremen;        10 bis unter 15 Jahre;Männlich;0;0;0;0;0;0;0;0;0;0;0;0;0;0;0;0;0;0;0;0
          Bremen;        10 bis unter 15 Jahre;        Weiblich;0;0;0;0;0;0;0;0;0;0;0;0;0;0;0;0;0;0;0;0
          Bremen;        10 bis unter 15 Jahre;        Unbekannt;0;0;0;0;0;0;0;0;0;0;0;0;0;0;0;0;0;0;0;0
          Bremen;        15 bis unter 20 Jahre;Alle Geschlechter;0;0;0;0;0;0;0;0;0;0;0;0;0;0;0;0;0;0;0;0
          Bremen;        15 bis unter 20 Jahre;Männlich;0;0;0;0;0;0;0;0;0;0;0;0;0;0;0;0;0;0;0;0
          Bremen;        15 bis unter 20 Jahre;        Weiblich;0;0;0;0;0;0;0;0;0;0;0;0;0;0;0;0;0;0;0;0
          Bremen;        15 bis unter 20 Jahre;        Unbekannt;0;0;0;0;0;0;0;0;0;0;0;0;0;0;0;0;0;0;0;0
          Bremen;        20 bis unter 25 Jahre;Alle Geschlechter;0;0;0;0;0;0;0;0;0;0;0;0;0;0;0;0;0;0;0;0
          Bremen;        20 bis unter 25 Jahre;Männlich;0;0;0;0;0;0;0;0;0;0;0;0;0;0;0;0;0;0;0;0
          Bremen;        20 bis unter 25 Jahre;        Weiblich;0;0;0;0;0;0;0;0;0;0;0;0;0;0;0;0;0;0;0;0
          Bremen;        20 bis unter 25 Jahre;        Unbekannt;0;0;0;0;0;0;0;0;0;0;0;0;0;0;0;0;0;0;0;0
          Bremen;        25 bis unter 30 Jahre;Alle Geschlechter;0;0;0;0;0;0;0;0;0;0;0;0;0;0;0;0;0;0;0;1
          Bremen;        25 bis unter 30 Jahre;Männlich;0;0;0;0;0;0;0;0;0;0;0;0;0;0;0;0;0;0;0;1
          Bremen;        25 bis unter 30 Jahre;        Weiblich;0;0;0;0;0;0;0;0;0;0;0;0;0;0;0;0;0;0;0;0
          Bremen;        25 bis unter 30 Jahre;        Unbekannt;0;0;0;0;0;0;0;0;0;0;0;0;0;0;0;0;0;0;0;0
          Bremen;        30 bis unter 35 Jahre;Alle Geschlechter;0;0;0;0;0;0;0;0;0;0;0;0;0;0;0;0;0;0;0;0
          Bremen;        30 bis unter 35 Jahre;Männlich;0;0;0;0;0;0;0;0;0;0;0;0;0;0;0;0;0;0;0;0
          Bremen;        30 bis unter 35 Jahre;        Weiblich;0;0;0;0;0;0;0;0;0;0;0;0;0;0;0;0;0;0;0;0
          Bremen;        30 bis unter 35 Jahre;        Unbekannt;0;0;0;0;0;0;0;0;0;0;0;0;0;0;0;0;0;0;0;0
          Bremen;        35 bis unter 40 Jahre;Alle Geschlechter;0;0;0;0;0;0;0;0;0;0;0;0;0;0;0;0;0;0;0;0
          Bremen;        35 bis unter 40 Jahre;Männlich;0;0;0;0;0;0;0;0;0;0;0;0;0;0;0;0;0;0;0;0
          Bremen;        35 bis unter 40 Jahre;        Weiblich;0;0;0;0;0;0;0;0;0;0;0;0;0;0;0;0;0;0;0;0
          Bremen;        35 bis unter 40 Jahre;        Unbekannt;0;0;0;0;0;0;0;0;0;0;0;0;0;0;0;0;0;0;0;0
          Bremen;        40 bis unter 45 Jahre;Alle Geschlechter;0;0;0;0;0;0;0;0;0;0;0;0;0;0;0;0;0;0;0;0
          Bremen;        40 bis unter 45 Jahre;Männlich;0;0;0;0;0;0;0;0;0;0;0;0;0;0;0;0;0;0;0;0
          Bremen;        40 bis unter 45 Jahre;        Weiblich;0;0;0;0;0;0;0;0;0;0;0;0;0;0;0;0;0;0;0;0
          Bremen;        40 bis unter 45 Jahre;        Unbekannt;0;0;0;0;0;0;0;0;0;0;0;0;0;0;0;0;0;0;0;0
          Bremen;        45 bis unter 50 Jahre;Alle Geschlechter;0;0;0;0;0;0;0;0;0;0;0;0;0;0;0;0;0;0;0;0
          Bremen;        45 bis unter 50 Jahre;Männlich;0;0;0;0;0;0;0;0;0;0;0;0;0;0;0;0;0;0;0;0
          Bremen;        45 bis unter 50 Jahre;        Weiblich;0;0;0;0;0;0;0;0;0;0;0;0;0;0;0;0;0;0;0;0
          Bremen;        45 bis unter 50 Jahre;        Unbekannt;0;0;0;0;0;0;0;0;0;0;0;0;0;0;0;0;0;0;0;0
          Bremen;        50 bis unter 55 Jahre;Alle Geschlechter;0;0;0;0;0;0;0;0;0;0;0;0;0;0;0;0;0;0;0;0
          Bremen;        50 bis unter 55 Jahre;Männlich;0;0;0;0;0;0;0;0;0;0;0;0;0;0;0;0;0;0;0;0
          Bremen;        50 bis unter 55 Jahre;        Weiblich;0;0;0;0;0;0;0;0;0;0;0;0;0;0;0;0;0;0;0;0
          Bremen;        50 bis unter 55 Jahre;        Unbekannt;0;0;0;0;0;0;0;0;0;0;0;0;0;0;0;0;0;0;0;0
          Bremen;        55 bis unter 60 Jahre;Alle Geschlechter;0;0;0;0;0;0;0;0;0;0;0;0;0;0;0;0;0;0;0;0
          Bremen;        55 bis unter 60 Jahre;Männlich;0;0;0;0;0;0;0;0;0;0;0;0;0;0;0;0;0;0;0;0
          Bremen;        55 bis unter 60 Jahre;        Weiblich;0;0;0;0;0;0;0;0;0;0;0;0;0;0;0;0;0;0;0;0
          Bremen;        55 bis unter 60 Jahre;        Unbekannt;0;0;0;0;0;0;0;0;0;0;0;0;0;0;0;0;0;0;0;0
          Bremen;        60 bis unter 65 Jahre;Alle Geschlechter;0;0;0;0;0;0;0;0;0;0;0;0;0;0;0;0;0;0;0;0
          Bremen;        60 bis unter 65 Jahre;Männlich;0;0;0;0;0;0;0;0;0;0;0;0;0;0;0;0;0;0;0;0
          Bremen;        60 bis unter 65 Jahre;        Weiblich;0;0;0;0;0;0;0;0;0;0;0;0;0;0;0;0;0;0;0;0
          Bremen;        60 bis unter 65 Jahre;        Unbekannt;0;0;0;0;0;0;0;0;0;0;0;0;0;0;0;0;0;0;0;0
          Bremen;        65 bis unter 70 Jahre;Alle Geschlechter;0;0;0;0;0;0;0;0;0;0;0;0;0;0;0;0;0;0;0;0
          Bremen;        65 bis unter 70 Jahre;Männlich;0;0;0;0;0;0;0;0;0;0;0;0;0;0;0;0;0;0;0;0
          Bremen;        65 bis unter 70 Jahre;        Weiblich;0;0;0;0;0;0;0;0;0;0;0;0;0;0;0;0;0;0;0;0
          Bremen;        65 bis unter 70 Jahre;        Unbekannt;0;0;0;0;0;0;0;0;0;0;0;0;0;0;0;0;0;0;0;0
          Bremen;        70 bis unter 75 Jahre;Alle Geschlechter;0;0;0;0;0;0;0;0;0;0;0;0;0;0;0;0;0;0;0;0
          Bremen;        70 bis unter 75 Jahre;Männlich;0;0;0;0;0;0;0;0;0;0;0;0;0;0;0;0;0;0;0;0
          Bremen;        70 bis unter 75 Jahre;        Weiblich;0;0;0;0;0;0;0;0;0;0;0;0;0;0;0;0;0;0;0;0
          Bremen;        70 bis unter 75 Jahre;        Unbekannt;0;0;0;0;0;0;0;0;0;0;0;0;0;0;0;0;0;0;0;0
          Bremen;        75 bis unter 80 Jahre;Alle Geschlechter;0;0;0;0;0;0;0;0;0;0;0;0;0;0;0;0;0;0;0;0
          Bremen;        75 bis unter 80 Jahre;Männlich;0;0;0;0;0;0;0;0;0;0;0;0;0;0;0;0;0;0;0;0
          Bremen;        75 bis unter 80 Jahre;        Weiblich;0;0;0;0;0;0;0;0;0;0;0;0;0;0;0;0;0;0;0;0
          Bremen;        75 bis unter 80 Jahre;        Unbekannt;0;0;0;0;0;0;0;0;0;0;0;0;0;0;0;0;0;0;0;0
          Bremen;        80 bis unter 85 Jahre;Alle Geschlechter;0;0;0;0;0;0;0;0;0;0;0;0;0;0;0;0;0;0;0;0
          Bremen;        80 bis unter 85 Jahre;Männlich;0;0;0;0;0;0;0;0;0;0;0;0;0;0;0;0;0;0;0;0
          Bremen;        80 bis unter 85 Jahre;        Weiblich;0;0;0;0;0;0;0;0;0;0;0;0;0;0;0;0;0;0;0;0
          Bremen;        80 bis unter 85 Jahre;        Unbekannt;0;0;0;0;0;0;0;0;0;0;0;0;0;0;0;0;0;0;0;0
          Bremen;        85 bis unter 90 Jahre;Alle Geschlechter;0;0;0;0;0;0;0;0;0;0;0;0;0;0;0;0;0;0;0;0
          Bremen;        85 bis unter 90 Jahre;Männlich;0;0;0;0;0;0;0;0;0;0;0;0;0;0;0;0;0;0;0;0
          Bremen;        85 bis unter 90 Jahre;        Weiblich;0;0;0;0;0;0;0;0;0;0;0;0;0;0;0;0;0;0;0;0
          Bremen;        85 bis unter 90 Jahre;        Unbekannt;0;0;0;0;0;0;0;0;0;0;0;0;0;0;0;0;0;0;0;0
          Bremen;        90 bis unter 95 Jahre;Alle Geschlechter;0;0;0;0;0;0;0;0;0;0;0;0;0;0;0;0;0;0;0;0
          Bremen;        90 bis unter 95 Jahre;Männlich;0;0;0;0;0;0;0;0;0;0;0;0;0;0;0;0;0;0;0;0
          Bremen;        90 bis unter 95 Jahre;        Weiblich;0;0;0;0;0;0;0;0;0;0;0;0;0;0;0;0;0;0;0;0
          Bremen;        90 bis unter 95 Jahre;        Unbekannt;0;0;0;0;0;0;0;0;0;0;0;0;0;0;0;0;0;0;0;0
          Bremen;        95 Jahre und älter;Alle Geschlechter;0;0;0;0;0;0;0;0;0;0;0;0;0;0;0;0;0;0;0;0
          Bremen;        95 Jahre und älter;Männlich;0;0;0;0;0;0;0;0;0;0;0;0;0;0;0;0;0;0;0;0
          Bremen;        95 Jahre und älter;        Weiblich;0;0;0;0;0;0;0;0;0;0;0;0;0;0;0;0;0;0;0;0
          Bremen;        95 Jahre und älter;        Unbekannt;0;0;0;0;0;0;0;0;0;0;0;0;0;0;0;0;0;0;0;0
          Bremen;        Unbekannt;Alle Geschlechter;0;0;0;0;0;0;0;0;0;0;0;0;0;0;0;0;0;0;0;0
          Bremen;        Unbekannt;Männlich;0;0;0;0;0;0;0;0;0;0;0;0;0;0;0;0;0;0;0;0
          Bremen;        Unbekannt;        Weiblich;0;0;0;0;0;0;0;0;0;0;0;0;0;0;0;0;0;0;0;0
          Bremen;        Unbekannt;        Unbekannt;0;0;0;0;0;0;0;0;0;0;0;0;0;0;0;0;0;0;0;0
          Hamburg;Alle Altersgruppen;Alle Geschlechter;1;1;0;1;1;4;0;20;63;48;43;47;38;49;93;97;163;209;178;169
          Hamburg;Alle Altersgruppen;Männlich;1;1;0;1;1;1;0;0;3;1;1;3;3;9;24;32;76;90;59;69
          Hamburg;Alle Altersgruppen;        Weiblich;0;0;0;0;0;3;0;20;60;47;42;44;35;40;69;65;87;119;119;100
          Hamburg;Alle Altersgruppen;        Unbekannt;0;0;0;0;0;0;0;0;0;0;0;0;0;0;0;0;0;0;0;0
          Hamburg;        Unter 1 Jahr;Alle Geschlechter;0;0;0;0;0;0;0;0;0;0;0;0;0;0;0;0;0;0;0;0
          Hamburg;        Unter 1 Jahr;Männlich;0;0;0;0;0;0;0;0;0;0;0;0;0;0;0;0;0;0;0;0
          Hamburg;        Unter 1 Jahr;        Weiblich;0;0;0;0;0;0;0;0;0;0;0;0;0;0;0;0;0;0;0;0
          Hamburg;        Unter 1 Jahr;        Unbekannt;0;0;0;0;0;0;0;0;0;0;0;0;0;0;0;0;0;0;0;0
          Hamburg;        1 Jahr bis unter 5 Jahre;Alle Geschlechter;0;0;0;0;0;0;0;0;0;0;0;0;0;0;0;0;0;0;0;0
          Hamburg;        1 Jahr bis unter 5 Jahre;Männlich;0;0;0;0;0;0;0;0;0;0;0;0;0;0;0;0;0;0;0;0
          Hamburg;        1 Jahr bis unter 5 Jahre;        Weiblich;0;0;0;0;0;0;0;0;0;0;0;0;0;0;0;0;0;0;0;0
          Hamburg;        1 Jahr bis unter 5 Jahre;        Unbekannt;0;0;0;0;0;0;0;0;0;0;0;0;0;0;0;0;0;0;0;0
          Hamburg;        5 bis unter 10 Jahre;Alle Geschlechter;0;0;0;0;0;0;0;0;0;0;0;0;0;0;0;0;0;0;0;0
          Hamburg;        5 bis unter 10 Jahre;Männlich;0;0;0;0;0;0;0;0;0;0;0;0;0;0;0;0;0;0;0;0
          Hamburg;        5 bis unter 10 Jahre;        Weiblich;0;0;0;0;0;0;0;0;0;0;0;0;0;0;0;0;0;0;0;0
          Hamburg;        5 bis unter 10 Jahre;        Unbekannt;0;0;0;0;0;0;0;0;0;0;0;0;0;0;0;0;0;0;0;0
          Hamburg;        10 bis unter 15 Jahre;Alle Geschlechter;0;0;0;0;0;0;0;0;0;0;0;0;0;0;0;0;0;0;0;0
          Hamburg;        10 bis unter 15 Jahre;Männlich;0;0;0;0;0;0;0;0;0;0;0;0;0;0;0;0;0;0;0;0
          Hamburg;        10 bis unter 15 Jahre;        Weiblich;0;0;0;0;0;0;0;0;0;0;0;0;0;0;0;0;0;0;0;0
          Hamburg;        10 bis unter 15 Jahre;        Unbekannt;0;0;0;0;0;0;0;0;0;0;0;0;0;0;0;0;0;0;0;0
          Hamburg;        15 bis unter 20 Jahre;Alle Geschlechter;0;0;0;0;0;0;0;0;2;0;2;4;0;6;9;5;7;12;11;4
          Hamburg;        15 bis unter 20 Jahre;Männlich;0;0;0;0;0;0;0;0;0;0;0;0;0;1;3;3;1;6;3;2
          Hamburg;        15 bis unter 20 Jahre;        Weiblich;0;0;0;0;0;0;0;0;2;0;2;4;0;5;6;2;6;6;8;2
          Hamburg;        15 bis unter 20 Jahre;        Unbekannt;0;0;0;0;0;0;0;0;0;0;0;0;0;0;0;0;0;0;0;0
          Hamburg;        20 bis unter 25 Jahre;Alle Geschlechter;0;0;0;0;0;1;0;1;7;4;4;6;5;8;12;14;39;42;42;41
          Hamburg;        20 bis unter 25 Jahre;Männlich;0;0;0;0;0;1;0;0;2;0;0;1;0;3;3;1;21;23;22;22
          Hamburg;        20 bis unter 25 Jahre;        Weiblich;0;0;0;0;0;0;0;1;5;4;4;5;5;5;9;13;18;19;20;19
          Hamburg;        20 bis unter 25 Jahre;        Unbekannt;0;0;0;0;0;0;0;0;0;0;0;0;0;0;0;0;0;0;0;0
          Hamburg;        25 bis unter 30 Jahre;Alle Geschlechter;1;0;0;0;0;2;0;0;7;3;4;2;5;6;20;17;38;42;27;39
          Hamburg;        25 bis unter 30 Jahre;Männlich;1;0;0;0;0;0;0;0;1;0;0;1;0;0;7;8;22;19;10;13
          Hamburg;        25 bis unter 30 Jahre;        Weiblich;0;0;0;0;0;2;0;0;6;3;4;1;5;6;13;9;16;23;17;26
          Hamburg;        25 bis unter 30 Jahre;        Unbekannt;0;0;0;0;0;0;0;0;0;0;0;0;0;0;0;0;0;0;0;0
          Hamburg;        30 bis unter 35 Jahre;Alle Geschlechter;0;0;0;1;0;0;0;3;11;4;5;7;4;6;13;14;17;23;33;27
          Hamburg;        30 bis unter 35 Jahre;Männlich;0;0;0;1;0;0;0;0;0;0;1;0;0;0;6;8;12;16;10;17
          Hamburg;        30 bis unter 35 Jahre;        Weiblich;0;0;0;0;0;0;0;3;11;4;4;7;4;6;7;6;5;7;23;10
          Hamburg;        30 bis unter 35 Jahre;        Unbekannt;0;0;0;0;0;0;0;0;0;0;0;0;0;0;0;0;0;0;0;0
          Hamburg;        35 bis unter 40 Jahre;Alle Geschlechter;0;0;0;0;0;0;0;3;2;6;7;9;4;8;6;8;13;20;13;19
          Hamburg;        35 bis unter 40 Jahre;Männlich;0;0;0;0;0;0;0;0;0;1;0;0;2;5;3;3;5;3;3;5
          Hamburg;        35 bis unter 40 Jahre;        Weiblich;0;0;0;0;0;0;0;3;2;5;7;9;2;3;3;5;8;17;10;14
          Hamburg;        35 bis unter 40 Jahre;        Unbekannt;0;0;0;0;0;0;0;0;0;0;0;0;0;0;0;0;0;0;0;0
          Hamburg;        40 bis unter 45 Jahre;Alle Geschlechter;0;0;0;0;1;1;0;3;5;9;3;3;4;5;12;8;15;18;11;12
          Hamburg;        40 bis unter 45 Jahre;Männlich;0;0;0;0;1;0;0;0;0;0;0;0;0;0;1;2;5;8;4;3
          Hamburg;        40 bis unter 45 Jahre;        Weiblich;0;0;0;0;0;1;0;3;5;9;3;3;4;5;11;6;10;10;7;9
          Hamburg;        40 bis unter 45 Jahre;        Unbekannt;0;0;0;0;0;0;0;0;0;0;0;0;0;0;0;0;0;0;0;0
          Hamburg;        45 bis unter 50 Jahre;Alle Geschlechter;0;1;0;0;0;0;0;5;7;13;4;3;4;2;7;13;15;19;12;7
          Hamburg;        45 bis unter 50 Jahre;Männlich;0;1;0;0;0;0;0;0;0;0;0;0;0;0;1;3;8;4;2;2
          Hamburg;        45 bis unter 50 Jahre;        Weiblich;0;0;0;0;0;0;0;5;7;13;4;3;4;2;6;10;7;15;10;5
          Hamburg;        45 bis unter 50 Jahre;        Unbekannt;0;0;0;0;0;0;0;0;0;0;0;0;0;0;0;0;0;0;0;0
          Hamburg;        50 bis unter 55 Jahre;Alle Geschlechter;0;0;0;0;0;0;0;2;11;5;6;6;5;5;8;7;7;10;10;8
          Hamburg;        50 bis unter 55 Jahre;Männlich;0;0;0;0;0;0;0;0;0;0;0;0;1;0;0;0;1;5;2;2
          Hamburg;        50 bis unter 55 Jahre;        Weiblich;0;0;0;0;0;0;0;2;11;5;6;6;4;5;8;7;6;5;8;6
          Hamburg;        50 bis unter 55 Jahre;        Unbekannt;0;0;0;0;0;0;0;0;0;0;0;0;0;0;0;0;0;0;0;0
          Hamburg;        55 bis unter 60 Jahre;Alle Geschlechter;0;0;0;0;0;0;0;2;7;4;4;4;5;2;5;6;5;10;10;4
          Hamburg;        55 bis unter 60 Jahre;Männlich;0;0;0;0;0;0;0;0;0;0;0;0;0;0;0;3;0;2;1;1
          Hamburg;        55 bis unter 60 Jahre;        Weiblich;0;0;0;0;0;0;0;2;7;4;4;4;5;2;5;3;5;8;9;3
          Hamburg;        55 bis unter 60 Jahre;        Unbekannt;0;0;0;0;0;0;0;0;0;0;0;0;0;0;0;0;0;0;0;0
          Hamburg;        60 bis unter 65 Jahre;Alle Geschlechter;0;0;0;0;0;0;0;1;3;0;3;1;0;1;1;5;4;5;5;5
          Hamburg;        60 bis unter 65 Jahre;Männlich;0;0;0;0;0;0;0;0;0;0;0;1;0;0;0;1;1;1;0;2
          Hamburg;        60 bis unter 65 Jahre;        Weiblich;0;0;0;0;0;0;0;1;3;0;3;0;0;1;1;4;3;4;5;3
          Hamburg;        60 bis unter 65 Jahre;        Unbekannt;0;0;0;0;0;0;0;0;0;0;0;0;0;0;0;0;0;0;0;0
          Hamburg;        65 bis unter 70 Jahre;Alle Geschlechter;0;0;0;0;0;0;0;0;0;0;1;2;2;0;0;0;3;6;4;2
          Hamburg;        65 bis unter 70 Jahre;Männlich;0;0;0;0;0;0;0;0;0;0;0;0;0;0;0;0;0;3;2;0
          Hamburg;        65 bis unter 70 Jahre;        Weiblich;0;0;0;0;0;0;0;0;0;0;1;2;2;0;0;0;3;3;2;2
          Hamburg;        65 bis unter 70 Jahre;        Unbekannt;0;0;0;0;0;0;0;0;0;0;0;0;0;0;0;0;0;0;0;0
          Hamburg;        70 bis unter 75 Jahre;Alle Geschlechter;0;0;0;0;0;0;0;0;1;0;0;0;0;0;0;0;0;2;0;1
          Hamburg;        70 bis unter 75 Jahre;Männlich;0;0;0;0;0;0;0;0;0;0;0;0;0;0;0;0;0;0;0;0
          Hamburg;        70 bis unter 75 Jahre;        Weiblich;0;0;0;0;0;0;0;0;1;0;0;0;0;0;0;0;0;2;0;1
          Hamburg;        70 bis unter 75 Jahre;        Unbekannt;0;0;0;0;0;0;0;0;0;0;0;0;0;0;0;0;0;0;0;0
          Hamburg;        75 bis unter 80 Jahre;Alle Geschlechter;0;0;0;0;0;0;0;0;0;0;0;0;0;0;0;0;0;0;0;0
          Hamburg;        75 bis unter 80 Jahre;Männlich;0;0;0;0;0;0;0;0;0;0;0;0;0;0;0;0;0;0;0;0
          Hamburg;        75 bis unter 80 Jahre;        Weiblich;0;0;0;0;0;0;0;0;0;0;0;0;0;0;0;0;0;0;0;0
          Hamburg;        75 bis unter 80 Jahre;        Unbekannt;0;0;0;0;0;0;0;0;0;0;0;0;0;0;0;0;0;0;0;0
          Hamburg;        80 bis unter 85 Jahre;Alle Geschlechter;0;0;0;0;0;0;0;0;0;0;0;0;0;0;0;0;0;0;0;0
          Hamburg;        80 bis unter 85 Jahre;Männlich;0;0;0;0;0;0;0;0;0;0;0;0;0;0;0;0;0;0;0;0
          Hamburg;        80 bis unter 85 Jahre;        Weiblich;0;0;0;0;0;0;0;0;0;0;0;0;0;0;0;0;0;0;0;0
          Hamburg;        80 bis unter 85 Jahre;        Unbekannt;0;0;0;0;0;0;0;0;0;0;0;0;0;0;0;0;0;0;0;0
          Hamburg;        85 bis unter 90 Jahre;Alle Geschlechter;0;0;0;0;0;0;0;0;0;0;0;0;0;0;0;0;0;0;0;0
          Hamburg;        85 bis unter 90 Jahre;Männlich;0;0;0;0;0;0;0;0;0;0;0;0;0;0;0;0;0;0;0;0
          Hamburg;        85 bis unter 90 Jahre;        Weiblich;0;0;0;0;0;0;0;0;0;0;0;0;0;0;0;0;0;0;0;0
          Hamburg;        85 bis unter 90 Jahre;        Unbekannt;0;0;0;0;0;0;0;0;0;0;0;0;0;0;0;0;0;0;0;0
          Hamburg;        90 bis unter 95 Jahre;Alle Geschlechter;0;0;0;0;0;0;0;0;0;0;0;0;0;0;0;0;0;0;0;0
          Hamburg;        90 bis unter 95 Jahre;Männlich;0;0;0;0;0;0;0;0;0;0;0;0;0;0;0;0;0;0;0;0
          Hamburg;        90 bis unter 95 Jahre;        Weiblich;0;0;0;0;0;0;0;0;0;0;0;0;0;0;0;0;0;0;0;0
          Hamburg;        90 bis unter 95 Jahre;        Unbekannt;0;0;0;0;0;0;0;0;0;0;0;0;0;0;0;0;0;0;0;0
          Hamburg;        95 Jahre und älter;Alle Geschlechter;0;0;0;0;0;0;0;0;0;0;0;0;0;0;0;0;0;0;0;0
          Hamburg;        95 Jahre und älter;Männlich;0;0;0;0;0;0;0;0;0;0;0;0;0;0;0;0;0;0;0;0
          Hamburg;        95 Jahre und älter;        Weiblich;0;0;0;0;0;0;0;0;0;0;0;0;0;0;0;0;0;0;0;0
          Hamburg;        95 Jahre und älter;        Unbekannt;0;0;0;0;0;0;0;0;0;0;0;0;0;0;0;0;0;0;0;0
          Hamburg;        Unbekannt;Alle Geschlechter;0;0;0;0;0;0;0;0;0;0;0;0;0;0;0;0;0;0;0;0
          Hamburg;        Unbekannt;Männlich;0;0;0;0;0;0;0;0;0;0;0;0;0;0;0;0;0;0;0;0
          Hamburg;        Unbekannt;        Weiblich;0;0;0;0;0;0;0;0;0;0;0;0;0;0;0;0;0;0;0;0
          Hamburg;        Unbekannt;        Unbekannt;0;0;0;0;0;0;0;0;0;0;0;0;0;0;0;0;0;0;0;0
          Hessen;Alle Altersgruppen;Alle Geschlechter;69;83;66;67;48;68;66;90;72;64;68;80;102;149;149;159;132;131;199;199
          Hessen;Alle Altersgruppen;Männlich;69;57;43;44;27;42;47;65;46;45;45;45;56;95;98;108;87;85;132;119
          Hessen;Alle Altersgruppen;        Weiblich;0;26;23;23;21;26;19;25;26;19;23;35;46;54;51;51;45;46;67;80
          Hessen;Alle Altersgruppen;        Unbekannt;0;0;0;0;0;0;0;0;0;0;0;0;0;0;0;0;0;0;0;0
          Hessen;        Unter 1 Jahr;Alle Geschlechter;0;0;0;0;0;0;0;0;0;0;0;0;0;0;0;0;0;0;0;0
          Hessen;        Unter 1 Jahr;Männlich;0;0;0;0;0;0;0;0;0;0;0;0;0;0;0;0;0;0;0;0
          Hessen;        Unter 1 Jahr;        Weiblich;0;0;0;0;0;0;0;0;0;0;0;0;0;0;0;0;0;0;0;0
          Hessen;        Unter 1 Jahr;        Unbekannt;0;0;0;0;0;0;0;0;0;0;0;0;0;0;0;0;0;0;0;0
          Hessen;        1 Jahr bis unter 5 Jahre;Alle Geschlechter;0;0;0;0;0;0;0;0;0;0;0;0;0;0;0;0;0;0;0;0
          Hessen;        1 Jahr bis unter 5 Jahre;Männlich;0;0;0;0;0;0;0;0;0;0;0;0;0;0;0;0;0;0;0;0
          Hessen;        1 Jahr bis unter 5 Jahre;        Weiblich;0;0;0;0;0;0;0;0;0;0;0;0;0;0;0;0;0;0;0;0
          Hessen;        1 Jahr bis unter 5 Jahre;        Unbekannt;0;0;0;0;0;0;0;0;0;0;0;0;0;0;0;0;0;0;0;0
          Hessen;        5 bis unter 10 Jahre;Alle Geschlechter;0;0;0;0;0;0;0;0;0;0;0;0;0;0;0;0;0;0;0;0
          Hessen;        5 bis unter 10 Jahre;Männlich;0;0;0;0;0;0;0;0;0;0;0;0;0;0;0;0;0;0;0;0
          Hessen;        5 bis unter 10 Jahre;        Weiblich;0;0;0;0;0;0;0;0;0;0;0;0;0;0;0;0;0;0;0;0
          Hessen;        5 bis unter 10 Jahre;        Unbekannt;0;0;0;0;0;0;0;0;0;0;0;0;0;0;0;0;0;0;0;0
          Hessen;        10 bis unter 15 Jahre;Alle Geschlechter;0;0;0;0;0;0;0;0;0;0;0;0;0;0;0;0;0;0;0;0
          Hessen;        10 bis unter 15 Jahre;Männlich;0;0;0;0;0;0;0;0;0;0;0;0;0;0;0;0;0;0;0;0
          Hessen;        10 bis unter 15 Jahre;        Weiblich;0;0;0;0;0;0;0;0;0;0;0;0;0;0;0;0;0;0;0;0
          Hessen;        10 bis unter 15 Jahre;        Unbekannt;0;0;0;0;0;0;0;0;0;0;0;0;0;0;0;0;0;0;0;0
          Hessen;        15 bis unter 20 Jahre;Alle Geschlechter;0;4;6;3;6;1;0;4;2;2;8;6;6;15;19;14;23;17;33;23
          Hessen;        15 bis unter 20 Jahre;Männlich;0;2;2;2;1;0;0;2;2;1;7;5;3;10;16;10;13;7;22;10
          Hessen;        15 bis unter 20 Jahre;        Weiblich;0;2;4;1;5;1;0;2;0;1;1;1;3;5;3;4;10;10;11;13
          Hessen;        15 bis unter 20 Jahre;        Unbekannt;0;0;0;0;0;0;0;0;0;0;0;0;0;0;0;0;0;0;0;0
          Hessen;        20 bis unter 25 Jahre;Alle Geschlechter;2;9;8;3;6;10;10;10;14;13;10;11;22;29;37;34;31;41;56;44
          Hessen;        20 bis unter 25 Jahre;Männlich;2;5;6;2;4;7;7;7;11;8;6;7;13;21;22;24;23;26;35;25
          Hessen;        20 bis unter 25 Jahre;        Weiblich;0;4;2;1;2;3;3;3;3;5;4;4;9;8;15;10;8;15;21;19
          Hessen;        20 bis unter 25 Jahre;        Unbekannt;0;0;0;0;0;0;0;0;0;0;0;0;0;0;0;0;0;0;0;0
          Hessen;        25 bis unter 30 Jahre;Alle Geschlechter;19;19;14;9;5;9;11;17;9;10;7;14;21;38;35;35;24;20;30;39
          Hessen;        25 bis unter 30 Jahre;Männlich;19;14;9;5;4;8;10;13;8;9;6;8;13;30;26;29;15;12;20;26
          Hessen;        25 bis unter 30 Jahre;        Weiblich;0;5;5;4;1;1;1;4;1;1;1;6;8;8;9;6;9;8;10;13
          Hessen;        25 bis unter 30 Jahre;        Unbekannt;0;0;0;0;0;0;0;0;0;0;0;0;0;0;0;0;0;0;0;0
          Hessen;        30 bis unter 35 Jahre;Alle Geschlechter;20;14;9;11;9;10;7;15;11;8;8;12;11;20;22;17;18;24;20;25
          Hessen;        30 bis unter 35 Jahre;Männlich;20;14;8;9;7;7;6;10;6;5;5;5;4;11;17;9;10;19;18;18
          Hessen;        30 bis unter 35 Jahre;        Weiblich;0;0;1;2;2;3;1;5;5;3;3;7;7;9;5;8;8;5;2;7
          Hessen;        30 bis unter 35 Jahre;        Unbekannt;0;0;0;0;0;0;0;0;0;0;0;0;0;0;0;0;0;0;0;0
          Hessen;        35 bis unter 40 Jahre;Alle Geschlechter;14;17;6;6;7;12;8;11;13;12;7;5;8;9;7;16;7;6;15;23
          Hessen;        35 bis unter 40 Jahre;Männlich;14;12;2;3;5;9;7;9;10;11;5;3;4;4;5;14;7;5;11;15
          Hessen;        35 bis unter 40 Jahre;        Weiblich;0;5;4;3;2;3;1;2;3;1;2;2;4;5;2;2;0;1;4;8
          Hessen;        35 bis unter 40 Jahre;        Unbekannt;0;0;0;0;0;0;0;0;0;0;0;0;0;0;0;0;0;0;0;0
          Hessen;        40 bis unter 45 Jahre;Alle Geschlechter;6;8;13;13;7;9;10;13;8;6;10;11;9;11;6;12;12;7;8;10
          Hessen;        40 bis unter 45 Jahre;Männlich;6;4;11;13;3;6;6;11;4;6;8;6;7;7;3;6;8;6;5;7
          Hessen;        40 bis unter 45 Jahre;        Weiblich;0;4;2;0;4;3;4;2;4;0;2;5;2;4;3;6;4;1;3;3
          Hessen;        40 bis unter 45 Jahre;        Unbekannt;0;0;0;0;0;0;0;0;0;0;0;0;0;0;0;0;0;0;0;0
          Hessen;        45 bis unter 50 Jahre;Alle Geschlechter;5;9;5;9;4;11;12;14;8;7;5;7;7;10;6;10;5;8;14;8
          Hessen;        45 bis unter 50 Jahre;Männlich;5;6;4;5;2;3;8;10;4;3;4;7;3;5;4;8;5;6;5;4
          Hessen;        45 bis unter 50 Jahre;        Weiblich;0;3;1;4;2;8;4;4;4;4;1;0;4;5;2;2;0;2;9;4
          Hessen;        45 bis unter 50 Jahre;        Unbekannt;0;0;0;0;0;0;0;0;0;0;0;0;0;0;0;0;0;0;0;0
          Hessen;        50 bis unter 55 Jahre;Alle Geschlechter;0;3;3;10;2;4;7;3;5;5;7;5;8;4;6;5;3;2;6;10
          Hessen;        50 bis unter 55 Jahre;Männlich;0;0;0;4;0;1;3;3;1;2;2;1;5;2;4;1;0;1;4;5
          Hessen;        50 bis unter 55 Jahre;        Weiblich;0;3;3;6;2;3;4;0;4;3;5;4;3;2;2;4;3;1;2;5
          Hessen;        50 bis unter 55 Jahre;        Unbekannt;0;0;0;0;0;0;0;0;0;0;0;0;0;0;0;0;0;0;0;0
          Hessen;        55 bis unter 60 Jahre;Alle Geschlechter;3;0;1;1;1;1;1;1;1;1;5;5;6;8;3;8;5;3;13;9
          Hessen;        55 bis unter 60 Jahre;Männlich;3;0;1;0;1;1;0;0;0;0;2;2;2;3;0;4;3;2;10;6
          Hessen;        55 bis unter 60 Jahre;        Weiblich;0;0;0;1;0;0;1;1;1;1;3;3;4;5;3;4;2;1;3;3
          Hessen;        55 bis unter 60 Jahre;        Unbekannt;0;0;0;0;0;0;0;0;0;0;0;0;0;0;0;0;0;0;0;0
          Hessen;        60 bis unter 65 Jahre;Alle Geschlechter;0;0;0;2;1;0;0;1;1;0;0;4;3;3;4;3;3;1;2;7
          Hessen;        60 bis unter 65 Jahre;Männlich;0;0;0;1;0;0;0;0;0;0;0;1;2;2;1;2;2;1;1;3
          Hessen;        60 bis unter 65 Jahre;        Weiblich;0;0;0;1;1;0;0;1;1;0;0;3;1;1;3;1;1;0;1;4
          Hessen;        60 bis unter 65 Jahre;        Unbekannt;0;0;0;0;0;0;0;0;0;0;0;0;0;0;0;0;0;0;0;0
          Hessen;        65 bis unter 70 Jahre;Alle Geschlechter;0;0;1;0;0;1;0;0;0;0;1;0;1;1;4;4;1;2;1;1
          Hessen;        65 bis unter 70 Jahre;Männlich;0;0;0;0;0;0;0;0;0;0;0;0;0;0;0;1;1;0;1;0
          Hessen;        65 bis unter 70 Jahre;        Weiblich;0;0;1;0;0;1;0;0;0;0;1;0;1;1;4;3;0;2;0;1
          Hessen;        65 bis unter 70 Jahre;        Unbekannt;0;0;0;0;0;0;0;0;0;0;0;0;0;0;0;0;0;0;0;0
          Hessen;        70 bis unter 75 Jahre;Alle Geschlechter;0;0;0;0;0;0;0;1;0;0;0;0;0;1;0;1;0;0;1;0
          Hessen;        70 bis unter 75 Jahre;Männlich;0;0;0;0;0;0;0;0;0;0;0;0;0;0;0;0;0;0;0;0
          Hessen;        70 bis unter 75 Jahre;        Weiblich;0;0;0;0;0;0;0;1;0;0;0;0;0;1;0;1;0;0;1;0
          Hessen;        70 bis unter 75 Jahre;        Unbekannt;0;0;0;0;0;0;0;0;0;0;0;0;0;0;0;0;0;0;0;0
          Hessen;        75 bis unter 80 Jahre;Alle Geschlechter;0;0;0;0;0;0;0;0;0;0;0;0;0;0;0;0;0;0;0;0
          Hessen;        75 bis unter 80 Jahre;Männlich;0;0;0;0;0;0;0;0;0;0;0;0;0;0;0;0;0;0;0;0
          Hessen;        75 bis unter 80 Jahre;        Weiblich;0;0;0;0;0;0;0;0;0;0;0;0;0;0;0;0;0;0;0;0
          Hessen;        75 bis unter 80 Jahre;        Unbekannt;0;0;0;0;0;0;0;0;0;0;0;0;0;0;0;0;0;0;0;0
          Hessen;        80 bis unter 85 Jahre;Alle Geschlechter;0;0;0;0;0;0;0;0;0;0;0;0;0;0;0;0;0;0;0;0
          Hessen;        80 bis unter 85 Jahre;Männlich;0;0;0;0;0;0;0;0;0;0;0;0;0;0;0;0;0;0;0;0
          Hessen;        80 bis unter 85 Jahre;        Weiblich;0;0;0;0;0;0;0;0;0;0;0;0;0;0;0;0;0;0;0;0
          Hessen;        80 bis unter 85 Jahre;        Unbekannt;0;0;0;0;0;0;0;0;0;0;0;0;0;0;0;0;0;0;0;0
          Hessen;        85 bis unter 90 Jahre;Alle Geschlechter;0;0;0;0;0;0;0;0;0;0;0;0;0;0;0;0;0;0;0;0
          Hessen;        85 bis unter 90 Jahre;Männlich;0;0;0;0;0;0;0;0;0;0;0;0;0;0;0;0;0;0;0;0
          Hessen;        85 bis unter 90 Jahre;        Weiblich;0;0;0;0;0;0;0;0;0;0;0;0;0;0;0;0;0;0;0;0
          Hessen;        85 bis unter 90 Jahre;        Unbekannt;0;0;0;0;0;0;0;0;0;0;0;0;0;0;0;0;0;0;0;0
          Hessen;        90 bis unter 95 Jahre;Alle Geschlechter;0;0;0;0;0;0;0;0;0;0;0;0;0;0;0;0;0;0;0;0
          Hessen;        90 bis unter 95 Jahre;Männlich;0;0;0;0;0;0;0;0;0;0;0;0;0;0;0;0;0;0;0;0
          Hessen;        90 bis unter 95 Jahre;        Weiblich;0;0;0;0;0;0;0;0;0;0;0;0;0;0;0;0;0;0;0;0
          Hessen;        90 bis unter 95 Jahre;        Unbekannt;0;0;0;0;0;0;0;0;0;0;0;0;0;0;0;0;0;0;0;0
          Hessen;        95 Jahre und älter;Alle Geschlechter;0;0;0;0;0;0;0;0;0;0;0;0;0;0;0;0;0;0;0;0
          Hessen;        95 Jahre und älter;Männlich;0;0;0;0;0;0;0;0;0;0;0;0;0;0;0;0;0;0;0;0
          Hessen;        95 Jahre und älter;        Weiblich;0;0;0;0;0;0;0;0;0;0;0;0;0;0;0;0;0;0;0;0
          Hessen;        95 Jahre und älter;        Unbekannt;0;0;0;0;0;0;0;0;0;0;0;0;0;0;0;0;0;0;0;0
          Hessen;        Unbekannt;Alle Geschlechter;0;0;0;0;0;0;0;0;0;0;0;0;0;0;0;0;0;0;0;0
          Hessen;        Unbekannt;Männlich;0;0;0;0;0;0;0;0;0;0;0;0;0;0;0;0;0;0;0;0
          Hessen;        Unbekannt;        Weiblich;0;0;0;0;0;0;0;0;0;0;0;0;0;0;0;0;0;0;0;0
          Hessen;        Unbekannt;        Unbekannt;0;0;0;0;0;0;0;0;0;0;0;0;0;0;0;0;0;0;0;0
          Mecklenburg-Vorpommern;Alle Altersgruppen;Alle Geschlechter;0;0;0;0;0;0;0;0;0;0;0;0;1;1;1;0;0;0;0;0
          Mecklenburg-Vorpommern;Alle Altersgruppen;Männlich;0;0;0;0;0;0;0;0;0;0;0;0;0;0;0;0;0;0;0;0
          Mecklenburg-Vorpommern;Alle Altersgruppen;        Weiblich;0;0;0;0;0;0;0;0;0;0;0;0;1;1;1;0;0;0;0;0
          Mecklenburg-Vorpommern;Alle Altersgruppen;        Unbekannt;0;0;0;0;0;0;0;0;0;0;0;0;0;0;0;0;0;0;0;0
          Mecklenburg-Vorpommern;        Unter 1 Jahr;Alle Geschlechter;0;0;0;0;0;0;0;0;0;0;0;0;0;0;0;0;0;0;0;0
          Mecklenburg-Vorpommern;        Unter 1 Jahr;Männlich;0;0;0;0;0;0;0;0;0;0;0;0;0;0;0;0;0;0;0;0
          Mecklenburg-Vorpommern;        Unter 1 Jahr;        Weiblich;0;0;0;0;0;0;0;0;0;0;0;0;0;0;0;0;0;0;0;0
          Mecklenburg-Vorpommern;        Unter 1 Jahr;        Unbekannt;0;0;0;0;0;0;0;0;0;0;0;0;0;0;0;0;0;0;0;0
          Mecklenburg-Vorpommern;        1 Jahr bis unter 5 Jahre;Alle Geschlechter;0;0;0;0;0;0;0;0;0;0;0;0;0;0;0;0;0;0;0;0
          Mecklenburg-Vorpommern;        1 Jahr bis unter 5 Jahre;Männlich;0;0;0;0;0;0;0;0;0;0;0;0;0;0;0;0;0;0;0;0
          Mecklenburg-Vorpommern;        1 Jahr bis unter 5 Jahre;        Weiblich;0;0;0;0;0;0;0;0;0;0;0;0;0;0;0;0;0;0;0;0
          Mecklenburg-Vorpommern;        1 Jahr bis unter 5 Jahre;        Unbekannt;0;0;0;0;0;0;0;0;0;0;0;0;0;0;0;0;0;0;0;0
          Mecklenburg-Vorpommern;        5 bis unter 10 Jahre;Alle Geschlechter;0;0;0;0;0;0;0;0;0;0;0;0;0;0;0;0;0;0;0;0
          Mecklenburg-Vorpommern;        5 bis unter 10 Jahre;Männlich;0;0;0;0;0;0;0;0;0;0;0;0;0;0;0;0;0;0;0;0
          Mecklenburg-Vorpommern;        5 bis unter 10 Jahre;        Weiblich;0;0;0;0;0;0;0;0;0;0;0;0;0;0;0;0;0;0;0;0
          Mecklenburg-Vorpommern;        5 bis unter 10 Jahre;        Unbekannt;0;0;0;0;0;0;0;0;0;0;0;0;0;0;0;0;0;0;0;0
          Mecklenburg-Vorpommern;        10 bis unter 15 Jahre;Alle Geschlechter;0;0;0;0;0;0;0;0;0;0;0;0;0;0;0;0;0;0;0;0
          Mecklenburg-Vorpommern;        10 bis unter 15 Jahre;Männlich;0;0;0;0;0;0;0;0;0;0;0;0;0;0;0;0;0;0;0;0
          Mecklenburg-Vorpommern;        10 bis unter 15 Jahre;        Weiblich;0;0;0;0;0;0;0;0;0;0;0;0;0;0;0;0;0;0;0;0
          Mecklenburg-Vorpommern;        10 bis unter 15 Jahre;        Unbekannt;0;0;0;0;0;0;0;0;0;0;0;0;0;0;0;0;0;0;0;0
          Mecklenburg-Vorpommern;        15 bis unter 20 Jahre;Alle Geschlechter;0;0;0;0;0;0;0;0;0;0;0;0;0;0;1;0;0;0;0;0
          Mecklenburg-Vorpommern;        15 bis unter 20 Jahre;Männlich;0;0;0;0;0;0;0;0;0;0;0;0;0;0;0;0;0;0;0;0
          Mecklenburg-Vorpommern;        15 bis unter 20 Jahre;        Weiblich;0;0;0;0;0;0;0;0;0;0;0;0;0;0;1;0;0;0;0;0
          Mecklenburg-Vorpommern;        15 bis unter 20 Jahre;        Unbekannt;0;0;0;0;0;0;0;0;0;0;0;0;0;0;0;0;0;0;0;0
          Mecklenburg-Vorpommern;        20 bis unter 25 Jahre;Alle Geschlechter;0;0;0;0;0;0;0;0;0;0;0;0;0;0;0;0;0;0;0;0
          Mecklenburg-Vorpommern;        20 bis unter 25 Jahre;Männlich;0;0;0;0;0;0;0;0;0;0;0;0;0;0;0;0;0;0;0;0
          Mecklenburg-Vorpommern;        20 bis unter 25 Jahre;        Weiblich;0;0;0;0;0;0;0;0;0;0;0;0;0;0;0;0;0;0;0;0
          Mecklenburg-Vorpommern;        20 bis unter 25 Jahre;        Unbekannt;0;0;0;0;0;0;0;0;0;0;0;0;0;0;0;0;0;0;0;0
          Mecklenburg-Vorpommern;        25 bis unter 30 Jahre;Alle Geschlechter;0;0;0;0;0;0;0;0;0;0;0;0;0;0;0;0;0;0;0;0
          Mecklenburg-Vorpommern;        25 bis unter 30 Jahre;Männlich;0;0;0;0;0;0;0;0;0;0;0;0;0;0;0;0;0;0;0;0
          Mecklenburg-Vorpommern;        25 bis unter 30 Jahre;        Weiblich;0;0;0;0;0;0;0;0;0;0;0;0;0;0;0;0;0;0;0;0
          Mecklenburg-Vorpommern;        25 bis unter 30 Jahre;        Unbekannt;0;0;0;0;0;0;0;0;0;0;0;0;0;0;0;0;0;0;0;0
          Mecklenburg-Vorpommern;        30 bis unter 35 Jahre;Alle Geschlechter;0;0;0;0;0;0;0;0;0;0;0;0;0;0;0;0;0;0;0;0
          Mecklenburg-Vorpommern;        30 bis unter 35 Jahre;Männlich;0;0;0;0;0;0;0;0;0;0;0;0;0;0;0;0;0;0;0;0
          Mecklenburg-Vorpommern;        30 bis unter 35 Jahre;        Weiblich;0;0;0;0;0;0;0;0;0;0;0;0;0;0;0;0;0;0;0;0
          Mecklenburg-Vorpommern;        30 bis unter 35 Jahre;        Unbekannt;0;0;0;0;0;0;0;0;0;0;0;0;0;0;0;0;0;0;0;0
          Mecklenburg-Vorpommern;        35 bis unter 40 Jahre;Alle Geschlechter;0;0;0;0;0;0;0;0;0;0;0;0;0;0;0;0;0;0;0;0
          Mecklenburg-Vorpommern;        35 bis unter 40 Jahre;Männlich;0;0;0;0;0;0;0;0;0;0;0;0;0;0;0;0;0;0;0;0
          Mecklenburg-Vorpommern;        35 bis unter 40 Jahre;        Weiblich;0;0;0;0;0;0;0;0;0;0;0;0;0;0;0;0;0;0;0;0
          Mecklenburg-Vorpommern;        35 bis unter 40 Jahre;        Unbekannt;0;0;0;0;0;0;0;0;0;0;0;0;0;0;0;0;0;0;0;0
          Mecklenburg-Vorpommern;        40 bis unter 45 Jahre;Alle Geschlechter;0;0;0;0;0;0;0;0;0;0;0;0;0;0;0;0;0;0;0;0
          Mecklenburg-Vorpommern;        40 bis unter 45 Jahre;Männlich;0;0;0;0;0;0;0;0;0;0;0;0;0;0;0;0;0;0;0;0
          Mecklenburg-Vorpommern;        40 bis unter 45 Jahre;        Weiblich;0;0;0;0;0;0;0;0;0;0;0;0;0;0;0;0;0;0;0;0
          Mecklenburg-Vorpommern;        40 bis unter 45 Jahre;        Unbekannt;0;0;0;0;0;0;0;0;0;0;0;0;0;0;0;0;0;0;0;0
          Mecklenburg-Vorpommern;        45 bis unter 50 Jahre;Alle Geschlechter;0;0;0;0;0;0;0;0;0;0;0;0;0;1;0;0;0;0;0;0
          Mecklenburg-Vorpommern;        45 bis unter 50 Jahre;Männlich;0;0;0;0;0;0;0;0;0;0;0;0;0;0;0;0;0;0;0;0
          Mecklenburg-Vorpommern;        45 bis unter 50 Jahre;        Weiblich;0;0;0;0;0;0;0;0;0;0;0;0;0;1;0;0;0;0;0;0
          Mecklenburg-Vorpommern;        45 bis unter 50 Jahre;        Unbekannt;0;0;0;0;0;0;0;0;0;0;0;0;0;0;0;0;0;0;0;0
          Mecklenburg-Vorpommern;        50 bis unter 55 Jahre;Alle Geschlechter;0;0;0;0;0;0;0;0;0;0;0;0;1;0;0;0;0;0;0;0
          Mecklenburg-Vorpommern;        50 bis unter 55 Jahre;Männlich;0;0;0;0;0;0;0;0;0;0;0;0;0;0;0;0;0;0;0;0
          Mecklenburg-Vorpommern;        50 bis unter 55 Jahre;        Weiblich;0;0;0;0;0;0;0;0;0;0;0;0;1;0;0;0;0;0;0;0
          Mecklenburg-Vorpommern;        50 bis unter 55 Jahre;        Unbekannt;0;0;0;0;0;0;0;0;0;0;0;0;0;0;0;0;0;0;0;0
          Mecklenburg-Vorpommern;        55 bis unter 60 Jahre;Alle Geschlechter;0;0;0;0;0;0;0;0;0;0;0;0;0;0;0;0;0;0;0;0
          Mecklenburg-Vorpommern;        55 bis unter 60 Jahre;Männlich;0;0;0;0;0;0;0;0;0;0;0;0;0;0;0;0;0;0;0;0
          Mecklenburg-Vorpommern;        55 bis unter 60 Jahre;        Weiblich;0;0;0;0;0;0;0;0;0;0;0;0;0;0;0;0;0;0;0;0
          Mecklenburg-Vorpommern;        55 bis unter 60 Jahre;        Unbekannt;0;0;0;0;0;0;0;0;0;0;0;0;0;0;0;0;0;0;0;0
          Mecklenburg-Vorpommern;        60 bis unter 65 Jahre;Alle Geschlechter;0;0;0;0;0;0;0;0;0;0;0;0;0;0;0;0;0;0;0;0
          Mecklenburg-Vorpommern;        60 bis unter 65 Jahre;Männlich;0;0;0;0;0;0;0;0;0;0;0;0;0;0;0;0;0;0;0;0
          Mecklenburg-Vorpommern;        60 bis unter 65 Jahre;        Weiblich;0;0;0;0;0;0;0;0;0;0;0;0;0;0;0;0;0;0;0;0
          Mecklenburg-Vorpommern;        60 bis unter 65 Jahre;        Unbekannt;0;0;0;0;0;0;0;0;0;0;0;0;0;0;0;0;0;0;0;0
          Mecklenburg-Vorpommern;        65 bis unter 70 Jahre;Alle Geschlechter;0;0;0;0;0;0;0;0;0;0;0;0;0;0;0;0;0;0;0;0
          Mecklenburg-Vorpommern;        65 bis unter 70 Jahre;Männlich;0;0;0;0;0;0;0;0;0;0;0;0;0;0;0;0;0;0;0;0
          Mecklenburg-Vorpommern;        65 bis unter 70 Jahre;        Weiblich;0;0;0;0;0;0;0;0;0;0;0;0;0;0;0;0;0;0;0;0
          Mecklenburg-Vorpommern;        65 bis unter 70 Jahre;        Unbekannt;0;0;0;0;0;0;0;0;0;0;0;0;0;0;0;0;0;0;0;0
          Mecklenburg-Vorpommern;        70 bis unter 75 Jahre;Alle Geschlechter;0;0;0;0;0;0;0;0;0;0;0;0;0;0;0;0;0;0;0;0
          Mecklenburg-Vorpommern;        70 bis unter 75 Jahre;Männlich;0;0;0;0;0;0;0;0;0;0;0;0;0;0;0;0;0;0;0;0
          Mecklenburg-Vorpommern;        70 bis unter 75 Jahre;        Weiblich;0;0;0;0;0;0;0;0;0;0;0;0;0;0;0;0;0;0;0;0
          Mecklenburg-Vorpommern;        70 bis unter 75 Jahre;        Unbekannt;0;0;0;0;0;0;0;0;0;0;0;0;0;0;0;0;0;0;0;0
          Mecklenburg-Vorpommern;        75 bis unter 80 Jahre;Alle Geschlechter;0;0;0;0;0;0;0;0;0;0;0;0;0;0;0;0;0;0;0;0
          Mecklenburg-Vorpommern;        75 bis unter 80 Jahre;Männlich;0;0;0;0;0;0;0;0;0;0;0;0;0;0;0;0;0;0;0;0
          Mecklenburg-Vorpommern;        75 bis unter 80 Jahre;        Weiblich;0;0;0;0;0;0;0;0;0;0;0;0;0;0;0;0;0;0;0;0
          Mecklenburg-Vorpommern;        75 bis unter 80 Jahre;        Unbekannt;0;0;0;0;0;0;0;0;0;0;0;0;0;0;0;0;0;0;0;0
          Mecklenburg-Vorpommern;        80 bis unter 85 Jahre;Alle Geschlechter;0;0;0;0;0;0;0;0;0;0;0;0;0;0;0;0;0;0;0;0
          Mecklenburg-Vorpommern;        80 bis unter 85 Jahre;Männlich;0;0;0;0;0;0;0;0;0;0;0;0;0;0;0;0;0;0;0;0
          Mecklenburg-Vorpommern;        80 bis unter 85 Jahre;        Weiblich;0;0;0;0;0;0;0;0;0;0;0;0;0;0;0;0;0;0;0;0
          Mecklenburg-Vorpommern;        80 bis unter 85 Jahre;        Unbekannt;0;0;0;0;0;0;0;0;0;0;0;0;0;0;0;0;0;0;0;0
          Mecklenburg-Vorpommern;        85 bis unter 90 Jahre;Alle Geschlechter;0;0;0;0;0;0;0;0;0;0;0;0;0;0;0;0;0;0;0;0
          Mecklenburg-Vorpommern;        85 bis unter 90 Jahre;Männlich;0;0;0;0;0;0;0;0;0;0;0;0;0;0;0;0;0;0;0;0
          Mecklenburg-Vorpommern;        85 bis unter 90 Jahre;        Weiblich;0;0;0;0;0;0;0;0;0;0;0;0;0;0;0;0;0;0;0;0
          Mecklenburg-Vorpommern;        85 bis unter 90 Jahre;        Unbekannt;0;0;0;0;0;0;0;0;0;0;0;0;0;0;0;0;0;0;0;0
          Mecklenburg-Vorpommern;        90 bis unter 95 Jahre;Alle Geschlechter;0;0;0;0;0;0;0;0;0;0;0;0;0;0;0;0;0;0;0;0
          Mecklenburg-Vorpommern;        90 bis unter 95 Jahre;Männlich;0;0;0;0;0;0;0;0;0;0;0;0;0;0;0;0;0;0;0;0
          Mecklenburg-Vorpommern;        90 bis unter 95 Jahre;        Weiblich;0;0;0;0;0;0;0;0;0;0;0;0;0;0;0;0;0;0;0;0
          Mecklenburg-Vorpommern;        90 bis unter 95 Jahre;        Unbekannt;0;0;0;0;0;0;0;0;0;0;0;0;0;0;0;0;0;0;0;0
          Mecklenburg-Vorpommern;        95 Jahre und älter;Alle Geschlechter;0;0;0;0;0;0;0;0;0;0;0;0;0;0;0;0;0;0;0;0
          Mecklenburg-Vorpommern;        95 Jahre und älter;Männlich;0;0;0;0;0;0;0;0;0;0;0;0;0;0;0;0;0;0;0;0
          Mecklenburg-Vorpommern;        95 Jahre und älter;        Weiblich;0;0;0;0;0;0;0;0;0;0;0;0;0;0;0;0;0;0;0;0
          Mecklenburg-Vorpommern;        95 Jahre und älter;        Unbekannt;0;0;0;0;0;0;0;0;0;0;0;0;0;0;0;0;0;0;0;0
          Mecklenburg-Vorpommern;        Unbekannt;Alle Geschlechter;0;0;0;0;0;0;0;0;0;0;0;0;0;0;0;0;0;0;0;0
          Mecklenburg-Vorpommern;        Unbekannt;Männlich;0;0;0;0;0;0;0;0;0;0;0;0;0;0;0;0;0;0;0;0
          Mecklenburg-Vorpommern;        Unbekannt;        Weiblich;0;0;0;0;0;0;0;0;0;0;0;0;0;0;0;0;0;0;0;0
          Mecklenburg-Vorpommern;        Unbekannt;        Unbekannt;0;0;0;0;0;0;0;0;0;0;0;0;0;0;0;0;0;0;0;0
          Niedersachsen;Alle Altersgruppen;Alle Geschlechter;0;24;20;23;25;28;22;24;12;12;36;72;74;61;46;15;8;2;3;1
          Niedersachsen;Alle Altersgruppen;Männlich;0;1;1;3;1;4;2;5;3;2;26;58;57;46;37;10;2;1;0;1
          Niedersachsen;Alle Altersgruppen;        Weiblich;0;23;19;20;24;24;20;19;9;10;10;14;17;15;9;5;6;1;3;0
          Niedersachsen;Alle Altersgruppen;        Unbekannt;0;0;0;0;0;0;0;0;0;0;0;0;0;0;0;0;0;0;0;0
          Niedersachsen;        Unter 1 Jahr;Alle Geschlechter;0;0;0;0;0;0;0;0;0;0;0;0;0;0;0;0;0;0;0;0
          Niedersachsen;        Unter 1 Jahr;Männlich;0;0;0;0;0;0;0;0;0;0;0;0;0;0;0;0;0;0;0;0
          Niedersachsen;        Unter 1 Jahr;        Weiblich;0;0;0;0;0;0;0;0;0;0;0;0;0;0;0;0;0;0;0;0
          Niedersachsen;        Unter 1 Jahr;        Unbekannt;0;0;0;0;0;0;0;0;0;0;0;0;0;0;0;0;0;0;0;0
          Niedersachsen;        1 Jahr bis unter 5 Jahre;Alle Geschlechter;0;0;0;0;0;0;0;0;0;0;0;0;0;0;0;0;0;0;0;0
          Niedersachsen;        1 Jahr bis unter 5 Jahre;Männlich;0;0;0;0;0;0;0;0;0;0;0;0;0;0;0;0;0;0;0;0
          Niedersachsen;        1 Jahr bis unter 5 Jahre;        Weiblich;0;0;0;0;0;0;0;0;0;0;0;0;0;0;0;0;0;0;0;0
          Niedersachsen;        1 Jahr bis unter 5 Jahre;        Unbekannt;0;0;0;0;0;0;0;0;0;0;0;0;0;0;0;0;0;0;0;0
          Niedersachsen;        5 bis unter 10 Jahre;Alle Geschlechter;0;0;0;0;0;0;0;0;0;0;0;0;0;0;0;0;0;0;0;0
          Niedersachsen;        5 bis unter 10 Jahre;Männlich;0;0;0;0;0;0;0;0;0;0;0;0;0;0;0;0;0;0;0;0
          Niedersachsen;        5 bis unter 10 Jahre;        Weiblich;0;0;0;0;0;0;0;0;0;0;0;0;0;0;0;0;0;0;0;0
          Niedersachsen;        5 bis unter 10 Jahre;        Unbekannt;0;0;0;0;0;0;0;0;0;0;0;0;0;0;0;0;0;0;0;0
          Niedersachsen;        10 bis unter 15 Jahre;Alle Geschlechter;0;0;0;0;0;0;0;0;0;0;0;0;0;0;0;0;0;0;0;0
          Niedersachsen;        10 bis unter 15 Jahre;Männlich;0;0;0;0;0;0;0;0;0;0;0;0;0;0;0;0;0;0;0;0
          Niedersachsen;        10 bis unter 15 Jahre;        Weiblich;0;0;0;0;0;0;0;0;0;0;0;0;0;0;0;0;0;0;0;0
          Niedersachsen;        10 bis unter 15 Jahre;        Unbekannt;0;0;0;0;0;0;0;0;0;0;0;0;0;0;0;0;0;0;0;0
          Niedersachsen;        15 bis unter 20 Jahre;Alle Geschlechter;0;0;0;0;0;0;0;2;0;0;0;1;2;1;6;4;0;1;0;0
          Niedersachsen;        15 bis unter 20 Jahre;Männlich;0;0;0;0;0;0;0;2;0;0;0;1;1;1;4;3;0;0;0;0
          Niedersachsen;        15 bis unter 20 Jahre;        Weiblich;0;0;0;0;0;0;0;0;0;0;0;0;1;0;2;1;0;1;0;0
          Niedersachsen;        15 bis unter 20 Jahre;        Unbekannt;0;0;0;0;0;0;0;0;0;0;0;0;0;0;0;0;0;0;0;0
          Niedersachsen;        20 bis unter 25 Jahre;Alle Geschlechter;0;0;2;1;2;3;2;4;2;0;8;15;12;13;4;2;5;0;1;1
          Niedersachsen;        20 bis unter 25 Jahre;Männlich;0;0;1;0;0;1;0;0;1;0;6;13;8;8;4;1;1;0;0;1
          Niedersachsen;        20 bis unter 25 Jahre;        Weiblich;0;0;1;1;2;2;2;4;1;0;2;2;4;5;0;1;4;0;1;0
          Niedersachsen;        20 bis unter 25 Jahre;        Unbekannt;0;0;0;0;0;0;0;0;0;0;0;0;0;0;0;0;0;0;0;0
          Niedersachsen;        25 bis unter 30 Jahre;Alle Geschlechter;0;2;1;2;4;7;3;1;1;4;7;11;10;14;11;3;1;0;0;0
          Niedersachsen;        25 bis unter 30 Jahre;Männlich;0;0;0;1;1;3;0;0;0;1;4;9;8;12;11;3;0;0;0;0
          Niedersachsen;        25 bis unter 30 Jahre;        Weiblich;0;2;1;1;3;4;3;1;1;3;3;2;2;2;0;0;1;0;0;0
          Niedersachsen;        25 bis unter 30 Jahre;        Unbekannt;0;0;0;0;0;0;0;0;0;0;0;0;0;0;0;0;0;0;0;0
          Niedersachsen;        30 bis unter 35 Jahre;Alle Geschlechter;0;0;2;4;2;1;3;4;1;1;6;13;8;9;7;2;0;1;0;0
          Niedersachsen;        30 bis unter 35 Jahre;Männlich;0;0;0;0;0;0;0;1;0;0;5;12;5;8;6;1;0;1;0;0
          Niedersachsen;        30 bis unter 35 Jahre;        Weiblich;0;0;2;4;2;1;3;3;1;1;1;1;3;1;1;1;0;0;0;0
          Niedersachsen;        30 bis unter 35 Jahre;        Unbekannt;0;0;0;0;0;0;0;0;0;0;0;0;0;0;0;0;0;0;0;0
          Niedersachsen;        35 bis unter 40 Jahre;Alle Geschlechter;0;7;2;3;5;5;4;0;4;0;1;8;17;7;1;0;0;0;1;0
          Niedersachsen;        35 bis unter 40 Jahre;Männlich;0;0;0;0;0;0;1;0;2;0;1;8;14;7;1;0;0;0;0;0
          Niedersachsen;        35 bis unter 40 Jahre;        Weiblich;0;7;2;3;5;5;3;0;2;0;0;0;3;0;0;0;0;0;1;0
          Niedersachsen;        35 bis unter 40 Jahre;        Unbekannt;0;0;0;0;0;0;0;0;0;0;0;0;0;0;0;0;0;0;0;0
          Niedersachsen;        40 bis unter 45 Jahre;Alle Geschlechter;0;8;9;7;5;3;2;2;1;3;1;4;5;4;0;0;2;0;0;0
          Niedersachsen;        40 bis unter 45 Jahre;Männlich;0;1;0;2;0;0;0;0;0;0;1;4;5;3;0;0;1;0;0;0
          Niedersachsen;        40 bis unter 45 Jahre;        Weiblich;0;7;9;5;5;3;2;2;1;3;0;0;0;1;0;0;1;0;0;0
          Niedersachsen;        40 bis unter 45 Jahre;        Unbekannt;0;0;0;0;0;0;0;0;0;0;0;0;0;0;0;0;0;0;0;0
          Niedersachsen;        45 bis unter 50 Jahre;Alle Geschlechter;0;1;1;5;1;3;6;5;2;2;6;7;9;7;7;1;0;0;0;0
          Niedersachsen;        45 bis unter 50 Jahre;Männlich;0;0;0;0;0;0;1;1;0;1;5;5;9;4;6;0;0;0;0;0
          Niedersachsen;        45 bis unter 50 Jahre;        Weiblich;0;1;1;5;1;3;5;4;2;1;1;2;0;3;1;1;0;0;0;0
          Niedersachsen;        45 bis unter 50 Jahre;        Unbekannt;0;0;0;0;0;0;0;0;0;0;0;0;0;0;0;0;0;0;0;0
          Niedersachsen;        50 bis unter 55 Jahre;Alle Geschlechter;0;4;1;0;5;4;2;1;1;1;7;9;5;5;4;0;0;0;0;0
          Niedersachsen;        50 bis unter 55 Jahre;Männlich;0;0;0;0;0;0;0;0;0;0;4;6;4;3;2;0;0;0;0;0
          Niedersachsen;        50 bis unter 55 Jahre;        Weiblich;0;4;1;0;5;4;2;1;1;1;3;3;1;2;2;0;0;0;0;0
          Niedersachsen;        50 bis unter 55 Jahre;        Unbekannt;0;0;0;0;0;0;0;0;0;0;0;0;0;0;0;0;0;0;0;0
          Niedersachsen;        55 bis unter 60 Jahre;Alle Geschlechter;0;2;2;0;1;0;0;2;0;0;0;4;6;0;2;2;0;0;1;0
          Niedersachsen;        55 bis unter 60 Jahre;Männlich;0;0;0;0;0;0;0;0;0;0;0;0;3;0;2;2;0;0;0;0
          Niedersachsen;        55 bis unter 60 Jahre;        Weiblich;0;2;2;0;1;0;0;2;0;0;0;4;3;0;0;0;0;0;1;0
          Niedersachsen;        55 bis unter 60 Jahre;        Unbekannt;0;0;0;0;0;0;0;0;0;0;0;0;0;0;0;0;0;0;0;0
          Niedersachsen;        60 bis unter 65 Jahre;Alle Geschlechter;0;0;0;1;0;2;0;2;0;1;0;0;0;0;3;0;0;0;0;0
          Niedersachsen;        60 bis unter 65 Jahre;Männlich;0;0;0;0;0;0;0;0;0;0;0;0;0;0;1;0;0;0;0;0
          Niedersachsen;        60 bis unter 65 Jahre;        Weiblich;0;0;0;1;0;2;0;2;0;1;0;0;0;0;2;0;0;0;0;0
          Niedersachsen;        60 bis unter 65 Jahre;        Unbekannt;0;0;0;0;0;0;0;0;0;0;0;0;0;0;0;0;0;0;0;0
          Niedersachsen;        65 bis unter 70 Jahre;Alle Geschlechter;0;0;0;0;0;0;0;1;0;0;0;0;0;1;1;1;0;0;0;0
          Niedersachsen;        65 bis unter 70 Jahre;Männlich;0;0;0;0;0;0;0;1;0;0;0;0;0;0;0;0;0;0;0;0
          Niedersachsen;        65 bis unter 70 Jahre;        Weiblich;0;0;0;0;0;0;0;0;0;0;0;0;0;1;1;1;0;0;0;0
          Niedersachsen;        65 bis unter 70 Jahre;        Unbekannt;0;0;0;0;0;0;0;0;0;0;0;0;0;0;0;0;0;0;0;0
          Niedersachsen;        70 bis unter 75 Jahre;Alle Geschlechter;0;0;0;0;0;0;0;0;0;0;0;0;0;0;0;0;0;0;0;0
          Niedersachsen;        70 bis unter 75 Jahre;Männlich;0;0;0;0;0;0;0;0;0;0;0;0;0;0;0;0;0;0;0;0
          Niedersachsen;        70 bis unter 75 Jahre;        Weiblich;0;0;0;0;0;0;0;0;0;0;0;0;0;0;0;0;0;0;0;0
          Niedersachsen;        70 bis unter 75 Jahre;        Unbekannt;0;0;0;0;0;0;0;0;0;0;0;0;0;0;0;0;0;0;0;0
          Niedersachsen;        75 bis unter 80 Jahre;Alle Geschlechter;0;0;0;0;0;0;0;0;0;0;0;0;0;0;0;0;0;0;0;0
          Niedersachsen;        75 bis unter 80 Jahre;Männlich;0;0;0;0;0;0;0;0;0;0;0;0;0;0;0;0;0;0;0;0
          Niedersachsen;        75 bis unter 80 Jahre;        Weiblich;0;0;0;0;0;0;0;0;0;0;0;0;0;0;0;0;0;0;0;0
          Niedersachsen;        75 bis unter 80 Jahre;        Unbekannt;0;0;0;0;0;0;0;0;0;0;0;0;0;0;0;0;0;0;0;0
          Niedersachsen;        80 bis unter 85 Jahre;Alle Geschlechter;0;0;0;0;0;0;0;0;0;0;0;0;0;0;0;0;0;0;0;0
          Niedersachsen;        80 bis unter 85 Jahre;Männlich;0;0;0;0;0;0;0;0;0;0;0;0;0;0;0;0;0;0;0;0
          Niedersachsen;        80 bis unter 85 Jahre;        Weiblich;0;0;0;0;0;0;0;0;0;0;0;0;0;0;0;0;0;0;0;0
          Niedersachsen;        80 bis unter 85 Jahre;        Unbekannt;0;0;0;0;0;0;0;0;0;0;0;0;0;0;0;0;0;0;0;0
          Niedersachsen;        85 bis unter 90 Jahre;Alle Geschlechter;0;0;0;0;0;0;0;0;0;0;0;0;0;0;0;0;0;0;0;0
          Niedersachsen;        85 bis unter 90 Jahre;Männlich;0;0;0;0;0;0;0;0;0;0;0;0;0;0;0;0;0;0;0;0
          Niedersachsen;        85 bis unter 90 Jahre;        Weiblich;0;0;0;0;0;0;0;0;0;0;0;0;0;0;0;0;0;0;0;0
          Niedersachsen;        85 bis unter 90 Jahre;        Unbekannt;0;0;0;0;0;0;0;0;0;0;0;0;0;0;0;0;0;0;0;0
          Niedersachsen;        90 bis unter 95 Jahre;Alle Geschlechter;0;0;0;0;0;0;0;0;0;0;0;0;0;0;0;0;0;0;0;0
          Niedersachsen;        90 bis unter 95 Jahre;Männlich;0;0;0;0;0;0;0;0;0;0;0;0;0;0;0;0;0;0;0;0
          Niedersachsen;        90 bis unter 95 Jahre;        Weiblich;0;0;0;0;0;0;0;0;0;0;0;0;0;0;0;0;0;0;0;0
          Niedersachsen;        90 bis unter 95 Jahre;        Unbekannt;0;0;0;0;0;0;0;0;0;0;0;0;0;0;0;0;0;0;0;0
          Niedersachsen;        95 Jahre und älter;Alle Geschlechter;0;0;0;0;0;0;0;0;0;0;0;0;0;0;0;0;0;0;0;0
          Niedersachsen;        95 Jahre und älter;Männlich;0;0;0;0;0;0;0;0;0;0;0;0;0;0;0;0;0;0;0;0
          Niedersachsen;        95 Jahre und älter;        Weiblich;0;0;0;0;0;0;0;0;0;0;0;0;0;0;0;0;0;0;0;0
          Niedersachsen;        95 Jahre und älter;        Unbekannt;0;0;0;0;0;0;0;0;0;0;0;0;0;0;0;0;0;0;0;0
          Niedersachsen;        Unbekannt;Alle Geschlechter;0;0;0;0;0;0;0;0;0;0;0;0;0;0;0;0;0;0;0;0
          Niedersachsen;        Unbekannt;Männlich;0;0;0;0;0;0;0;0;0;0;0;0;0;0;0;0;0;0;0;0
          Niedersachsen;        Unbekannt;        Weiblich;0;0;0;0;0;0;0;0;0;0;0;0;0;0;0;0;0;0;0;0
          Niedersachsen;        Unbekannt;        Unbekannt;0;0;0;0;0;0;0;0;0;0;0;0;0;0;0;0;0;0;0;0
          Nordrhein-Westfalen;Alle Altersgruppen;Alle Geschlechter;1;43;60;69;80;129;127;118;121;104;123;141;160;164;204;178;384;290;285;367
          Nordrhein-Westfalen;Alle Altersgruppen;Männlich;1;1;3;4;29;55;55;62;57;51;47;39;52;65;108;79;156;116;102;173
          Nordrhein-Westfalen;Alle Altersgruppen;        Weiblich;0;42;57;65;51;74;72;56;64;53;76;102;108;99;96;99;228;174;183;194
          Nordrhein-Westfalen;Alle Altersgruppen;        Unbekannt;0;0;0;0;0;0;0;0;0;0;0;0;0;0;0;0;0;0;0;0
          Nordrhein-Westfalen;        Unter 1 Jahr;Alle Geschlechter;0;0;0;0;0;0;0;0;0;0;0;0;0;0;0;0;0;0;0;0
          Nordrhein-Westfalen;        Unter 1 Jahr;Männlich;0;0;0;0;0;0;0;0;0;0;0;0;0;0;0;0;0;0;0;0
          Nordrhein-Westfalen;        Unter 1 Jahr;        Weiblich;0;0;0;0;0;0;0;0;0;0;0;0;0;0;0;0;0;0;0;0
          Nordrhein-Westfalen;        Unter 1 Jahr;        Unbekannt;0;0;0;0;0;0;0;0;0;0;0;0;0;0;0;0;0;0;0;0
          Nordrhein-Westfalen;        1 Jahr bis unter 5 Jahre;Alle Geschlechter;0;1;0;0;0;0;0;0;0;0;0;0;0;0;0;0;0;0;0;0
          Nordrhein-Westfalen;        1 Jahr bis unter 5 Jahre;Männlich;0;1;0;0;0;0;0;0;0;0;0;0;0;0;0;0;0;0;0;0
          Nordrhein-Westfalen;        1 Jahr bis unter 5 Jahre;        Weiblich;0;0;0;0;0;0;0;0;0;0;0;0;0;0;0;0;0;0;0;0
          Nordrhein-Westfalen;        1 Jahr bis unter 5 Jahre;        Unbekannt;0;0;0;0;0;0;0;0;0;0;0;0;0;0;0;0;0;0;0;0
          Nordrhein-Westfalen;        5 bis unter 10 Jahre;Alle Geschlechter;0;0;0;0;0;0;0;0;0;0;0;0;0;0;0;0;0;0;0;0
          Nordrhein-Westfalen;        5 bis unter 10 Jahre;Männlich;0;0;0;0;0;0;0;0;0;0;0;0;0;0;0;0;0;0;0;0
          Nordrhein-Westfalen;        5 bis unter 10 Jahre;        Weiblich;0;0;0;0;0;0;0;0;0;0;0;0;0;0;0;0;0;0;0;0
          Nordrhein-Westfalen;        5 bis unter 10 Jahre;        Unbekannt;0;0;0;0;0;0;0;0;0;0;0;0;0;0;0;0;0;0;0;0
          Nordrhein-Westfalen;        10 bis unter 15 Jahre;Alle Geschlechter;0;0;0;0;0;0;0;0;0;0;0;0;0;0;0;0;0;0;0;0
          Nordrhein-Westfalen;        10 bis unter 15 Jahre;Männlich;0;0;0;0;0;0;0;0;0;0;0;0;0;0;0;0;0;0;0;0
          Nordrhein-Westfalen;        10 bis unter 15 Jahre;        Weiblich;0;0;0;0;0;0;0;0;0;0;0;0;0;0;0;0;0;0;0;0
          Nordrhein-Westfalen;        10 bis unter 15 Jahre;        Unbekannt;0;0;0;0;0;0;0;0;0;0;0;0;0;0;0;0;0;0;0;0
          Nordrhein-Westfalen;        15 bis unter 20 Jahre;Alle Geschlechter;0;1;2;3;6;13;11;11;11;13;13;25;25;26;34;18;30;10;14;12
          Nordrhein-Westfalen;        15 bis unter 20 Jahre;Männlich;0;0;0;0;2;9;5;6;6;7;7;3;11;12;22;7;14;2;2;5
          Nordrhein-Westfalen;        15 bis unter 20 Jahre;        Weiblich;0;1;2;3;4;4;6;5;5;6;6;22;14;14;12;11;16;8;12;7
          Nordrhein-Westfalen;        15 bis unter 20 Jahre;        Unbekannt;0;0;0;0;0;0;0;0;0;0;0;0;0;0;0;0;0;0;0;0
          Nordrhein-Westfalen;        20 bis unter 25 Jahre;Alle Geschlechter;0;3;4;5;10;19;16;23;25;27;27;33;24;37;61;39;87;56;56;64
          Nordrhein-Westfalen;        20 bis unter 25 Jahre;Männlich;0;0;1;1;8;11;12;15;14;15;19;16;14;24;36;20;42;20;22;30
          Nordrhein-Westfalen;        20 bis unter 25 Jahre;        Weiblich;0;3;3;4;2;8;4;8;11;12;8;17;10;13;25;19;45;36;34;34
          Nordrhein-Westfalen;        20 bis unter 25 Jahre;        Unbekannt;0;0;0;0;0;0;0;0;0;0;0;0;0;0;0;0;0;0;0;0
          Nordrhein-Westfalen;        25 bis unter 30 Jahre;Alle Geschlechter;0;2;4;9;10;19;18;27;19;17;14;17;29;30;27;36;89;72;62;101
          Nordrhein-Westfalen;        25 bis unter 30 Jahre;Männlich;0;0;0;1;7;10;11;21;13;11;4;8;12;13;16;20;43;42;30;51
          Nordrhein-Westfalen;        25 bis unter 30 Jahre;        Weiblich;0;2;4;8;3;9;7;6;6;6;10;9;17;17;11;16;46;30;32;50
          Nordrhein-Westfalen;        25 bis unter 30 Jahre;        Unbekannt;0;0;0;0;0;0;0;0;0;0;0;0;0;0;0;0;0;0;0;0
          Nordrhein-Westfalen;        30 bis unter 35 Jahre;Alle Geschlechter;0;3;6;5;8;20;15;15;25;10;12;8;14;17;32;19;50;37;43;52
          Nordrhein-Westfalen;        30 bis unter 35 Jahre;Männlich;0;0;0;0;4;13;10;11;15;7;6;3;5;4;14;9;16;19;21;27
          Nordrhein-Westfalen;        30 bis unter 35 Jahre;        Weiblich;0;3;6;5;4;7;5;4;10;3;6;5;9;13;18;10;34;18;22;25
          Nordrhein-Westfalen;        30 bis unter 35 Jahre;        Unbekannt;0;0;0;0;0;0;0;0;0;0;0;0;0;0;0;0;0;0;0;0
          Nordrhein-Westfalen;        35 bis unter 40 Jahre;Alle Geschlechter;1;6;12;9;9;11;13;12;10;10;14;16;5;8;10;12;16;16;23;30
          Nordrhein-Westfalen;        35 bis unter 40 Jahre;Männlich;1;0;0;0;4;4;8;4;3;5;5;4;3;2;9;6;4;6;7;8
          Nordrhein-Westfalen;        35 bis unter 40 Jahre;        Weiblich;0;6;12;9;5;7;5;8;7;5;9;12;2;6;1;6;12;10;16;22
          Nordrhein-Westfalen;        35 bis unter 40 Jahre;        Unbekannt;0;0;0;0;0;0;0;0;0;0;0;0;0;0;0;0;0;0;0;0
          Nordrhein-Westfalen;        40 bis unter 45 Jahre;Alle Geschlechter;0;21;12;12;15;17;19;9;4;3;12;11;15;10;11;15;25;19;22;35
          Nordrhein-Westfalen;        40 bis unter 45 Jahre;Männlich;0;0;0;1;1;2;5;3;2;2;1;3;2;6;6;8;11;6;7;20
          Nordrhein-Westfalen;        40 bis unter 45 Jahre;        Weiblich;0;21;12;11;14;15;14;6;2;1;11;8;13;4;5;7;14;13;15;15
          Nordrhein-Westfalen;        40 bis unter 45 Jahre;        Unbekannt;0;0;0;0;0;0;0;0;0;0;0;0;0;0;0;0;0;0;0;0
          Nordrhein-Westfalen;        45 bis unter 50 Jahre;Alle Geschlechter;0;2;3;12;7;10;14;10;15;8;18;11;7;10;7;4;30;19;16;31
          Nordrhein-Westfalen;        45 bis unter 50 Jahre;Männlich;0;0;0;0;1;1;3;2;3;2;3;1;1;1;1;2;12;8;4;12
          Nordrhein-Westfalen;        45 bis unter 50 Jahre;        Weiblich;0;2;3;12;6;9;11;8;12;6;15;10;6;9;6;2;18;11;12;19
          Nordrhein-Westfalen;        45 bis unter 50 Jahre;        Unbekannt;0;0;0;0;0;0;0;0;0;0;0;0;0;0;0;0;0;0;0;0
          Nordrhein-Westfalen;        50 bis unter 55 Jahre;Alle Geschlechter;0;2;8;8;12;13;10;6;6;11;9;11;24;15;5;12;31;30;18;17
          Nordrhein-Westfalen;        50 bis unter 55 Jahre;Männlich;0;0;2;1;2;4;0;0;1;2;2;1;4;3;1;3;9;5;4;10
          Nordrhein-Westfalen;        50 bis unter 55 Jahre;        Weiblich;0;2;6;7;10;9;10;6;5;9;7;10;20;12;4;9;22;25;14;7
          Nordrhein-Westfalen;        50 bis unter 55 Jahre;        Unbekannt;0;0;0;0;0;0;0;0;0;0;0;0;0;0;0;0;0;0;0;0
          Nordrhein-Westfalen;        55 bis unter 60 Jahre;Alle Geschlechter;0;0;6;5;1;3;10;4;4;3;3;8;14;4;6;10;13;24;15;11
          Nordrhein-Westfalen;        55 bis unter 60 Jahre;Männlich;0;0;0;0;0;0;1;0;0;0;0;0;0;0;1;1;3;6;4;5
          Nordrhein-Westfalen;        55 bis unter 60 Jahre;        Weiblich;0;0;6;5;1;3;9;4;4;3;3;8;14;4;5;9;10;18;11;6
          Nordrhein-Westfalen;        55 bis unter 60 Jahre;        Unbekannt;0;0;0;0;0;0;0;0;0;0;0;0;0;0;0;0;0;0;0;0
          Nordrhein-Westfalen;        60 bis unter 65 Jahre;Alle Geschlechter;0;2;1;1;2;3;0;0;1;2;1;0;2;1;9;6;9;4;9;9
          Nordrhein-Westfalen;        60 bis unter 65 Jahre;Männlich;0;0;0;0;0;0;0;0;0;0;0;0;0;0;1;1;1;0;1;2
          Nordrhein-Westfalen;        60 bis unter 65 Jahre;        Weiblich;0;2;1;1;2;3;0;0;1;2;1;0;2;1;8;5;8;4;8;7
          Nordrhein-Westfalen;        60 bis unter 65 Jahre;        Unbekannt;0;0;0;0;0;0;0;0;0;0;0;0;0;0;0;0;0;0;0;0
          Nordrhein-Westfalen;        65 bis unter 70 Jahre;Alle Geschlechter;0;0;2;0;0;0;1;0;0;0;0;0;0;6;2;7;3;3;7;2
          Nordrhein-Westfalen;        65 bis unter 70 Jahre;Männlich;0;0;0;0;0;0;0;0;0;0;0;0;0;0;1;2;0;2;0;1
          Nordrhein-Westfalen;        65 bis unter 70 Jahre;        Weiblich;0;0;2;0;0;0;1;0;0;0;0;0;0;6;1;5;3;1;7;1
          Nordrhein-Westfalen;        65 bis unter 70 Jahre;        Unbekannt;0;0;0;0;0;0;0;0;0;0;0;0;0;0;0;0;0;0;0;0
          Nordrhein-Westfalen;        70 bis unter 75 Jahre;Alle Geschlechter;0;0;0;0;0;1;0;1;1;0;0;0;0;0;0;0;0;0;0;2
          Nordrhein-Westfalen;        70 bis unter 75 Jahre;Männlich;0;0;0;0;0;1;0;0;0;0;0;0;0;0;0;0;0;0;0;1
          Nordrhein-Westfalen;        70 bis unter 75 Jahre;        Weiblich;0;0;0;0;0;0;0;1;1;0;0;0;0;0;0;0;0;0;0;1
          Nordrhein-Westfalen;        70 bis unter 75 Jahre;        Unbekannt;0;0;0;0;0;0;0;0;0;0;0;0;0;0;0;0;0;0;0;0
          Nordrhein-Westfalen;        75 bis unter 80 Jahre;Alle Geschlechter;0;0;0;0;0;0;0;0;0;0;0;1;1;0;0;0;1;0;0;1
          Nordrhein-Westfalen;        75 bis unter 80 Jahre;Männlich;0;0;0;0;0;0;0;0;0;0;0;0;0;0;0;0;1;0;0;1
          Nordrhein-Westfalen;        75 bis unter 80 Jahre;        Weiblich;0;0;0;0;0;0;0;0;0;0;0;1;1;0;0;0;0;0;0;0
          Nordrhein-Westfalen;        75 bis unter 80 Jahre;        Unbekannt;0;0;0;0;0;0;0;0;0;0;0;0;0;0;0;0;0;0;0;0
          Nordrhein-Westfalen;        80 bis unter 85 Jahre;Alle Geschlechter;0;0;0;0;0;0;0;0;0;0;0;0;0;0;0;0;0;0;0;0
          Nordrhein-Westfalen;        80 bis unter 85 Jahre;Männlich;0;0;0;0;0;0;0;0;0;0;0;0;0;0;0;0;0;0;0;0
          Nordrhein-Westfalen;        80 bis unter 85 Jahre;        Weiblich;0;0;0;0;0;0;0;0;0;0;0;0;0;0;0;0;0;0;0;0
          Nordrhein-Westfalen;        80 bis unter 85 Jahre;        Unbekannt;0;0;0;0;0;0;0;0;0;0;0;0;0;0;0;0;0;0;0;0
          Nordrhein-Westfalen;        85 bis unter 90 Jahre;Alle Geschlechter;0;0;0;0;0;0;0;0;0;0;0;0;0;0;0;0;0;0;0;0
          Nordrhein-Westfalen;        85 bis unter 90 Jahre;Männlich;0;0;0;0;0;0;0;0;0;0;0;0;0;0;0;0;0;0;0;0
          Nordrhein-Westfalen;        85 bis unter 90 Jahre;        Weiblich;0;0;0;0;0;0;0;0;0;0;0;0;0;0;0;0;0;0;0;0
          Nordrhein-Westfalen;        85 bis unter 90 Jahre;        Unbekannt;0;0;0;0;0;0;0;0;0;0;0;0;0;0;0;0;0;0;0;0
          Nordrhein-Westfalen;        90 bis unter 95 Jahre;Alle Geschlechter;0;0;0;0;0;0;0;0;0;0;0;0;0;0;0;0;0;0;0;0
          Nordrhein-Westfalen;        90 bis unter 95 Jahre;Männlich;0;0;0;0;0;0;0;0;0;0;0;0;0;0;0;0;0;0;0;0
          Nordrhein-Westfalen;        90 bis unter 95 Jahre;        Weiblich;0;0;0;0;0;0;0;0;0;0;0;0;0;0;0;0;0;0;0;0
          Nordrhein-Westfalen;        90 bis unter 95 Jahre;        Unbekannt;0;0;0;0;0;0;0;0;0;0;0;0;0;0;0;0;0;0;0;0
          Nordrhein-Westfalen;        95 Jahre und älter;Alle Geschlechter;0;0;0;0;0;0;0;0;0;0;0;0;0;0;0;0;0;0;0;0
          Nordrhein-Westfalen;        95 Jahre und älter;Männlich;0;0;0;0;0;0;0;0;0;0;0;0;0;0;0;0;0;0;0;0
          Nordrhein-Westfalen;        95 Jahre und älter;        Weiblich;0;0;0;0;0;0;0;0;0;0;0;0;0;0;0;0;0;0;0;0
          Nordrhein-Westfalen;        95 Jahre und älter;        Unbekannt;0;0;0;0;0;0;0;0;0;0;0;0;0;0;0;0;0;0;0;0
          Nordrhein-Westfalen;        Unbekannt;Alle Geschlechter;0;0;0;0;0;0;0;0;0;0;0;0;0;0;0;0;0;0;0;0
          Nordrhein-Westfalen;        Unbekannt;Männlich;0;0;0;0;0;0;0;0;0;0;0;0;0;0;0;0;0;0;0;0
          Nordrhein-Westfalen;        Unbekannt;        Weiblich;0;0;0;0;0;0;0;0;0;0;0;0;0;0;0;0;0;0;0;0
          Nordrhein-Westfalen;        Unbekannt;        Unbekannt;0;0;0;0;0;0;0;0;0;0;0;0;0;0;0;0;0;0;0;0
          Rheinland-Pfalz;Alle Altersgruppen;Alle Geschlechter;0;1;1;2;1;1;1;0;0;0;3;0;0;0;0;0;0;2;0;0
          Rheinland-Pfalz;Alle Altersgruppen;Männlich;0;0;0;2;0;0;1;0;0;0;2;0;0;0;0;0;0;2;0;0
          Rheinland-Pfalz;Alle Altersgruppen;        Weiblich;0;1;1;0;1;1;0;0;0;0;1;0;0;0;0;0;0;0;0;0
          Rheinland-Pfalz;Alle Altersgruppen;        Unbekannt;0;0;0;0;0;0;0;0;0;0;0;0;0;0;0;0;0;0;0;0
          Rheinland-Pfalz;        Unter 1 Jahr;Alle Geschlechter;0;0;1;0;0;0;0;0;0;0;0;0;0;0;0;0;0;0;0;0
          Rheinland-Pfalz;        Unter 1 Jahr;Männlich;0;0;0;0;0;0;0;0;0;0;0;0;0;0;0;0;0;0;0;0
          Rheinland-Pfalz;        Unter 1 Jahr;        Weiblich;0;0;1;0;0;0;0;0;0;0;0;0;0;0;0;0;0;0;0;0
          Rheinland-Pfalz;        Unter 1 Jahr;        Unbekannt;0;0;0;0;0;0;0;0;0;0;0;0;0;0;0;0;0;0;0;0
          Rheinland-Pfalz;        1 Jahr bis unter 5 Jahre;Alle Geschlechter;0;0;0;0;0;0;0;0;0;0;0;0;0;0;0;0;0;0;0;0
          Rheinland-Pfalz;        1 Jahr bis unter 5 Jahre;Männlich;0;0;0;0;0;0;0;0;0;0;0;0;0;0;0;0;0;0;0;0
          Rheinland-Pfalz;        1 Jahr bis unter 5 Jahre;        Weiblich;0;0;0;0;0;0;0;0;0;0;0;0;0;0;0;0;0;0;0;0
          Rheinland-Pfalz;        1 Jahr bis unter 5 Jahre;        Unbekannt;0;0;0;0;0;0;0;0;0;0;0;0;0;0;0;0;0;0;0;0
          Rheinland-Pfalz;        5 bis unter 10 Jahre;Alle Geschlechter;0;0;0;0;0;0;0;0;0;0;0;0;0;0;0;0;0;0;0;0
          Rheinland-Pfalz;        5 bis unter 10 Jahre;Männlich;0;0;0;0;0;0;0;0;0;0;0;0;0;0;0;0;0;0;0;0
          Rheinland-Pfalz;        5 bis unter 10 Jahre;        Weiblich;0;0;0;0;0;0;0;0;0;0;0;0;0;0;0;0;0;0;0;0
          Rheinland-Pfalz;        5 bis unter 10 Jahre;        Unbekannt;0;0;0;0;0;0;0;0;0;0;0;0;0;0;0;0;0;0;0;0
          Rheinland-Pfalz;        10 bis unter 15 Jahre;Alle Geschlechter;0;0;0;0;0;0;0;0;0;0;0;0;0;0;0;0;0;0;0;0
          Rheinland-Pfalz;        10 bis unter 15 Jahre;Männlich;0;0;0;0;0;0;0;0;0;0;0;0;0;0;0;0;0;0;0;0
          Rheinland-Pfalz;        10 bis unter 15 Jahre;        Weiblich;0;0;0;0;0;0;0;0;0;0;0;0;0;0;0;0;0;0;0;0
          Rheinland-Pfalz;        10 bis unter 15 Jahre;        Unbekannt;0;0;0;0;0;0;0;0;0;0;0;0;0;0;0;0;0;0;0;0
          Rheinland-Pfalz;        15 bis unter 20 Jahre;Alle Geschlechter;0;0;0;0;0;0;0;0;0;0;0;0;0;0;0;0;0;0;0;0
          Rheinland-Pfalz;        15 bis unter 20 Jahre;Männlich;0;0;0;0;0;0;0;0;0;0;0;0;0;0;0;0;0;0;0;0
          Rheinland-Pfalz;        15 bis unter 20 Jahre;        Weiblich;0;0;0;0;0;0;0;0;0;0;0;0;0;0;0;0;0;0;0;0
          Rheinland-Pfalz;        15 bis unter 20 Jahre;        Unbekannt;0;0;0;0;0;0;0;0;0;0;0;0;0;0;0;0;0;0;0;0
          Rheinland-Pfalz;        20 bis unter 25 Jahre;Alle Geschlechter;0;0;0;0;0;0;0;0;0;0;1;0;0;0;0;0;0;1;0;0
          Rheinland-Pfalz;        20 bis unter 25 Jahre;Männlich;0;0;0;0;0;0;0;0;0;0;1;0;0;0;0;0;0;1;0;0
          Rheinland-Pfalz;        20 bis unter 25 Jahre;        Weiblich;0;0;0;0;0;0;0;0;0;0;0;0;0;0;0;0;0;0;0;0
          Rheinland-Pfalz;        20 bis unter 25 Jahre;        Unbekannt;0;0;0;0;0;0;0;0;0;0;0;0;0;0;0;0;0;0;0;0
          Rheinland-Pfalz;        25 bis unter 30 Jahre;Alle Geschlechter;0;0;0;0;0;0;0;0;0;0;0;0;0;0;0;0;0;0;0;0
          Rheinland-Pfalz;        25 bis unter 30 Jahre;Männlich;0;0;0;0;0;0;0;0;0;0;0;0;0;0;0;0;0;0;0;0
          Rheinland-Pfalz;        25 bis unter 30 Jahre;        Weiblich;0;0;0;0;0;0;0;0;0;0;0;0;0;0;0;0;0;0;0;0
          Rheinland-Pfalz;        25 bis unter 30 Jahre;        Unbekannt;0;0;0;0;0;0;0;0;0;0;0;0;0;0;0;0;0;0;0;0
          Rheinland-Pfalz;        30 bis unter 35 Jahre;Alle Geschlechter;0;0;0;1;0;0;0;0;0;0;1;0;0;0;0;0;0;1;0;0
          Rheinland-Pfalz;        30 bis unter 35 Jahre;Männlich;0;0;0;1;0;0;0;0;0;0;1;0;0;0;0;0;0;1;0;0
          Rheinland-Pfalz;        30 bis unter 35 Jahre;        Weiblich;0;0;0;0;0;0;0;0;0;0;0;0;0;0;0;0;0;0;0;0
          Rheinland-Pfalz;        30 bis unter 35 Jahre;        Unbekannt;0;0;0;0;0;0;0;0;0;0;0;0;0;0;0;0;0;0;0;0
          Rheinland-Pfalz;        35 bis unter 40 Jahre;Alle Geschlechter;0;0;0;0;0;0;1;0;0;0;0;0;0;0;0;0;0;0;0;0
          Rheinland-Pfalz;        35 bis unter 40 Jahre;Männlich;0;0;0;0;0;0;1;0;0;0;0;0;0;0;0;0;0;0;0;0
          Rheinland-Pfalz;        35 bis unter 40 Jahre;        Weiblich;0;0;0;0;0;0;0;0;0;0;0;0;0;0;0;0;0;0;0;0
          Rheinland-Pfalz;        35 bis unter 40 Jahre;        Unbekannt;0;0;0;0;0;0;0;0;0;0;0;0;0;0;0;0;0;0;0;0
          Rheinland-Pfalz;        40 bis unter 45 Jahre;Alle Geschlechter;0;1;0;0;0;0;0;0;0;0;0;0;0;0;0;0;0;0;0;0
          Rheinland-Pfalz;        40 bis unter 45 Jahre;Männlich;0;0;0;0;0;0;0;0;0;0;0;0;0;0;0;0;0;0;0;0
          Rheinland-Pfalz;        40 bis unter 45 Jahre;        Weiblich;0;1;0;0;0;0;0;0;0;0;0;0;0;0;0;0;0;0;0;0
          Rheinland-Pfalz;        40 bis unter 45 Jahre;        Unbekannt;0;0;0;0;0;0;0;0;0;0;0;0;0;0;0;0;0;0;0;0
          Rheinland-Pfalz;        45 bis unter 50 Jahre;Alle Geschlechter;0;0;0;0;1;0;0;0;0;0;0;0;0;0;0;0;0;0;0;0
          Rheinland-Pfalz;        45 bis unter 50 Jahre;Männlich;0;0;0;0;0;0;0;0;0;0;0;0;0;0;0;0;0;0;0;0
          Rheinland-Pfalz;        45 bis unter 50 Jahre;        Weiblich;0;0;0;0;1;0;0;0;0;0;0;0;0;0;0;0;0;0;0;0
          Rheinland-Pfalz;        45 bis unter 50 Jahre;        Unbekannt;0;0;0;0;0;0;0;0;0;0;0;0;0;0;0;0;0;0;0;0
          Rheinland-Pfalz;        50 bis unter 55 Jahre;Alle Geschlechter;0;0;0;1;0;0;0;0;0;0;1;0;0;0;0;0;0;0;0;0
          Rheinland-Pfalz;        50 bis unter 55 Jahre;Männlich;0;0;0;1;0;0;0;0;0;0;0;0;0;0;0;0;0;0;0;0
          Rheinland-Pfalz;        50 bis unter 55 Jahre;        Weiblich;0;0;0;0;0;0;0;0;0;0;1;0;0;0;0;0;0;0;0;0
          Rheinland-Pfalz;        50 bis unter 55 Jahre;        Unbekannt;0;0;0;0;0;0;0;0;0;0;0;0;0;0;0;0;0;0;0;0
          Rheinland-Pfalz;        55 bis unter 60 Jahre;Alle Geschlechter;0;0;0;0;0;1;0;0;0;0;0;0;0;0;0;0;0;0;0;0
          Rheinland-Pfalz;        55 bis unter 60 Jahre;Männlich;0;0;0;0;0;0;0;0;0;0;0;0;0;0;0;0;0;0;0;0
          Rheinland-Pfalz;        55 bis unter 60 Jahre;        Weiblich;0;0;0;0;0;1;0;0;0;0;0;0;0;0;0;0;0;0;0;0
          Rheinland-Pfalz;        55 bis unter 60 Jahre;        Unbekannt;0;0;0;0;0;0;0;0;0;0;0;0;0;0;0;0;0;0;0;0
          Rheinland-Pfalz;        60 bis unter 65 Jahre;Alle Geschlechter;0;0;0;0;0;0;0;0;0;0;0;0;0;0;0;0;0;0;0;0
          Rheinland-Pfalz;        60 bis unter 65 Jahre;Männlich;0;0;0;0;0;0;0;0;0;0;0;0;0;0;0;0;0;0;0;0
          Rheinland-Pfalz;        60 bis unter 65 Jahre;        Weiblich;0;0;0;0;0;0;0;0;0;0;0;0;0;0;0;0;0;0;0;0
          Rheinland-Pfalz;        60 bis unter 65 Jahre;        Unbekannt;0;0;0;0;0;0;0;0;0;0;0;0;0;0;0;0;0;0;0;0
          Rheinland-Pfalz;        65 bis unter 70 Jahre;Alle Geschlechter;0;0;0;0;0;0;0;0;0;0;0;0;0;0;0;0;0;0;0;0
          Rheinland-Pfalz;        65 bis unter 70 Jahre;Männlich;0;0;0;0;0;0;0;0;0;0;0;0;0;0;0;0;0;0;0;0
          Rheinland-Pfalz;        65 bis unter 70 Jahre;        Weiblich;0;0;0;0;0;0;0;0;0;0;0;0;0;0;0;0;0;0;0;0
          Rheinland-Pfalz;        65 bis unter 70 Jahre;        Unbekannt;0;0;0;0;0;0;0;0;0;0;0;0;0;0;0;0;0;0;0;0
          Rheinland-Pfalz;        70 bis unter 75 Jahre;Alle Geschlechter;0;0;0;0;0;0;0;0;0;0;0;0;0;0;0;0;0;0;0;0
          Rheinland-Pfalz;        70 bis unter 75 Jahre;Männlich;0;0;0;0;0;0;0;0;0;0;0;0;0;0;0;0;0;0;0;0
          Rheinland-Pfalz;        70 bis unter 75 Jahre;        Weiblich;0;0;0;0;0;0;0;0;0;0;0;0;0;0;0;0;0;0;0;0
          Rheinland-Pfalz;        70 bis unter 75 Jahre;        Unbekannt;0;0;0;0;0;0;0;0;0;0;0;0;0;0;0;0;0;0;0;0
          Rheinland-Pfalz;        75 bis unter 80 Jahre;Alle Geschlechter;0;0;0;0;0;0;0;0;0;0;0;0;0;0;0;0;0;0;0;0
          Rheinland-Pfalz;        75 bis unter 80 Jahre;Männlich;0;0;0;0;0;0;0;0;0;0;0;0;0;0;0;0;0;0;0;0
          Rheinland-Pfalz;        75 bis unter 80 Jahre;        Weiblich;0;0;0;0;0;0;0;0;0;0;0;0;0;0;0;0;0;0;0;0
          Rheinland-Pfalz;        75 bis unter 80 Jahre;        Unbekannt;0;0;0;0;0;0;0;0;0;0;0;0;0;0;0;0;0;0;0;0
          Rheinland-Pfalz;        80 bis unter 85 Jahre;Alle Geschlechter;0;0;0;0;0;0;0;0;0;0;0;0;0;0;0;0;0;0;0;0
          Rheinland-Pfalz;        80 bis unter 85 Jahre;Männlich;0;0;0;0;0;0;0;0;0;0;0;0;0;0;0;0;0;0;0;0
          Rheinland-Pfalz;        80 bis unter 85 Jahre;        Weiblich;0;0;0;0;0;0;0;0;0;0;0;0;0;0;0;0;0;0;0;0
          Rheinland-Pfalz;        80 bis unter 85 Jahre;        Unbekannt;0;0;0;0;0;0;0;0;0;0;0;0;0;0;0;0;0;0;0;0
          Rheinland-Pfalz;        85 bis unter 90 Jahre;Alle Geschlechter;0;0;0;0;0;0;0;0;0;0;0;0;0;0;0;0;0;0;0;0
          Rheinland-Pfalz;        85 bis unter 90 Jahre;Männlich;0;0;0;0;0;0;0;0;0;0;0;0;0;0;0;0;0;0;0;0
          Rheinland-Pfalz;        85 bis unter 90 Jahre;        Weiblich;0;0;0;0;0;0;0;0;0;0;0;0;0;0;0;0;0;0;0;0
          Rheinland-Pfalz;        85 bis unter 90 Jahre;        Unbekannt;0;0;0;0;0;0;0;0;0;0;0;0;0;0;0;0;0;0;0;0
          Rheinland-Pfalz;        90 bis unter 95 Jahre;Alle Geschlechter;0;0;0;0;0;0;0;0;0;0;0;0;0;0;0;0;0;0;0;0
          Rheinland-Pfalz;        90 bis unter 95 Jahre;Männlich;0;0;0;0;0;0;0;0;0;0;0;0;0;0;0;0;0;0;0;0
          Rheinland-Pfalz;        90 bis unter 95 Jahre;        Weiblich;0;0;0;0;0;0;0;0;0;0;0;0;0;0;0;0;0;0;0;0
          Rheinland-Pfalz;        90 bis unter 95 Jahre;        Unbekannt;0;0;0;0;0;0;0;0;0;0;0;0;0;0;0;0;0;0;0;0
          Rheinland-Pfalz;        95 Jahre und älter;Alle Geschlechter;0;0;0;0;0;0;0;0;0;0;0;0;0;0;0;0;0;0;0;0
          Rheinland-Pfalz;        95 Jahre und älter;Männlich;0;0;0;0;0;0;0;0;0;0;0;0;0;0;0;0;0;0;0;0
          Rheinland-Pfalz;        95 Jahre und älter;        Weiblich;0;0;0;0;0;0;0;0;0;0;0;0;0;0;0;0;0;0;0;0
          Rheinland-Pfalz;        95 Jahre und älter;        Unbekannt;0;0;0;0;0;0;0;0;0;0;0;0;0;0;0;0;0;0;0;0
          Rheinland-Pfalz;        Unbekannt;Alle Geschlechter;0;0;0;0;0;0;0;0;0;0;0;0;0;0;0;0;0;0;0;0
          Rheinland-Pfalz;        Unbekannt;Männlich;0;0;0;0;0;0;0;0;0;0;0;0;0;0;0;0;0;0;0;0
          Rheinland-Pfalz;        Unbekannt;        Weiblich;0;0;0;0;0;0;0;0;0;0;0;0;0;0;0;0;0;0;0;0
          Rheinland-Pfalz;        Unbekannt;        Unbekannt;0;0;0;0;0;0;0;0;0;0;0;0;0;0;0;0;0;0;0;0
          Saarland;Alle Altersgruppen;Alle Geschlechter;0;1;0;1;0;0;0;0;0;0;1;2;0;0;0;0;0;0;0;0
          Saarland;Alle Altersgruppen;Männlich;0;0;0;1;0;0;0;0;0;0;1;1;0;0;0;0;0;0;0;0
          Saarland;Alle Altersgruppen;        Weiblich;0;1;0;0;0;0;0;0;0;0;0;1;0;0;0;0;0;0;0;0
          Saarland;Alle Altersgruppen;        Unbekannt;0;0;0;0;0;0;0;0;0;0;0;0;0;0;0;0;0;0;0;0
          Saarland;        Unter 1 Jahr;Alle Geschlechter;0;0;0;0;0;0;0;0;0;0;0;0;0;0;0;0;0;0;0;0
          Saarland;        Unter 1 Jahr;Männlich;0;0;0;0;0;0;0;0;0;0;0;0;0;0;0;0;0;0;0;0
          Saarland;        Unter 1 Jahr;        Weiblich;0;0;0;0;0;0;0;0;0;0;0;0;0;0;0;0;0;0;0;0
          Saarland;        Unter 1 Jahr;        Unbekannt;0;0;0;0;0;0;0;0;0;0;0;0;0;0;0;0;0;0;0;0
          Saarland;        1 Jahr bis unter 5 Jahre;Alle Geschlechter;0;0;0;0;0;0;0;0;0;0;0;0;0;0;0;0;0;0;0;0
          Saarland;        1 Jahr bis unter 5 Jahre;Männlich;0;0;0;0;0;0;0;0;0;0;0;0;0;0;0;0;0;0;0;0
          Saarland;        1 Jahr bis unter 5 Jahre;        Weiblich;0;0;0;0;0;0;0;0;0;0;0;0;0;0;0;0;0;0;0;0
          Saarland;        1 Jahr bis unter 5 Jahre;        Unbekannt;0;0;0;0;0;0;0;0;0;0;0;0;0;0;0;0;0;0;0;0
          Saarland;        5 bis unter 10 Jahre;Alle Geschlechter;0;0;0;0;0;0;0;0;0;0;0;0;0;0;0;0;0;0;0;0
          Saarland;        5 bis unter 10 Jahre;Männlich;0;0;0;0;0;0;0;0;0;0;0;0;0;0;0;0;0;0;0;0
          Saarland;        5 bis unter 10 Jahre;        Weiblich;0;0;0;0;0;0;0;0;0;0;0;0;0;0;0;0;0;0;0;0
          Saarland;        5 bis unter 10 Jahre;        Unbekannt;0;0;0;0;0;0;0;0;0;0;0;0;0;0;0;0;0;0;0;0
          Saarland;        10 bis unter 15 Jahre;Alle Geschlechter;0;0;0;0;0;0;0;0;0;0;0;0;0;0;0;0;0;0;0;0
          Saarland;        10 bis unter 15 Jahre;Männlich;0;0;0;0;0;0;0;0;0;0;0;0;0;0;0;0;0;0;0;0
          Saarland;        10 bis unter 15 Jahre;        Weiblich;0;0;0;0;0;0;0;0;0;0;0;0;0;0;0;0;0;0;0;0
          Saarland;        10 bis unter 15 Jahre;        Unbekannt;0;0;0;0;0;0;0;0;0;0;0;0;0;0;0;0;0;0;0;0
          Saarland;        15 bis unter 20 Jahre;Alle Geschlechter;0;0;0;0;0;0;0;0;0;0;0;0;0;0;0;0;0;0;0;0
          Saarland;        15 bis unter 20 Jahre;Männlich;0;0;0;0;0;0;0;0;0;0;0;0;0;0;0;0;0;0;0;0
          Saarland;        15 bis unter 20 Jahre;        Weiblich;0;0;0;0;0;0;0;0;0;0;0;0;0;0;0;0;0;0;0;0
          Saarland;        15 bis unter 20 Jahre;        Unbekannt;0;0;0;0;0;0;0;0;0;0;0;0;0;0;0;0;0;0;0;0
          Saarland;        20 bis unter 25 Jahre;Alle Geschlechter;0;0;0;0;0;0;0;0;0;0;0;2;0;0;0;0;0;0;0;0
          Saarland;        20 bis unter 25 Jahre;Männlich;0;0;0;0;0;0;0;0;0;0;0;1;0;0;0;0;0;0;0;0
          Saarland;        20 bis unter 25 Jahre;        Weiblich;0;0;0;0;0;0;0;0;0;0;0;1;0;0;0;0;0;0;0;0
          Saarland;        20 bis unter 25 Jahre;        Unbekannt;0;0;0;0;0;0;0;0;0;0;0;0;0;0;0;0;0;0;0;0
          Saarland;        25 bis unter 30 Jahre;Alle Geschlechter;0;0;0;1;0;0;0;0;0;0;0;0;0;0;0;0;0;0;0;0
          Saarland;        25 bis unter 30 Jahre;Männlich;0;0;0;1;0;0;0;0;0;0;0;0;0;0;0;0;0;0;0;0
          Saarland;        25 bis unter 30 Jahre;        Weiblich;0;0;0;0;0;0;0;0;0;0;0;0;0;0;0;0;0;0;0;0
          Saarland;        25 bis unter 30 Jahre;        Unbekannt;0;0;0;0;0;0;0;0;0;0;0;0;0;0;0;0;0;0;0;0
          Saarland;        30 bis unter 35 Jahre;Alle Geschlechter;0;1;0;0;0;0;0;0;0;0;0;0;0;0;0;0;0;0;0;0
          Saarland;        30 bis unter 35 Jahre;Männlich;0;0;0;0;0;0;0;0;0;0;0;0;0;0;0;0;0;0;0;0
          Saarland;        30 bis unter 35 Jahre;        Weiblich;0;1;0;0;0;0;0;0;0;0;0;0;0;0;0;0;0;0;0;0
          Saarland;        30 bis unter 35 Jahre;        Unbekannt;0;0;0;0;0;0;0;0;0;0;0;0;0;0;0;0;0;0;0;0
          Saarland;        35 bis unter 40 Jahre;Alle Geschlechter;0;0;0;0;0;0;0;0;0;0;1;0;0;0;0;0;0;0;0;0
          Saarland;        35 bis unter 40 Jahre;Männlich;0;0;0;0;0;0;0;0;0;0;1;0;0;0;0;0;0;0;0;0
          Saarland;        35 bis unter 40 Jahre;        Weiblich;0;0;0;0;0;0;0;0;0;0;0;0;0;0;0;0;0;0;0;0
          Saarland;        35 bis unter 40 Jahre;        Unbekannt;0;0;0;0;0;0;0;0;0;0;0;0;0;0;0;0;0;0;0;0
          Saarland;        40 bis unter 45 Jahre;Alle Geschlechter;0;0;0;0;0;0;0;0;0;0;0;0;0;0;0;0;0;0;0;0
          Saarland;        40 bis unter 45 Jahre;Männlich;0;0;0;0;0;0;0;0;0;0;0;0;0;0;0;0;0;0;0;0
          Saarland;        40 bis unter 45 Jahre;        Weiblich;0;0;0;0;0;0;0;0;0;0;0;0;0;0;0;0;0;0;0;0
          Saarland;        40 bis unter 45 Jahre;        Unbekannt;0;0;0;0;0;0;0;0;0;0;0;0;0;0;0;0;0;0;0;0
          Saarland;        45 bis unter 50 Jahre;Alle Geschlechter;0;0;0;0;0;0;0;0;0;0;0;0;0;0;0;0;0;0;0;0
          Saarland;        45 bis unter 50 Jahre;Männlich;0;0;0;0;0;0;0;0;0;0;0;0;0;0;0;0;0;0;0;0
          Saarland;        45 bis unter 50 Jahre;        Weiblich;0;0;0;0;0;0;0;0;0;0;0;0;0;0;0;0;0;0;0;0
          Saarland;        45 bis unter 50 Jahre;        Unbekannt;0;0;0;0;0;0;0;0;0;0;0;0;0;0;0;0;0;0;0;0
          Saarland;        50 bis unter 55 Jahre;Alle Geschlechter;0;0;0;0;0;0;0;0;0;0;0;0;0;0;0;0;0;0;0;0
          Saarland;        50 bis unter 55 Jahre;Männlich;0;0;0;0;0;0;0;0;0;0;0;0;0;0;0;0;0;0;0;0
          Saarland;        50 bis unter 55 Jahre;        Weiblich;0;0;0;0;0;0;0;0;0;0;0;0;0;0;0;0;0;0;0;0
          Saarland;        50 bis unter 55 Jahre;        Unbekannt;0;0;0;0;0;0;0;0;0;0;0;0;0;0;0;0;0;0;0;0
          Saarland;        55 bis unter 60 Jahre;Alle Geschlechter;0;0;0;0;0;0;0;0;0;0;0;0;0;0;0;0;0;0;0;0
          Saarland;        55 bis unter 60 Jahre;Männlich;0;0;0;0;0;0;0;0;0;0;0;0;0;0;0;0;0;0;0;0
          Saarland;        55 bis unter 60 Jahre;        Weiblich;0;0;0;0;0;0;0;0;0;0;0;0;0;0;0;0;0;0;0;0
          Saarland;        55 bis unter 60 Jahre;        Unbekannt;0;0;0;0;0;0;0;0;0;0;0;0;0;0;0;0;0;0;0;0
          Saarland;        60 bis unter 65 Jahre;Alle Geschlechter;0;0;0;0;0;0;0;0;0;0;0;0;0;0;0;0;0;0;0;0
          Saarland;        60 bis unter 65 Jahre;Männlich;0;0;0;0;0;0;0;0;0;0;0;0;0;0;0;0;0;0;0;0
          Saarland;        60 bis unter 65 Jahre;        Weiblich;0;0;0;0;0;0;0;0;0;0;0;0;0;0;0;0;0;0;0;0
          Saarland;        60 bis unter 65 Jahre;        Unbekannt;0;0;0;0;0;0;0;0;0;0;0;0;0;0;0;0;0;0;0;0
          Saarland;        65 bis unter 70 Jahre;Alle Geschlechter;0;0;0;0;0;0;0;0;0;0;0;0;0;0;0;0;0;0;0;0
          Saarland;        65 bis unter 70 Jahre;Männlich;0;0;0;0;0;0;0;0;0;0;0;0;0;0;0;0;0;0;0;0
          Saarland;        65 bis unter 70 Jahre;        Weiblich;0;0;0;0;0;0;0;0;0;0;0;0;0;0;0;0;0;0;0;0
          Saarland;        65 bis unter 70 Jahre;        Unbekannt;0;0;0;0;0;0;0;0;0;0;0;0;0;0;0;0;0;0;0;0
          Saarland;        70 bis unter 75 Jahre;Alle Geschlechter;0;0;0;0;0;0;0;0;0;0;0;0;0;0;0;0;0;0;0;0
          Saarland;        70 bis unter 75 Jahre;Männlich;0;0;0;0;0;0;0;0;0;0;0;0;0;0;0;0;0;0;0;0
          Saarland;        70 bis unter 75 Jahre;        Weiblich;0;0;0;0;0;0;0;0;0;0;0;0;0;0;0;0;0;0;0;0
          Saarland;        70 bis unter 75 Jahre;        Unbekannt;0;0;0;0;0;0;0;0;0;0;0;0;0;0;0;0;0;0;0;0
          Saarland;        75 bis unter 80 Jahre;Alle Geschlechter;0;0;0;0;0;0;0;0;0;0;0;0;0;0;0;0;0;0;0;0
          Saarland;        75 bis unter 80 Jahre;Männlich;0;0;0;0;0;0;0;0;0;0;0;0;0;0;0;0;0;0;0;0
          Saarland;        75 bis unter 80 Jahre;        Weiblich;0;0;0;0;0;0;0;0;0;0;0;0;0;0;0;0;0;0;0;0
          Saarland;        75 bis unter 80 Jahre;        Unbekannt;0;0;0;0;0;0;0;0;0;0;0;0;0;0;0;0;0;0;0;0
          Saarland;        80 bis unter 85 Jahre;Alle Geschlechter;0;0;0;0;0;0;0;0;0;0;0;0;0;0;0;0;0;0;0;0
          Saarland;        80 bis unter 85 Jahre;Männlich;0;0;0;0;0;0;0;0;0;0;0;0;0;0;0;0;0;0;0;0
          Saarland;        80 bis unter 85 Jahre;        Weiblich;0;0;0;0;0;0;0;0;0;0;0;0;0;0;0;0;0;0;0;0
          Saarland;        80 bis unter 85 Jahre;        Unbekannt;0;0;0;0;0;0;0;0;0;0;0;0;0;0;0;0;0;0;0;0
          Saarland;        85 bis unter 90 Jahre;Alle Geschlechter;0;0;0;0;0;0;0;0;0;0;0;0;0;0;0;0;0;0;0;0
          Saarland;        85 bis unter 90 Jahre;Männlich;0;0;0;0;0;0;0;0;0;0;0;0;0;0;0;0;0;0;0;0
          Saarland;        85 bis unter 90 Jahre;        Weiblich;0;0;0;0;0;0;0;0;0;0;0;0;0;0;0;0;0;0;0;0
          Saarland;        85 bis unter 90 Jahre;        Unbekannt;0;0;0;0;0;0;0;0;0;0;0;0;0;0;0;0;0;0;0;0
          Saarland;        90 bis unter 95 Jahre;Alle Geschlechter;0;0;0;0;0;0;0;0;0;0;0;0;0;0;0;0;0;0;0;0
          Saarland;        90 bis unter 95 Jahre;Männlich;0;0;0;0;0;0;0;0;0;0;0;0;0;0;0;0;0;0;0;0
          Saarland;        90 bis unter 95 Jahre;        Weiblich;0;0;0;0;0;0;0;0;0;0;0;0;0;0;0;0;0;0;0;0
          Saarland;        90 bis unter 95 Jahre;        Unbekannt;0;0;0;0;0;0;0;0;0;0;0;0;0;0;0;0;0;0;0;0
          Saarland;        95 Jahre und älter;Alle Geschlechter;0;0;0;0;0;0;0;0;0;0;0;0;0;0;0;0;0;0;0;0
          Saarland;        95 Jahre und älter;Männlich;0;0;0;0;0;0;0;0;0;0;0;0;0;0;0;0;0;0;0;0
          Saarland;        95 Jahre und älter;        Weiblich;0;0;0;0;0;0;0;0;0;0;0;0;0;0;0;0;0;0;0;0
          Saarland;        95 Jahre und älter;        Unbekannt;0;0;0;0;0;0;0;0;0;0;0;0;0;0;0;0;0;0;0;0
          Saarland;        Unbekannt;Alle Geschlechter;0;0;0;0;0;0;0;0;0;0;0;0;0;0;0;0;0;0;0;0
          Saarland;        Unbekannt;Männlich;0;0;0;0;0;0;0;0;0;0;0;0;0;0;0;0;0;0;0;0
          Saarland;        Unbekannt;        Weiblich;0;0;0;0;0;0;0;0;0;0;0;0;0;0;0;0;0;0;0;0
          Saarland;        Unbekannt;        Unbekannt;0;0;0;0;0;0;0;0;0;0;0;0;0;0;0;0;0;0;0;0
          Sachsen;Alle Altersgruppen;Alle Geschlechter;0;0;0;0;0;0;1;1;0;3;4;3;5;5;3;22;43;43;57;38
          Sachsen;Alle Altersgruppen;Männlich;0;0;0;0;0;0;1;0;0;1;1;1;0;1;0;4;16;12;25;11
          Sachsen;Alle Altersgruppen;        Weiblich;0;0;0;0;0;0;0;1;0;2;3;2;5;4;3;18;27;31;32;27
          Sachsen;Alle Altersgruppen;        Unbekannt;0;0;0;0;0;0;0;0;0;0;0;0;0;0;0;0;0;0;0;0
          Sachsen;        Unter 1 Jahr;Alle Geschlechter;0;0;0;0;0;0;0;0;0;0;0;0;0;0;0;0;0;0;0;0
          Sachsen;        Unter 1 Jahr;Männlich;0;0;0;0;0;0;0;0;0;0;0;0;0;0;0;0;0;0;0;0
          Sachsen;        Unter 1 Jahr;        Weiblich;0;0;0;0;0;0;0;0;0;0;0;0;0;0;0;0;0;0;0;0
          Sachsen;        Unter 1 Jahr;        Unbekannt;0;0;0;0;0;0;0;0;0;0;0;0;0;0;0;0;0;0;0;0
          Sachsen;        1 Jahr bis unter 5 Jahre;Alle Geschlechter;0;0;0;0;0;0;0;0;0;0;0;0;0;0;0;0;0;0;0;0
          Sachsen;        1 Jahr bis unter 5 Jahre;Männlich;0;0;0;0;0;0;0;0;0;0;0;0;0;0;0;0;0;0;0;0
          Sachsen;        1 Jahr bis unter 5 Jahre;        Weiblich;0;0;0;0;0;0;0;0;0;0;0;0;0;0;0;0;0;0;0;0
          Sachsen;        1 Jahr bis unter 5 Jahre;        Unbekannt;0;0;0;0;0;0;0;0;0;0;0;0;0;0;0;0;0;0;0;0
          Sachsen;        5 bis unter 10 Jahre;Alle Geschlechter;0;0;0;0;0;0;0;0;0;0;0;0;0;0;0;0;0;0;0;0
          Sachsen;        5 bis unter 10 Jahre;Männlich;0;0;0;0;0;0;0;0;0;0;0;0;0;0;0;0;0;0;0;0
          Sachsen;        5 bis unter 10 Jahre;        Weiblich;0;0;0;0;0;0;0;0;0;0;0;0;0;0;0;0;0;0;0;0
          Sachsen;        5 bis unter 10 Jahre;        Unbekannt;0;0;0;0;0;0;0;0;0;0;0;0;0;0;0;0;0;0;0;0
          Sachsen;        10 bis unter 15 Jahre;Alle Geschlechter;0;0;0;0;0;0;0;0;0;0;0;0;0;0;0;0;0;0;0;0
          Sachsen;        10 bis unter 15 Jahre;Männlich;0;0;0;0;0;0;0;0;0;0;0;0;0;0;0;0;0;0;0;0
          Sachsen;        10 bis unter 15 Jahre;        Weiblich;0;0;0;0;0;0;0;0;0;0;0;0;0;0;0;0;0;0;0;0
          Sachsen;        10 bis unter 15 Jahre;        Unbekannt;0;0;0;0;0;0;0;0;0;0;0;0;0;0;0;0;0;0;0;0
          Sachsen;        15 bis unter 20 Jahre;Alle Geschlechter;0;0;0;0;0;0;0;0;0;0;0;1;0;0;0;1;4;0;2;1
          Sachsen;        15 bis unter 20 Jahre;Männlich;0;0;0;0;0;0;0;0;0;0;0;1;0;0;0;1;4;0;2;0
          Sachsen;        15 bis unter 20 Jahre;        Weiblich;0;0;0;0;0;0;0;0;0;0;0;0;0;0;0;0;0;0;0;1
          Sachsen;        15 bis unter 20 Jahre;        Unbekannt;0;0;0;0;0;0;0;0;0;0;0;0;0;0;0;0;0;0;0;0
          Sachsen;        20 bis unter 25 Jahre;Alle Geschlechter;0;0;0;0;0;0;0;0;0;0;0;0;1;1;1;4;10;7;15;9
          Sachsen;        20 bis unter 25 Jahre;Männlich;0;0;0;0;0;0;0;0;0;0;0;0;0;0;0;1;6;2;6;4
          Sachsen;        20 bis unter 25 Jahre;        Weiblich;0;0;0;0;0;0;0;0;0;0;0;0;1;1;1;3;4;5;9;5
          Sachsen;        20 bis unter 25 Jahre;        Unbekannt;0;0;0;0;0;0;0;0;0;0;0;0;0;0;0;0;0;0;0;0
          Sachsen;        25 bis unter 30 Jahre;Alle Geschlechter;0;0;0;0;0;0;1;0;0;0;1;0;1;2;1;6;8;13;14;4
          Sachsen;        25 bis unter 30 Jahre;Männlich;0;0;0;0;0;0;1;0;0;0;0;0;0;1;0;1;2;4;9;2
          Sachsen;        25 bis unter 30 Jahre;        Weiblich;0;0;0;0;0;0;0;0;0;0;1;0;1;1;1;5;6;9;5;2
          Sachsen;        25 bis unter 30 Jahre;        Unbekannt;0;0;0;0;0;0;0;0;0;0;0;0;0;0;0;0;0;0;0;0
          Sachsen;        30 bis unter 35 Jahre;Alle Geschlechter;0;0;0;0;0;0;0;0;0;0;0;0;0;1;0;0;5;4;2;3
          Sachsen;        30 bis unter 35 Jahre;Männlich;0;0;0;0;0;0;0;0;0;0;0;0;0;0;0;0;1;1;0;0
          Sachsen;        30 bis unter 35 Jahre;        Weiblich;0;0;0;0;0;0;0;0;0;0;0;0;0;1;0;0;4;3;2;3
          Sachsen;        30 bis unter 35 Jahre;        Unbekannt;0;0;0;0;0;0;0;0;0;0;0;0;0;0;0;0;0;0;0;0
          Sachsen;        35 bis unter 40 Jahre;Alle Geschlechter;0;0;0;0;0;0;0;1;0;0;0;1;1;0;0;2;4;5;7;2
          Sachsen;        35 bis unter 40 Jahre;Männlich;0;0;0;0;0;0;0;0;0;0;0;0;0;0;0;1;3;3;5;1
          Sachsen;        35 bis unter 40 Jahre;        Weiblich;0;0;0;0;0;0;0;1;0;0;0;1;1;0;0;1;1;2;2;1
          Sachsen;        35 bis unter 40 Jahre;        Unbekannt;0;0;0;0;0;0;0;0;0;0;0;0;0;0;0;0;0;0;0;0
          Sachsen;        40 bis unter 45 Jahre;Alle Geschlechter;0;0;0;0;0;0;0;0;0;0;1;0;1;1;0;2;4;3;4;9
          Sachsen;        40 bis unter 45 Jahre;Männlich;0;0;0;0;0;0;0;0;0;0;0;0;0;0;0;0;0;0;0;3
          Sachsen;        40 bis unter 45 Jahre;        Weiblich;0;0;0;0;0;0;0;0;0;0;1;0;1;1;0;2;4;3;4;6
          Sachsen;        40 bis unter 45 Jahre;        Unbekannt;0;0;0;0;0;0;0;0;0;0;0;0;0;0;0;0;0;0;0;0
          Sachsen;        45 bis unter 50 Jahre;Alle Geschlechter;0;0;0;0;0;0;0;0;0;0;1;0;0;0;1;1;0;1;2;2
          Sachsen;        45 bis unter 50 Jahre;Männlich;0;0;0;0;0;0;0;0;0;0;1;0;0;0;0;0;0;0;2;0
          Sachsen;        45 bis unter 50 Jahre;        Weiblich;0;0;0;0;0;0;0;0;0;0;0;0;0;0;1;1;0;1;0;2
          Sachsen;        45 bis unter 50 Jahre;        Unbekannt;0;0;0;0;0;0;0;0;0;0;0;0;0;0;0;0;0;0;0;0
          Sachsen;        50 bis unter 55 Jahre;Alle Geschlechter;0;0;0;0;0;0;0;0;0;1;1;1;0;0;0;0;3;5;1;2
          Sachsen;        50 bis unter 55 Jahre;Männlich;0;0;0;0;0;0;0;0;0;1;0;0;0;0;0;0;0;1;0;0
          Sachsen;        50 bis unter 55 Jahre;        Weiblich;0;0;0;0;0;0;0;0;0;0;1;1;0;0;0;0;3;4;1;2
          Sachsen;        50 bis unter 55 Jahre;        Unbekannt;0;0;0;0;0;0;0;0;0;0;0;0;0;0;0;0;0;0;0;0
          Sachsen;        55 bis unter 60 Jahre;Alle Geschlechter;0;0;0;0;0;0;0;0;0;2;0;0;0;0;0;3;3;4;4;1
          Sachsen;        55 bis unter 60 Jahre;Männlich;0;0;0;0;0;0;0;0;0;0;0;0;0;0;0;0;0;1;1;0
          Sachsen;        55 bis unter 60 Jahre;        Weiblich;0;0;0;0;0;0;0;0;0;2;0;0;0;0;0;3;3;3;3;1
          Sachsen;        55 bis unter 60 Jahre;        Unbekannt;0;0;0;0;0;0;0;0;0;0;0;0;0;0;0;0;0;0;0;0
          Sachsen;        60 bis unter 65 Jahre;Alle Geschlechter;0;0;0;0;0;0;0;0;0;0;0;0;1;0;0;2;1;1;3;5
          Sachsen;        60 bis unter 65 Jahre;Männlich;0;0;0;0;0;0;0;0;0;0;0;0;0;0;0;0;0;0;0;1
          Sachsen;        60 bis unter 65 Jahre;        Weiblich;0;0;0;0;0;0;0;0;0;0;0;0;1;0;0;2;1;1;3;4
          Sachsen;        60 bis unter 65 Jahre;        Unbekannt;0;0;0;0;0;0;0;0;0;0;0;0;0;0;0;0;0;0;0;0
          Sachsen;        65 bis unter 70 Jahre;Alle Geschlechter;0;0;0;0;0;0;0;0;0;0;0;0;0;0;0;1;1;0;3;0
          Sachsen;        65 bis unter 70 Jahre;Männlich;0;0;0;0;0;0;0;0;0;0;0;0;0;0;0;0;0;0;0;0
          Sachsen;        65 bis unter 70 Jahre;        Weiblich;0;0;0;0;0;0;0;0;0;0;0;0;0;0;0;1;1;0;3;0
          Sachsen;        65 bis unter 70 Jahre;        Unbekannt;0;0;0;0;0;0;0;0;0;0;0;0;0;0;0;0;0;0;0;0
          Sachsen;        70 bis unter 75 Jahre;Alle Geschlechter;0;0;0;0;0;0;0;0;0;0;0;0;0;0;0;0;0;0;0;0
          Sachsen;        70 bis unter 75 Jahre;Männlich;0;0;0;0;0;0;0;0;0;0;0;0;0;0;0;0;0;0;0;0
          Sachsen;        70 bis unter 75 Jahre;        Weiblich;0;0;0;0;0;0;0;0;0;0;0;0;0;0;0;0;0;0;0;0
          Sachsen;        70 bis unter 75 Jahre;        Unbekannt;0;0;0;0;0;0;0;0;0;0;0;0;0;0;0;0;0;0;0;0
          Sachsen;        75 bis unter 80 Jahre;Alle Geschlechter;0;0;0;0;0;0;0;0;0;0;0;0;0;0;0;0;0;0;0;0
          Sachsen;        75 bis unter 80 Jahre;Männlich;0;0;0;0;0;0;0;0;0;0;0;0;0;0;0;0;0;0;0;0
          Sachsen;        75 bis unter 80 Jahre;        Weiblich;0;0;0;0;0;0;0;0;0;0;0;0;0;0;0;0;0;0;0;0
          Sachsen;        75 bis unter 80 Jahre;        Unbekannt;0;0;0;0;0;0;0;0;0;0;0;0;0;0;0;0;0;0;0;0
          Sachsen;        80 bis unter 85 Jahre;Alle Geschlechter;0;0;0;0;0;0;0;0;0;0;0;0;0;0;0;0;0;0;0;0
          Sachsen;        80 bis unter 85 Jahre;Männlich;0;0;0;0;0;0;0;0;0;0;0;0;0;0;0;0;0;0;0;0
          Sachsen;        80 bis unter 85 Jahre;        Weiblich;0;0;0;0;0;0;0;0;0;0;0;0;0;0;0;0;0;0;0;0
          Sachsen;        80 bis unter 85 Jahre;        Unbekannt;0;0;0;0;0;0;0;0;0;0;0;0;0;0;0;0;0;0;0;0
          Sachsen;        85 bis unter 90 Jahre;Alle Geschlechter;0;0;0;0;0;0;0;0;0;0;0;0;0;0;0;0;0;0;0;0
          Sachsen;        85 bis unter 90 Jahre;Männlich;0;0;0;0;0;0;0;0;0;0;0;0;0;0;0;0;0;0;0;0
          Sachsen;        85 bis unter 90 Jahre;        Weiblich;0;0;0;0;0;0;0;0;0;0;0;0;0;0;0;0;0;0;0;0
          Sachsen;        85 bis unter 90 Jahre;        Unbekannt;0;0;0;0;0;0;0;0;0;0;0;0;0;0;0;0;0;0;0;0
          Sachsen;        90 bis unter 95 Jahre;Alle Geschlechter;0;0;0;0;0;0;0;0;0;0;0;0;0;0;0;0;0;0;0;0
          Sachsen;        90 bis unter 95 Jahre;Männlich;0;0;0;0;0;0;0;0;0;0;0;0;0;0;0;0;0;0;0;0
          Sachsen;        90 bis unter 95 Jahre;        Weiblich;0;0;0;0;0;0;0;0;0;0;0;0;0;0;0;0;0;0;0;0
          Sachsen;        90 bis unter 95 Jahre;        Unbekannt;0;0;0;0;0;0;0;0;0;0;0;0;0;0;0;0;0;0;0;0
          Sachsen;        95 Jahre und älter;Alle Geschlechter;0;0;0;0;0;0;0;0;0;0;0;0;0;0;0;0;0;0;0;0
          Sachsen;        95 Jahre und älter;Männlich;0;0;0;0;0;0;0;0;0;0;0;0;0;0;0;0;0;0;0;0
          Sachsen;        95 Jahre und älter;        Weiblich;0;0;0;0;0;0;0;0;0;0;0;0;0;0;0;0;0;0;0;0
          Sachsen;        95 Jahre und älter;        Unbekannt;0;0;0;0;0;0;0;0;0;0;0;0;0;0;0;0;0;0;0;0
          Sachsen;        Unbekannt;Alle Geschlechter;0;0;0;0;0;0;0;0;0;0;0;0;0;0;0;0;0;0;0;0
          Sachsen;        Unbekannt;Männlich;0;0;0;0;0;0;0;0;0;0;0;0;0;0;0;0;0;0;0;0
          Sachsen;        Unbekannt;        Weiblich;0;0;0;0;0;0;0;0;0;0;0;0;0;0;0;0;0;0;0;0
          Sachsen;        Unbekannt;        Unbekannt;0;0;0;0;0;0;0;0;0;0;0;0;0;0;0;0;0;0;0;0
          Sachsen-Anhalt;Alle Altersgruppen;Alle Geschlechter;0;2;2;4;1;3;0;0;0;0;2;6;6;10;20;8;4;13;15;1
          Sachsen-Anhalt;Alle Altersgruppen;Männlich;0;0;0;0;0;0;0;0;0;0;0;0;0;2;5;4;2;1;3;1
          Sachsen-Anhalt;Alle Altersgruppen;        Weiblich;0;2;2;4;1;3;0;0;0;0;2;6;6;8;15;4;2;12;12;0
          Sachsen-Anhalt;Alle Altersgruppen;        Unbekannt;0;0;0;0;0;0;0;0;0;0;0;0;0;0;0;0;0;0;0;0
          Sachsen-Anhalt;        Unter 1 Jahr;Alle Geschlechter;0;0;0;0;0;0;0;0;0;0;0;0;0;0;0;0;0;0;0;0
          Sachsen-Anhalt;        Unter 1 Jahr;Männlich;0;0;0;0;0;0;0;0;0;0;0;0;0;0;0;0;0;0;0;0
          Sachsen-Anhalt;        Unter 1 Jahr;        Weiblich;0;0;0;0;0;0;0;0;0;0;0;0;0;0;0;0;0;0;0;0
          Sachsen-Anhalt;        Unter 1 Jahr;        Unbekannt;0;0;0;0;0;0;0;0;0;0;0;0;0;0;0;0;0;0;0;0
          Sachsen-Anhalt;        1 Jahr bis unter 5 Jahre;Alle Geschlechter;0;0;0;0;0;0;0;0;0;0;0;0;0;0;0;0;0;0;0;0
          Sachsen-Anhalt;        1 Jahr bis unter 5 Jahre;Männlich;0;0;0;0;0;0;0;0;0;0;0;0;0;0;0;0;0;0;0;0
          Sachsen-Anhalt;        1 Jahr bis unter 5 Jahre;        Weiblich;0;0;0;0;0;0;0;0;0;0;0;0;0;0;0;0;0;0;0;0
          Sachsen-Anhalt;        1 Jahr bis unter 5 Jahre;        Unbekannt;0;0;0;0;0;0;0;0;0;0;0;0;0;0;0;0;0;0;0;0
          Sachsen-Anhalt;        5 bis unter 10 Jahre;Alle Geschlechter;0;0;0;0;0;0;0;0;0;0;0;0;0;0;0;0;0;0;0;0
          Sachsen-Anhalt;        5 bis unter 10 Jahre;Männlich;0;0;0;0;0;0;0;0;0;0;0;0;0;0;0;0;0;0;0;0
          Sachsen-Anhalt;        5 bis unter 10 Jahre;        Weiblich;0;0;0;0;0;0;0;0;0;0;0;0;0;0;0;0;0;0;0;0
          Sachsen-Anhalt;        5 bis unter 10 Jahre;        Unbekannt;0;0;0;0;0;0;0;0;0;0;0;0;0;0;0;0;0;0;0;0
          Sachsen-Anhalt;        10 bis unter 15 Jahre;Alle Geschlechter;0;0;0;0;0;0;0;0;0;0;0;0;0;0;0;0;0;0;0;0
          Sachsen-Anhalt;        10 bis unter 15 Jahre;Männlich;0;0;0;0;0;0;0;0;0;0;0;0;0;0;0;0;0;0;0;0
          Sachsen-Anhalt;        10 bis unter 15 Jahre;        Weiblich;0;0;0;0;0;0;0;0;0;0;0;0;0;0;0;0;0;0;0;0
          Sachsen-Anhalt;        10 bis unter 15 Jahre;        Unbekannt;0;0;0;0;0;0;0;0;0;0;0;0;0;0;0;0;0;0;0;0
          Sachsen-Anhalt;        15 bis unter 20 Jahre;Alle Geschlechter;0;0;0;0;0;0;0;0;0;0;0;0;0;1;0;0;0;0;0;0
          Sachsen-Anhalt;        15 bis unter 20 Jahre;Männlich;0;0;0;0;0;0;0;0;0;0;0;0;0;1;0;0;0;0;0;0
          Sachsen-Anhalt;        15 bis unter 20 Jahre;        Weiblich;0;0;0;0;0;0;0;0;0;0;0;0;0;0;0;0;0;0;0;0
          Sachsen-Anhalt;        15 bis unter 20 Jahre;        Unbekannt;0;0;0;0;0;0;0;0;0;0;0;0;0;0;0;0;0;0;0;0
          Sachsen-Anhalt;        20 bis unter 25 Jahre;Alle Geschlechter;0;0;0;0;0;1;0;0;0;0;0;1;0;0;3;0;1;0;3;1
          Sachsen-Anhalt;        20 bis unter 25 Jahre;Männlich;0;0;0;0;0;0;0;0;0;0;0;0;0;0;0;0;1;0;1;1
          Sachsen-Anhalt;        20 bis unter 25 Jahre;        Weiblich;0;0;0;0;0;1;0;0;0;0;0;1;0;0;3;0;0;0;2;0
          Sachsen-Anhalt;        20 bis unter 25 Jahre;        Unbekannt;0;0;0;0;0;0;0;0;0;0;0;0;0;0;0;0;0;0;0;0
          Sachsen-Anhalt;        25 bis unter 30 Jahre;Alle Geschlechter;0;0;0;1;0;0;0;0;0;0;0;1;1;1;3;0;1;3;1;0
          Sachsen-Anhalt;        25 bis unter 30 Jahre;Männlich;0;0;0;0;0;0;0;0;0;0;0;0;0;0;1;0;0;1;0;0
          Sachsen-Anhalt;        25 bis unter 30 Jahre;        Weiblich;0;0;0;1;0;0;0;0;0;0;0;1;1;1;2;0;1;2;1;0
          Sachsen-Anhalt;        25 bis unter 30 Jahre;        Unbekannt;0;0;0;0;0;0;0;0;0;0;0;0;0;0;0;0;0;0;0;0
          Sachsen-Anhalt;        30 bis unter 35 Jahre;Alle Geschlechter;0;0;0;1;0;1;0;0;0;0;0;2;2;2;4;0;1;2;1;0
          Sachsen-Anhalt;        30 bis unter 35 Jahre;Männlich;0;0;0;0;0;0;0;0;0;0;0;0;0;0;2;0;0;0;1;0
          Sachsen-Anhalt;        30 bis unter 35 Jahre;        Weiblich;0;0;0;1;0;1;0;0;0;0;0;2;2;2;2;0;1;2;0;0
          Sachsen-Anhalt;        30 bis unter 35 Jahre;        Unbekannt;0;0;0;0;0;0;0;0;0;0;0;0;0;0;0;0;0;0;0;0
          Sachsen-Anhalt;        35 bis unter 40 Jahre;Alle Geschlechter;0;1;1;1;0;0;0;0;0;0;0;0;0;0;2;2;0;0;2;0
          Sachsen-Anhalt;        35 bis unter 40 Jahre;Männlich;0;0;0;0;0;0;0;0;0;0;0;0;0;0;0;2;0;0;1;0
          Sachsen-Anhalt;        35 bis unter 40 Jahre;        Weiblich;0;1;1;1;0;0;0;0;0;0;0;0;0;0;2;0;0;0;1;0
          Sachsen-Anhalt;        35 bis unter 40 Jahre;        Unbekannt;0;0;0;0;0;0;0;0;0;0;0;0;0;0;0;0;0;0;0;0
          Sachsen-Anhalt;        40 bis unter 45 Jahre;Alle Geschlechter;0;1;0;0;0;0;0;0;0;0;0;0;0;1;0;2;0;3;1;0
          Sachsen-Anhalt;        40 bis unter 45 Jahre;Männlich;0;0;0;0;0;0;0;0;0;0;0;0;0;0;0;1;0;0;0;0
          Sachsen-Anhalt;        40 bis unter 45 Jahre;        Weiblich;0;1;0;0;0;0;0;0;0;0;0;0;0;1;0;1;0;3;1;0
          Sachsen-Anhalt;        40 bis unter 45 Jahre;        Unbekannt;0;0;0;0;0;0;0;0;0;0;0;0;0;0;0;0;0;0;0;0
          Sachsen-Anhalt;        45 bis unter 50 Jahre;Alle Geschlechter;0;0;1;0;0;0;0;0;0;0;2;1;1;4;1;2;0;2;0;0
          Sachsen-Anhalt;        45 bis unter 50 Jahre;Männlich;0;0;0;0;0;0;0;0;0;0;0;0;0;1;1;1;0;0;0;0
          Sachsen-Anhalt;        45 bis unter 50 Jahre;        Weiblich;0;0;1;0;0;0;0;0;0;0;2;1;1;3;0;1;0;2;0;0
          Sachsen-Anhalt;        45 bis unter 50 Jahre;        Unbekannt;0;0;0;0;0;0;0;0;0;0;0;0;0;0;0;0;0;0;0;0
          Sachsen-Anhalt;        50 bis unter 55 Jahre;Alle Geschlechter;0;0;0;0;0;0;0;0;0;0;0;1;1;0;4;2;0;1;3;0
          Sachsen-Anhalt;        50 bis unter 55 Jahre;Männlich;0;0;0;0;0;0;0;0;0;0;0;0;0;0;0;0;0;0;0;0
          Sachsen-Anhalt;        50 bis unter 55 Jahre;        Weiblich;0;0;0;0;0;0;0;0;0;0;0;1;1;0;4;2;0;1;3;0
          Sachsen-Anhalt;        50 bis unter 55 Jahre;        Unbekannt;0;0;0;0;0;0;0;0;0;0;0;0;0;0;0;0;0;0;0;0
          Sachsen-Anhalt;        55 bis unter 60 Jahre;Alle Geschlechter;0;0;0;0;1;0;0;0;0;0;0;0;0;1;2;0;1;0;2;0
          Sachsen-Anhalt;        55 bis unter 60 Jahre;Männlich;0;0;0;0;0;0;0;0;0;0;0;0;0;0;1;0;1;0;0;0
          Sachsen-Anhalt;        55 bis unter 60 Jahre;        Weiblich;0;0;0;0;1;0;0;0;0;0;0;0;0;1;1;0;0;0;2;0
          Sachsen-Anhalt;        55 bis unter 60 Jahre;        Unbekannt;0;0;0;0;0;0;0;0;0;0;0;0;0;0;0;0;0;0;0;0
          Sachsen-Anhalt;        60 bis unter 65 Jahre;Alle Geschlechter;0;0;0;0;0;1;0;0;0;0;0;0;0;0;0;0;0;1;2;0
          Sachsen-Anhalt;        60 bis unter 65 Jahre;Männlich;0;0;0;0;0;0;0;0;0;0;0;0;0;0;0;0;0;0;0;0
          Sachsen-Anhalt;        60 bis unter 65 Jahre;        Weiblich;0;0;0;0;0;1;0;0;0;0;0;0;0;0;0;0;0;1;2;0
          Sachsen-Anhalt;        60 bis unter 65 Jahre;        Unbekannt;0;0;0;0;0;0;0;0;0;0;0;0;0;0;0;0;0;0;0;0
          Sachsen-Anhalt;        65 bis unter 70 Jahre;Alle Geschlechter;0;0;0;0;0;0;0;0;0;0;0;0;1;0;1;0;0;1;0;0
          Sachsen-Anhalt;        65 bis unter 70 Jahre;Männlich;0;0;0;0;0;0;0;0;0;0;0;0;0;0;0;0;0;0;0;0
          Sachsen-Anhalt;        65 bis unter 70 Jahre;        Weiblich;0;0;0;0;0;0;0;0;0;0;0;0;1;0;1;0;0;1;0;0
          Sachsen-Anhalt;        65 bis unter 70 Jahre;        Unbekannt;0;0;0;0;0;0;0;0;0;0;0;0;0;0;0;0;0;0;0;0
          Sachsen-Anhalt;        70 bis unter 75 Jahre;Alle Geschlechter;0;0;0;0;0;0;0;0;0;0;0;0;0;0;0;0;0;0;0;0
          Sachsen-Anhalt;        70 bis unter 75 Jahre;Männlich;0;0;0;0;0;0;0;0;0;0;0;0;0;0;0;0;0;0;0;0
          Sachsen-Anhalt;        70 bis unter 75 Jahre;        Weiblich;0;0;0;0;0;0;0;0;0;0;0;0;0;0;0;0;0;0;0;0
          Sachsen-Anhalt;        70 bis unter 75 Jahre;        Unbekannt;0;0;0;0;0;0;0;0;0;0;0;0;0;0;0;0;0;0;0;0
          Sachsen-Anhalt;        75 bis unter 80 Jahre;Alle Geschlechter;0;0;0;0;0;0;0;0;0;0;0;0;0;0;0;0;0;0;0;0
          Sachsen-Anhalt;        75 bis unter 80 Jahre;Männlich;0;0;0;0;0;0;0;0;0;0;0;0;0;0;0;0;0;0;0;0
          Sachsen-Anhalt;        75 bis unter 80 Jahre;        Weiblich;0;0;0;0;0;0;0;0;0;0;0;0;0;0;0;0;0;0;0;0
          Sachsen-Anhalt;        75 bis unter 80 Jahre;        Unbekannt;0;0;0;0;0;0;0;0;0;0;0;0;0;0;0;0;0;0;0;0
          Sachsen-Anhalt;        80 bis unter 85 Jahre;Alle Geschlechter;0;0;0;1;0;0;0;0;0;0;0;0;0;0;0;0;0;0;0;0
          Sachsen-Anhalt;        80 bis unter 85 Jahre;Männlich;0;0;0;0;0;0;0;0;0;0;0;0;0;0;0;0;0;0;0;0
          Sachsen-Anhalt;        80 bis unter 85 Jahre;        Weiblich;0;0;0;1;0;0;0;0;0;0;0;0;0;0;0;0;0;0;0;0
          Sachsen-Anhalt;        80 bis unter 85 Jahre;        Unbekannt;0;0;0;0;0;0;0;0;0;0;0;0;0;0;0;0;0;0;0;0
          Sachsen-Anhalt;        85 bis unter 90 Jahre;Alle Geschlechter;0;0;0;0;0;0;0;0;0;0;0;0;0;0;0;0;0;0;0;0
          Sachsen-Anhalt;        85 bis unter 90 Jahre;Männlich;0;0;0;0;0;0;0;0;0;0;0;0;0;0;0;0;0;0;0;0
          Sachsen-Anhalt;        85 bis unter 90 Jahre;        Weiblich;0;0;0;0;0;0;0;0;0;0;0;0;0;0;0;0;0;0;0;0
          Sachsen-Anhalt;        85 bis unter 90 Jahre;        Unbekannt;0;0;0;0;0;0;0;0;0;0;0;0;0;0;0;0;0;0;0;0
          Sachsen-Anhalt;        90 bis unter 95 Jahre;Alle Geschlechter;0;0;0;0;0;0;0;0;0;0;0;0;0;0;0;0;0;0;0;0
          Sachsen-Anhalt;        90 bis unter 95 Jahre;Männlich;0;0;0;0;0;0;0;0;0;0;0;0;0;0;0;0;0;0;0;0
          Sachsen-Anhalt;        90 bis unter 95 Jahre;        Weiblich;0;0;0;0;0;0;0;0;0;0;0;0;0;0;0;0;0;0;0;0
          Sachsen-Anhalt;        90 bis unter 95 Jahre;        Unbekannt;0;0;0;0;0;0;0;0;0;0;0;0;0;0;0;0;0;0;0;0
          Sachsen-Anhalt;        95 Jahre und älter;Alle Geschlechter;0;0;0;0;0;0;0;0;0;0;0;0;0;0;0;0;0;0;0;0
          Sachsen-Anhalt;        95 Jahre und älter;Männlich;0;0;0;0;0;0;0;0;0;0;0;0;0;0;0;0;0;0;0;0
          Sachsen-Anhalt;        95 Jahre und älter;        Weiblich;0;0;0;0;0;0;0;0;0;0;0;0;0;0;0;0;0;0;0;0
          Sachsen-Anhalt;        95 Jahre und älter;        Unbekannt;0;0;0;0;0;0;0;0;0;0;0;0;0;0;0;0;0;0;0;0
          Sachsen-Anhalt;        Unbekannt;Alle Geschlechter;0;0;0;0;0;0;0;0;0;0;0;0;0;0;0;0;0;0;0;0
          Sachsen-Anhalt;        Unbekannt;Männlich;0;0;0;0;0;0;0;0;0;0;0;0;0;0;0;0;0;0;0;0
          Sachsen-Anhalt;        Unbekannt;        Weiblich;0;0;0;0;0;0;0;0;0;0;0;0;0;0;0;0;0;0;0;0
          Sachsen-Anhalt;        Unbekannt;        Unbekannt;0;0;0;0;0;0;0;0;0;0;0;0;0;0;0;0;0;0;0;0
          Schleswig-Holstein;Alle Altersgruppen;Alle Geschlechter;0;0;0;0;1;0;0;0;1;0;0;1;1;1;0;0;0;0;27;89
          Schleswig-Holstein;Alle Altersgruppen;Männlich;0;0;0;0;1;0;0;0;1;0;0;1;1;0;0;0;0;0;11;28
          Schleswig-Holstein;Alle Altersgruppen;        Weiblich;0;0;0;0;0;0;0;0;0;0;0;0;0;1;0;0;0;0;16;61
          Schleswig-Holstein;Alle Altersgruppen;        Unbekannt;0;0;0;0;0;0;0;0;0;0;0;0;0;0;0;0;0;0;0;0
          Schleswig-Holstein;        Unter 1 Jahr;Alle Geschlechter;0;0;0;0;0;0;0;0;0;0;0;0;0;0;0;0;0;0;0;0
          Schleswig-Holstein;        Unter 1 Jahr;Männlich;0;0;0;0;0;0;0;0;0;0;0;0;0;0;0;0;0;0;0;0
          Schleswig-Holstein;        Unter 1 Jahr;        Weiblich;0;0;0;0;0;0;0;0;0;0;0;0;0;0;0;0;0;0;0;0
          Schleswig-Holstein;        Unter 1 Jahr;        Unbekannt;0;0;0;0;0;0;0;0;0;0;0;0;0;0;0;0;0;0;0;0
          Schleswig-Holstein;        1 Jahr bis unter 5 Jahre;Alle Geschlechter;0;0;0;0;0;0;0;0;0;0;0;0;0;0;0;0;0;0;0;0
          Schleswig-Holstein;        1 Jahr bis unter 5 Jahre;Männlich;0;0;0;0;0;0;0;0;0;0;0;0;0;0;0;0;0;0;0;0
          Schleswig-Holstein;        1 Jahr bis unter 5 Jahre;        Weiblich;0;0;0;0;0;0;0;0;0;0;0;0;0;0;0;0;0;0;0;0
          Schleswig-Holstein;        1 Jahr bis unter 5 Jahre;        Unbekannt;0;0;0;0;0;0;0;0;0;0;0;0;0;0;0;0;0;0;0;0
          Schleswig-Holstein;        5 bis unter 10 Jahre;Alle Geschlechter;0;0;0;0;0;0;0;0;0;0;0;0;0;0;0;0;0;0;0;0
          Schleswig-Holstein;        5 bis unter 10 Jahre;Männlich;0;0;0;0;0;0;0;0;0;0;0;0;0;0;0;0;0;0;0;0
          Schleswig-Holstein;        5 bis unter 10 Jahre;        Weiblich;0;0;0;0;0;0;0;0;0;0;0;0;0;0;0;0;0;0;0;0
          Schleswig-Holstein;        5 bis unter 10 Jahre;        Unbekannt;0;0;0;0;0;0;0;0;0;0;0;0;0;0;0;0;0;0;0;0
          Schleswig-Holstein;        10 bis unter 15 Jahre;Alle Geschlechter;0;0;0;0;0;0;0;0;0;0;0;0;0;0;0;0;0;0;0;0
          Schleswig-Holstein;        10 bis unter 15 Jahre;Männlich;0;0;0;0;0;0;0;0;0;0;0;0;0;0;0;0;0;0;0;0
          Schleswig-Holstein;        10 bis unter 15 Jahre;        Weiblich;0;0;0;0;0;0;0;0;0;0;0;0;0;0;0;0;0;0;0;0
          Schleswig-Holstein;        10 bis unter 15 Jahre;        Unbekannt;0;0;0;0;0;0;0;0;0;0;0;0;0;0;0;0;0;0;0;0
          Schleswig-Holstein;        15 bis unter 20 Jahre;Alle Geschlechter;0;0;0;0;0;0;0;0;0;0;0;0;0;0;0;0;0;0;2;4
          Schleswig-Holstein;        15 bis unter 20 Jahre;Männlich;0;0;0;0;0;0;0;0;0;0;0;0;0;0;0;0;0;0;0;0
          Schleswig-Holstein;        15 bis unter 20 Jahre;        Weiblich;0;0;0;0;0;0;0;0;0;0;0;0;0;0;0;0;0;0;2;4
          Schleswig-Holstein;        15 bis unter 20 Jahre;        Unbekannt;0;0;0;0;0;0;0;0;0;0;0;0;0;0;0;0;0;0;0;0
          Schleswig-Holstein;        20 bis unter 25 Jahre;Alle Geschlechter;0;0;0;0;0;0;0;0;1;0;0;1;0;0;0;0;0;0;5;18
          Schleswig-Holstein;        20 bis unter 25 Jahre;Männlich;0;0;0;0;0;0;0;0;1;0;0;1;0;0;0;0;0;0;3;11
          Schleswig-Holstein;        20 bis unter 25 Jahre;        Weiblich;0;0;0;0;0;0;0;0;0;0;0;0;0;0;0;0;0;0;2;7
          Schleswig-Holstein;        20 bis unter 25 Jahre;        Unbekannt;0;0;0;0;0;0;0;0;0;0;0;0;0;0;0;0;0;0;0;0
          Schleswig-Holstein;        25 bis unter 30 Jahre;Alle Geschlechter;0;0;0;0;0;0;0;0;0;0;0;0;0;0;0;0;0;0;3;22
          Schleswig-Holstein;        25 bis unter 30 Jahre;Männlich;0;0;0;0;0;0;0;0;0;0;0;0;0;0;0;0;0;0;2;9
          Schleswig-Holstein;        25 bis unter 30 Jahre;        Weiblich;0;0;0;0;0;0;0;0;0;0;0;0;0;0;0;0;0;0;1;13
          Schleswig-Holstein;        25 bis unter 30 Jahre;        Unbekannt;0;0;0;0;0;0;0;0;0;0;0;0;0;0;0;0;0;0;0;0
          Schleswig-Holstein;        30 bis unter 35 Jahre;Alle Geschlechter;0;0;0;0;1;0;0;0;0;0;0;0;0;0;0;0;0;0;5;6
          Schleswig-Holstein;        30 bis unter 35 Jahre;Männlich;0;0;0;0;1;0;0;0;0;0;0;0;0;0;0;0;0;0;4;1
          Schleswig-Holstein;        30 bis unter 35 Jahre;        Weiblich;0;0;0;0;0;0;0;0;0;0;0;0;0;0;0;0;0;0;1;5
          Schleswig-Holstein;        30 bis unter 35 Jahre;        Unbekannt;0;0;0;0;0;0;0;0;0;0;0;0;0;0;0;0;0;0;0;0
          Schleswig-Holstein;        35 bis unter 40 Jahre;Alle Geschlechter;0;0;0;0;0;0;0;0;0;0;0;0;0;0;0;0;0;0;3;7
          Schleswig-Holstein;        35 bis unter 40 Jahre;Männlich;0;0;0;0;0;0;0;0;0;0;0;0;0;0;0;0;0;0;2;3
          Schleswig-Holstein;        35 bis unter 40 Jahre;        Weiblich;0;0;0;0;0;0;0;0;0;0;0;0;0;0;0;0;0;0;1;4
          Schleswig-Holstein;        35 bis unter 40 Jahre;        Unbekannt;0;0;0;0;0;0;0;0;0;0;0;0;0;0;0;0;0;0;0;0
          Schleswig-Holstein;        40 bis unter 45 Jahre;Alle Geschlechter;0;0;0;0;0;0;0;0;0;0;0;0;0;0;0;0;0;0;2;7
          Schleswig-Holstein;        40 bis unter 45 Jahre;Männlich;0;0;0;0;0;0;0;0;0;0;0;0;0;0;0;0;0;0;0;0
          Schleswig-Holstein;        40 bis unter 45 Jahre;        Weiblich;0;0;0;0;0;0;0;0;0;0;0;0;0;0;0;0;0;0;2;7
          Schleswig-Holstein;        40 bis unter 45 Jahre;        Unbekannt;0;0;0;0;0;0;0;0;0;0;0;0;0;0;0;0;0;0;0;0
          Schleswig-Holstein;        45 bis unter 50 Jahre;Alle Geschlechter;0;0;0;0;0;0;0;0;0;0;0;0;1;0;0;0;0;0;3;5
          Schleswig-Holstein;        45 bis unter 50 Jahre;Männlich;0;0;0;0;0;0;0;0;0;0;0;0;1;0;0;0;0;0;0;0
          Schleswig-Holstein;        45 bis unter 50 Jahre;        Weiblich;0;0;0;0;0;0;0;0;0;0;0;0;0;0;0;0;0;0;3;5
          Schleswig-Holstein;        45 bis unter 50 Jahre;        Unbekannt;0;0;0;0;0;0;0;0;0;0;0;0;0;0;0;0;0;0;0;0
          Schleswig-Holstein;        50 bis unter 55 Jahre;Alle Geschlechter;0;0;0;0;0;0;0;0;0;0;0;0;0;1;0;0;0;0;2;7
          Schleswig-Holstein;        50 bis unter 55 Jahre;Männlich;0;0;0;0;0;0;0;0;0;0;0;0;0;0;0;0;0;0;0;2
          Schleswig-Holstein;        50 bis unter 55 Jahre;        Weiblich;0;0;0;0;0;0;0;0;0;0;0;0;0;1;0;0;0;0;2;5
          Schleswig-Holstein;        50 bis unter 55 Jahre;        Unbekannt;0;0;0;0;0;0;0;0;0;0;0;0;0;0;0;0;0;0;0;0
          Schleswig-Holstein;        55 bis unter 60 Jahre;Alle Geschlechter;0;0;0;0;0;0;0;0;0;0;0;0;0;0;0;0;0;0;1;10
          Schleswig-Holstein;        55 bis unter 60 Jahre;Männlich;0;0;0;0;0;0;0;0;0;0;0;0;0;0;0;0;0;0;0;2
          Schleswig-Holstein;        55 bis unter 60 Jahre;        Weiblich;0;0;0;0;0;0;0;0;0;0;0;0;0;0;0;0;0;0;1;8
          Schleswig-Holstein;        55 bis unter 60 Jahre;        Unbekannt;0;0;0;0;0;0;0;0;0;0;0;0;0;0;0;0;0;0;0;0
          Schleswig-Holstein;        60 bis unter 65 Jahre;Alle Geschlechter;0;0;0;0;0;0;0;0;0;0;0;0;0;0;0;0;0;0;0;2
          Schleswig-Holstein;        60 bis unter 65 Jahre;Männlich;0;0;0;0;0;0;0;0;0;0;0;0;0;0;0;0;0;0;0;0
          Schleswig-Holstein;        60 bis unter 65 Jahre;        Weiblich;0;0;0;0;0;0;0;0;0;0;0;0;0;0;0;0;0;0;0;2
          Schleswig-Holstein;        60 bis unter 65 Jahre;        Unbekannt;0;0;0;0;0;0;0;0;0;0;0;0;0;0;0;0;0;0;0;0
          Schleswig-Holstein;        65 bis unter 70 Jahre;Alle Geschlechter;0;0;0;0;0;0;0;0;0;0;0;0;0;0;0;0;0;0;1;1
          Schleswig-Holstein;        65 bis unter 70 Jahre;Männlich;0;0;0;0;0;0;0;0;0;0;0;0;0;0;0;0;0;0;0;0
          Schleswig-Holstein;        65 bis unter 70 Jahre;        Weiblich;0;0;0;0;0;0;0;0;0;0;0;0;0;0;0;0;0;0;1;1
          Schleswig-Holstein;        65 bis unter 70 Jahre;        Unbekannt;0;0;0;0;0;0;0;0;0;0;0;0;0;0;0;0;0;0;0;0
          Schleswig-Holstein;        70 bis unter 75 Jahre;Alle Geschlechter;0;0;0;0;0;0;0;0;0;0;0;0;0;0;0;0;0;0;0;0
          Schleswig-Holstein;        70 bis unter 75 Jahre;Männlich;0;0;0;0;0;0;0;0;0;0;0;0;0;0;0;0;0;0;0;0
          Schleswig-Holstein;        70 bis unter 75 Jahre;        Weiblich;0;0;0;0;0;0;0;0;0;0;0;0;0;0;0;0;0;0;0;0
          Schleswig-Holstein;        70 bis unter 75 Jahre;        Unbekannt;0;0;0;0;0;0;0;0;0;0;0;0;0;0;0;0;0;0;0;0
          Schleswig-Holstein;        75 bis unter 80 Jahre;Alle Geschlechter;0;0;0;0;0;0;0;0;0;0;0;0;0;0;0;0;0;0;0;0
          Schleswig-Holstein;        75 bis unter 80 Jahre;Männlich;0;0;0;0;0;0;0;0;0;0;0;0;0;0;0;0;0;0;0;0
          Schleswig-Holstein;        75 bis unter 80 Jahre;        Weiblich;0;0;0;0;0;0;0;0;0;0;0;0;0;0;0;0;0;0;0;0
          Schleswig-Holstein;        75 bis unter 80 Jahre;        Unbekannt;0;0;0;0;0;0;0;0;0;0;0;0;0;0;0;0;0;0;0;0
          Schleswig-Holstein;        80 bis unter 85 Jahre;Alle Geschlechter;0;0;0;0;0;0;0;0;0;0;0;0;0;0;0;0;0;0;0;0
          Schleswig-Holstein;        80 bis unter 85 Jahre;Männlich;0;0;0;0;0;0;0;0;0;0;0;0;0;0;0;0;0;0;0;0
          Schleswig-Holstein;        80 bis unter 85 Jahre;        Weiblich;0;0;0;0;0;0;0;0;0;0;0;0;0;0;0;0;0;0;0;0
          Schleswig-Holstein;        80 bis unter 85 Jahre;        Unbekannt;0;0;0;0;0;0;0;0;0;0;0;0;0;0;0;0;0;0;0;0
          Schleswig-Holstein;        85 bis unter 90 Jahre;Alle Geschlechter;0;0;0;0;0;0;0;0;0;0;0;0;0;0;0;0;0;0;0;0
          Schleswig-Holstein;        85 bis unter 90 Jahre;Männlich;0;0;0;0;0;0;0;0;0;0;0;0;0;0;0;0;0;0;0;0
          Schleswig-Holstein;        85 bis unter 90 Jahre;        Weiblich;0;0;0;0;0;0;0;0;0;0;0;0;0;0;0;0;0;0;0;0
          Schleswig-Holstein;        85 bis unter 90 Jahre;        Unbekannt;0;0;0;0;0;0;0;0;0;0;0;0;0;0;0;0;0;0;0;0
          Schleswig-Holstein;        90 bis unter 95 Jahre;Alle Geschlechter;0;0;0;0;0;0;0;0;0;0;0;0;0;0;0;0;0;0;0;0
          Schleswig-Holstein;        90 bis unter 95 Jahre;Männlich;0;0;0;0;0;0;0;0;0;0;0;0;0;0;0;0;0;0;0;0
          Schleswig-Holstein;        90 bis unter 95 Jahre;        Weiblich;0;0;0;0;0;0;0;0;0;0;0;0;0;0;0;0;0;0;0;0
          Schleswig-Holstein;        90 bis unter 95 Jahre;        Unbekannt;0;0;0;0;0;0;0;0;0;0;0;0;0;0;0;0;0;0;0;0
          Schleswig-Holstein;        95 Jahre und älter;Alle Geschlechter;0;0;0;0;0;0;0;0;0;0;0;0;0;0;0;0;0;0;0;0
          Schleswig-Holstein;        95 Jahre und älter;Männlich;0;0;0;0;0;0;0;0;0;0;0;0;0;0;0;0;0;0;0;0
          Schleswig-Holstein;        95 Jahre und älter;        Weiblich;0;0;0;0;0;0;0;0;0;0;0;0;0;0;0;0;0;0;0;0
          Schleswig-Holstein;        95 Jahre und älter;        Unbekannt;0;0;0;0;0;0;0;0;0;0;0;0;0;0;0;0;0;0;0;0
          Schleswig-Holstein;        Unbekannt;Alle Geschlechter;0;0;0;0;0;0;0;0;0;0;0;0;0;0;0;0;0;0;0;0
          Schleswig-Holstein;        Unbekannt;Männlich;0;0;0;0;0;0;0;0;0;0;0;0;0;0;0;0;0;0;0;0
          Schleswig-Holstein;        Unbekannt;        Weiblich;0;0;0;0;0;0;0;0;0;0;0;0;0;0;0;0;0;0;0;0
          Schleswig-Holstein;        Unbekannt;        Unbekannt;0;0;0;0;0;0;0;0;0;0;0;0;0;0;0;0;0;0;0;0
          Thüringen;Alle Altersgruppen;Alle Geschlechter;0;0;0;0;0;0;0;0;0;0;0;0;0;0;0;0;1;0;0;0
          Thüringen;Alle Altersgruppen;Männlich;0;0;0;0;0;0;0;0;0;0;0;0;0;0;0;0;1;0;0;0
          Thüringen;Alle Altersgruppen;        Weiblich;0;0;0;0;0;0;0;0;0;0;0;0;0;0;0;0;0;0;0;0
          Thüringen;Alle Altersgruppen;        Unbekannt;0;0;0;0;0;0;0;0;0;0;0;0;0;0;0;0;0;0;0;0
          Thüringen;        Unter 1 Jahr;Alle Geschlechter;0;0;0;0;0;0;0;0;0;0;0;0;0;0;0;0;0;0;0;0
          Thüringen;        Unter 1 Jahr;Männlich;0;0;0;0;0;0;0;0;0;0;0;0;0;0;0;0;0;0;0;0
          Thüringen;        Unter 1 Jahr;        Weiblich;0;0;0;0;0;0;0;0;0;0;0;0;0;0;0;0;0;0;0;0
          Thüringen;        Unter 1 Jahr;        Unbekannt;0;0;0;0;0;0;0;0;0;0;0;0;0;0;0;0;0;0;0;0
          Thüringen;        1 Jahr bis unter 5 Jahre;Alle Geschlechter;0;0;0;0;0;0;0;0;0;0;0;0;0;0;0;0;0;0;0;0
          Thüringen;        1 Jahr bis unter 5 Jahre;Männlich;0;0;0;0;0;0;0;0;0;0;0;0;0;0;0;0;0;0;0;0
          Thüringen;        1 Jahr bis unter 5 Jahre;        Weiblich;0;0;0;0;0;0;0;0;0;0;0;0;0;0;0;0;0;0;0;0
          Thüringen;        1 Jahr bis unter 5 Jahre;        Unbekannt;0;0;0;0;0;0;0;0;0;0;0;0;0;0;0;0;0;0;0;0
          Thüringen;        5 bis unter 10 Jahre;Alle Geschlechter;0;0;0;0;0;0;0;0;0;0;0;0;0;0;0;0;0;0;0;0
          Thüringen;        5 bis unter 10 Jahre;Männlich;0;0;0;0;0;0;0;0;0;0;0;0;0;0;0;0;0;0;0;0
          Thüringen;        5 bis unter 10 Jahre;        Weiblich;0;0;0;0;0;0;0;0;0;0;0;0;0;0;0;0;0;0;0;0
          Thüringen;        5 bis unter 10 Jahre;        Unbekannt;0;0;0;0;0;0;0;0;0;0;0;0;0;0;0;0;0;0;0;0
          Thüringen;        10 bis unter 15 Jahre;Alle Geschlechter;0;0;0;0;0;0;0;0;0;0;0;0;0;0;0;0;0;0;0;0
          Thüringen;        10 bis unter 15 Jahre;Männlich;0;0;0;0;0;0;0;0;0;0;0;0;0;0;0;0;0;0;0;0
          Thüringen;        10 bis unter 15 Jahre;        Weiblich;0;0;0;0;0;0;0;0;0;0;0;0;0;0;0;0;0;0;0;0
          Thüringen;        10 bis unter 15 Jahre;        Unbekannt;0;0;0;0;0;0;0;0;0;0;0;0;0;0;0;0;0;0;0;0
          Thüringen;        15 bis unter 20 Jahre;Alle Geschlechter;0;0;0;0;0;0;0;0;0;0;0;0;0;0;0;0;1;0;0;0
          Thüringen;        15 bis unter 20 Jahre;Männlich;0;0;0;0;0;0;0;0;0;0;0;0;0;0;0;0;1;0;0;0
          Thüringen;        15 bis unter 20 Jahre;        Weiblich;0;0;0;0;0;0;0;0;0;0;0;0;0;0;0;0;0;0;0;0
          Thüringen;        15 bis unter 20 Jahre;        Unbekannt;0;0;0;0;0;0;0;0;0;0;0;0;0;0;0;0;0;0;0;0
          Thüringen;        20 bis unter 25 Jahre;Alle Geschlechter;0;0;0;0;0;0;0;0;0;0;0;0;0;0;0;0;0;0;0;0
          Thüringen;        20 bis unter 25 Jahre;Männlich;0;0;0;0;0;0;0;0;0;0;0;0;0;0;0;0;0;0;0;0
          Thüringen;        20 bis unter 25 Jahre;        Weiblich;0;0;0;0;0;0;0;0;0;0;0;0;0;0;0;0;0;0;0;0
          Thüringen;        20 bis unter 25 Jahre;        Unbekannt;0;0;0;0;0;0;0;0;0;0;0;0;0;0;0;0;0;0;0;0
          Thüringen;        25 bis unter 30 Jahre;Alle Geschlechter;0;0;0;0;0;0;0;0;0;0;0;0;0;0;0;0;0;0;0;0
          Thüringen;        25 bis unter 30 Jahre;Männlich;0;0;0;0;0;0;0;0;0;0;0;0;0;0;0;0;0;0;0;0
          Thüringen;        25 bis unter 30 Jahre;        Weiblich;0;0;0;0;0;0;0;0;0;0;0;0;0;0;0;0;0;0;0;0
          Thüringen;        25 bis unter 30 Jahre;        Unbekannt;0;0;0;0;0;0;0;0;0;0;0;0;0;0;0;0;0;0;0;0
          Thüringen;        30 bis unter 35 Jahre;Alle Geschlechter;0;0;0;0;0;0;0;0;0;0;0;0;0;0;0;0;0;0;0;0
          Thüringen;        30 bis unter 35 Jahre;Männlich;0;0;0;0;0;0;0;0;0;0;0;0;0;0;0;0;0;0;0;0
          Thüringen;        30 bis unter 35 Jahre;        Weiblich;0;0;0;0;0;0;0;0;0;0;0;0;0;0;0;0;0;0;0;0
          Thüringen;        30 bis unter 35 Jahre;        Unbekannt;0;0;0;0;0;0;0;0;0;0;0;0;0;0;0;0;0;0;0;0
          Thüringen;        35 bis unter 40 Jahre;Alle Geschlechter;0;0;0;0;0;0;0;0;0;0;0;0;0;0;0;0;0;0;0;0
          Thüringen;        35 bis unter 40 Jahre;Männlich;0;0;0;0;0;0;0;0;0;0;0;0;0;0;0;0;0;0;0;0
          Thüringen;        35 bis unter 40 Jahre;        Weiblich;0;0;0;0;0;0;0;0;0;0;0;0;0;0;0;0;0;0;0;0
          Thüringen;        35 bis unter 40 Jahre;        Unbekannt;0;0;0;0;0;0;0;0;0;0;0;0;0;0;0;0;0;0;0;0
          Thüringen;        40 bis unter 45 Jahre;Alle Geschlechter;0;0;0;0;0;0;0;0;0;0;0;0;0;0;0;0;0;0;0;0
          Thüringen;        40 bis unter 45 Jahre;Männlich;0;0;0;0;0;0;0;0;0;0;0;0;0;0;0;0;0;0;0;0
          Thüringen;        40 bis unter 45 Jahre;        Weiblich;0;0;0;0;0;0;0;0;0;0;0;0;0;0;0;0;0;0;0;0
          Thüringen;        40 bis unter 45 Jahre;        Unbekannt;0;0;0;0;0;0;0;0;0;0;0;0;0;0;0;0;0;0;0;0
          Thüringen;        45 bis unter 50 Jahre;Alle Geschlechter;0;0;0;0;0;0;0;0;0;0;0;0;0;0;0;0;0;0;0;0
          Thüringen;        45 bis unter 50 Jahre;Männlich;0;0;0;0;0;0;0;0;0;0;0;0;0;0;0;0;0;0;0;0
          Thüringen;        45 bis unter 50 Jahre;        Weiblich;0;0;0;0;0;0;0;0;0;0;0;0;0;0;0;0;0;0;0;0
          Thüringen;        45 bis unter 50 Jahre;        Unbekannt;0;0;0;0;0;0;0;0;0;0;0;0;0;0;0;0;0;0;0;0
          Thüringen;        50 bis unter 55 Jahre;Alle Geschlechter;0;0;0;0;0;0;0;0;0;0;0;0;0;0;0;0;0;0;0;0
          Thüringen;        50 bis unter 55 Jahre;Männlich;0;0;0;0;0;0;0;0;0;0;0;0;0;0;0;0;0;0;0;0
          Thüringen;        50 bis unter 55 Jahre;        Weiblich;0;0;0;0;0;0;0;0;0;0;0;0;0;0;0;0;0;0;0;0
          Thüringen;        50 bis unter 55 Jahre;        Unbekannt;0;0;0;0;0;0;0;0;0;0;0;0;0;0;0;0;0;0;0;0
          Thüringen;        55 bis unter 60 Jahre;Alle Geschlechter;0;0;0;0;0;0;0;0;0;0;0;0;0;0;0;0;0;0;0;0
          Thüringen;        55 bis unter 60 Jahre;Männlich;0;0;0;0;0;0;0;0;0;0;0;0;0;0;0;0;0;0;0;0
          Thüringen;        55 bis unter 60 Jahre;        Weiblich;0;0;0;0;0;0;0;0;0;0;0;0;0;0;0;0;0;0;0;0
          Thüringen;        55 bis unter 60 Jahre;        Unbekannt;0;0;0;0;0;0;0;0;0;0;0;0;0;0;0;0;0;0;0;0
          Thüringen;        60 bis unter 65 Jahre;Alle Geschlechter;0;0;0;0;0;0;0;0;0;0;0;0;0;0;0;0;0;0;0;0
          Thüringen;        60 bis unter 65 Jahre;Männlich;0;0;0;0;0;0;0;0;0;0;0;0;0;0;0;0;0;0;0;0
          Thüringen;        60 bis unter 65 Jahre;        Weiblich;0;0;0;0;0;0;0;0;0;0;0;0;0;0;0;0;0;0;0;0
          Thüringen;        60 bis unter 65 Jahre;        Unbekannt;0;0;0;0;0;0;0;0;0;0;0;0;0;0;0;0;0;0;0;0
          Thüringen;        65 bis unter 70 Jahre;Alle Geschlechter;0;0;0;0;0;0;0;0;0;0;0;0;0;0;0;0;0;0;0;0
          Thüringen;        65 bis unter 70 Jahre;Männlich;0;0;0;0;0;0;0;0;0;0;0;0;0;0;0;0;0;0;0;0
          Thüringen;        65 bis unter 70 Jahre;        Weiblich;0;0;0;0;0;0;0;0;0;0;0;0;0;0;0;0;0;0;0;0
          Thüringen;        65 bis unter 70 Jahre;        Unbekannt;0;0;0;0;0;0;0;0;0;0;0;0;0;0;0;0;0;0;0;0
          Thüringen;        70 bis unter 75 Jahre;Alle Geschlechter;0;0;0;0;0;0;0;0;0;0;0;0;0;0;0;0;0;0;0;0
          Thüringen;        70 bis unter 75 Jahre;Männlich;0;0;0;0;0;0;0;0;0;0;0;0;0;0;0;0;0;0;0;0
          Thüringen;        70 bis unter 75 Jahre;        Weiblich;0;0;0;0;0;0;0;0;0;0;0;0;0;0;0;0;0;0;0;0
          Thüringen;        70 bis unter 75 Jahre;        Unbekannt;0;0;0;0;0;0;0;0;0;0;0;0;0;0;0;0;0;0;0;0
          Thüringen;        75 bis unter 80 Jahre;Alle Geschlechter;0;0;0;0;0;0;0;0;0;0;0;0;0;0;0;0;0;0;0;0
          Thüringen;        75 bis unter 80 Jahre;Männlich;0;0;0;0;0;0;0;0;0;0;0;0;0;0;0;0;0;0;0;0
          Thüringen;        75 bis unter 80 Jahre;        Weiblich;0;0;0;0;0;0;0;0;0;0;0;0;0;0;0;0;0;0;0;0
          Thüringen;        75 bis unter 80 Jahre;        Unbekannt;0;0;0;0;0;0;0;0;0;0;0;0;0;0;0;0;0;0;0;0
          Thüringen;        80 bis unter 85 Jahre;Alle Geschlechter;0;0;0;0;0;0;0;0;0;0;0;0;0;0;0;0;0;0;0;0
          Thüringen;        80 bis unter 85 Jahre;Männlich;0;0;0;0;0;0;0;0;0;0;0;0;0;0;0;0;0;0;0;0
          Thüringen;        80 bis unter 85 Jahre;        Weiblich;0;0;0;0;0;0;0;0;0;0;0;0;0;0;0;0;0;0;0;0
          Thüringen;        80 bis unter 85 Jahre;        Unbekannt;0;0;0;0;0;0;0;0;0;0;0;0;0;0;0;0;0;0;0;0
          Thüringen;        85 bis unter 90 Jahre;Alle Geschlechter;0;0;0;0;0;0;0;0;0;0;0;0;0;0;0;0;0;0;0;0
          Thüringen;        85 bis unter 90 Jahre;Männlich;0;0;0;0;0;0;0;0;0;0;0;0;0;0;0;0;0;0;0;0
          Thüringen;        85 bis unter 90 Jahre;        Weiblich;0;0;0;0;0;0;0;0;0;0;0;0;0;0;0;0;0;0;0;0
          Thüringen;        85 bis unter 90 Jahre;        Unbekannt;0;0;0;0;0;0;0;0;0;0;0;0;0;0;0;0;0;0;0;0
          Thüringen;        90 bis unter 95 Jahre;Alle Geschlechter;0;0;0;0;0;0;0;0;0;0;0;0;0;0;0;0;0;0;0;0
          Thüringen;        90 bis unter 95 Jahre;Männlich;0;0;0;0;0;0;0;0;0;0;0;0;0;0;0;0;0;0;0;0
          Thüringen;        90 bis unter 95 Jahre;        Weiblich;0;0;0;0;0;0;0;0;0;0;0;0;0;0;0;0;0;0;0;0
          Thüringen;        90 bis unter 95 Jahre;        Unbekannt;0;0;0;0;0;0;0;0;0;0;0;0;0;0;0;0;0;0;0;0
          Thüringen;        95 Jahre und älter;Alle Geschlechter;0;0;0;0;0;0;0;0;0;0;0;0;0;0;0;0;0;0;0;0
          Thüringen;        95 Jahre und älter;Männlich;0;0;0;0;0;0;0;0;0;0;0;0;0;0;0;0;0;0;0;0
          Thüringen;        95 Jahre und älter;        Weiblich;0;0;0;0;0;0;0;0;0;0;0;0;0;0;0;0;0;0;0;0
          Thüringen;        95 Jahre und älter;        Unbekannt;0;0;0;0;0;0;0;0;0;0;0;0;0;0;0;0;0;0;0;0
          Thüringen;        Unbekannt;Alle Geschlechter;0;0;0;0;0;0;0;0;0;0;0;0;0;0;0;0;0;0;0;0
          Thüringen;        Unbekannt;Männlich;0;0;0;0;0;0;0;0;0;0;0;0;0;0;0;0;0;0;0;0
          Thüringen;        Unbekannt;        Weiblich;0;0;0;0;0;0;0;0;0;0;0;0;0;0;0;0;0;0;0;0
          Thüringen;        Unbekannt;        Unbekannt;0;0;0;0;0;0;0;0;0;0;0;0;0;0;0;0;0;0;0;0
        Wohnsitz im Ausland;Alle Altersgruppen;Alle Geschlechter;X;X;X;X;X;X;X;X;X;X;X;X;X;X;X;X;X;X;X;X
        Wohnsitz im Ausland;Alle Altersgruppen;Männlich;X;X;X;X;X;X;X;X;X;X;X;X;X;X;X;X;X;X;X;X
        Wohnsitz im Ausland;Alle Altersgruppen;        Weiblich;X;X;X;X;X;X;X;X;X;X;X;X;X;X;X;X;X;X;X;X
        Wohnsitz im Ausland;Alle Altersgruppen;        Unbekannt;X;X;X;X;X;X;X;X;X;X;X;X;X;X;X;X;X;X;X;X
        Wohnsitz im Ausland;        Unter 1 Jahr;Alle Geschlechter;X;X;X;X;X;X;X;X;X;X;X;X;X;X;X;X;X;X;X;X
        Wohnsitz im Ausland;        Unter 1 Jahr;Männlich;X;X;X;X;X;X;X;X;X;X;X;X;X;X;X;X;X;X;X;X
        Wohnsitz im Ausland;        Unter 1 Jahr;        Weiblich;X;X;X;X;X;X;X;X;X;X;X;X;X;X;X;X;X;X;X;X
        Wohnsitz im Ausland;        Unter 1 Jahr;        Unbekannt;X;X;X;X;X;X;X;X;X;X;X;X;X;X;X;X;X;X;X;X
        Wohnsitz im Ausland;        1 Jahr bis unter 5 Jahre;Alle Geschlechter;X;X;X;X;X;X;X;X;X;X;X;X;X;X;X;X;X;X;X;X
        Wohnsitz im Ausland;        1 Jahr bis unter 5 Jahre;Männlich;X;X;X;X;X;X;X;X;X;X;X;X;X;X;X;X;X;X;X;X
        Wohnsitz im Ausland;        1 Jahr bis unter 5 Jahre;        Weiblich;X;X;X;X;X;X;X;X;X;X;X;X;X;X;X;X;X;X;X;X
        Wohnsitz im Ausland;        1 Jahr bis unter 5 Jahre;        Unbekannt;X;X;X;X;X;X;X;X;X;X;X;X;X;X;X;X;X;X;X;X
        Wohnsitz im Ausland;        5 bis unter 10 Jahre;Alle Geschlechter;X;X;X;X;X;X;X;X;X;X;X;X;X;X;X;X;X;X;X;X
        Wohnsitz im Ausland;        5 bis unter 10 Jahre;Männlich;X;X;X;X;X;X;X;X;X;X;X;X;X;X;X;X;X;X;X;X
        Wohnsitz im Ausland;        5 bis unter 10 Jahre;        Weiblich;X;X;X;X;X;X;X;X;X;X;X;X;X;X;X;X;X;X;X;X
        Wohnsitz im Ausland;        5 bis unter 10 Jahre;        Unbekannt;X;X;X;X;X;X;X;X;X;X;X;X;X;X;X;X;X;X;X;X
        Wohnsitz im Ausland;        10 bis unter 15 Jahre;Alle Geschlechter;X;X;X;X;X;X;X;X;X;X;X;X;X;X;X;X;X;X;X;X
        Wohnsitz im Ausland;        10 bis unter 15 Jahre;Männlich;X;X;X;X;X;X;X;X;X;X;X;X;X;X;X;X;X;X;X;X
        Wohnsitz im Ausland;        10 bis unter 15 Jahre;        Weiblich;X;X;X;X;X;X;X;X;X;X;X;X;X;X;X;X;X;X;X;X
        Wohnsitz im Ausland;        10 bis unter 15 Jahre;        Unbekannt;X;X;X;X;X;X;X;X;X;X;X;X;X;X;X;X;X;X;X;X
        Wohnsitz im Ausland;        15 bis unter 20 Jahre;Alle Geschlechter;X;X;X;X;X;X;X;X;X;X;X;X;X;X;X;X;X;X;X;X
        Wohnsitz im Ausland;        15 bis unter 20 Jahre;Männlich;X;X;X;X;X;X;X;X;X;X;X;X;X;X;X;X;X;X;X;X
        Wohnsitz im Ausland;        15 bis unter 20 Jahre;        Weiblich;X;X;X;X;X;X;X;X;X;X;X;X;X;X;X;X;X;X;X;X
        Wohnsitz im Ausland;        15 bis unter 20 Jahre;        Unbekannt;X;X;X;X;X;X;X;X;X;X;X;X;X;X;X;X;X;X;X;X
        Wohnsitz im Ausland;        20 bis unter 25 Jahre;Alle Geschlechter;X;X;X;X;X;X;X;X;X;X;X;X;X;X;X;X;X;X;X;X
        Wohnsitz im Ausland;        20 bis unter 25 Jahre;Männlich;X;X;X;X;X;X;X;X;X;X;X;X;X;X;X;X;X;X;X;X
        Wohnsitz im Ausland;        20 bis unter 25 Jahre;        Weiblich;X;X;X;X;X;X;X;X;X;X;X;X;X;X;X;X;X;X;X;X
        Wohnsitz im Ausland;        20 bis unter 25 Jahre;        Unbekannt;X;X;X;X;X;X;X;X;X;X;X;X;X;X;X;X;X;X;X;X
        Wohnsitz im Ausland;        25 bis unter 30 Jahre;Alle Geschlechter;X;X;X;X;X;X;X;X;X;X;X;X;X;X;X;X;X;X;X;X
        Wohnsitz im Ausland;        25 bis unter 30 Jahre;Männlich;X;X;X;X;X;X;X;X;X;X;X;X;X;X;X;X;X;X;X;X
        Wohnsitz im Ausland;        25 bis unter 30 Jahre;        Weiblich;X;X;X;X;X;X;X;X;X;X;X;X;X;X;X;X;X;X;X;X
        Wohnsitz im Ausland;        25 bis unter 30 Jahre;        Unbekannt;X;X;X;X;X;X;X;X;X;X;X;X;X;X;X;X;X;X;X;X
        Wohnsitz im Ausland;        30 bis unter 35 Jahre;Alle Geschlechter;X;X;X;X;X;X;X;X;X;X;X;X;X;X;X;X;X;X;X;X
        Wohnsitz im Ausland;        30 bis unter 35 Jahre;Männlich;X;X;X;X;X;X;X;X;X;X;X;X;X;X;X;X;X;X;X;X
        Wohnsitz im Ausland;        30 bis unter 35 Jahre;        Weiblich;X;X;X;X;X;X;X;X;X;X;X;X;X;X;X;X;X;X;X;X
        Wohnsitz im Ausland;        30 bis unter 35 Jahre;        Unbekannt;X;X;X;X;X;X;X;X;X;X;X;X;X;X;X;X;X;X;X;X
        Wohnsitz im Ausland;        35 bis unter 40 Jahre;Alle Geschlechter;X;X;X;X;X;X;X;X;X;X;X;X;X;X;X;X;X;X;X;X
        Wohnsitz im Ausland;        35 bis unter 40 Jahre;Männlich;X;X;X;X;X;X;X;X;X;X;X;X;X;X;X;X;X;X;X;X
        Wohnsitz im Ausland;        35 bis unter 40 Jahre;        Weiblich;X;X;X;X;X;X;X;X;X;X;X;X;X;X;X;X;X;X;X;X
        Wohnsitz im Ausland;        35 bis unter 40 Jahre;        Unbekannt;X;X;X;X;X;X;X;X;X;X;X;X;X;X;X;X;X;X;X;X
        Wohnsitz im Ausland;        40 bis unter 45 Jahre;Alle Geschlechter;X;X;X;X;X;X;X;X;X;X;X;X;X;X;X;X;X;X;X;X
        Wohnsitz im Ausland;        40 bis unter 45 Jahre;Männlich;X;X;X;X;X;X;X;X;X;X;X;X;X;X;X;X;X;X;X;X
        Wohnsitz im Ausland;        40 bis unter 45 Jahre;        Weiblich;X;X;X;X;X;X;X;X;X;X;X;X;X;X;X;X;X;X;X;X
        Wohnsitz im Ausland;        40 bis unter 45 Jahre;        Unbekannt;X;X;X;X;X;X;X;X;X;X;X;X;X;X;X;X;X;X;X;X
        Wohnsitz im Ausland;        45 bis unter 50 Jahre;Alle Geschlechter;X;X;X;X;X;X;X;X;X;X;X;X;X;X;X;X;X;X;X;X
        Wohnsitz im Ausland;        45 bis unter 50 Jahre;Männlich;X;X;X;X;X;X;X;X;X;X;X;X;X;X;X;X;X;X;X;X
        Wohnsitz im Ausland;        45 bis unter 50 Jahre;        Weiblich;X;X;X;X;X;X;X;X;X;X;X;X;X;X;X;X;X;X;X;X
        Wohnsitz im Ausland;        45 bis unter 50 Jahre;        Unbekannt;X;X;X;X;X;X;X;X;X;X;X;X;X;X;X;X;X;X;X;X
        Wohnsitz im Ausland;        50 bis unter 55 Jahre;Alle Geschlechter;X;X;X;X;X;X;X;X;X;X;X;X;X;X;X;X;X;X;X;X
        Wohnsitz im Ausland;        50 bis unter 55 Jahre;Männlich;X;X;X;X;X;X;X;X;X;X;X;X;X;X;X;X;X;X;X;X
        Wohnsitz im Ausland;        50 bis unter 55 Jahre;        Weiblich;X;X;X;X;X;X;X;X;X;X;X;X;X;X;X;X;X;X;X;X
        Wohnsitz im Ausland;        50 bis unter 55 Jahre;        Unbekannt;X;X;X;X;X;X;X;X;X;X;X;X;X;X;X;X;X;X;X;X
        Wohnsitz im Ausland;        55 bis unter 60 Jahre;Alle Geschlechter;X;X;X;X;X;X;X;X;X;X;X;X;X;X;X;X;X;X;X;X
        Wohnsitz im Ausland;        55 bis unter 60 Jahre;Männlich;X;X;X;X;X;X;X;X;X;X;X;X;X;X;X;X;X;X;X;X
        Wohnsitz im Ausland;        55 bis unter 60 Jahre;        Weiblich;X;X;X;X;X;X;X;X;X;X;X;X;X;X;X;X;X;X;X;X
        Wohnsitz im Ausland;        55 bis unter 60 Jahre;        Unbekannt;X;X;X;X;X;X;X;X;X;X;X;X;X;X;X;X;X;X;X;X
        Wohnsitz im Ausland;        60 bis unter 65 Jahre;Alle Geschlechter;X;X;X;X;X;X;X;X;X;X;X;X;X;X;X;X;X;X;X;X
        Wohnsitz im Ausland;        60 bis unter 65 Jahre;Männlich;X;X;X;X;X;X;X;X;X;X;X;X;X;X;X;X;X;X;X;X
        Wohnsitz im Ausland;        60 bis unter 65 Jahre;        Weiblich;X;X;X;X;X;X;X;X;X;X;X;X;X;X;X;X;X;X;X;X
        Wohnsitz im Ausland;        60 bis unter 65 Jahre;        Unbekannt;X;X;X;X;X;X;X;X;X;X;X;X;X;X;X;X;X;X;X;X
        Wohnsitz im Ausland;        65 bis unter 70 Jahre;Alle Geschlechter;X;X;X;X;X;X;X;X;X;X;X;X;X;X;X;X;X;X;X;X
        Wohnsitz im Ausland;        65 bis unter 70 Jahre;Männlich;X;X;X;X;X;X;X;X;X;X;X;X;X;X;X;X;X;X;X;X
        Wohnsitz im Ausland;        65 bis unter 70 Jahre;        Weiblich;X;X;X;X;X;X;X;X;X;X;X;X;X;X;X;X;X;X;X;X
        Wohnsitz im Ausland;        65 bis unter 70 Jahre;        Unbekannt;X;X;X;X;X;X;X;X;X;X;X;X;X;X;X;X;X;X;X;X
        Wohnsitz im Ausland;        70 bis unter 75 Jahre;Alle Geschlechter;X;X;X;X;X;X;X;X;X;X;X;X;X;X;X;X;X;X;X;X
        Wohnsitz im Ausland;        70 bis unter 75 Jahre;Männlich;X;X;X;X;X;X;X;X;X;X;X;X;X;X;X;X;X;X;X;X
        Wohnsitz im Ausland;        70 bis unter 75 Jahre;        Weiblich;X;X;X;X;X;X;X;X;X;X;X;X;X;X;X;X;X;X;X;X
        Wohnsitz im Ausland;        70 bis unter 75 Jahre;        Unbekannt;X;X;X;X;X;X;X;X;X;X;X;X;X;X;X;X;X;X;X;X
        Wohnsitz im Ausland;        75 bis unter 80 Jahre;Alle Geschlechter;X;X;X;X;X;X;X;X;X;X;X;X;X;X;X;X;X;X;X;X
        Wohnsitz im Ausland;        75 bis unter 80 Jahre;Männlich;X;X;X;X;X;X;X;X;X;X;X;X;X;X;X;X;X;X;X;X
        Wohnsitz im Ausland;        75 bis unter 80 Jahre;        Weiblich;X;X;X;X;X;X;X;X;X;X;X;X;X;X;X;X;X;X;X;X
        Wohnsitz im Ausland;        75 bis unter 80 Jahre;        Unbekannt;X;X;X;X;X;X;X;X;X;X;X;X;X;X;X;X;X;X;X;X
        Wohnsitz im Ausland;        80 bis unter 85 Jahre;Alle Geschlechter;X;X;X;X;X;X;X;X;X;X;X;X;X;X;X;X;X;X;X;X
        Wohnsitz im Ausland;        80 bis unter 85 Jahre;Männlich;X;X;X;X;X;X;X;X;X;X;X;X;X;X;X;X;X;X;X;X
        Wohnsitz im Ausland;        80 bis unter 85 Jahre;        Weiblich;X;X;X;X;X;X;X;X;X;X;X;X;X;X;X;X;X;X;X;X
        Wohnsitz im Ausland;        80 bis unter 85 Jahre;        Unbekannt;X;X;X;X;X;X;X;X;X;X;X;X;X;X;X;X;X;X;X;X
        Wohnsitz im Ausland;        85 bis unter 90 Jahre;Alle Geschlechter;X;X;X;X;X;X;X;X;X;X;X;X;X;X;X;X;X;X;X;X
        Wohnsitz im Ausland;        85 bis unter 90 Jahre;Männlich;X;X;X;X;X;X;X;X;X;X;X;X;X;X;X;X;X;X;X;X
        Wohnsitz im Ausland;        85 bis unter 90 Jahre;        Weiblich;X;X;X;X;X;X;X;X;X;X;X;X;X;X;X;X;X;X;X;X
        Wohnsitz im Ausland;        85 bis unter 90 Jahre;        Unbekannt;X;X;X;X;X;X;X;X;X;X;X;X;X;X;X;X;X;X;X;X
        Wohnsitz im Ausland;        90 bis unter 95 Jahre;Alle Geschlechter;X;X;X;X;X;X;X;X;X;X;X;X;X;X;X;X;X;X;X;X
        Wohnsitz im Ausland;        90 bis unter 95 Jahre;Männlich;X;X;X;X;X;X;X;X;X;X;X;X;X;X;X;X;X;X;X;X
        Wohnsitz im Ausland;        90 bis unter 95 Jahre;        Weiblich;X;X;X;X;X;X;X;X;X;X;X;X;X;X;X;X;X;X;X;X
        Wohnsitz im Ausland;        90 bis unter 95 Jahre;        Unbekannt;X;X;X;X;X;X;X;X;X;X;X;X;X;X;X;X;X;X;X;X
        Wohnsitz im Ausland;        95 Jahre und älter;Alle Geschlechter;X;X;X;X;X;X;X;X;X;X;X;X;X;X;X;X;X;X;X;X
        Wohnsitz im Ausland;        95 Jahre und älter;Männlich;X;X;X;X;X;X;X;X;X;X;X;X;X;X;X;X;X;X;X;X
        Wohnsitz im Ausland;        95 Jahre und älter;        Weiblich;X;X;X;X;X;X;X;X;X;X;X;X;X;X;X;X;X;X;X;X
        Wohnsitz im Ausland;        95 Jahre und älter;        Unbekannt;X;X;X;X;X;X;X;X;X;X;X;X;X;X;X;X;X;X;X;X
        Wohnsitz im Ausland;        Unbekannt;Alle Geschlechter;X;X;X;X;X;X;X;X;X;X;X;X;X;X;X;X;X;X;X;X
        Wohnsitz im Ausland;        Unbekannt;Männlich;X;X;X;X;X;X;X;X;X;X;X;X;X;X;X;X;X;X;X;X
        Wohnsitz im Ausland;        Unbekannt;        Weiblich;X;X;X;X;X;X;X;X;X;X;X;X;X;X;X;X;X;X;X;X
        Wohnsitz im Ausland;        Unbekannt;        Unbekannt;X;X;X;X;X;X;X;X;X;X;X;X;X;X;X;X;X;X;X;X
        keine Angabe;Alle Altersgruppen;Alle Geschlechter;0;0;0;0;0;0;0;0;0;0;0;0;0;0;0;0;0;0;0;0
        keine Angabe;Alle Altersgruppen;Männlich;0;0;0;0;0;0;0;0;0;0;0;0;0;0;0;0;0;0;0;0
        keine Angabe;Alle Altersgruppen;        Weiblich;0;0;0;0;0;0;0;0;0;0;0;0;0;0;0;0;0;0;0;0
        keine Angabe;Alle Altersgruppen;        Unbekannt;0;0;0;0;0;0;0;0;0;0;0;0;0;0;0;0;0;0;0;0
        keine Angabe;        Unter 1 Jahr;Alle Geschlechter;0;0;0;0;0;0;0;0;0;0;0;0;0;0;0;0;0;0;0;0
        keine Angabe;        Unter 1 Jahr;Männlich;0;0;0;0;0;0;0;0;0;0;0;0;0;0;0;0;0;0;0;0
        keine Angabe;        Unter 1 Jahr;        Weiblich;0;0;0;0;0;0;0;0;0;0;0;0;0;0;0;0;0;0;0;0
        keine Angabe;        Unter 1 Jahr;        Unbekannt;0;0;0;0;0;0;0;0;0;0;0;0;0;0;0;0;0;0;0;0
        keine Angabe;        1 Jahr bis unter 5 Jahre;Alle Geschlechter;0;0;0;0;0;0;0;0;0;0;0;0;0;0;0;0;0;0;0;0
        keine Angabe;        1 Jahr bis unter 5 Jahre;Männlich;0;0;0;0;0;0;0;0;0;0;0;0;0;0;0;0;0;0;0;0
        keine Angabe;        1 Jahr bis unter 5 Jahre;        Weiblich;0;0;0;0;0;0;0;0;0;0;0;0;0;0;0;0;0;0;0;0
        keine Angabe;        1 Jahr bis unter 5 Jahre;        Unbekannt;0;0;0;0;0;0;0;0;0;0;0;0;0;0;0;0;0;0;0;0
        keine Angabe;        5 bis unter 10 Jahre;Alle Geschlechter;0;0;0;0;0;0;0;0;0;0;0;0;0;0;0;0;0;0;0;0
        keine Angabe;        5 bis unter 10 Jahre;Männlich;0;0;0;0;0;0;0;0;0;0;0;0;0;0;0;0;0;0;0;0
        keine Angabe;        5 bis unter 10 Jahre;        Weiblich;0;0;0;0;0;0;0;0;0;0;0;0;0;0;0;0;0;0;0;0
        keine Angabe;        5 bis unter 10 Jahre;        Unbekannt;0;0;0;0;0;0;0;0;0;0;0;0;0;0;0;0;0;0;0;0
        keine Angabe;        10 bis unter 15 Jahre;Alle Geschlechter;0;0;0;0;0;0;0;0;0;0;0;0;0;0;0;0;0;0;0;0
        keine Angabe;        10 bis unter 15 Jahre;Männlich;0;0;0;0;0;0;0;0;0;0;0;0;0;0;0;0;0;0;0;0
        keine Angabe;        10 bis unter 15 Jahre;        Weiblich;0;0;0;0;0;0;0;0;0;0;0;0;0;0;0;0;0;0;0;0
        keine Angabe;        10 bis unter 15 Jahre;        Unbekannt;0;0;0;0;0;0;0;0;0;0;0;0;0;0;0;0;0;0;0;0
        keine Angabe;        15 bis unter 20 Jahre;Alle Geschlechter;0;0;0;0;0;0;0;0;0;0;0;0;0;0;0;0;0;0;0;0
        keine Angabe;        15 bis unter 20 Jahre;Männlich;0;0;0;0;0;0;0;0;0;0;0;0;0;0;0;0;0;0;0;0
        keine Angabe;        15 bis unter 20 Jahre;        Weiblich;0;0;0;0;0;0;0;0;0;0;0;0;0;0;0;0;0;0;0;0
        keine Angabe;        15 bis unter 20 Jahre;        Unbekannt;0;0;0;0;0;0;0;0;0;0;0;0;0;0;0;0;0;0;0;0
        keine Angabe;        20 bis unter 25 Jahre;Alle Geschlechter;0;0;0;0;0;0;0;0;0;0;0;0;0;0;0;0;0;0;0;0
        keine Angabe;        20 bis unter 25 Jahre;Männlich;0;0;0;0;0;0;0;0;0;0;0;0;0;0;0;0;0;0;0;0
        keine Angabe;        20 bis unter 25 Jahre;        Weiblich;0;0;0;0;0;0;0;0;0;0;0;0;0;0;0;0;0;0;0;0
        keine Angabe;        20 bis unter 25 Jahre;        Unbekannt;0;0;0;0;0;0;0;0;0;0;0;0;0;0;0;0;0;0;0;0
        keine Angabe;        25 bis unter 30 Jahre;Alle Geschlechter;0;0;0;0;0;0;0;0;0;0;0;0;0;0;0;0;0;0;0;0
        keine Angabe;        25 bis unter 30 Jahre;Männlich;0;0;0;0;0;0;0;0;0;0;0;0;0;0;0;0;0;0;0;0
        keine Angabe;        25 bis unter 30 Jahre;        Weiblich;0;0;0;0;0;0;0;0;0;0;0;0;0;0;0;0;0;0;0;0
        keine Angabe;        25 bis unter 30 Jahre;        Unbekannt;0;0;0;0;0;0;0;0;0;0;0;0;0;0;0;0;0;0;0;0
        keine Angabe;        30 bis unter 35 Jahre;Alle Geschlechter;0;0;0;0;0;0;0;0;0;0;0;0;0;0;0;0;0;0;0;0
        keine Angabe;        30 bis unter 35 Jahre;Männlich;0;0;0;0;0;0;0;0;0;0;0;0;0;0;0;0;0;0;0;0
        keine Angabe;        30 bis unter 35 Jahre;        Weiblich;0;0;0;0;0;0;0;0;0;0;0;0;0;0;0;0;0;0;0;0
        keine Angabe;        30 bis unter 35 Jahre;        Unbekannt;0;0;0;0;0;0;0;0;0;0;0;0;0;0;0;0;0;0;0;0
        keine Angabe;        35 bis unter 40 Jahre;Alle Geschlechter;0;0;0;0;0;0;0;0;0;0;0;0;0;0;0;0;0;0;0;0
        keine Angabe;        35 bis unter 40 Jahre;Männlich;0;0;0;0;0;0;0;0;0;0;0;0;0;0;0;0;0;0;0;0
        keine Angabe;        35 bis unter 40 Jahre;        Weiblich;0;0;0;0;0;0;0;0;0;0;0;0;0;0;0;0;0;0;0;0
        keine Angabe;        35 bis unter 40 Jahre;        Unbekannt;0;0;0;0;0;0;0;0;0;0;0;0;0;0;0;0;0;0;0;0
        keine Angabe;        40 bis unter 45 Jahre;Alle Geschlechter;0;0;0;0;0;0;0;0;0;0;0;0;0;0;0;0;0;0;0;0
        keine Angabe;        40 bis unter 45 Jahre;Männlich;0;0;0;0;0;0;0;0;0;0;0;0;0;0;0;0;0;0;0;0
        keine Angabe;        40 bis unter 45 Jahre;        Weiblich;0;0;0;0;0;0;0;0;0;0;0;0;0;0;0;0;0;0;0;0
        keine Angabe;        40 bis unter 45 Jahre;        Unbekannt;0;0;0;0;0;0;0;0;0;0;0;0;0;0;0;0;0;0;0;0
        keine Angabe;        45 bis unter 50 Jahre;Alle Geschlechter;0;0;0;0;0;0;0;0;0;0;0;0;0;0;0;0;0;0;0;0
        keine Angabe;        45 bis unter 50 Jahre;Männlich;0;0;0;0;0;0;0;0;0;0;0;0;0;0;0;0;0;0;0;0
        keine Angabe;        45 bis unter 50 Jahre;        Weiblich;0;0;0;0;0;0;0;0;0;0;0;0;0;0;0;0;0;0;0;0
        keine Angabe;        45 bis unter 50 Jahre;        Unbekannt;0;0;0;0;0;0;0;0;0;0;0;0;0;0;0;0;0;0;0;0
        keine Angabe;        50 bis unter 55 Jahre;Alle Geschlechter;0;0;0;0;0;0;0;0;0;0;0;0;0;0;0;0;0;0;0;0
        keine Angabe;        50 bis unter 55 Jahre;Männlich;0;0;0;0;0;0;0;0;0;0;0;0;0;0;0;0;0;0;0;0
        keine Angabe;        50 bis unter 55 Jahre;        Weiblich;0;0;0;0;0;0;0;0;0;0;0;0;0;0;0;0;0;0;0;0
        keine Angabe;        50 bis unter 55 Jahre;        Unbekannt;0;0;0;0;0;0;0;0;0;0;0;0;0;0;0;0;0;0;0;0
        keine Angabe;        55 bis unter 60 Jahre;Alle Geschlechter;0;0;0;0;0;0;0;0;0;0;0;0;0;0;0;0;0;0;0;0
        keine Angabe;        55 bis unter 60 Jahre;Männlich;0;0;0;0;0;0;0;0;0;0;0;0;0;0;0;0;0;0;0;0
        keine Angabe;        55 bis unter 60 Jahre;        Weiblich;0;0;0;0;0;0;0;0;0;0;0;0;0;0;0;0;0;0;0;0
        keine Angabe;        55 bis unter 60 Jahre;        Unbekannt;0;0;0;0;0;0;0;0;0;0;0;0;0;0;0;0;0;0;0;0
        keine Angabe;        60 bis unter 65 Jahre;Alle Geschlechter;0;0;0;0;0;0;0;0;0;0;0;0;0;0;0;0;0;0;0;0
        keine Angabe;        60 bis unter 65 Jahre;Männlich;0;0;0;0;0;0;0;0;0;0;0;0;0;0;0;0;0;0;0;0
        keine Angabe;        60 bis unter 65 Jahre;        Weiblich;0;0;0;0;0;0;0;0;0;0;0;0;0;0;0;0;0;0;0;0
        keine Angabe;        60 bis unter 65 Jahre;        Unbekannt;0;0;0;0;0;0;0;0;0;0;0;0;0;0;0;0;0;0;0;0
        keine Angabe;        65 bis unter 70 Jahre;Alle Geschlechter;0;0;0;0;0;0;0;0;0;0;0;0;0;0;0;0;0;0;0;0
        keine Angabe;        65 bis unter 70 Jahre;Männlich;0;0;0;0;0;0;0;0;0;0;0;0;0;0;0;0;0;0;0;0
        keine Angabe;        65 bis unter 70 Jahre;        Weiblich;0;0;0;0;0;0;0;0;0;0;0;0;0;0;0;0;0;0;0;0
        keine Angabe;        65 bis unter 70 Jahre;        Unbekannt;0;0;0;0;0;0;0;0;0;0;0;0;0;0;0;0;0;0;0;0
        keine Angabe;        70 bis unter 75 Jahre;Alle Geschlechter;0;0;0;0;0;0;0;0;0;0;0;0;0;0;0;0;0;0;0;0
        keine Angabe;        70 bis unter 75 Jahre;Männlich;0;0;0;0;0;0;0;0;0;0;0;0;0;0;0;0;0;0;0;0
        keine Angabe;        70 bis unter 75 Jahre;        Weiblich;0;0;0;0;0;0;0;0;0;0;0;0;0;0;0;0;0;0;0;0
        keine Angabe;        70 bis unter 75 Jahre;        Unbekannt;0;0;0;0;0;0;0;0;0;0;0;0;0;0;0;0;0;0;0;0
        keine Angabe;        75 bis unter 80 Jahre;Alle Geschlechter;0;0;0;0;0;0;0;0;0;0;0;0;0;0;0;0;0;0;0;0
        keine Angabe;        75 bis unter 80 Jahre;Männlich;0;0;0;0;0;0;0;0;0;0;0;0;0;0;0;0;0;0;0;0
        keine Angabe;        75 bis unter 80 Jahre;        Weiblich;0;0;0;0;0;0;0;0;0;0;0;0;0;0;0;0;0;0;0;0
        keine Angabe;        75 bis unter 80 Jahre;        Unbekannt;0;0;0;0;0;0;0;0;0;0;0;0;0;0;0;0;0;0;0;0
        keine Angabe;        80 bis unter 85 Jahre;Alle Geschlechter;0;0;0;0;0;0;0;0;0;0;0;0;0;0;0;0;0;0;0;0
        keine Angabe;        80 bis unter 85 Jahre;Männlich;0;0;0;0;0;0;0;0;0;0;0;0;0;0;0;0;0;0;0;0
        keine Angabe;        80 bis unter 85 Jahre;        Weiblich;0;0;0;0;0;0;0;0;0;0;0;0;0;0;0;0;0;0;0;0
        keine Angabe;        80 bis unter 85 Jahre;        Unbekannt;0;0;0;0;0;0;0;0;0;0;0;0;0;0;0;0;0;0;0;0
        keine Angabe;        85 bis unter 90 Jahre;Alle Geschlechter;0;0;0;0;0;0;0;0;0;0;0;0;0;0;0;0;0;0;0;0
        keine Angabe;        85 bis unter 90 Jahre;Männlich;0;0;0;0;0;0;0;0;0;0;0;0;0;0;0;0;0;0;0;0
        keine Angabe;        85 bis unter 90 Jahre;        Weiblich;0;0;0;0;0;0;0;0;0;0;0;0;0;0;0;0;0;0;0;0
        keine Angabe;        85 bis unter 90 Jahre;        Unbekannt;0;0;0;0;0;0;0;0;0;0;0;0;0;0;0;0;0;0;0;0
        keine Angabe;        90 bis unter 95 Jahre;Alle Geschlechter;0;0;0;0;0;0;0;0;0;0;0;0;0;0;0;0;0;0;0;0
        keine Angabe;        90 bis unter 95 Jahre;Männlich;0;0;0;0;0;0;0;0;0;0;0;0;0;0;0;0;0;0;0;0
        keine Angabe;        90 bis unter 95 Jahre;        Weiblich;0;0;0;0;0;0;0;0;0;0;0;0;0;0;0;0;0;0;0;0
        keine Angabe;        90 bis unter 95 Jahre;        Unbekannt;0;0;0;0;0;0;0;0;0;0;0;0;0;0;0;0;0;0;0;0
        keine Angabe;        95 Jahre und älter;Alle Geschlechter;0;0;0;0;0;0;0;0;0;0;0;0;0;0;0;0;0;0;0;0
        keine Angabe;        95 Jahre und älter;Männlich;0;0;0;0;0;0;0;0;0;0;0;0;0;0;0;0;0;0;0;0
        keine Angabe;        95 Jahre und älter;        Weiblich;0;0;0;0;0;0;0;0;0;0;0;0;0;0;0;0;0;0;0;0
        keine Angabe;        95 Jahre und älter;        Unbekannt;0;0;0;0;0;0;0;0;0;0;0;0;0;0;0;0;0;0;0;0
        keine Angabe;        Unbekannt;Alle Geschlechter;0;0;0;0;0;0;0;0;0;0;0;0;0;0;0;0;0;0;0;0
        keine Angabe;        Unbekannt;Männlich;0;0;0;0;0;0;0;0;0;0;0;0;0;0;0;0;0;0;0;0
        keine Angabe;        Unbekannt;        Weiblich;0;0;0;0;0;0;0;0;0;0;0;0;0;0;0;0;0;0;0;0
        keine Angabe;        Unbekannt;        Unbekannt;0;0;0;0;0;0;0;0;0;0;0;0;0;0;0;0;0;0;0;0
;;;;;;;;;;;;;;;;;;;;;;
