Unter 1 Jahr,1 Jahr bis unter 5 Jahre,5 bis unter 10 Jahre,10 bis unter 15 Jahre,15 bis unter 20 Jahre,20 bis unter 25 Jahre,25 bis unter 30 Jahre,30 bis unter 35 Jahre,35 bis unter 40 Jahre,40 bis unter 45 Jahre,45 bis unter 50 Jahre,50 bis unter 55 Jahre,55 bis unter 60 Jahre,60 bis unter 65 Jahre,65 bis unter 70 Jahre,70 bis unter 75 Jahre,75 bis unter 80 Jahre,80 bis unter 85 Jahre,85 bis unter 90 Jahre,90 bis unter 95 Jahre,95 Jahre und älter
0.05,0.05,0,0,74.80000000000001,299.8999999999999,292.7,205.89999999999998,141,112.75,88.55,68.5,41.099999999999994,18.699999999999996,6.599999999999999,1.8500000000000003,0.3499999999999999,0.15,0,0,0
