Jahr,Altersgruppe,Geschlecht,Bundesland,Anzahl
2005,Unter 1 Jahr,Männlich,Deutschland,0
2005,Unter 1 Jahr,Männlich,Baden-Württemberg,0
2005,Unter 1 Jahr,Männlich,Bayern,0
2005,Unter 1 Jahr,Männlich,Berlin,0
2005,Unter 1 Jahr,Männlich,Brandenburg,0
2005,Unter 1 Jahr,Männlich,Bremen,0
2005,Unter 1 Jahr,Männlich,Hamburg,0
2005,Unter 1 Jahr,Männlich,Hessen,0
2005,Unter 1 Jahr,Männlich,Mecklenburg-Vorpommern,0
2005,Unter 1 Jahr,Männlich,Niedersachsen,0
2005,Unter 1 Jahr,Männlich,Nordrhein-Westfalen,0
2005,Unter 1 Jahr,Männlich,Rheinland-Pfalz,0
2005,Unter 1 Jahr,Männlich,Saarland,0
2005,Unter 1 Jahr,Männlich,Sachsen,0
2005,Unter 1 Jahr,Männlich,Sachsen-Anhalt,0
2005,Unter 1 Jahr,Männlich,Schleswig-Holstein,0
2005,Unter 1 Jahr,Männlich,Thüringen,0
2005,Unter 1 Jahr,Weiblich,Deutschland,0
2005,Unter 1 Jahr,Weiblich,Baden-Württemberg,0
2005,Unter 1 Jahr,Weiblich,Bayern,0
2005,Unter 1 Jahr,Weiblich,Berlin,0
2005,Unter 1 Jahr,Weiblich,Brandenburg,0
2005,Unter 1 Jahr,Weiblich,Bremen,0
2005,Unter 1 Jahr,Weiblich,Hamburg,0
2005,Unter 1 Jahr,Weiblich,Hessen,0
2005,Unter 1 Jahr,Weiblich,Mecklenburg-Vorpommern,0
2005,Unter 1 Jahr,Weiblich,Niedersachsen,0
2005,Unter 1 Jahr,Weiblich,Nordrhein-Westfalen,0
2005,Unter 1 Jahr,Weiblich,Rheinland-Pfalz,0
2005,Unter 1 Jahr,Weiblich,Saarland,0
2005,Unter 1 Jahr,Weiblich,Sachsen,0
2005,Unter 1 Jahr,Weiblich,Sachsen-Anhalt,0
2005,Unter 1 Jahr,Weiblich,Schleswig-Holstein,0
2005,Unter 1 Jahr,Weiblich,Thüringen,0
2005,1 Jahr bis unter 5 Jahre,Männlich,Deutschland,0
2005,1 Jahr bis unter 5 Jahre,Männlich,Baden-Württemberg,0
2005,1 Jahr bis unter 5 Jahre,Männlich,Bayern,0
2005,1 Jahr bis unter 5 Jahre,Männlich,Berlin,0
2005,1 Jahr bis unter 5 Jahre,Männlich,Brandenburg,0
2005,1 Jahr bis unter 5 Jahre,Männlich,Bremen,0
2005,1 Jahr bis unter 5 Jahre,Männlich,Hamburg,0
2005,1 Jahr bis unter 5 Jahre,Männlich,Hessen,0
2005,1 Jahr bis unter 5 Jahre,Männlich,Mecklenburg-Vorpommern,0
2005,1 Jahr bis unter 5 Jahre,Männlich,Niedersachsen,0
2005,1 Jahr bis unter 5 Jahre,Männlich,Nordrhein-Westfalen,0
2005,1 Jahr bis unter 5 Jahre,Männlich,Rheinland-Pfalz,0
2005,1 Jahr bis unter 5 Jahre,Männlich,Saarland,0
2005,1 Jahr bis unter 5 Jahre,Männlich,Sachsen,0
2005,1 Jahr bis unter 5 Jahre,Männlich,Sachsen-Anhalt,0
2005,1 Jahr bis unter 5 Jahre,Männlich,Schleswig-Holstein,0
2005,1 Jahr bis unter 5 Jahre,Männlich,Thüringen,0
2005,1 Jahr bis unter 5 Jahre,Weiblich,Deutschland,0
2005,1 Jahr bis unter 5 Jahre,Weiblich,Baden-Württemberg,0
2005,1 Jahr bis unter 5 Jahre,Weiblich,Bayern,0
2005,1 Jahr bis unter 5 Jahre,Weiblich,Berlin,0
2005,1 Jahr bis unter 5 Jahre,Weiblich,Brandenburg,0
2005,1 Jahr bis unter 5 Jahre,Weiblich,Bremen,0
2005,1 Jahr bis unter 5 Jahre,Weiblich,Hamburg,0
2005,1 Jahr bis unter 5 Jahre,Weiblich,Hessen,0
2005,1 Jahr bis unter 5 Jahre,Weiblich,Mecklenburg-Vorpommern,0
2005,1 Jahr bis unter 5 Jahre,Weiblich,Niedersachsen,0
2005,1 Jahr bis unter 5 Jahre,Weiblich,Nordrhein-Westfalen,0
2005,1 Jahr bis unter 5 Jahre,Weiblich,Rheinland-Pfalz,0
2005,1 Jahr bis unter 5 Jahre,Weiblich,Saarland,0
2005,1 Jahr bis unter 5 Jahre,Weiblich,Sachsen,0
2005,1 Jahr bis unter 5 Jahre,Weiblich,Sachsen-Anhalt,0
2005,1 Jahr bis unter 5 Jahre,Weiblich,Schleswig-Holstein,0
2005,1 Jahr bis unter 5 Jahre,Weiblich,Thüringen,0
2005,5 bis unter 10 Jahre,Männlich,Deutschland,0
2005,5 bis unter 10 Jahre,Männlich,Baden-Württemberg,0
2005,5 bis unter 10 Jahre,Männlich,Bayern,0
2005,5 bis unter 10 Jahre,Männlich,Berlin,0
2005,5 bis unter 10 Jahre,Männlich,Brandenburg,0
2005,5 bis unter 10 Jahre,Männlich,Bremen,0
2005,5 bis unter 10 Jahre,Männlich,Hamburg,0
2005,5 bis unter 10 Jahre,Männlich,Hessen,0
2005,5 bis unter 10 Jahre,Männlich,Mecklenburg-Vorpommern,0
2005,5 bis unter 10 Jahre,Männlich,Niedersachsen,0
2005,5 bis unter 10 Jahre,Männlich,Nordrhein-Westfalen,0
2005,5 bis unter 10 Jahre,Männlich,Rheinland-Pfalz,0
2005,5 bis unter 10 Jahre,Männlich,Saarland,0
2005,5 bis unter 10 Jahre,Männlich,Sachsen,0
2005,5 bis unter 10 Jahre,Männlich,Sachsen-Anhalt,0
2005,5 bis unter 10 Jahre,Männlich,Schleswig-Holstein,0
2005,5 bis unter 10 Jahre,Männlich,Thüringen,0
2005,5 bis unter 10 Jahre,Weiblich,Deutschland,0
2005,5 bis unter 10 Jahre,Weiblich,Baden-Württemberg,0
2005,5 bis unter 10 Jahre,Weiblich,Bayern,0
2005,5 bis unter 10 Jahre,Weiblich,Berlin,0
2005,5 bis unter 10 Jahre,Weiblich,Brandenburg,0
2005,5 bis unter 10 Jahre,Weiblich,Bremen,0
2005,5 bis unter 10 Jahre,Weiblich,Hamburg,0
2005,5 bis unter 10 Jahre,Weiblich,Hessen,0
2005,5 bis unter 10 Jahre,Weiblich,Mecklenburg-Vorpommern,0
2005,5 bis unter 10 Jahre,Weiblich,Niedersachsen,0
2005,5 bis unter 10 Jahre,Weiblich,Nordrhein-Westfalen,0
2005,5 bis unter 10 Jahre,Weiblich,Rheinland-Pfalz,0
2005,5 bis unter 10 Jahre,Weiblich,Saarland,0
2005,5 bis unter 10 Jahre,Weiblich,Sachsen,0
2005,5 bis unter 10 Jahre,Weiblich,Sachsen-Anhalt,0
2005,5 bis unter 10 Jahre,Weiblich,Schleswig-Holstein,0
2005,5 bis unter 10 Jahre,Weiblich,Thüringen,0
2005,10 bis unter 15 Jahre,Männlich,Deutschland,0
2005,10 bis unter 15 Jahre,Männlich,Baden-Württemberg,0
2005,10 bis unter 15 Jahre,Männlich,Bayern,0
2005,10 bis unter 15 Jahre,Männlich,Berlin,0
2005,10 bis unter 15 Jahre,Männlich,Brandenburg,0
2005,10 bis unter 15 Jahre,Männlich,Bremen,0
2005,10 bis unter 15 Jahre,Männlich,Hamburg,0
2005,10 bis unter 15 Jahre,Männlich,Hessen,0
2005,10 bis unter 15 Jahre,Männlich,Mecklenburg-Vorpommern,0
2005,10 bis unter 15 Jahre,Männlich,Niedersachsen,0
2005,10 bis unter 15 Jahre,Männlich,Nordrhein-Westfalen,0
2005,10 bis unter 15 Jahre,Männlich,Rheinland-Pfalz,0
2005,10 bis unter 15 Jahre,Männlich,Saarland,0
2005,10 bis unter 15 Jahre,Männlich,Sachsen,0
2005,10 bis unter 15 Jahre,Männlich,Sachsen-Anhalt,0
2005,10 bis unter 15 Jahre,Männlich,Schleswig-Holstein,0
2005,10 bis unter 15 Jahre,Männlich,Thüringen,0
2005,10 bis unter 15 Jahre,Weiblich,Deutschland,0
2005,10 bis unter 15 Jahre,Weiblich,Baden-Württemberg,0
2005,10 bis unter 15 Jahre,Weiblich,Bayern,0
2005,10 bis unter 15 Jahre,Weiblich,Berlin,0
2005,10 bis unter 15 Jahre,Weiblich,Brandenburg,0
2005,10 bis unter 15 Jahre,Weiblich,Bremen,0
2005,10 bis unter 15 Jahre,Weiblich,Hamburg,0
2005,10 bis unter 15 Jahre,Weiblich,Hessen,0
2005,10 bis unter 15 Jahre,Weiblich,Mecklenburg-Vorpommern,0
2005,10 bis unter 15 Jahre,Weiblich,Niedersachsen,0
2005,10 bis unter 15 Jahre,Weiblich,Nordrhein-Westfalen,0
2005,10 bis unter 15 Jahre,Weiblich,Rheinland-Pfalz,0
2005,10 bis unter 15 Jahre,Weiblich,Saarland,0
2005,10 bis unter 15 Jahre,Weiblich,Sachsen,0
2005,10 bis unter 15 Jahre,Weiblich,Sachsen-Anhalt,0
2005,10 bis unter 15 Jahre,Weiblich,Schleswig-Holstein,0
2005,10 bis unter 15 Jahre,Weiblich,Thüringen,0
2005,15 bis unter 20 Jahre,Männlich,Deutschland,0
2005,15 bis unter 20 Jahre,Männlich,Baden-Württemberg,0
2005,15 bis unter 20 Jahre,Männlich,Bayern,0
2005,15 bis unter 20 Jahre,Männlich,Berlin,0
2005,15 bis unter 20 Jahre,Männlich,Brandenburg,0
2005,15 bis unter 20 Jahre,Männlich,Bremen,0
2005,15 bis unter 20 Jahre,Männlich,Hamburg,0
2005,15 bis unter 20 Jahre,Männlich,Hessen,0
2005,15 bis unter 20 Jahre,Männlich,Mecklenburg-Vorpommern,0
2005,15 bis unter 20 Jahre,Männlich,Niedersachsen,0
2005,15 bis unter 20 Jahre,Männlich,Nordrhein-Westfalen,0
2005,15 bis unter 20 Jahre,Männlich,Rheinland-Pfalz,0
2005,15 bis unter 20 Jahre,Männlich,Saarland,0
2005,15 bis unter 20 Jahre,Männlich,Sachsen,0
2005,15 bis unter 20 Jahre,Männlich,Sachsen-Anhalt,0
2005,15 bis unter 20 Jahre,Männlich,Schleswig-Holstein,0
2005,15 bis unter 20 Jahre,Männlich,Thüringen,0
2005,15 bis unter 20 Jahre,Weiblich,Deutschland,0
2005,15 bis unter 20 Jahre,Weiblich,Baden-Württemberg,0
2005,15 bis unter 20 Jahre,Weiblich,Bayern,0
2005,15 bis unter 20 Jahre,Weiblich,Berlin,0
2005,15 bis unter 20 Jahre,Weiblich,Brandenburg,0
2005,15 bis unter 20 Jahre,Weiblich,Bremen,0
2005,15 bis unter 20 Jahre,Weiblich,Hamburg,0
2005,15 bis unter 20 Jahre,Weiblich,Hessen,0
2005,15 bis unter 20 Jahre,Weiblich,Mecklenburg-Vorpommern,0
2005,15 bis unter 20 Jahre,Weiblich,Niedersachsen,0
2005,15 bis unter 20 Jahre,Weiblich,Nordrhein-Westfalen,0
2005,15 bis unter 20 Jahre,Weiblich,Rheinland-Pfalz,0
2005,15 bis unter 20 Jahre,Weiblich,Saarland,0
2005,15 bis unter 20 Jahre,Weiblich,Sachsen,0
2005,15 bis unter 20 Jahre,Weiblich,Sachsen-Anhalt,0
2005,15 bis unter 20 Jahre,Weiblich,Schleswig-Holstein,0
2005,15 bis unter 20 Jahre,Weiblich,Thüringen,0
2005,20 bis unter 25 Jahre,Männlich,Deutschland,8
2005,20 bis unter 25 Jahre,Männlich,Baden-Württemberg,0
2005,20 bis unter 25 Jahre,Männlich,Bayern,6
2005,20 bis unter 25 Jahre,Männlich,Berlin,0
2005,20 bis unter 25 Jahre,Männlich,Brandenburg,0
2005,20 bis unter 25 Jahre,Männlich,Bremen,0
2005,20 bis unter 25 Jahre,Männlich,Hamburg,0
2005,20 bis unter 25 Jahre,Männlich,Hessen,2
2005,20 bis unter 25 Jahre,Männlich,Mecklenburg-Vorpommern,0
2005,20 bis unter 25 Jahre,Männlich,Niedersachsen,0
2005,20 bis unter 25 Jahre,Männlich,Nordrhein-Westfalen,0
2005,20 bis unter 25 Jahre,Männlich,Rheinland-Pfalz,0
2005,20 bis unter 25 Jahre,Männlich,Saarland,0
2005,20 bis unter 25 Jahre,Männlich,Sachsen,0
2005,20 bis unter 25 Jahre,Männlich,Sachsen-Anhalt,0
2005,20 bis unter 25 Jahre,Männlich,Schleswig-Holstein,0
2005,20 bis unter 25 Jahre,Männlich,Thüringen,0
2005,20 bis unter 25 Jahre,Weiblich,Deutschland,0
2005,20 bis unter 25 Jahre,Weiblich,Baden-Württemberg,0
2005,20 bis unter 25 Jahre,Weiblich,Bayern,0
2005,20 bis unter 25 Jahre,Weiblich,Berlin,0
2005,20 bis unter 25 Jahre,Weiblich,Brandenburg,0
2005,20 bis unter 25 Jahre,Weiblich,Bremen,0
2005,20 bis unter 25 Jahre,Weiblich,Hamburg,0
2005,20 bis unter 25 Jahre,Weiblich,Hessen,0
2005,20 bis unter 25 Jahre,Weiblich,Mecklenburg-Vorpommern,0
2005,20 bis unter 25 Jahre,Weiblich,Niedersachsen,0
2005,20 bis unter 25 Jahre,Weiblich,Nordrhein-Westfalen,0
2005,20 bis unter 25 Jahre,Weiblich,Rheinland-Pfalz,0
2005,20 bis unter 25 Jahre,Weiblich,Saarland,0
2005,20 bis unter 25 Jahre,Weiblich,Sachsen,0
2005,20 bis unter 25 Jahre,Weiblich,Sachsen-Anhalt,0
2005,20 bis unter 25 Jahre,Weiblich,Schleswig-Holstein,0
2005,20 bis unter 25 Jahre,Weiblich,Thüringen,0
2005,25 bis unter 30 Jahre,Männlich,Deutschland,31
2005,25 bis unter 30 Jahre,Männlich,Baden-Württemberg,0
2005,25 bis unter 30 Jahre,Männlich,Bayern,11
2005,25 bis unter 30 Jahre,Männlich,Berlin,0
2005,25 bis unter 30 Jahre,Männlich,Brandenburg,0
2005,25 bis unter 30 Jahre,Männlich,Bremen,0
2005,25 bis unter 30 Jahre,Männlich,Hamburg,1
2005,25 bis unter 30 Jahre,Männlich,Hessen,19
2005,25 bis unter 30 Jahre,Männlich,Mecklenburg-Vorpommern,0
2005,25 bis unter 30 Jahre,Männlich,Niedersachsen,0
2005,25 bis unter 30 Jahre,Männlich,Nordrhein-Westfalen,0
2005,25 bis unter 30 Jahre,Männlich,Rheinland-Pfalz,0
2005,25 bis unter 30 Jahre,Männlich,Saarland,0
2005,25 bis unter 30 Jahre,Männlich,Sachsen,0
2005,25 bis unter 30 Jahre,Männlich,Sachsen-Anhalt,0
2005,25 bis unter 30 Jahre,Männlich,Schleswig-Holstein,0
2005,25 bis unter 30 Jahre,Männlich,Thüringen,0
2005,25 bis unter 30 Jahre,Weiblich,Deutschland,0
2005,25 bis unter 30 Jahre,Weiblich,Baden-Württemberg,0
2005,25 bis unter 30 Jahre,Weiblich,Bayern,0
2005,25 bis unter 30 Jahre,Weiblich,Berlin,0
2005,25 bis unter 30 Jahre,Weiblich,Brandenburg,0
2005,25 bis unter 30 Jahre,Weiblich,Bremen,0
2005,25 bis unter 30 Jahre,Weiblich,Hamburg,0
2005,25 bis unter 30 Jahre,Weiblich,Hessen,0
2005,25 bis unter 30 Jahre,Weiblich,Mecklenburg-Vorpommern,0
2005,25 bis unter 30 Jahre,Weiblich,Niedersachsen,0
2005,25 bis unter 30 Jahre,Weiblich,Nordrhein-Westfalen,0
2005,25 bis unter 30 Jahre,Weiblich,Rheinland-Pfalz,0
2005,25 bis unter 30 Jahre,Weiblich,Saarland,0
2005,25 bis unter 30 Jahre,Weiblich,Sachsen,0
2005,25 bis unter 30 Jahre,Weiblich,Sachsen-Anhalt,0
2005,25 bis unter 30 Jahre,Weiblich,Schleswig-Holstein,0
2005,25 bis unter 30 Jahre,Weiblich,Thüringen,0
2005,30 bis unter 35 Jahre,Männlich,Deutschland,33
2005,30 bis unter 35 Jahre,Männlich,Baden-Württemberg,0
2005,30 bis unter 35 Jahre,Männlich,Bayern,9
2005,30 bis unter 35 Jahre,Männlich,Berlin,4
2005,30 bis unter 35 Jahre,Männlich,Brandenburg,0
2005,30 bis unter 35 Jahre,Männlich,Bremen,0
2005,30 bis unter 35 Jahre,Männlich,Hamburg,0
2005,30 bis unter 35 Jahre,Männlich,Hessen,20
2005,30 bis unter 35 Jahre,Männlich,Mecklenburg-Vorpommern,0
2005,30 bis unter 35 Jahre,Männlich,Niedersachsen,0
2005,30 bis unter 35 Jahre,Männlich,Nordrhein-Westfalen,0
2005,30 bis unter 35 Jahre,Männlich,Rheinland-Pfalz,0
2005,30 bis unter 35 Jahre,Männlich,Saarland,0
2005,30 bis unter 35 Jahre,Männlich,Sachsen,0
2005,30 bis unter 35 Jahre,Männlich,Sachsen-Anhalt,0
2005,30 bis unter 35 Jahre,Männlich,Schleswig-Holstein,0
2005,30 bis unter 35 Jahre,Männlich,Thüringen,0
2005,30 bis unter 35 Jahre,Weiblich,Deutschland,0
2005,30 bis unter 35 Jahre,Weiblich,Baden-Württemberg,0
2005,30 bis unter 35 Jahre,Weiblich,Bayern,0
2005,30 bis unter 35 Jahre,Weiblich,Berlin,0
2005,30 bis unter 35 Jahre,Weiblich,Brandenburg,0
2005,30 bis unter 35 Jahre,Weiblich,Bremen,0
2005,30 bis unter 35 Jahre,Weiblich,Hamburg,0
2005,30 bis unter 35 Jahre,Weiblich,Hessen,0
2005,30 bis unter 35 Jahre,Weiblich,Mecklenburg-Vorpommern,0
2005,30 bis unter 35 Jahre,Weiblich,Niedersachsen,0
2005,30 bis unter 35 Jahre,Weiblich,Nordrhein-Westfalen,0
2005,30 bis unter 35 Jahre,Weiblich,Rheinland-Pfalz,0
2005,30 bis unter 35 Jahre,Weiblich,Saarland,0
2005,30 bis unter 35 Jahre,Weiblich,Sachsen,0
2005,30 bis unter 35 Jahre,Weiblich,Sachsen-Anhalt,0
2005,30 bis unter 35 Jahre,Weiblich,Schleswig-Holstein,0
2005,30 bis unter 35 Jahre,Weiblich,Thüringen,0
2005,35 bis unter 40 Jahre,Männlich,Deutschland,25
2005,35 bis unter 40 Jahre,Männlich,Baden-Württemberg,0
2005,35 bis unter 40 Jahre,Männlich,Bayern,9
2005,35 bis unter 40 Jahre,Männlich,Berlin,1
2005,35 bis unter 40 Jahre,Männlich,Brandenburg,0
2005,35 bis unter 40 Jahre,Männlich,Bremen,0
2005,35 bis unter 40 Jahre,Männlich,Hamburg,0
2005,35 bis unter 40 Jahre,Männlich,Hessen,14
2005,35 bis unter 40 Jahre,Männlich,Mecklenburg-Vorpommern,0
2005,35 bis unter 40 Jahre,Männlich,Niedersachsen,0
2005,35 bis unter 40 Jahre,Männlich,Nordrhein-Westfalen,1
2005,35 bis unter 40 Jahre,Männlich,Rheinland-Pfalz,0
2005,35 bis unter 40 Jahre,Männlich,Saarland,0
2005,35 bis unter 40 Jahre,Männlich,Sachsen,0
2005,35 bis unter 40 Jahre,Männlich,Sachsen-Anhalt,0
2005,35 bis unter 40 Jahre,Männlich,Schleswig-Holstein,0
2005,35 bis unter 40 Jahre,Männlich,Thüringen,0
2005,35 bis unter 40 Jahre,Weiblich,Deutschland,0
2005,35 bis unter 40 Jahre,Weiblich,Baden-Württemberg,0
2005,35 bis unter 40 Jahre,Weiblich,Bayern,0
2005,35 bis unter 40 Jahre,Weiblich,Berlin,0
2005,35 bis unter 40 Jahre,Weiblich,Brandenburg,0
2005,35 bis unter 40 Jahre,Weiblich,Bremen,0
2005,35 bis unter 40 Jahre,Weiblich,Hamburg,0
2005,35 bis unter 40 Jahre,Weiblich,Hessen,0
2005,35 bis unter 40 Jahre,Weiblich,Mecklenburg-Vorpommern,0
2005,35 bis unter 40 Jahre,Weiblich,Niedersachsen,0
2005,35 bis unter 40 Jahre,Weiblich,Nordrhein-Westfalen,0
2005,35 bis unter 40 Jahre,Weiblich,Rheinland-Pfalz,0
2005,35 bis unter 40 Jahre,Weiblich,Saarland,0
2005,35 bis unter 40 Jahre,Weiblich,Sachsen,0
2005,35 bis unter 40 Jahre,Weiblich,Sachsen-Anhalt,0
2005,35 bis unter 40 Jahre,Weiblich,Schleswig-Holstein,0
2005,35 bis unter 40 Jahre,Weiblich,Thüringen,0
2005,40 bis unter 45 Jahre,Männlich,Deutschland,10
2005,40 bis unter 45 Jahre,Männlich,Baden-Württemberg,0
2005,40 bis unter 45 Jahre,Männlich,Bayern,3
2005,40 bis unter 45 Jahre,Männlich,Berlin,1
2005,40 bis unter 45 Jahre,Männlich,Brandenburg,0
2005,40 bis unter 45 Jahre,Männlich,Bremen,0
2005,40 bis unter 45 Jahre,Männlich,Hamburg,0
2005,40 bis unter 45 Jahre,Männlich,Hessen,6
2005,40 bis unter 45 Jahre,Männlich,Mecklenburg-Vorpommern,0
2005,40 bis unter 45 Jahre,Männlich,Niedersachsen,0
2005,40 bis unter 45 Jahre,Männlich,Nordrhein-Westfalen,0
2005,40 bis unter 45 Jahre,Männlich,Rheinland-Pfalz,0
2005,40 bis unter 45 Jahre,Männlich,Saarland,0
2005,40 bis unter 45 Jahre,Männlich,Sachsen,0
2005,40 bis unter 45 Jahre,Männlich,Sachsen-Anhalt,0
2005,40 bis unter 45 Jahre,Männlich,Schleswig-Holstein,0
2005,40 bis unter 45 Jahre,Männlich,Thüringen,0
2005,40 bis unter 45 Jahre,Weiblich,Deutschland,0
2005,40 bis unter 45 Jahre,Weiblich,Baden-Württemberg,0
2005,40 bis unter 45 Jahre,Weiblich,Bayern,0
2005,40 bis unter 45 Jahre,Weiblich,Berlin,0
2005,40 bis unter 45 Jahre,Weiblich,Brandenburg,0
2005,40 bis unter 45 Jahre,Weiblich,Bremen,0
2005,40 bis unter 45 Jahre,Weiblich,Hamburg,0
2005,40 bis unter 45 Jahre,Weiblich,Hessen,0
2005,40 bis unter 45 Jahre,Weiblich,Mecklenburg-Vorpommern,0
2005,40 bis unter 45 Jahre,Weiblich,Niedersachsen,0
2005,40 bis unter 45 Jahre,Weiblich,Nordrhein-Westfalen,0
2005,40 bis unter 45 Jahre,Weiblich,Rheinland-Pfalz,0
2005,40 bis unter 45 Jahre,Weiblich,Saarland,0
2005,40 bis unter 45 Jahre,Weiblich,Sachsen,0
2005,40 bis unter 45 Jahre,Weiblich,Sachsen-Anhalt,0
2005,40 bis unter 45 Jahre,Weiblich,Schleswig-Holstein,0
2005,40 bis unter 45 Jahre,Weiblich,Thüringen,0
2005,45 bis unter 50 Jahre,Männlich,Deutschland,10
2005,45 bis unter 50 Jahre,Männlich,Baden-Württemberg,1
2005,45 bis unter 50 Jahre,Männlich,Bayern,4
2005,45 bis unter 50 Jahre,Männlich,Berlin,0
2005,45 bis unter 50 Jahre,Männlich,Brandenburg,0
2005,45 bis unter 50 Jahre,Männlich,Bremen,0
2005,45 bis unter 50 Jahre,Männlich,Hamburg,0
2005,45 bis unter 50 Jahre,Männlich,Hessen,5
2005,45 bis unter 50 Jahre,Männlich,Mecklenburg-Vorpommern,0
2005,45 bis unter 50 Jahre,Männlich,Niedersachsen,0
2005,45 bis unter 50 Jahre,Männlich,Nordrhein-Westfalen,0
2005,45 bis unter 50 Jahre,Männlich,Rheinland-Pfalz,0
2005,45 bis unter 50 Jahre,Männlich,Saarland,0
2005,45 bis unter 50 Jahre,Männlich,Sachsen,0
2005,45 bis unter 50 Jahre,Männlich,Sachsen-Anhalt,0
2005,45 bis unter 50 Jahre,Männlich,Schleswig-Holstein,0
2005,45 bis unter 50 Jahre,Männlich,Thüringen,0
2005,45 bis unter 50 Jahre,Weiblich,Deutschland,0
2005,45 bis unter 50 Jahre,Weiblich,Baden-Württemberg,0
2005,45 bis unter 50 Jahre,Weiblich,Bayern,0
2005,45 bis unter 50 Jahre,Weiblich,Berlin,0
2005,45 bis unter 50 Jahre,Weiblich,Brandenburg,0
2005,45 bis unter 50 Jahre,Weiblich,Bremen,0
2005,45 bis unter 50 Jahre,Weiblich,Hamburg,0
2005,45 bis unter 50 Jahre,Weiblich,Hessen,0
2005,45 bis unter 50 Jahre,Weiblich,Mecklenburg-Vorpommern,0
2005,45 bis unter 50 Jahre,Weiblich,Niedersachsen,0
2005,45 bis unter 50 Jahre,Weiblich,Nordrhein-Westfalen,0
2005,45 bis unter 50 Jahre,Weiblich,Rheinland-Pfalz,0
2005,45 bis unter 50 Jahre,Weiblich,Saarland,0
2005,45 bis unter 50 Jahre,Weiblich,Sachsen,0
2005,45 bis unter 50 Jahre,Weiblich,Sachsen-Anhalt,0
2005,45 bis unter 50 Jahre,Weiblich,Schleswig-Holstein,0
2005,45 bis unter 50 Jahre,Weiblich,Thüringen,0
2005,50 bis unter 55 Jahre,Männlich,Deutschland,0
2005,50 bis unter 55 Jahre,Männlich,Baden-Württemberg,0
2005,50 bis unter 55 Jahre,Männlich,Bayern,0
2005,50 bis unter 55 Jahre,Männlich,Berlin,0
2005,50 bis unter 55 Jahre,Männlich,Brandenburg,0
2005,50 bis unter 55 Jahre,Männlich,Bremen,0
2005,50 bis unter 55 Jahre,Männlich,Hamburg,0
2005,50 bis unter 55 Jahre,Männlich,Hessen,0
2005,50 bis unter 55 Jahre,Männlich,Mecklenburg-Vorpommern,0
2005,50 bis unter 55 Jahre,Männlich,Niedersachsen,0
2005,50 bis unter 55 Jahre,Männlich,Nordrhein-Westfalen,0
2005,50 bis unter 55 Jahre,Männlich,Rheinland-Pfalz,0
2005,50 bis unter 55 Jahre,Männlich,Saarland,0
2005,50 bis unter 55 Jahre,Männlich,Sachsen,0
2005,50 bis unter 55 Jahre,Männlich,Sachsen-Anhalt,0
2005,50 bis unter 55 Jahre,Männlich,Schleswig-Holstein,0
2005,50 bis unter 55 Jahre,Männlich,Thüringen,0
2005,50 bis unter 55 Jahre,Weiblich,Deutschland,0
2005,50 bis unter 55 Jahre,Weiblich,Baden-Württemberg,0
2005,50 bis unter 55 Jahre,Weiblich,Bayern,0
2005,50 bis unter 55 Jahre,Weiblich,Berlin,0
2005,50 bis unter 55 Jahre,Weiblich,Brandenburg,0
2005,50 bis unter 55 Jahre,Weiblich,Bremen,0
2005,50 bis unter 55 Jahre,Weiblich,Hamburg,0
2005,50 bis unter 55 Jahre,Weiblich,Hessen,0
2005,50 bis unter 55 Jahre,Weiblich,Mecklenburg-Vorpommern,0
2005,50 bis unter 55 Jahre,Weiblich,Niedersachsen,0
2005,50 bis unter 55 Jahre,Weiblich,Nordrhein-Westfalen,0
2005,50 bis unter 55 Jahre,Weiblich,Rheinland-Pfalz,0
2005,50 bis unter 55 Jahre,Weiblich,Saarland,0
2005,50 bis unter 55 Jahre,Weiblich,Sachsen,0
2005,50 bis unter 55 Jahre,Weiblich,Sachsen-Anhalt,0
2005,50 bis unter 55 Jahre,Weiblich,Schleswig-Holstein,0
2005,50 bis unter 55 Jahre,Weiblich,Thüringen,0
2005,55 bis unter 60 Jahre,Männlich,Deutschland,3
2005,55 bis unter 60 Jahre,Männlich,Baden-Württemberg,0
2005,55 bis unter 60 Jahre,Männlich,Bayern,0
2005,55 bis unter 60 Jahre,Männlich,Berlin,0
2005,55 bis unter 60 Jahre,Männlich,Brandenburg,0
2005,55 bis unter 60 Jahre,Männlich,Bremen,0
2005,55 bis unter 60 Jahre,Männlich,Hamburg,0
2005,55 bis unter 60 Jahre,Männlich,Hessen,3
2005,55 bis unter 60 Jahre,Männlich,Mecklenburg-Vorpommern,0
2005,55 bis unter 60 Jahre,Männlich,Niedersachsen,0
2005,55 bis unter 60 Jahre,Männlich,Nordrhein-Westfalen,0
2005,55 bis unter 60 Jahre,Männlich,Rheinland-Pfalz,0
2005,55 bis unter 60 Jahre,Männlich,Saarland,0
2005,55 bis unter 60 Jahre,Männlich,Sachsen,0
2005,55 bis unter 60 Jahre,Männlich,Sachsen-Anhalt,0
2005,55 bis unter 60 Jahre,Männlich,Schleswig-Holstein,0
2005,55 bis unter 60 Jahre,Männlich,Thüringen,0
2005,55 bis unter 60 Jahre,Weiblich,Deutschland,0
2005,55 bis unter 60 Jahre,Weiblich,Baden-Württemberg,0
2005,55 bis unter 60 Jahre,Weiblich,Bayern,0
2005,55 bis unter 60 Jahre,Weiblich,Berlin,0
2005,55 bis unter 60 Jahre,Weiblich,Brandenburg,0
2005,55 bis unter 60 Jahre,Weiblich,Bremen,0
2005,55 bis unter 60 Jahre,Weiblich,Hamburg,0
2005,55 bis unter 60 Jahre,Weiblich,Hessen,0
2005,55 bis unter 60 Jahre,Weiblich,Mecklenburg-Vorpommern,0
2005,55 bis unter 60 Jahre,Weiblich,Niedersachsen,0
2005,55 bis unter 60 Jahre,Weiblich,Nordrhein-Westfalen,0
2005,55 bis unter 60 Jahre,Weiblich,Rheinland-Pfalz,0
2005,55 bis unter 60 Jahre,Weiblich,Saarland,0
2005,55 bis unter 60 Jahre,Weiblich,Sachsen,0
2005,55 bis unter 60 Jahre,Weiblich,Sachsen-Anhalt,0
2005,55 bis unter 60 Jahre,Weiblich,Schleswig-Holstein,0
2005,55 bis unter 60 Jahre,Weiblich,Thüringen,0
2005,60 bis unter 65 Jahre,Männlich,Deutschland,0
2005,60 bis unter 65 Jahre,Männlich,Baden-Württemberg,0
2005,60 bis unter 65 Jahre,Männlich,Bayern,0
2005,60 bis unter 65 Jahre,Männlich,Berlin,0
2005,60 bis unter 65 Jahre,Männlich,Brandenburg,0
2005,60 bis unter 65 Jahre,Männlich,Bremen,0
2005,60 bis unter 65 Jahre,Männlich,Hamburg,0
2005,60 bis unter 65 Jahre,Männlich,Hessen,0
2005,60 bis unter 65 Jahre,Männlich,Mecklenburg-Vorpommern,0
2005,60 bis unter 65 Jahre,Männlich,Niedersachsen,0
2005,60 bis unter 65 Jahre,Männlich,Nordrhein-Westfalen,0
2005,60 bis unter 65 Jahre,Männlich,Rheinland-Pfalz,0
2005,60 bis unter 65 Jahre,Männlich,Saarland,0
2005,60 bis unter 65 Jahre,Männlich,Sachsen,0
2005,60 bis unter 65 Jahre,Männlich,Sachsen-Anhalt,0
2005,60 bis unter 65 Jahre,Männlich,Schleswig-Holstein,0
2005,60 bis unter 65 Jahre,Männlich,Thüringen,0
2005,60 bis unter 65 Jahre,Weiblich,Deutschland,0
2005,60 bis unter 65 Jahre,Weiblich,Baden-Württemberg,0
2005,60 bis unter 65 Jahre,Weiblich,Bayern,0
2005,60 bis unter 65 Jahre,Weiblich,Berlin,0
2005,60 bis unter 65 Jahre,Weiblich,Brandenburg,0
2005,60 bis unter 65 Jahre,Weiblich,Bremen,0
2005,60 bis unter 65 Jahre,Weiblich,Hamburg,0
2005,60 bis unter 65 Jahre,Weiblich,Hessen,0
2005,60 bis unter 65 Jahre,Weiblich,Mecklenburg-Vorpommern,0
2005,60 bis unter 65 Jahre,Weiblich,Niedersachsen,0
2005,60 bis unter 65 Jahre,Weiblich,Nordrhein-Westfalen,0
2005,60 bis unter 65 Jahre,Weiblich,Rheinland-Pfalz,0
2005,60 bis unter 65 Jahre,Weiblich,Saarland,0
2005,60 bis unter 65 Jahre,Weiblich,Sachsen,0
2005,60 bis unter 65 Jahre,Weiblich,Sachsen-Anhalt,0
2005,60 bis unter 65 Jahre,Weiblich,Schleswig-Holstein,0
2005,60 bis unter 65 Jahre,Weiblich,Thüringen,0
2005,65 bis unter 70 Jahre,Männlich,Deutschland,0
2005,65 bis unter 70 Jahre,Männlich,Baden-Württemberg,0
2005,65 bis unter 70 Jahre,Männlich,Bayern,0
2005,65 bis unter 70 Jahre,Männlich,Berlin,0
2005,65 bis unter 70 Jahre,Männlich,Brandenburg,0
2005,65 bis unter 70 Jahre,Männlich,Bremen,0
2005,65 bis unter 70 Jahre,Männlich,Hamburg,0
2005,65 bis unter 70 Jahre,Männlich,Hessen,0
2005,65 bis unter 70 Jahre,Männlich,Mecklenburg-Vorpommern,0
2005,65 bis unter 70 Jahre,Männlich,Niedersachsen,0
2005,65 bis unter 70 Jahre,Männlich,Nordrhein-Westfalen,0
2005,65 bis unter 70 Jahre,Männlich,Rheinland-Pfalz,0
2005,65 bis unter 70 Jahre,Männlich,Saarland,0
2005,65 bis unter 70 Jahre,Männlich,Sachsen,0
2005,65 bis unter 70 Jahre,Männlich,Sachsen-Anhalt,0
2005,65 bis unter 70 Jahre,Männlich,Schleswig-Holstein,0
2005,65 bis unter 70 Jahre,Männlich,Thüringen,0
2005,65 bis unter 70 Jahre,Weiblich,Deutschland,0
2005,65 bis unter 70 Jahre,Weiblich,Baden-Württemberg,0
2005,65 bis unter 70 Jahre,Weiblich,Bayern,0
2005,65 bis unter 70 Jahre,Weiblich,Berlin,0
2005,65 bis unter 70 Jahre,Weiblich,Brandenburg,0
2005,65 bis unter 70 Jahre,Weiblich,Bremen,0
2005,65 bis unter 70 Jahre,Weiblich,Hamburg,0
2005,65 bis unter 70 Jahre,Weiblich,Hessen,0
2005,65 bis unter 70 Jahre,Weiblich,Mecklenburg-Vorpommern,0
2005,65 bis unter 70 Jahre,Weiblich,Niedersachsen,0
2005,65 bis unter 70 Jahre,Weiblich,Nordrhein-Westfalen,0
2005,65 bis unter 70 Jahre,Weiblich,Rheinland-Pfalz,0
2005,65 bis unter 70 Jahre,Weiblich,Saarland,0
2005,65 bis unter 70 Jahre,Weiblich,Sachsen,0
2005,65 bis unter 70 Jahre,Weiblich,Sachsen-Anhalt,0
2005,65 bis unter 70 Jahre,Weiblich,Schleswig-Holstein,0
2005,65 bis unter 70 Jahre,Weiblich,Thüringen,0
2005,70 bis unter 75 Jahre,Männlich,Deutschland,0
2005,70 bis unter 75 Jahre,Männlich,Baden-Württemberg,0
2005,70 bis unter 75 Jahre,Männlich,Bayern,0
2005,70 bis unter 75 Jahre,Männlich,Berlin,0
2005,70 bis unter 75 Jahre,Männlich,Brandenburg,0
2005,70 bis unter 75 Jahre,Männlich,Bremen,0
2005,70 bis unter 75 Jahre,Männlich,Hamburg,0
2005,70 bis unter 75 Jahre,Männlich,Hessen,0
2005,70 bis unter 75 Jahre,Männlich,Mecklenburg-Vorpommern,0
2005,70 bis unter 75 Jahre,Männlich,Niedersachsen,0
2005,70 bis unter 75 Jahre,Männlich,Nordrhein-Westfalen,0
2005,70 bis unter 75 Jahre,Männlich,Rheinland-Pfalz,0
2005,70 bis unter 75 Jahre,Männlich,Saarland,0
2005,70 bis unter 75 Jahre,Männlich,Sachsen,0
2005,70 bis unter 75 Jahre,Männlich,Sachsen-Anhalt,0
2005,70 bis unter 75 Jahre,Männlich,Schleswig-Holstein,0
2005,70 bis unter 75 Jahre,Männlich,Thüringen,0
2005,70 bis unter 75 Jahre,Weiblich,Deutschland,0
2005,70 bis unter 75 Jahre,Weiblich,Baden-Württemberg,0
2005,70 bis unter 75 Jahre,Weiblich,Bayern,0
2005,70 bis unter 75 Jahre,Weiblich,Berlin,0
2005,70 bis unter 75 Jahre,Weiblich,Brandenburg,0
2005,70 bis unter 75 Jahre,Weiblich,Bremen,0
2005,70 bis unter 75 Jahre,Weiblich,Hamburg,0
2005,70 bis unter 75 Jahre,Weiblich,Hessen,0
2005,70 bis unter 75 Jahre,Weiblich,Mecklenburg-Vorpommern,0
2005,70 bis unter 75 Jahre,Weiblich,Niedersachsen,0
2005,70 bis unter 75 Jahre,Weiblich,Nordrhein-Westfalen,0
2005,70 bis unter 75 Jahre,Weiblich,Rheinland-Pfalz,0
2005,70 bis unter 75 Jahre,Weiblich,Saarland,0
2005,70 bis unter 75 Jahre,Weiblich,Sachsen,0
2005,70 bis unter 75 Jahre,Weiblich,Sachsen-Anhalt,0
2005,70 bis unter 75 Jahre,Weiblich,Schleswig-Holstein,0
2005,70 bis unter 75 Jahre,Weiblich,Thüringen,0
2005,75 bis unter 80 Jahre,Männlich,Deutschland,0
2005,75 bis unter 80 Jahre,Männlich,Baden-Württemberg,0
2005,75 bis unter 80 Jahre,Männlich,Bayern,0
2005,75 bis unter 80 Jahre,Männlich,Berlin,0
2005,75 bis unter 80 Jahre,Männlich,Brandenburg,0
2005,75 bis unter 80 Jahre,Männlich,Bremen,0
2005,75 bis unter 80 Jahre,Männlich,Hamburg,0
2005,75 bis unter 80 Jahre,Männlich,Hessen,0
2005,75 bis unter 80 Jahre,Männlich,Mecklenburg-Vorpommern,0
2005,75 bis unter 80 Jahre,Männlich,Niedersachsen,0
2005,75 bis unter 80 Jahre,Männlich,Nordrhein-Westfalen,0
2005,75 bis unter 80 Jahre,Männlich,Rheinland-Pfalz,0
2005,75 bis unter 80 Jahre,Männlich,Saarland,0
2005,75 bis unter 80 Jahre,Männlich,Sachsen,0
2005,75 bis unter 80 Jahre,Männlich,Sachsen-Anhalt,0
2005,75 bis unter 80 Jahre,Männlich,Schleswig-Holstein,0
2005,75 bis unter 80 Jahre,Männlich,Thüringen,0
2005,75 bis unter 80 Jahre,Weiblich,Deutschland,0
2005,75 bis unter 80 Jahre,Weiblich,Baden-Württemberg,0
2005,75 bis unter 80 Jahre,Weiblich,Bayern,0
2005,75 bis unter 80 Jahre,Weiblich,Berlin,0
2005,75 bis unter 80 Jahre,Weiblich,Brandenburg,0
2005,75 bis unter 80 Jahre,Weiblich,Bremen,0
2005,75 bis unter 80 Jahre,Weiblich,Hamburg,0
2005,75 bis unter 80 Jahre,Weiblich,Hessen,0
2005,75 bis unter 80 Jahre,Weiblich,Mecklenburg-Vorpommern,0
2005,75 bis unter 80 Jahre,Weiblich,Niedersachsen,0
2005,75 bis unter 80 Jahre,Weiblich,Nordrhein-Westfalen,0
2005,75 bis unter 80 Jahre,Weiblich,Rheinland-Pfalz,0
2005,75 bis unter 80 Jahre,Weiblich,Saarland,0
2005,75 bis unter 80 Jahre,Weiblich,Sachsen,0
2005,75 bis unter 80 Jahre,Weiblich,Sachsen-Anhalt,0
2005,75 bis unter 80 Jahre,Weiblich,Schleswig-Holstein,0
2005,75 bis unter 80 Jahre,Weiblich,Thüringen,0
2005,80 bis unter 85 Jahre,Männlich,Deutschland,0
2005,80 bis unter 85 Jahre,Männlich,Baden-Württemberg,0
2005,80 bis unter 85 Jahre,Männlich,Bayern,0
2005,80 bis unter 85 Jahre,Männlich,Berlin,0
2005,80 bis unter 85 Jahre,Männlich,Brandenburg,0
2005,80 bis unter 85 Jahre,Männlich,Bremen,0
2005,80 bis unter 85 Jahre,Männlich,Hamburg,0
2005,80 bis unter 85 Jahre,Männlich,Hessen,0
2005,80 bis unter 85 Jahre,Männlich,Mecklenburg-Vorpommern,0
2005,80 bis unter 85 Jahre,Männlich,Niedersachsen,0
2005,80 bis unter 85 Jahre,Männlich,Nordrhein-Westfalen,0
2005,80 bis unter 85 Jahre,Männlich,Rheinland-Pfalz,0
2005,80 bis unter 85 Jahre,Männlich,Saarland,0
2005,80 bis unter 85 Jahre,Männlich,Sachsen,0
2005,80 bis unter 85 Jahre,Männlich,Sachsen-Anhalt,0
2005,80 bis unter 85 Jahre,Männlich,Schleswig-Holstein,0
2005,80 bis unter 85 Jahre,Männlich,Thüringen,0
2005,80 bis unter 85 Jahre,Weiblich,Deutschland,0
2005,80 bis unter 85 Jahre,Weiblich,Baden-Württemberg,0
2005,80 bis unter 85 Jahre,Weiblich,Bayern,0
2005,80 bis unter 85 Jahre,Weiblich,Berlin,0
2005,80 bis unter 85 Jahre,Weiblich,Brandenburg,0
2005,80 bis unter 85 Jahre,Weiblich,Bremen,0
2005,80 bis unter 85 Jahre,Weiblich,Hamburg,0
2005,80 bis unter 85 Jahre,Weiblich,Hessen,0
2005,80 bis unter 85 Jahre,Weiblich,Mecklenburg-Vorpommern,0
2005,80 bis unter 85 Jahre,Weiblich,Niedersachsen,0
2005,80 bis unter 85 Jahre,Weiblich,Nordrhein-Westfalen,0
2005,80 bis unter 85 Jahre,Weiblich,Rheinland-Pfalz,0
2005,80 bis unter 85 Jahre,Weiblich,Saarland,0
2005,80 bis unter 85 Jahre,Weiblich,Sachsen,0
2005,80 bis unter 85 Jahre,Weiblich,Sachsen-Anhalt,0
2005,80 bis unter 85 Jahre,Weiblich,Schleswig-Holstein,0
2005,80 bis unter 85 Jahre,Weiblich,Thüringen,0
2005,85 bis unter 90 Jahre,Männlich,Deutschland,0
2005,85 bis unter 90 Jahre,Männlich,Baden-Württemberg,0
2005,85 bis unter 90 Jahre,Männlich,Bayern,0
2005,85 bis unter 90 Jahre,Männlich,Berlin,0
2005,85 bis unter 90 Jahre,Männlich,Brandenburg,0
2005,85 bis unter 90 Jahre,Männlich,Bremen,0
2005,85 bis unter 90 Jahre,Männlich,Hamburg,0
2005,85 bis unter 90 Jahre,Männlich,Hessen,0
2005,85 bis unter 90 Jahre,Männlich,Mecklenburg-Vorpommern,0
2005,85 bis unter 90 Jahre,Männlich,Niedersachsen,0
2005,85 bis unter 90 Jahre,Männlich,Nordrhein-Westfalen,0
2005,85 bis unter 90 Jahre,Männlich,Rheinland-Pfalz,0
2005,85 bis unter 90 Jahre,Männlich,Saarland,0
2005,85 bis unter 90 Jahre,Männlich,Sachsen,0
2005,85 bis unter 90 Jahre,Männlich,Sachsen-Anhalt,0
2005,85 bis unter 90 Jahre,Männlich,Schleswig-Holstein,0
2005,85 bis unter 90 Jahre,Männlich,Thüringen,0
2005,85 bis unter 90 Jahre,Weiblich,Deutschland,0
2005,85 bis unter 90 Jahre,Weiblich,Baden-Württemberg,0
2005,85 bis unter 90 Jahre,Weiblich,Bayern,0
2005,85 bis unter 90 Jahre,Weiblich,Berlin,0
2005,85 bis unter 90 Jahre,Weiblich,Brandenburg,0
2005,85 bis unter 90 Jahre,Weiblich,Bremen,0
2005,85 bis unter 90 Jahre,Weiblich,Hamburg,0
2005,85 bis unter 90 Jahre,Weiblich,Hessen,0
2005,85 bis unter 90 Jahre,Weiblich,Mecklenburg-Vorpommern,0
2005,85 bis unter 90 Jahre,Weiblich,Niedersachsen,0
2005,85 bis unter 90 Jahre,Weiblich,Nordrhein-Westfalen,0
2005,85 bis unter 90 Jahre,Weiblich,Rheinland-Pfalz,0
2005,85 bis unter 90 Jahre,Weiblich,Saarland,0
2005,85 bis unter 90 Jahre,Weiblich,Sachsen,0
2005,85 bis unter 90 Jahre,Weiblich,Sachsen-Anhalt,0
2005,85 bis unter 90 Jahre,Weiblich,Schleswig-Holstein,0
2005,85 bis unter 90 Jahre,Weiblich,Thüringen,0
2005,90 bis unter 95 Jahre,Männlich,Deutschland,0
2005,90 bis unter 95 Jahre,Männlich,Baden-Württemberg,0
2005,90 bis unter 95 Jahre,Männlich,Bayern,0
2005,90 bis unter 95 Jahre,Männlich,Berlin,0
2005,90 bis unter 95 Jahre,Männlich,Brandenburg,0
2005,90 bis unter 95 Jahre,Männlich,Bremen,0
2005,90 bis unter 95 Jahre,Männlich,Hamburg,0
2005,90 bis unter 95 Jahre,Männlich,Hessen,0
2005,90 bis unter 95 Jahre,Männlich,Mecklenburg-Vorpommern,0
2005,90 bis unter 95 Jahre,Männlich,Niedersachsen,0
2005,90 bis unter 95 Jahre,Männlich,Nordrhein-Westfalen,0
2005,90 bis unter 95 Jahre,Männlich,Rheinland-Pfalz,0
2005,90 bis unter 95 Jahre,Männlich,Saarland,0
2005,90 bis unter 95 Jahre,Männlich,Sachsen,0
2005,90 bis unter 95 Jahre,Männlich,Sachsen-Anhalt,0
2005,90 bis unter 95 Jahre,Männlich,Schleswig-Holstein,0
2005,90 bis unter 95 Jahre,Männlich,Thüringen,0
2005,90 bis unter 95 Jahre,Weiblich,Deutschland,0
2005,90 bis unter 95 Jahre,Weiblich,Baden-Württemberg,0
2005,90 bis unter 95 Jahre,Weiblich,Bayern,0
2005,90 bis unter 95 Jahre,Weiblich,Berlin,0
2005,90 bis unter 95 Jahre,Weiblich,Brandenburg,0
2005,90 bis unter 95 Jahre,Weiblich,Bremen,0
2005,90 bis unter 95 Jahre,Weiblich,Hamburg,0
2005,90 bis unter 95 Jahre,Weiblich,Hessen,0
2005,90 bis unter 95 Jahre,Weiblich,Mecklenburg-Vorpommern,0
2005,90 bis unter 95 Jahre,Weiblich,Niedersachsen,0
2005,90 bis unter 95 Jahre,Weiblich,Nordrhein-Westfalen,0
2005,90 bis unter 95 Jahre,Weiblich,Rheinland-Pfalz,0
2005,90 bis unter 95 Jahre,Weiblich,Saarland,0
2005,90 bis unter 95 Jahre,Weiblich,Sachsen,0
2005,90 bis unter 95 Jahre,Weiblich,Sachsen-Anhalt,0
2005,90 bis unter 95 Jahre,Weiblich,Schleswig-Holstein,0
2005,90 bis unter 95 Jahre,Weiblich,Thüringen,0
2005,95 Jahre und älter,Männlich,Deutschland,0
2005,95 Jahre und älter,Männlich,Baden-Württemberg,0
2005,95 Jahre und älter,Männlich,Bayern,0
2005,95 Jahre und älter,Männlich,Berlin,0
2005,95 Jahre und älter,Männlich,Brandenburg,0
2005,95 Jahre und älter,Männlich,Bremen,0
2005,95 Jahre und älter,Männlich,Hamburg,0
2005,95 Jahre und älter,Männlich,Hessen,0
2005,95 Jahre und älter,Männlich,Mecklenburg-Vorpommern,0
2005,95 Jahre und älter,Männlich,Niedersachsen,0
2005,95 Jahre und älter,Männlich,Nordrhein-Westfalen,0
2005,95 Jahre und älter,Männlich,Rheinland-Pfalz,0
2005,95 Jahre und älter,Männlich,Saarland,0
2005,95 Jahre und älter,Männlich,Sachsen,0
2005,95 Jahre und älter,Männlich,Sachsen-Anhalt,0
2005,95 Jahre und älter,Männlich,Schleswig-Holstein,0
2005,95 Jahre und älter,Männlich,Thüringen,0
2005,95 Jahre und älter,Weiblich,Deutschland,0
2005,95 Jahre und älter,Weiblich,Baden-Württemberg,0
2005,95 Jahre und älter,Weiblich,Bayern,0
2005,95 Jahre und älter,Weiblich,Berlin,0
2005,95 Jahre und älter,Weiblich,Brandenburg,0
2005,95 Jahre und älter,Weiblich,Bremen,0
2005,95 Jahre und älter,Weiblich,Hamburg,0
2005,95 Jahre und älter,Weiblich,Hessen,0
2005,95 Jahre und älter,Weiblich,Mecklenburg-Vorpommern,0
2005,95 Jahre und älter,Weiblich,Niedersachsen,0
2005,95 Jahre und älter,Weiblich,Nordrhein-Westfalen,0
2005,95 Jahre und älter,Weiblich,Rheinland-Pfalz,0
2005,95 Jahre und älter,Weiblich,Saarland,0
2005,95 Jahre und älter,Weiblich,Sachsen,0
2005,95 Jahre und älter,Weiblich,Sachsen-Anhalt,0
2005,95 Jahre und älter,Weiblich,Schleswig-Holstein,0
2005,95 Jahre und älter,Weiblich,Thüringen,0
2006,Unter 1 Jahr,Männlich,Deutschland,0
2006,Unter 1 Jahr,Männlich,Baden-Württemberg,0
2006,Unter 1 Jahr,Männlich,Bayern,0
2006,Unter 1 Jahr,Männlich,Berlin,0
2006,Unter 1 Jahr,Männlich,Brandenburg,0
2006,Unter 1 Jahr,Männlich,Bremen,0
2006,Unter 1 Jahr,Männlich,Hamburg,0
2006,Unter 1 Jahr,Männlich,Hessen,0
2006,Unter 1 Jahr,Männlich,Mecklenburg-Vorpommern,0
2006,Unter 1 Jahr,Männlich,Niedersachsen,0
2006,Unter 1 Jahr,Männlich,Nordrhein-Westfalen,0
2006,Unter 1 Jahr,Männlich,Rheinland-Pfalz,0
2006,Unter 1 Jahr,Männlich,Saarland,0
2006,Unter 1 Jahr,Männlich,Sachsen,0
2006,Unter 1 Jahr,Männlich,Sachsen-Anhalt,0
2006,Unter 1 Jahr,Männlich,Schleswig-Holstein,0
2006,Unter 1 Jahr,Männlich,Thüringen,0
2006,Unter 1 Jahr,Weiblich,Deutschland,0
2006,Unter 1 Jahr,Weiblich,Baden-Württemberg,0
2006,Unter 1 Jahr,Weiblich,Bayern,0
2006,Unter 1 Jahr,Weiblich,Berlin,0
2006,Unter 1 Jahr,Weiblich,Brandenburg,0
2006,Unter 1 Jahr,Weiblich,Bremen,0
2006,Unter 1 Jahr,Weiblich,Hamburg,0
2006,Unter 1 Jahr,Weiblich,Hessen,0
2006,Unter 1 Jahr,Weiblich,Mecklenburg-Vorpommern,0
2006,Unter 1 Jahr,Weiblich,Niedersachsen,0
2006,Unter 1 Jahr,Weiblich,Nordrhein-Westfalen,0
2006,Unter 1 Jahr,Weiblich,Rheinland-Pfalz,0
2006,Unter 1 Jahr,Weiblich,Saarland,0
2006,Unter 1 Jahr,Weiblich,Sachsen,0
2006,Unter 1 Jahr,Weiblich,Sachsen-Anhalt,0
2006,Unter 1 Jahr,Weiblich,Schleswig-Holstein,0
2006,Unter 1 Jahr,Weiblich,Thüringen,0
2006,1 Jahr bis unter 5 Jahre,Männlich,Deutschland,1
2006,1 Jahr bis unter 5 Jahre,Männlich,Baden-Württemberg,0
2006,1 Jahr bis unter 5 Jahre,Männlich,Bayern,0
2006,1 Jahr bis unter 5 Jahre,Männlich,Berlin,0
2006,1 Jahr bis unter 5 Jahre,Männlich,Brandenburg,0
2006,1 Jahr bis unter 5 Jahre,Männlich,Bremen,0
2006,1 Jahr bis unter 5 Jahre,Männlich,Hamburg,0
2006,1 Jahr bis unter 5 Jahre,Männlich,Hessen,0
2006,1 Jahr bis unter 5 Jahre,Männlich,Mecklenburg-Vorpommern,0
2006,1 Jahr bis unter 5 Jahre,Männlich,Niedersachsen,0
2006,1 Jahr bis unter 5 Jahre,Männlich,Nordrhein-Westfalen,1
2006,1 Jahr bis unter 5 Jahre,Männlich,Rheinland-Pfalz,0
2006,1 Jahr bis unter 5 Jahre,Männlich,Saarland,0
2006,1 Jahr bis unter 5 Jahre,Männlich,Sachsen,0
2006,1 Jahr bis unter 5 Jahre,Männlich,Sachsen-Anhalt,0
2006,1 Jahr bis unter 5 Jahre,Männlich,Schleswig-Holstein,0
2006,1 Jahr bis unter 5 Jahre,Männlich,Thüringen,0
2006,1 Jahr bis unter 5 Jahre,Weiblich,Deutschland,0
2006,1 Jahr bis unter 5 Jahre,Weiblich,Baden-Württemberg,0
2006,1 Jahr bis unter 5 Jahre,Weiblich,Bayern,0
2006,1 Jahr bis unter 5 Jahre,Weiblich,Berlin,0
2006,1 Jahr bis unter 5 Jahre,Weiblich,Brandenburg,0
2006,1 Jahr bis unter 5 Jahre,Weiblich,Bremen,0
2006,1 Jahr bis unter 5 Jahre,Weiblich,Hamburg,0
2006,1 Jahr bis unter 5 Jahre,Weiblich,Hessen,0
2006,1 Jahr bis unter 5 Jahre,Weiblich,Mecklenburg-Vorpommern,0
2006,1 Jahr bis unter 5 Jahre,Weiblich,Niedersachsen,0
2006,1 Jahr bis unter 5 Jahre,Weiblich,Nordrhein-Westfalen,0
2006,1 Jahr bis unter 5 Jahre,Weiblich,Rheinland-Pfalz,0
2006,1 Jahr bis unter 5 Jahre,Weiblich,Saarland,0
2006,1 Jahr bis unter 5 Jahre,Weiblich,Sachsen,0
2006,1 Jahr bis unter 5 Jahre,Weiblich,Sachsen-Anhalt,0
2006,1 Jahr bis unter 5 Jahre,Weiblich,Schleswig-Holstein,0
2006,1 Jahr bis unter 5 Jahre,Weiblich,Thüringen,0
2006,5 bis unter 10 Jahre,Männlich,Deutschland,0
2006,5 bis unter 10 Jahre,Männlich,Baden-Württemberg,0
2006,5 bis unter 10 Jahre,Männlich,Bayern,0
2006,5 bis unter 10 Jahre,Männlich,Berlin,0
2006,5 bis unter 10 Jahre,Männlich,Brandenburg,0
2006,5 bis unter 10 Jahre,Männlich,Bremen,0
2006,5 bis unter 10 Jahre,Männlich,Hamburg,0
2006,5 bis unter 10 Jahre,Männlich,Hessen,0
2006,5 bis unter 10 Jahre,Männlich,Mecklenburg-Vorpommern,0
2006,5 bis unter 10 Jahre,Männlich,Niedersachsen,0
2006,5 bis unter 10 Jahre,Männlich,Nordrhein-Westfalen,0
2006,5 bis unter 10 Jahre,Männlich,Rheinland-Pfalz,0
2006,5 bis unter 10 Jahre,Männlich,Saarland,0
2006,5 bis unter 10 Jahre,Männlich,Sachsen,0
2006,5 bis unter 10 Jahre,Männlich,Sachsen-Anhalt,0
2006,5 bis unter 10 Jahre,Männlich,Schleswig-Holstein,0
2006,5 bis unter 10 Jahre,Männlich,Thüringen,0
2006,5 bis unter 10 Jahre,Weiblich,Deutschland,0
2006,5 bis unter 10 Jahre,Weiblich,Baden-Württemberg,0
2006,5 bis unter 10 Jahre,Weiblich,Bayern,0
2006,5 bis unter 10 Jahre,Weiblich,Berlin,0
2006,5 bis unter 10 Jahre,Weiblich,Brandenburg,0
2006,5 bis unter 10 Jahre,Weiblich,Bremen,0
2006,5 bis unter 10 Jahre,Weiblich,Hamburg,0
2006,5 bis unter 10 Jahre,Weiblich,Hessen,0
2006,5 bis unter 10 Jahre,Weiblich,Mecklenburg-Vorpommern,0
2006,5 bis unter 10 Jahre,Weiblich,Niedersachsen,0
2006,5 bis unter 10 Jahre,Weiblich,Nordrhein-Westfalen,0
2006,5 bis unter 10 Jahre,Weiblich,Rheinland-Pfalz,0
2006,5 bis unter 10 Jahre,Weiblich,Saarland,0
2006,5 bis unter 10 Jahre,Weiblich,Sachsen,0
2006,5 bis unter 10 Jahre,Weiblich,Sachsen-Anhalt,0
2006,5 bis unter 10 Jahre,Weiblich,Schleswig-Holstein,0
2006,5 bis unter 10 Jahre,Weiblich,Thüringen,0
2006,10 bis unter 15 Jahre,Männlich,Deutschland,0
2006,10 bis unter 15 Jahre,Männlich,Baden-Württemberg,0
2006,10 bis unter 15 Jahre,Männlich,Bayern,0
2006,10 bis unter 15 Jahre,Männlich,Berlin,0
2006,10 bis unter 15 Jahre,Männlich,Brandenburg,0
2006,10 bis unter 15 Jahre,Männlich,Bremen,0
2006,10 bis unter 15 Jahre,Männlich,Hamburg,0
2006,10 bis unter 15 Jahre,Männlich,Hessen,0
2006,10 bis unter 15 Jahre,Männlich,Mecklenburg-Vorpommern,0
2006,10 bis unter 15 Jahre,Männlich,Niedersachsen,0
2006,10 bis unter 15 Jahre,Männlich,Nordrhein-Westfalen,0
2006,10 bis unter 15 Jahre,Männlich,Rheinland-Pfalz,0
2006,10 bis unter 15 Jahre,Männlich,Saarland,0
2006,10 bis unter 15 Jahre,Männlich,Sachsen,0
2006,10 bis unter 15 Jahre,Männlich,Sachsen-Anhalt,0
2006,10 bis unter 15 Jahre,Männlich,Schleswig-Holstein,0
2006,10 bis unter 15 Jahre,Männlich,Thüringen,0
2006,10 bis unter 15 Jahre,Weiblich,Deutschland,0
2006,10 bis unter 15 Jahre,Weiblich,Baden-Württemberg,0
2006,10 bis unter 15 Jahre,Weiblich,Bayern,0
2006,10 bis unter 15 Jahre,Weiblich,Berlin,0
2006,10 bis unter 15 Jahre,Weiblich,Brandenburg,0
2006,10 bis unter 15 Jahre,Weiblich,Bremen,0
2006,10 bis unter 15 Jahre,Weiblich,Hamburg,0
2006,10 bis unter 15 Jahre,Weiblich,Hessen,0
2006,10 bis unter 15 Jahre,Weiblich,Mecklenburg-Vorpommern,0
2006,10 bis unter 15 Jahre,Weiblich,Niedersachsen,0
2006,10 bis unter 15 Jahre,Weiblich,Nordrhein-Westfalen,0
2006,10 bis unter 15 Jahre,Weiblich,Rheinland-Pfalz,0
2006,10 bis unter 15 Jahre,Weiblich,Saarland,0
2006,10 bis unter 15 Jahre,Weiblich,Sachsen,0
2006,10 bis unter 15 Jahre,Weiblich,Sachsen-Anhalt,0
2006,10 bis unter 15 Jahre,Weiblich,Schleswig-Holstein,0
2006,10 bis unter 15 Jahre,Weiblich,Thüringen,0
2006,15 bis unter 20 Jahre,Männlich,Deutschland,2
2006,15 bis unter 20 Jahre,Männlich,Baden-Württemberg,0
2006,15 bis unter 20 Jahre,Männlich,Bayern,0
2006,15 bis unter 20 Jahre,Männlich,Berlin,0
2006,15 bis unter 20 Jahre,Männlich,Brandenburg,0
2006,15 bis unter 20 Jahre,Männlich,Bremen,0
2006,15 bis unter 20 Jahre,Männlich,Hamburg,0
2006,15 bis unter 20 Jahre,Männlich,Hessen,2
2006,15 bis unter 20 Jahre,Männlich,Mecklenburg-Vorpommern,0
2006,15 bis unter 20 Jahre,Männlich,Niedersachsen,0
2006,15 bis unter 20 Jahre,Männlich,Nordrhein-Westfalen,0
2006,15 bis unter 20 Jahre,Männlich,Rheinland-Pfalz,0
2006,15 bis unter 20 Jahre,Männlich,Saarland,0
2006,15 bis unter 20 Jahre,Männlich,Sachsen,0
2006,15 bis unter 20 Jahre,Männlich,Sachsen-Anhalt,0
2006,15 bis unter 20 Jahre,Männlich,Schleswig-Holstein,0
2006,15 bis unter 20 Jahre,Männlich,Thüringen,0
2006,15 bis unter 20 Jahre,Weiblich,Deutschland,5
2006,15 bis unter 20 Jahre,Weiblich,Baden-Württemberg,0
2006,15 bis unter 20 Jahre,Weiblich,Bayern,2
2006,15 bis unter 20 Jahre,Weiblich,Berlin,0
2006,15 bis unter 20 Jahre,Weiblich,Brandenburg,0
2006,15 bis unter 20 Jahre,Weiblich,Bremen,0
2006,15 bis unter 20 Jahre,Weiblich,Hamburg,0
2006,15 bis unter 20 Jahre,Weiblich,Hessen,2
2006,15 bis unter 20 Jahre,Weiblich,Mecklenburg-Vorpommern,0
2006,15 bis unter 20 Jahre,Weiblich,Niedersachsen,0
2006,15 bis unter 20 Jahre,Weiblich,Nordrhein-Westfalen,1
2006,15 bis unter 20 Jahre,Weiblich,Rheinland-Pfalz,0
2006,15 bis unter 20 Jahre,Weiblich,Saarland,0
2006,15 bis unter 20 Jahre,Weiblich,Sachsen,0
2006,15 bis unter 20 Jahre,Weiblich,Sachsen-Anhalt,0
2006,15 bis unter 20 Jahre,Weiblich,Schleswig-Holstein,0
2006,15 bis unter 20 Jahre,Weiblich,Thüringen,0
2006,20 bis unter 25 Jahre,Männlich,Deutschland,16
2006,20 bis unter 25 Jahre,Männlich,Baden-Württemberg,0
2006,20 bis unter 25 Jahre,Männlich,Bayern,10
2006,20 bis unter 25 Jahre,Männlich,Berlin,1
2006,20 bis unter 25 Jahre,Männlich,Brandenburg,0
2006,20 bis unter 25 Jahre,Männlich,Bremen,0
2006,20 bis unter 25 Jahre,Männlich,Hamburg,0
2006,20 bis unter 25 Jahre,Männlich,Hessen,5
2006,20 bis unter 25 Jahre,Männlich,Mecklenburg-Vorpommern,0
2006,20 bis unter 25 Jahre,Männlich,Niedersachsen,0
2006,20 bis unter 25 Jahre,Männlich,Nordrhein-Westfalen,0
2006,20 bis unter 25 Jahre,Männlich,Rheinland-Pfalz,0
2006,20 bis unter 25 Jahre,Männlich,Saarland,0
2006,20 bis unter 25 Jahre,Männlich,Sachsen,0
2006,20 bis unter 25 Jahre,Männlich,Sachsen-Anhalt,0
2006,20 bis unter 25 Jahre,Männlich,Schleswig-Holstein,0
2006,20 bis unter 25 Jahre,Männlich,Thüringen,0
2006,20 bis unter 25 Jahre,Weiblich,Deutschland,12
2006,20 bis unter 25 Jahre,Weiblich,Baden-Württemberg,0
2006,20 bis unter 25 Jahre,Weiblich,Bayern,5
2006,20 bis unter 25 Jahre,Weiblich,Berlin,0
2006,20 bis unter 25 Jahre,Weiblich,Brandenburg,0
2006,20 bis unter 25 Jahre,Weiblich,Bremen,0
2006,20 bis unter 25 Jahre,Weiblich,Hamburg,0
2006,20 bis unter 25 Jahre,Weiblich,Hessen,4
2006,20 bis unter 25 Jahre,Weiblich,Mecklenburg-Vorpommern,0
2006,20 bis unter 25 Jahre,Weiblich,Niedersachsen,0
2006,20 bis unter 25 Jahre,Weiblich,Nordrhein-Westfalen,3
2006,20 bis unter 25 Jahre,Weiblich,Rheinland-Pfalz,0
2006,20 bis unter 25 Jahre,Weiblich,Saarland,0
2006,20 bis unter 25 Jahre,Weiblich,Sachsen,0
2006,20 bis unter 25 Jahre,Weiblich,Sachsen-Anhalt,0
2006,20 bis unter 25 Jahre,Weiblich,Schleswig-Holstein,0
2006,20 bis unter 25 Jahre,Weiblich,Thüringen,0
2006,25 bis unter 30 Jahre,Männlich,Deutschland,28
2006,25 bis unter 30 Jahre,Männlich,Baden-Württemberg,0
2006,25 bis unter 30 Jahre,Männlich,Bayern,12
2006,25 bis unter 30 Jahre,Männlich,Berlin,2
2006,25 bis unter 30 Jahre,Männlich,Brandenburg,0
2006,25 bis unter 30 Jahre,Männlich,Bremen,0
2006,25 bis unter 30 Jahre,Männlich,Hamburg,0
2006,25 bis unter 30 Jahre,Männlich,Hessen,14
2006,25 bis unter 30 Jahre,Männlich,Mecklenburg-Vorpommern,0
2006,25 bis unter 30 Jahre,Männlich,Niedersachsen,0
2006,25 bis unter 30 Jahre,Männlich,Nordrhein-Westfalen,0
2006,25 bis unter 30 Jahre,Männlich,Rheinland-Pfalz,0
2006,25 bis unter 30 Jahre,Männlich,Saarland,0
2006,25 bis unter 30 Jahre,Männlich,Sachsen,0
2006,25 bis unter 30 Jahre,Männlich,Sachsen-Anhalt,0
2006,25 bis unter 30 Jahre,Männlich,Schleswig-Holstein,0
2006,25 bis unter 30 Jahre,Männlich,Thüringen,0
2006,25 bis unter 30 Jahre,Weiblich,Deutschland,18
2006,25 bis unter 30 Jahre,Weiblich,Baden-Württemberg,1
2006,25 bis unter 30 Jahre,Weiblich,Bayern,7
2006,25 bis unter 30 Jahre,Weiblich,Berlin,1
2006,25 bis unter 30 Jahre,Weiblich,Brandenburg,0
2006,25 bis unter 30 Jahre,Weiblich,Bremen,0
2006,25 bis unter 30 Jahre,Weiblich,Hamburg,0
2006,25 bis unter 30 Jahre,Weiblich,Hessen,5
2006,25 bis unter 30 Jahre,Weiblich,Mecklenburg-Vorpommern,0
2006,25 bis unter 30 Jahre,Weiblich,Niedersachsen,2
2006,25 bis unter 30 Jahre,Weiblich,Nordrhein-Westfalen,2
2006,25 bis unter 30 Jahre,Weiblich,Rheinland-Pfalz,0
2006,25 bis unter 30 Jahre,Weiblich,Saarland,0
2006,25 bis unter 30 Jahre,Weiblich,Sachsen,0
2006,25 bis unter 30 Jahre,Weiblich,Sachsen-Anhalt,0
2006,25 bis unter 30 Jahre,Weiblich,Schleswig-Holstein,0
2006,25 bis unter 30 Jahre,Weiblich,Thüringen,0
2006,30 bis unter 35 Jahre,Männlich,Deutschland,47
2006,30 bis unter 35 Jahre,Männlich,Baden-Württemberg,0
2006,30 bis unter 35 Jahre,Männlich,Bayern,30
2006,30 bis unter 35 Jahre,Männlich,Berlin,3
2006,30 bis unter 35 Jahre,Männlich,Brandenburg,0
2006,30 bis unter 35 Jahre,Männlich,Bremen,0
2006,30 bis unter 35 Jahre,Männlich,Hamburg,0
2006,30 bis unter 35 Jahre,Männlich,Hessen,14
2006,30 bis unter 35 Jahre,Männlich,Mecklenburg-Vorpommern,0
2006,30 bis unter 35 Jahre,Männlich,Niedersachsen,0
2006,30 bis unter 35 Jahre,Männlich,Nordrhein-Westfalen,0
2006,30 bis unter 35 Jahre,Männlich,Rheinland-Pfalz,0
2006,30 bis unter 35 Jahre,Männlich,Saarland,0
2006,30 bis unter 35 Jahre,Männlich,Sachsen,0
2006,30 bis unter 35 Jahre,Männlich,Sachsen-Anhalt,0
2006,30 bis unter 35 Jahre,Männlich,Schleswig-Holstein,0
2006,30 bis unter 35 Jahre,Männlich,Thüringen,0
2006,30 bis unter 35 Jahre,Weiblich,Deutschland,14
2006,30 bis unter 35 Jahre,Weiblich,Baden-Württemberg,0
2006,30 bis unter 35 Jahre,Weiblich,Bayern,8
2006,30 bis unter 35 Jahre,Weiblich,Berlin,2
2006,30 bis unter 35 Jahre,Weiblich,Brandenburg,0
2006,30 bis unter 35 Jahre,Weiblich,Bremen,0
2006,30 bis unter 35 Jahre,Weiblich,Hamburg,0
2006,30 bis unter 35 Jahre,Weiblich,Hessen,0
2006,30 bis unter 35 Jahre,Weiblich,Mecklenburg-Vorpommern,0
2006,30 bis unter 35 Jahre,Weiblich,Niedersachsen,0
2006,30 bis unter 35 Jahre,Weiblich,Nordrhein-Westfalen,3
2006,30 bis unter 35 Jahre,Weiblich,Rheinland-Pfalz,0
2006,30 bis unter 35 Jahre,Weiblich,Saarland,1
2006,30 bis unter 35 Jahre,Weiblich,Sachsen,0
2006,30 bis unter 35 Jahre,Weiblich,Sachsen-Anhalt,0
2006,30 bis unter 35 Jahre,Weiblich,Schleswig-Holstein,0
2006,30 bis unter 35 Jahre,Weiblich,Thüringen,0
2006,35 bis unter 40 Jahre,Männlich,Deutschland,30
2006,35 bis unter 40 Jahre,Männlich,Baden-Württemberg,0
2006,35 bis unter 40 Jahre,Männlich,Bayern,15
2006,35 bis unter 40 Jahre,Männlich,Berlin,3
2006,35 bis unter 40 Jahre,Männlich,Brandenburg,0
2006,35 bis unter 40 Jahre,Männlich,Bremen,0
2006,35 bis unter 40 Jahre,Männlich,Hamburg,0
2006,35 bis unter 40 Jahre,Männlich,Hessen,12
2006,35 bis unter 40 Jahre,Männlich,Mecklenburg-Vorpommern,0
2006,35 bis unter 40 Jahre,Männlich,Niedersachsen,0
2006,35 bis unter 40 Jahre,Männlich,Nordrhein-Westfalen,0
2006,35 bis unter 40 Jahre,Männlich,Rheinland-Pfalz,0
2006,35 bis unter 40 Jahre,Männlich,Saarland,0
2006,35 bis unter 40 Jahre,Männlich,Sachsen,0
2006,35 bis unter 40 Jahre,Männlich,Sachsen-Anhalt,0
2006,35 bis unter 40 Jahre,Männlich,Schleswig-Holstein,0
2006,35 bis unter 40 Jahre,Männlich,Thüringen,0
2006,35 bis unter 40 Jahre,Weiblich,Deutschland,30
2006,35 bis unter 40 Jahre,Weiblich,Baden-Württemberg,1
2006,35 bis unter 40 Jahre,Weiblich,Bayern,10
2006,35 bis unter 40 Jahre,Weiblich,Berlin,0
2006,35 bis unter 40 Jahre,Weiblich,Brandenburg,0
2006,35 bis unter 40 Jahre,Weiblich,Bremen,0
2006,35 bis unter 40 Jahre,Weiblich,Hamburg,0
2006,35 bis unter 40 Jahre,Weiblich,Hessen,5
2006,35 bis unter 40 Jahre,Weiblich,Mecklenburg-Vorpommern,0
2006,35 bis unter 40 Jahre,Weiblich,Niedersachsen,7
2006,35 bis unter 40 Jahre,Weiblich,Nordrhein-Westfalen,6
2006,35 bis unter 40 Jahre,Weiblich,Rheinland-Pfalz,0
2006,35 bis unter 40 Jahre,Weiblich,Saarland,0
2006,35 bis unter 40 Jahre,Weiblich,Sachsen,0
2006,35 bis unter 40 Jahre,Weiblich,Sachsen-Anhalt,1
2006,35 bis unter 40 Jahre,Weiblich,Schleswig-Holstein,0
2006,35 bis unter 40 Jahre,Weiblich,Thüringen,0
2006,40 bis unter 45 Jahre,Männlich,Deutschland,23
2006,40 bis unter 45 Jahre,Männlich,Baden-Württemberg,0
2006,40 bis unter 45 Jahre,Männlich,Bayern,16
2006,40 bis unter 45 Jahre,Männlich,Berlin,2
2006,40 bis unter 45 Jahre,Männlich,Brandenburg,0
2006,40 bis unter 45 Jahre,Männlich,Bremen,0
2006,40 bis unter 45 Jahre,Männlich,Hamburg,0
2006,40 bis unter 45 Jahre,Männlich,Hessen,4
2006,40 bis unter 45 Jahre,Männlich,Mecklenburg-Vorpommern,0
2006,40 bis unter 45 Jahre,Männlich,Niedersachsen,1
2006,40 bis unter 45 Jahre,Männlich,Nordrhein-Westfalen,0
2006,40 bis unter 45 Jahre,Männlich,Rheinland-Pfalz,0
2006,40 bis unter 45 Jahre,Männlich,Saarland,0
2006,40 bis unter 45 Jahre,Männlich,Sachsen,0
2006,40 bis unter 45 Jahre,Männlich,Sachsen-Anhalt,0
2006,40 bis unter 45 Jahre,Männlich,Schleswig-Holstein,0
2006,40 bis unter 45 Jahre,Männlich,Thüringen,0
2006,40 bis unter 45 Jahre,Weiblich,Deutschland,47
2006,40 bis unter 45 Jahre,Weiblich,Baden-Württemberg,0
2006,40 bis unter 45 Jahre,Weiblich,Bayern,12
2006,40 bis unter 45 Jahre,Weiblich,Berlin,1
2006,40 bis unter 45 Jahre,Weiblich,Brandenburg,0
2006,40 bis unter 45 Jahre,Weiblich,Bremen,0
2006,40 bis unter 45 Jahre,Weiblich,Hamburg,0
2006,40 bis unter 45 Jahre,Weiblich,Hessen,4
2006,40 bis unter 45 Jahre,Weiblich,Mecklenburg-Vorpommern,0
2006,40 bis unter 45 Jahre,Weiblich,Niedersachsen,7
2006,40 bis unter 45 Jahre,Weiblich,Nordrhein-Westfalen,21
2006,40 bis unter 45 Jahre,Weiblich,Rheinland-Pfalz,1
2006,40 bis unter 45 Jahre,Weiblich,Saarland,0
2006,40 bis unter 45 Jahre,Weiblich,Sachsen,0
2006,40 bis unter 45 Jahre,Weiblich,Sachsen-Anhalt,1
2006,40 bis unter 45 Jahre,Weiblich,Schleswig-Holstein,0
2006,40 bis unter 45 Jahre,Weiblich,Thüringen,0
2006,45 bis unter 50 Jahre,Männlich,Deutschland,19
2006,45 bis unter 50 Jahre,Männlich,Baden-Württemberg,1
2006,45 bis unter 50 Jahre,Männlich,Bayern,9
2006,45 bis unter 50 Jahre,Männlich,Berlin,2
2006,45 bis unter 50 Jahre,Männlich,Brandenburg,0
2006,45 bis unter 50 Jahre,Männlich,Bremen,0
2006,45 bis unter 50 Jahre,Männlich,Hamburg,1
2006,45 bis unter 50 Jahre,Männlich,Hessen,6
2006,45 bis unter 50 Jahre,Männlich,Mecklenburg-Vorpommern,0
2006,45 bis unter 50 Jahre,Männlich,Niedersachsen,0
2006,45 bis unter 50 Jahre,Männlich,Nordrhein-Westfalen,0
2006,45 bis unter 50 Jahre,Männlich,Rheinland-Pfalz,0
2006,45 bis unter 50 Jahre,Männlich,Saarland,0
2006,45 bis unter 50 Jahre,Männlich,Sachsen,0
2006,45 bis unter 50 Jahre,Männlich,Sachsen-Anhalt,0
2006,45 bis unter 50 Jahre,Männlich,Schleswig-Holstein,0
2006,45 bis unter 50 Jahre,Männlich,Thüringen,0
2006,45 bis unter 50 Jahre,Weiblich,Deutschland,21
2006,45 bis unter 50 Jahre,Weiblich,Baden-Württemberg,0
2006,45 bis unter 50 Jahre,Weiblich,Bayern,13
2006,45 bis unter 50 Jahre,Weiblich,Berlin,2
2006,45 bis unter 50 Jahre,Weiblich,Brandenburg,0
2006,45 bis unter 50 Jahre,Weiblich,Bremen,0
2006,45 bis unter 50 Jahre,Weiblich,Hamburg,0
2006,45 bis unter 50 Jahre,Weiblich,Hessen,3
2006,45 bis unter 50 Jahre,Weiblich,Mecklenburg-Vorpommern,0
2006,45 bis unter 50 Jahre,Weiblich,Niedersachsen,1
2006,45 bis unter 50 Jahre,Weiblich,Nordrhein-Westfalen,2
2006,45 bis unter 50 Jahre,Weiblich,Rheinland-Pfalz,0
2006,45 bis unter 50 Jahre,Weiblich,Saarland,0
2006,45 bis unter 50 Jahre,Weiblich,Sachsen,0
2006,45 bis unter 50 Jahre,Weiblich,Sachsen-Anhalt,0
2006,45 bis unter 50 Jahre,Weiblich,Schleswig-Holstein,0
2006,45 bis unter 50 Jahre,Weiblich,Thüringen,0
2006,50 bis unter 55 Jahre,Männlich,Deutschland,2
2006,50 bis unter 55 Jahre,Männlich,Baden-Württemberg,0
2006,50 bis unter 55 Jahre,Männlich,Bayern,2
2006,50 bis unter 55 Jahre,Männlich,Berlin,0
2006,50 bis unter 55 Jahre,Männlich,Brandenburg,0
2006,50 bis unter 55 Jahre,Männlich,Bremen,0
2006,50 bis unter 55 Jahre,Männlich,Hamburg,0
2006,50 bis unter 55 Jahre,Männlich,Hessen,0
2006,50 bis unter 55 Jahre,Männlich,Mecklenburg-Vorpommern,0
2006,50 bis unter 55 Jahre,Männlich,Niedersachsen,0
2006,50 bis unter 55 Jahre,Männlich,Nordrhein-Westfalen,0
2006,50 bis unter 55 Jahre,Männlich,Rheinland-Pfalz,0
2006,50 bis unter 55 Jahre,Männlich,Saarland,0
2006,50 bis unter 55 Jahre,Männlich,Sachsen,0
2006,50 bis unter 55 Jahre,Männlich,Sachsen-Anhalt,0
2006,50 bis unter 55 Jahre,Männlich,Schleswig-Holstein,0
2006,50 bis unter 55 Jahre,Männlich,Thüringen,0
2006,50 bis unter 55 Jahre,Weiblich,Deutschland,15
2006,50 bis unter 55 Jahre,Weiblich,Baden-Württemberg,0
2006,50 bis unter 55 Jahre,Weiblich,Bayern,5
2006,50 bis unter 55 Jahre,Weiblich,Berlin,1
2006,50 bis unter 55 Jahre,Weiblich,Brandenburg,0
2006,50 bis unter 55 Jahre,Weiblich,Bremen,0
2006,50 bis unter 55 Jahre,Weiblich,Hamburg,0
2006,50 bis unter 55 Jahre,Weiblich,Hessen,3
2006,50 bis unter 55 Jahre,Weiblich,Mecklenburg-Vorpommern,0
2006,50 bis unter 55 Jahre,Weiblich,Niedersachsen,4
2006,50 bis unter 55 Jahre,Weiblich,Nordrhein-Westfalen,2
2006,50 bis unter 55 Jahre,Weiblich,Rheinland-Pfalz,0
2006,50 bis unter 55 Jahre,Weiblich,Saarland,0
2006,50 bis unter 55 Jahre,Weiblich,Sachsen,0
2006,50 bis unter 55 Jahre,Weiblich,Sachsen-Anhalt,0
2006,50 bis unter 55 Jahre,Weiblich,Schleswig-Holstein,0
2006,50 bis unter 55 Jahre,Weiblich,Thüringen,0
2006,55 bis unter 60 Jahre,Männlich,Deutschland,0
2006,55 bis unter 60 Jahre,Männlich,Baden-Württemberg,0
2006,55 bis unter 60 Jahre,Männlich,Bayern,0
2006,55 bis unter 60 Jahre,Männlich,Berlin,0
2006,55 bis unter 60 Jahre,Männlich,Brandenburg,0
2006,55 bis unter 60 Jahre,Männlich,Bremen,0
2006,55 bis unter 60 Jahre,Männlich,Hamburg,0
2006,55 bis unter 60 Jahre,Männlich,Hessen,0
2006,55 bis unter 60 Jahre,Männlich,Mecklenburg-Vorpommern,0
2006,55 bis unter 60 Jahre,Männlich,Niedersachsen,0
2006,55 bis unter 60 Jahre,Männlich,Nordrhein-Westfalen,0
2006,55 bis unter 60 Jahre,Männlich,Rheinland-Pfalz,0
2006,55 bis unter 60 Jahre,Männlich,Saarland,0
2006,55 bis unter 60 Jahre,Männlich,Sachsen,0
2006,55 bis unter 60 Jahre,Männlich,Sachsen-Anhalt,0
2006,55 bis unter 60 Jahre,Männlich,Schleswig-Holstein,0
2006,55 bis unter 60 Jahre,Männlich,Thüringen,0
2006,55 bis unter 60 Jahre,Weiblich,Deutschland,8
2006,55 bis unter 60 Jahre,Weiblich,Baden-Württemberg,0
2006,55 bis unter 60 Jahre,Weiblich,Bayern,6
2006,55 bis unter 60 Jahre,Weiblich,Berlin,0
2006,55 bis unter 60 Jahre,Weiblich,Brandenburg,0
2006,55 bis unter 60 Jahre,Weiblich,Bremen,0
2006,55 bis unter 60 Jahre,Weiblich,Hamburg,0
2006,55 bis unter 60 Jahre,Weiblich,Hessen,0
2006,55 bis unter 60 Jahre,Weiblich,Mecklenburg-Vorpommern,0
2006,55 bis unter 60 Jahre,Weiblich,Niedersachsen,2
2006,55 bis unter 60 Jahre,Weiblich,Nordrhein-Westfalen,0
2006,55 bis unter 60 Jahre,Weiblich,Rheinland-Pfalz,0
2006,55 bis unter 60 Jahre,Weiblich,Saarland,0
2006,55 bis unter 60 Jahre,Weiblich,Sachsen,0
2006,55 bis unter 60 Jahre,Weiblich,Sachsen-Anhalt,0
2006,55 bis unter 60 Jahre,Weiblich,Schleswig-Holstein,0
2006,55 bis unter 60 Jahre,Weiblich,Thüringen,0
2006,60 bis unter 65 Jahre,Männlich,Deutschland,2
2006,60 bis unter 65 Jahre,Männlich,Baden-Württemberg,0
2006,60 bis unter 65 Jahre,Männlich,Bayern,0
2006,60 bis unter 65 Jahre,Männlich,Berlin,2
2006,60 bis unter 65 Jahre,Männlich,Brandenburg,0
2006,60 bis unter 65 Jahre,Männlich,Bremen,0
2006,60 bis unter 65 Jahre,Männlich,Hamburg,0
2006,60 bis unter 65 Jahre,Männlich,Hessen,0
2006,60 bis unter 65 Jahre,Männlich,Mecklenburg-Vorpommern,0
2006,60 bis unter 65 Jahre,Männlich,Niedersachsen,0
2006,60 bis unter 65 Jahre,Männlich,Nordrhein-Westfalen,0
2006,60 bis unter 65 Jahre,Männlich,Rheinland-Pfalz,0
2006,60 bis unter 65 Jahre,Männlich,Saarland,0
2006,60 bis unter 65 Jahre,Männlich,Sachsen,0
2006,60 bis unter 65 Jahre,Männlich,Sachsen-Anhalt,0
2006,60 bis unter 65 Jahre,Männlich,Schleswig-Holstein,0
2006,60 bis unter 65 Jahre,Männlich,Thüringen,0
2006,60 bis unter 65 Jahre,Weiblich,Deutschland,5
2006,60 bis unter 65 Jahre,Weiblich,Baden-Württemberg,1
2006,60 bis unter 65 Jahre,Weiblich,Bayern,2
2006,60 bis unter 65 Jahre,Weiblich,Berlin,0
2006,60 bis unter 65 Jahre,Weiblich,Brandenburg,0
2006,60 bis unter 65 Jahre,Weiblich,Bremen,0
2006,60 bis unter 65 Jahre,Weiblich,Hamburg,0
2006,60 bis unter 65 Jahre,Weiblich,Hessen,0
2006,60 bis unter 65 Jahre,Weiblich,Mecklenburg-Vorpommern,0
2006,60 bis unter 65 Jahre,Weiblich,Niedersachsen,0
2006,60 bis unter 65 Jahre,Weiblich,Nordrhein-Westfalen,2
2006,60 bis unter 65 Jahre,Weiblich,Rheinland-Pfalz,0
2006,60 bis unter 65 Jahre,Weiblich,Saarland,0
2006,60 bis unter 65 Jahre,Weiblich,Sachsen,0
2006,60 bis unter 65 Jahre,Weiblich,Sachsen-Anhalt,0
2006,60 bis unter 65 Jahre,Weiblich,Schleswig-Holstein,0
2006,60 bis unter 65 Jahre,Weiblich,Thüringen,0
2006,65 bis unter 70 Jahre,Männlich,Deutschland,0
2006,65 bis unter 70 Jahre,Männlich,Baden-Württemberg,0
2006,65 bis unter 70 Jahre,Männlich,Bayern,0
2006,65 bis unter 70 Jahre,Männlich,Berlin,0
2006,65 bis unter 70 Jahre,Männlich,Brandenburg,0
2006,65 bis unter 70 Jahre,Männlich,Bremen,0
2006,65 bis unter 70 Jahre,Männlich,Hamburg,0
2006,65 bis unter 70 Jahre,Männlich,Hessen,0
2006,65 bis unter 70 Jahre,Männlich,Mecklenburg-Vorpommern,0
2006,65 bis unter 70 Jahre,Männlich,Niedersachsen,0
2006,65 bis unter 70 Jahre,Männlich,Nordrhein-Westfalen,0
2006,65 bis unter 70 Jahre,Männlich,Rheinland-Pfalz,0
2006,65 bis unter 70 Jahre,Männlich,Saarland,0
2006,65 bis unter 70 Jahre,Männlich,Sachsen,0
2006,65 bis unter 70 Jahre,Männlich,Sachsen-Anhalt,0
2006,65 bis unter 70 Jahre,Männlich,Schleswig-Holstein,0
2006,65 bis unter 70 Jahre,Männlich,Thüringen,0
2006,65 bis unter 70 Jahre,Weiblich,Deutschland,0
2006,65 bis unter 70 Jahre,Weiblich,Baden-Württemberg,0
2006,65 bis unter 70 Jahre,Weiblich,Bayern,0
2006,65 bis unter 70 Jahre,Weiblich,Berlin,0
2006,65 bis unter 70 Jahre,Weiblich,Brandenburg,0
2006,65 bis unter 70 Jahre,Weiblich,Bremen,0
2006,65 bis unter 70 Jahre,Weiblich,Hamburg,0
2006,65 bis unter 70 Jahre,Weiblich,Hessen,0
2006,65 bis unter 70 Jahre,Weiblich,Mecklenburg-Vorpommern,0
2006,65 bis unter 70 Jahre,Weiblich,Niedersachsen,0
2006,65 bis unter 70 Jahre,Weiblich,Nordrhein-Westfalen,0
2006,65 bis unter 70 Jahre,Weiblich,Rheinland-Pfalz,0
2006,65 bis unter 70 Jahre,Weiblich,Saarland,0
2006,65 bis unter 70 Jahre,Weiblich,Sachsen,0
2006,65 bis unter 70 Jahre,Weiblich,Sachsen-Anhalt,0
2006,65 bis unter 70 Jahre,Weiblich,Schleswig-Holstein,0
2006,65 bis unter 70 Jahre,Weiblich,Thüringen,0
2006,70 bis unter 75 Jahre,Männlich,Deutschland,0
2006,70 bis unter 75 Jahre,Männlich,Baden-Württemberg,0
2006,70 bis unter 75 Jahre,Männlich,Bayern,0
2006,70 bis unter 75 Jahre,Männlich,Berlin,0
2006,70 bis unter 75 Jahre,Männlich,Brandenburg,0
2006,70 bis unter 75 Jahre,Männlich,Bremen,0
2006,70 bis unter 75 Jahre,Männlich,Hamburg,0
2006,70 bis unter 75 Jahre,Männlich,Hessen,0
2006,70 bis unter 75 Jahre,Männlich,Mecklenburg-Vorpommern,0
2006,70 bis unter 75 Jahre,Männlich,Niedersachsen,0
2006,70 bis unter 75 Jahre,Männlich,Nordrhein-Westfalen,0
2006,70 bis unter 75 Jahre,Männlich,Rheinland-Pfalz,0
2006,70 bis unter 75 Jahre,Männlich,Saarland,0
2006,70 bis unter 75 Jahre,Männlich,Sachsen,0
2006,70 bis unter 75 Jahre,Männlich,Sachsen-Anhalt,0
2006,70 bis unter 75 Jahre,Männlich,Schleswig-Holstein,0
2006,70 bis unter 75 Jahre,Männlich,Thüringen,0
2006,70 bis unter 75 Jahre,Weiblich,Deutschland,0
2006,70 bis unter 75 Jahre,Weiblich,Baden-Württemberg,0
2006,70 bis unter 75 Jahre,Weiblich,Bayern,0
2006,70 bis unter 75 Jahre,Weiblich,Berlin,0
2006,70 bis unter 75 Jahre,Weiblich,Brandenburg,0
2006,70 bis unter 75 Jahre,Weiblich,Bremen,0
2006,70 bis unter 75 Jahre,Weiblich,Hamburg,0
2006,70 bis unter 75 Jahre,Weiblich,Hessen,0
2006,70 bis unter 75 Jahre,Weiblich,Mecklenburg-Vorpommern,0
2006,70 bis unter 75 Jahre,Weiblich,Niedersachsen,0
2006,70 bis unter 75 Jahre,Weiblich,Nordrhein-Westfalen,0
2006,70 bis unter 75 Jahre,Weiblich,Rheinland-Pfalz,0
2006,70 bis unter 75 Jahre,Weiblich,Saarland,0
2006,70 bis unter 75 Jahre,Weiblich,Sachsen,0
2006,70 bis unter 75 Jahre,Weiblich,Sachsen-Anhalt,0
2006,70 bis unter 75 Jahre,Weiblich,Schleswig-Holstein,0
2006,70 bis unter 75 Jahre,Weiblich,Thüringen,0
2006,75 bis unter 80 Jahre,Männlich,Deutschland,0
2006,75 bis unter 80 Jahre,Männlich,Baden-Württemberg,0
2006,75 bis unter 80 Jahre,Männlich,Bayern,0
2006,75 bis unter 80 Jahre,Männlich,Berlin,0
2006,75 bis unter 80 Jahre,Männlich,Brandenburg,0
2006,75 bis unter 80 Jahre,Männlich,Bremen,0
2006,75 bis unter 80 Jahre,Männlich,Hamburg,0
2006,75 bis unter 80 Jahre,Männlich,Hessen,0
2006,75 bis unter 80 Jahre,Männlich,Mecklenburg-Vorpommern,0
2006,75 bis unter 80 Jahre,Männlich,Niedersachsen,0
2006,75 bis unter 80 Jahre,Männlich,Nordrhein-Westfalen,0
2006,75 bis unter 80 Jahre,Männlich,Rheinland-Pfalz,0
2006,75 bis unter 80 Jahre,Männlich,Saarland,0
2006,75 bis unter 80 Jahre,Männlich,Sachsen,0
2006,75 bis unter 80 Jahre,Männlich,Sachsen-Anhalt,0
2006,75 bis unter 80 Jahre,Männlich,Schleswig-Holstein,0
2006,75 bis unter 80 Jahre,Männlich,Thüringen,0
2006,75 bis unter 80 Jahre,Weiblich,Deutschland,0
2006,75 bis unter 80 Jahre,Weiblich,Baden-Württemberg,0
2006,75 bis unter 80 Jahre,Weiblich,Bayern,0
2006,75 bis unter 80 Jahre,Weiblich,Berlin,0
2006,75 bis unter 80 Jahre,Weiblich,Brandenburg,0
2006,75 bis unter 80 Jahre,Weiblich,Bremen,0
2006,75 bis unter 80 Jahre,Weiblich,Hamburg,0
2006,75 bis unter 80 Jahre,Weiblich,Hessen,0
2006,75 bis unter 80 Jahre,Weiblich,Mecklenburg-Vorpommern,0
2006,75 bis unter 80 Jahre,Weiblich,Niedersachsen,0
2006,75 bis unter 80 Jahre,Weiblich,Nordrhein-Westfalen,0
2006,75 bis unter 80 Jahre,Weiblich,Rheinland-Pfalz,0
2006,75 bis unter 80 Jahre,Weiblich,Saarland,0
2006,75 bis unter 80 Jahre,Weiblich,Sachsen,0
2006,75 bis unter 80 Jahre,Weiblich,Sachsen-Anhalt,0
2006,75 bis unter 80 Jahre,Weiblich,Schleswig-Holstein,0
2006,75 bis unter 80 Jahre,Weiblich,Thüringen,0
2006,80 bis unter 85 Jahre,Männlich,Deutschland,0
2006,80 bis unter 85 Jahre,Männlich,Baden-Württemberg,0
2006,80 bis unter 85 Jahre,Männlich,Bayern,0
2006,80 bis unter 85 Jahre,Männlich,Berlin,0
2006,80 bis unter 85 Jahre,Männlich,Brandenburg,0
2006,80 bis unter 85 Jahre,Männlich,Bremen,0
2006,80 bis unter 85 Jahre,Männlich,Hamburg,0
2006,80 bis unter 85 Jahre,Männlich,Hessen,0
2006,80 bis unter 85 Jahre,Männlich,Mecklenburg-Vorpommern,0
2006,80 bis unter 85 Jahre,Männlich,Niedersachsen,0
2006,80 bis unter 85 Jahre,Männlich,Nordrhein-Westfalen,0
2006,80 bis unter 85 Jahre,Männlich,Rheinland-Pfalz,0
2006,80 bis unter 85 Jahre,Männlich,Saarland,0
2006,80 bis unter 85 Jahre,Männlich,Sachsen,0
2006,80 bis unter 85 Jahre,Männlich,Sachsen-Anhalt,0
2006,80 bis unter 85 Jahre,Männlich,Schleswig-Holstein,0
2006,80 bis unter 85 Jahre,Männlich,Thüringen,0
2006,80 bis unter 85 Jahre,Weiblich,Deutschland,0
2006,80 bis unter 85 Jahre,Weiblich,Baden-Württemberg,0
2006,80 bis unter 85 Jahre,Weiblich,Bayern,0
2006,80 bis unter 85 Jahre,Weiblich,Berlin,0
2006,80 bis unter 85 Jahre,Weiblich,Brandenburg,0
2006,80 bis unter 85 Jahre,Weiblich,Bremen,0
2006,80 bis unter 85 Jahre,Weiblich,Hamburg,0
2006,80 bis unter 85 Jahre,Weiblich,Hessen,0
2006,80 bis unter 85 Jahre,Weiblich,Mecklenburg-Vorpommern,0
2006,80 bis unter 85 Jahre,Weiblich,Niedersachsen,0
2006,80 bis unter 85 Jahre,Weiblich,Nordrhein-Westfalen,0
2006,80 bis unter 85 Jahre,Weiblich,Rheinland-Pfalz,0
2006,80 bis unter 85 Jahre,Weiblich,Saarland,0
2006,80 bis unter 85 Jahre,Weiblich,Sachsen,0
2006,80 bis unter 85 Jahre,Weiblich,Sachsen-Anhalt,0
2006,80 bis unter 85 Jahre,Weiblich,Schleswig-Holstein,0
2006,80 bis unter 85 Jahre,Weiblich,Thüringen,0
2006,85 bis unter 90 Jahre,Männlich,Deutschland,0
2006,85 bis unter 90 Jahre,Männlich,Baden-Württemberg,0
2006,85 bis unter 90 Jahre,Männlich,Bayern,0
2006,85 bis unter 90 Jahre,Männlich,Berlin,0
2006,85 bis unter 90 Jahre,Männlich,Brandenburg,0
2006,85 bis unter 90 Jahre,Männlich,Bremen,0
2006,85 bis unter 90 Jahre,Männlich,Hamburg,0
2006,85 bis unter 90 Jahre,Männlich,Hessen,0
2006,85 bis unter 90 Jahre,Männlich,Mecklenburg-Vorpommern,0
2006,85 bis unter 90 Jahre,Männlich,Niedersachsen,0
2006,85 bis unter 90 Jahre,Männlich,Nordrhein-Westfalen,0
2006,85 bis unter 90 Jahre,Männlich,Rheinland-Pfalz,0
2006,85 bis unter 90 Jahre,Männlich,Saarland,0
2006,85 bis unter 90 Jahre,Männlich,Sachsen,0
2006,85 bis unter 90 Jahre,Männlich,Sachsen-Anhalt,0
2006,85 bis unter 90 Jahre,Männlich,Schleswig-Holstein,0
2006,85 bis unter 90 Jahre,Männlich,Thüringen,0
2006,85 bis unter 90 Jahre,Weiblich,Deutschland,0
2006,85 bis unter 90 Jahre,Weiblich,Baden-Württemberg,0
2006,85 bis unter 90 Jahre,Weiblich,Bayern,0
2006,85 bis unter 90 Jahre,Weiblich,Berlin,0
2006,85 bis unter 90 Jahre,Weiblich,Brandenburg,0
2006,85 bis unter 90 Jahre,Weiblich,Bremen,0
2006,85 bis unter 90 Jahre,Weiblich,Hamburg,0
2006,85 bis unter 90 Jahre,Weiblich,Hessen,0
2006,85 bis unter 90 Jahre,Weiblich,Mecklenburg-Vorpommern,0
2006,85 bis unter 90 Jahre,Weiblich,Niedersachsen,0
2006,85 bis unter 90 Jahre,Weiblich,Nordrhein-Westfalen,0
2006,85 bis unter 90 Jahre,Weiblich,Rheinland-Pfalz,0
2006,85 bis unter 90 Jahre,Weiblich,Saarland,0
2006,85 bis unter 90 Jahre,Weiblich,Sachsen,0
2006,85 bis unter 90 Jahre,Weiblich,Sachsen-Anhalt,0
2006,85 bis unter 90 Jahre,Weiblich,Schleswig-Holstein,0
2006,85 bis unter 90 Jahre,Weiblich,Thüringen,0
2006,90 bis unter 95 Jahre,Männlich,Deutschland,0
2006,90 bis unter 95 Jahre,Männlich,Baden-Württemberg,0
2006,90 bis unter 95 Jahre,Männlich,Bayern,0
2006,90 bis unter 95 Jahre,Männlich,Berlin,0
2006,90 bis unter 95 Jahre,Männlich,Brandenburg,0
2006,90 bis unter 95 Jahre,Männlich,Bremen,0
2006,90 bis unter 95 Jahre,Männlich,Hamburg,0
2006,90 bis unter 95 Jahre,Männlich,Hessen,0
2006,90 bis unter 95 Jahre,Männlich,Mecklenburg-Vorpommern,0
2006,90 bis unter 95 Jahre,Männlich,Niedersachsen,0
2006,90 bis unter 95 Jahre,Männlich,Nordrhein-Westfalen,0
2006,90 bis unter 95 Jahre,Männlich,Rheinland-Pfalz,0
2006,90 bis unter 95 Jahre,Männlich,Saarland,0
2006,90 bis unter 95 Jahre,Männlich,Sachsen,0
2006,90 bis unter 95 Jahre,Männlich,Sachsen-Anhalt,0
2006,90 bis unter 95 Jahre,Männlich,Schleswig-Holstein,0
2006,90 bis unter 95 Jahre,Männlich,Thüringen,0
2006,90 bis unter 95 Jahre,Weiblich,Deutschland,0
2006,90 bis unter 95 Jahre,Weiblich,Baden-Württemberg,0
2006,90 bis unter 95 Jahre,Weiblich,Bayern,0
2006,90 bis unter 95 Jahre,Weiblich,Berlin,0
2006,90 bis unter 95 Jahre,Weiblich,Brandenburg,0
2006,90 bis unter 95 Jahre,Weiblich,Bremen,0
2006,90 bis unter 95 Jahre,Weiblich,Hamburg,0
2006,90 bis unter 95 Jahre,Weiblich,Hessen,0
2006,90 bis unter 95 Jahre,Weiblich,Mecklenburg-Vorpommern,0
2006,90 bis unter 95 Jahre,Weiblich,Niedersachsen,0
2006,90 bis unter 95 Jahre,Weiblich,Nordrhein-Westfalen,0
2006,90 bis unter 95 Jahre,Weiblich,Rheinland-Pfalz,0
2006,90 bis unter 95 Jahre,Weiblich,Saarland,0
2006,90 bis unter 95 Jahre,Weiblich,Sachsen,0
2006,90 bis unter 95 Jahre,Weiblich,Sachsen-Anhalt,0
2006,90 bis unter 95 Jahre,Weiblich,Schleswig-Holstein,0
2006,90 bis unter 95 Jahre,Weiblich,Thüringen,0
2006,95 Jahre und älter,Männlich,Deutschland,0
2006,95 Jahre und älter,Männlich,Baden-Württemberg,0
2006,95 Jahre und älter,Männlich,Bayern,0
2006,95 Jahre und älter,Männlich,Berlin,0
2006,95 Jahre und älter,Männlich,Brandenburg,0
2006,95 Jahre und älter,Männlich,Bremen,0
2006,95 Jahre und älter,Männlich,Hamburg,0
2006,95 Jahre und älter,Männlich,Hessen,0
2006,95 Jahre und älter,Männlich,Mecklenburg-Vorpommern,0
2006,95 Jahre und älter,Männlich,Niedersachsen,0
2006,95 Jahre und älter,Männlich,Nordrhein-Westfalen,0
2006,95 Jahre und älter,Männlich,Rheinland-Pfalz,0
2006,95 Jahre und älter,Männlich,Saarland,0
2006,95 Jahre und älter,Männlich,Sachsen,0
2006,95 Jahre und älter,Männlich,Sachsen-Anhalt,0
2006,95 Jahre und älter,Männlich,Schleswig-Holstein,0
2006,95 Jahre und älter,Männlich,Thüringen,0
2006,95 Jahre und älter,Weiblich,Deutschland,0
2006,95 Jahre und älter,Weiblich,Baden-Württemberg,0
2006,95 Jahre und älter,Weiblich,Bayern,0
2006,95 Jahre und älter,Weiblich,Berlin,0
2006,95 Jahre und älter,Weiblich,Brandenburg,0
2006,95 Jahre und älter,Weiblich,Bremen,0
2006,95 Jahre und älter,Weiblich,Hamburg,0
2006,95 Jahre und älter,Weiblich,Hessen,0
2006,95 Jahre und älter,Weiblich,Mecklenburg-Vorpommern,0
2006,95 Jahre und älter,Weiblich,Niedersachsen,0
2006,95 Jahre und älter,Weiblich,Nordrhein-Westfalen,0
2006,95 Jahre und älter,Weiblich,Rheinland-Pfalz,0
2006,95 Jahre und älter,Weiblich,Saarland,0
2006,95 Jahre und älter,Weiblich,Sachsen,0
2006,95 Jahre und älter,Weiblich,Sachsen-Anhalt,0
2006,95 Jahre und älter,Weiblich,Schleswig-Holstein,0
2006,95 Jahre und älter,Weiblich,Thüringen,0
2007,Unter 1 Jahr,Männlich,Deutschland,0
2007,Unter 1 Jahr,Männlich,Baden-Württemberg,0
2007,Unter 1 Jahr,Männlich,Bayern,0
2007,Unter 1 Jahr,Männlich,Berlin,0
2007,Unter 1 Jahr,Männlich,Brandenburg,0
2007,Unter 1 Jahr,Männlich,Bremen,0
2007,Unter 1 Jahr,Männlich,Hamburg,0
2007,Unter 1 Jahr,Männlich,Hessen,0
2007,Unter 1 Jahr,Männlich,Mecklenburg-Vorpommern,0
2007,Unter 1 Jahr,Männlich,Niedersachsen,0
2007,Unter 1 Jahr,Männlich,Nordrhein-Westfalen,0
2007,Unter 1 Jahr,Männlich,Rheinland-Pfalz,0
2007,Unter 1 Jahr,Männlich,Saarland,0
2007,Unter 1 Jahr,Männlich,Sachsen,0
2007,Unter 1 Jahr,Männlich,Sachsen-Anhalt,0
2007,Unter 1 Jahr,Männlich,Schleswig-Holstein,0
2007,Unter 1 Jahr,Männlich,Thüringen,0
2007,Unter 1 Jahr,Weiblich,Deutschland,1
2007,Unter 1 Jahr,Weiblich,Baden-Württemberg,0
2007,Unter 1 Jahr,Weiblich,Bayern,0
2007,Unter 1 Jahr,Weiblich,Berlin,0
2007,Unter 1 Jahr,Weiblich,Brandenburg,0
2007,Unter 1 Jahr,Weiblich,Bremen,0
2007,Unter 1 Jahr,Weiblich,Hamburg,0
2007,Unter 1 Jahr,Weiblich,Hessen,0
2007,Unter 1 Jahr,Weiblich,Mecklenburg-Vorpommern,0
2007,Unter 1 Jahr,Weiblich,Niedersachsen,0
2007,Unter 1 Jahr,Weiblich,Nordrhein-Westfalen,0
2007,Unter 1 Jahr,Weiblich,Rheinland-Pfalz,1
2007,Unter 1 Jahr,Weiblich,Saarland,0
2007,Unter 1 Jahr,Weiblich,Sachsen,0
2007,Unter 1 Jahr,Weiblich,Sachsen-Anhalt,0
2007,Unter 1 Jahr,Weiblich,Schleswig-Holstein,0
2007,Unter 1 Jahr,Weiblich,Thüringen,0
2007,1 Jahr bis unter 5 Jahre,Männlich,Deutschland,0
2007,1 Jahr bis unter 5 Jahre,Männlich,Baden-Württemberg,0
2007,1 Jahr bis unter 5 Jahre,Männlich,Bayern,0
2007,1 Jahr bis unter 5 Jahre,Männlich,Berlin,0
2007,1 Jahr bis unter 5 Jahre,Männlich,Brandenburg,0
2007,1 Jahr bis unter 5 Jahre,Männlich,Bremen,0
2007,1 Jahr bis unter 5 Jahre,Männlich,Hamburg,0
2007,1 Jahr bis unter 5 Jahre,Männlich,Hessen,0
2007,1 Jahr bis unter 5 Jahre,Männlich,Mecklenburg-Vorpommern,0
2007,1 Jahr bis unter 5 Jahre,Männlich,Niedersachsen,0
2007,1 Jahr bis unter 5 Jahre,Männlich,Nordrhein-Westfalen,0
2007,1 Jahr bis unter 5 Jahre,Männlich,Rheinland-Pfalz,0
2007,1 Jahr bis unter 5 Jahre,Männlich,Saarland,0
2007,1 Jahr bis unter 5 Jahre,Männlich,Sachsen,0
2007,1 Jahr bis unter 5 Jahre,Männlich,Sachsen-Anhalt,0
2007,1 Jahr bis unter 5 Jahre,Männlich,Schleswig-Holstein,0
2007,1 Jahr bis unter 5 Jahre,Männlich,Thüringen,0
2007,1 Jahr bis unter 5 Jahre,Weiblich,Deutschland,0
2007,1 Jahr bis unter 5 Jahre,Weiblich,Baden-Württemberg,0
2007,1 Jahr bis unter 5 Jahre,Weiblich,Bayern,0
2007,1 Jahr bis unter 5 Jahre,Weiblich,Berlin,0
2007,1 Jahr bis unter 5 Jahre,Weiblich,Brandenburg,0
2007,1 Jahr bis unter 5 Jahre,Weiblich,Bremen,0
2007,1 Jahr bis unter 5 Jahre,Weiblich,Hamburg,0
2007,1 Jahr bis unter 5 Jahre,Weiblich,Hessen,0
2007,1 Jahr bis unter 5 Jahre,Weiblich,Mecklenburg-Vorpommern,0
2007,1 Jahr bis unter 5 Jahre,Weiblich,Niedersachsen,0
2007,1 Jahr bis unter 5 Jahre,Weiblich,Nordrhein-Westfalen,0
2007,1 Jahr bis unter 5 Jahre,Weiblich,Rheinland-Pfalz,0
2007,1 Jahr bis unter 5 Jahre,Weiblich,Saarland,0
2007,1 Jahr bis unter 5 Jahre,Weiblich,Sachsen,0
2007,1 Jahr bis unter 5 Jahre,Weiblich,Sachsen-Anhalt,0
2007,1 Jahr bis unter 5 Jahre,Weiblich,Schleswig-Holstein,0
2007,1 Jahr bis unter 5 Jahre,Weiblich,Thüringen,0
2007,5 bis unter 10 Jahre,Männlich,Deutschland,0
2007,5 bis unter 10 Jahre,Männlich,Baden-Württemberg,0
2007,5 bis unter 10 Jahre,Männlich,Bayern,0
2007,5 bis unter 10 Jahre,Männlich,Berlin,0
2007,5 bis unter 10 Jahre,Männlich,Brandenburg,0
2007,5 bis unter 10 Jahre,Männlich,Bremen,0
2007,5 bis unter 10 Jahre,Männlich,Hamburg,0
2007,5 bis unter 10 Jahre,Männlich,Hessen,0
2007,5 bis unter 10 Jahre,Männlich,Mecklenburg-Vorpommern,0
2007,5 bis unter 10 Jahre,Männlich,Niedersachsen,0
2007,5 bis unter 10 Jahre,Männlich,Nordrhein-Westfalen,0
2007,5 bis unter 10 Jahre,Männlich,Rheinland-Pfalz,0
2007,5 bis unter 10 Jahre,Männlich,Saarland,0
2007,5 bis unter 10 Jahre,Männlich,Sachsen,0
2007,5 bis unter 10 Jahre,Männlich,Sachsen-Anhalt,0
2007,5 bis unter 10 Jahre,Männlich,Schleswig-Holstein,0
2007,5 bis unter 10 Jahre,Männlich,Thüringen,0
2007,5 bis unter 10 Jahre,Weiblich,Deutschland,0
2007,5 bis unter 10 Jahre,Weiblich,Baden-Württemberg,0
2007,5 bis unter 10 Jahre,Weiblich,Bayern,0
2007,5 bis unter 10 Jahre,Weiblich,Berlin,0
2007,5 bis unter 10 Jahre,Weiblich,Brandenburg,0
2007,5 bis unter 10 Jahre,Weiblich,Bremen,0
2007,5 bis unter 10 Jahre,Weiblich,Hamburg,0
2007,5 bis unter 10 Jahre,Weiblich,Hessen,0
2007,5 bis unter 10 Jahre,Weiblich,Mecklenburg-Vorpommern,0
2007,5 bis unter 10 Jahre,Weiblich,Niedersachsen,0
2007,5 bis unter 10 Jahre,Weiblich,Nordrhein-Westfalen,0
2007,5 bis unter 10 Jahre,Weiblich,Rheinland-Pfalz,0
2007,5 bis unter 10 Jahre,Weiblich,Saarland,0
2007,5 bis unter 10 Jahre,Weiblich,Sachsen,0
2007,5 bis unter 10 Jahre,Weiblich,Sachsen-Anhalt,0
2007,5 bis unter 10 Jahre,Weiblich,Schleswig-Holstein,0
2007,5 bis unter 10 Jahre,Weiblich,Thüringen,0
2007,10 bis unter 15 Jahre,Männlich,Deutschland,0
2007,10 bis unter 15 Jahre,Männlich,Baden-Württemberg,0
2007,10 bis unter 15 Jahre,Männlich,Bayern,0
2007,10 bis unter 15 Jahre,Männlich,Berlin,0
2007,10 bis unter 15 Jahre,Männlich,Brandenburg,0
2007,10 bis unter 15 Jahre,Männlich,Bremen,0
2007,10 bis unter 15 Jahre,Männlich,Hamburg,0
2007,10 bis unter 15 Jahre,Männlich,Hessen,0
2007,10 bis unter 15 Jahre,Männlich,Mecklenburg-Vorpommern,0
2007,10 bis unter 15 Jahre,Männlich,Niedersachsen,0
2007,10 bis unter 15 Jahre,Männlich,Nordrhein-Westfalen,0
2007,10 bis unter 15 Jahre,Männlich,Rheinland-Pfalz,0
2007,10 bis unter 15 Jahre,Männlich,Saarland,0
2007,10 bis unter 15 Jahre,Männlich,Sachsen,0
2007,10 bis unter 15 Jahre,Männlich,Sachsen-Anhalt,0
2007,10 bis unter 15 Jahre,Männlich,Schleswig-Holstein,0
2007,10 bis unter 15 Jahre,Männlich,Thüringen,0
2007,10 bis unter 15 Jahre,Weiblich,Deutschland,0
2007,10 bis unter 15 Jahre,Weiblich,Baden-Württemberg,0
2007,10 bis unter 15 Jahre,Weiblich,Bayern,0
2007,10 bis unter 15 Jahre,Weiblich,Berlin,0
2007,10 bis unter 15 Jahre,Weiblich,Brandenburg,0
2007,10 bis unter 15 Jahre,Weiblich,Bremen,0
2007,10 bis unter 15 Jahre,Weiblich,Hamburg,0
2007,10 bis unter 15 Jahre,Weiblich,Hessen,0
2007,10 bis unter 15 Jahre,Weiblich,Mecklenburg-Vorpommern,0
2007,10 bis unter 15 Jahre,Weiblich,Niedersachsen,0
2007,10 bis unter 15 Jahre,Weiblich,Nordrhein-Westfalen,0
2007,10 bis unter 15 Jahre,Weiblich,Rheinland-Pfalz,0
2007,10 bis unter 15 Jahre,Weiblich,Saarland,0
2007,10 bis unter 15 Jahre,Weiblich,Sachsen,0
2007,10 bis unter 15 Jahre,Weiblich,Sachsen-Anhalt,0
2007,10 bis unter 15 Jahre,Weiblich,Schleswig-Holstein,0
2007,10 bis unter 15 Jahre,Weiblich,Thüringen,0
2007,15 bis unter 20 Jahre,Männlich,Deutschland,5
2007,15 bis unter 20 Jahre,Männlich,Baden-Württemberg,0
2007,15 bis unter 20 Jahre,Männlich,Bayern,3
2007,15 bis unter 20 Jahre,Männlich,Berlin,0
2007,15 bis unter 20 Jahre,Männlich,Brandenburg,0
2007,15 bis unter 20 Jahre,Männlich,Bremen,0
2007,15 bis unter 20 Jahre,Männlich,Hamburg,0
2007,15 bis unter 20 Jahre,Männlich,Hessen,2
2007,15 bis unter 20 Jahre,Männlich,Mecklenburg-Vorpommern,0
2007,15 bis unter 20 Jahre,Männlich,Niedersachsen,0
2007,15 bis unter 20 Jahre,Männlich,Nordrhein-Westfalen,0
2007,15 bis unter 20 Jahre,Männlich,Rheinland-Pfalz,0
2007,15 bis unter 20 Jahre,Männlich,Saarland,0
2007,15 bis unter 20 Jahre,Männlich,Sachsen,0
2007,15 bis unter 20 Jahre,Männlich,Sachsen-Anhalt,0
2007,15 bis unter 20 Jahre,Männlich,Schleswig-Holstein,0
2007,15 bis unter 20 Jahre,Männlich,Thüringen,0
2007,15 bis unter 20 Jahre,Weiblich,Deutschland,9
2007,15 bis unter 20 Jahre,Weiblich,Baden-Württemberg,0
2007,15 bis unter 20 Jahre,Weiblich,Bayern,2
2007,15 bis unter 20 Jahre,Weiblich,Berlin,1
2007,15 bis unter 20 Jahre,Weiblich,Brandenburg,0
2007,15 bis unter 20 Jahre,Weiblich,Bremen,0
2007,15 bis unter 20 Jahre,Weiblich,Hamburg,0
2007,15 bis unter 20 Jahre,Weiblich,Hessen,4
2007,15 bis unter 20 Jahre,Weiblich,Mecklenburg-Vorpommern,0
2007,15 bis unter 20 Jahre,Weiblich,Niedersachsen,0
2007,15 bis unter 20 Jahre,Weiblich,Nordrhein-Westfalen,2
2007,15 bis unter 20 Jahre,Weiblich,Rheinland-Pfalz,0
2007,15 bis unter 20 Jahre,Weiblich,Saarland,0
2007,15 bis unter 20 Jahre,Weiblich,Sachsen,0
2007,15 bis unter 20 Jahre,Weiblich,Sachsen-Anhalt,0
2007,15 bis unter 20 Jahre,Weiblich,Schleswig-Holstein,0
2007,15 bis unter 20 Jahre,Weiblich,Thüringen,0
2007,20 bis unter 25 Jahre,Männlich,Deutschland,23
2007,20 bis unter 25 Jahre,Männlich,Baden-Württemberg,0
2007,20 bis unter 25 Jahre,Männlich,Bayern,15
2007,20 bis unter 25 Jahre,Männlich,Berlin,0
2007,20 bis unter 25 Jahre,Männlich,Brandenburg,0
2007,20 bis unter 25 Jahre,Männlich,Bremen,0
2007,20 bis unter 25 Jahre,Männlich,Hamburg,0
2007,20 bis unter 25 Jahre,Männlich,Hessen,6
2007,20 bis unter 25 Jahre,Männlich,Mecklenburg-Vorpommern,0
2007,20 bis unter 25 Jahre,Männlich,Niedersachsen,1
2007,20 bis unter 25 Jahre,Männlich,Nordrhein-Westfalen,1
2007,20 bis unter 25 Jahre,Männlich,Rheinland-Pfalz,0
2007,20 bis unter 25 Jahre,Männlich,Saarland,0
2007,20 bis unter 25 Jahre,Männlich,Sachsen,0
2007,20 bis unter 25 Jahre,Männlich,Sachsen-Anhalt,0
2007,20 bis unter 25 Jahre,Männlich,Schleswig-Holstein,0
2007,20 bis unter 25 Jahre,Männlich,Thüringen,0
2007,20 bis unter 25 Jahre,Weiblich,Deutschland,17
2007,20 bis unter 25 Jahre,Weiblich,Baden-Württemberg,0
2007,20 bis unter 25 Jahre,Weiblich,Bayern,11
2007,20 bis unter 25 Jahre,Weiblich,Berlin,0
2007,20 bis unter 25 Jahre,Weiblich,Brandenburg,0
2007,20 bis unter 25 Jahre,Weiblich,Bremen,0
2007,20 bis unter 25 Jahre,Weiblich,Hamburg,0
2007,20 bis unter 25 Jahre,Weiblich,Hessen,2
2007,20 bis unter 25 Jahre,Weiblich,Mecklenburg-Vorpommern,0
2007,20 bis unter 25 Jahre,Weiblich,Niedersachsen,1
2007,20 bis unter 25 Jahre,Weiblich,Nordrhein-Westfalen,3
2007,20 bis unter 25 Jahre,Weiblich,Rheinland-Pfalz,0
2007,20 bis unter 25 Jahre,Weiblich,Saarland,0
2007,20 bis unter 25 Jahre,Weiblich,Sachsen,0
2007,20 bis unter 25 Jahre,Weiblich,Sachsen-Anhalt,0
2007,20 bis unter 25 Jahre,Weiblich,Schleswig-Holstein,0
2007,20 bis unter 25 Jahre,Weiblich,Thüringen,0
2007,25 bis unter 30 Jahre,Männlich,Deutschland,40
2007,25 bis unter 30 Jahre,Männlich,Baden-Württemberg,0
2007,25 bis unter 30 Jahre,Männlich,Bayern,30
2007,25 bis unter 30 Jahre,Männlich,Berlin,1
2007,25 bis unter 30 Jahre,Männlich,Brandenburg,0
2007,25 bis unter 30 Jahre,Männlich,Bremen,0
2007,25 bis unter 30 Jahre,Männlich,Hamburg,0
2007,25 bis unter 30 Jahre,Männlich,Hessen,9
2007,25 bis unter 30 Jahre,Männlich,Mecklenburg-Vorpommern,0
2007,25 bis unter 30 Jahre,Männlich,Niedersachsen,0
2007,25 bis unter 30 Jahre,Männlich,Nordrhein-Westfalen,0
2007,25 bis unter 30 Jahre,Männlich,Rheinland-Pfalz,0
2007,25 bis unter 30 Jahre,Männlich,Saarland,0
2007,25 bis unter 30 Jahre,Männlich,Sachsen,0
2007,25 bis unter 30 Jahre,Männlich,Sachsen-Anhalt,0
2007,25 bis unter 30 Jahre,Männlich,Schleswig-Holstein,0
2007,25 bis unter 30 Jahre,Männlich,Thüringen,0
2007,25 bis unter 30 Jahre,Weiblich,Deutschland,20
2007,25 bis unter 30 Jahre,Weiblich,Baden-Württemberg,0
2007,25 bis unter 30 Jahre,Weiblich,Bayern,10
2007,25 bis unter 30 Jahre,Weiblich,Berlin,0
2007,25 bis unter 30 Jahre,Weiblich,Brandenburg,0
2007,25 bis unter 30 Jahre,Weiblich,Bremen,0
2007,25 bis unter 30 Jahre,Weiblich,Hamburg,0
2007,25 bis unter 30 Jahre,Weiblich,Hessen,5
2007,25 bis unter 30 Jahre,Weiblich,Mecklenburg-Vorpommern,0
2007,25 bis unter 30 Jahre,Weiblich,Niedersachsen,1
2007,25 bis unter 30 Jahre,Weiblich,Nordrhein-Westfalen,4
2007,25 bis unter 30 Jahre,Weiblich,Rheinland-Pfalz,0
2007,25 bis unter 30 Jahre,Weiblich,Saarland,0
2007,25 bis unter 30 Jahre,Weiblich,Sachsen,0
2007,25 bis unter 30 Jahre,Weiblich,Sachsen-Anhalt,0
2007,25 bis unter 30 Jahre,Weiblich,Schleswig-Holstein,0
2007,25 bis unter 30 Jahre,Weiblich,Thüringen,0
2007,30 bis unter 35 Jahre,Männlich,Deutschland,51
2007,30 bis unter 35 Jahre,Männlich,Baden-Württemberg,0
2007,30 bis unter 35 Jahre,Männlich,Bayern,43
2007,30 bis unter 35 Jahre,Männlich,Berlin,0
2007,30 bis unter 35 Jahre,Männlich,Brandenburg,0
2007,30 bis unter 35 Jahre,Männlich,Bremen,0
2007,30 bis unter 35 Jahre,Männlich,Hamburg,0
2007,30 bis unter 35 Jahre,Männlich,Hessen,8
2007,30 bis unter 35 Jahre,Männlich,Mecklenburg-Vorpommern,0
2007,30 bis unter 35 Jahre,Männlich,Niedersachsen,0
2007,30 bis unter 35 Jahre,Männlich,Nordrhein-Westfalen,0
2007,30 bis unter 35 Jahre,Männlich,Rheinland-Pfalz,0
2007,30 bis unter 35 Jahre,Männlich,Saarland,0
2007,30 bis unter 35 Jahre,Männlich,Sachsen,0
2007,30 bis unter 35 Jahre,Männlich,Sachsen-Anhalt,0
2007,30 bis unter 35 Jahre,Männlich,Schleswig-Holstein,0
2007,30 bis unter 35 Jahre,Männlich,Thüringen,0
2007,30 bis unter 35 Jahre,Weiblich,Deutschland,31
2007,30 bis unter 35 Jahre,Weiblich,Baden-Württemberg,0
2007,30 bis unter 35 Jahre,Weiblich,Bayern,21
2007,30 bis unter 35 Jahre,Weiblich,Berlin,1
2007,30 bis unter 35 Jahre,Weiblich,Brandenburg,0
2007,30 bis unter 35 Jahre,Weiblich,Bremen,0
2007,30 bis unter 35 Jahre,Weiblich,Hamburg,0
2007,30 bis unter 35 Jahre,Weiblich,Hessen,1
2007,30 bis unter 35 Jahre,Weiblich,Mecklenburg-Vorpommern,0
2007,30 bis unter 35 Jahre,Weiblich,Niedersachsen,2
2007,30 bis unter 35 Jahre,Weiblich,Nordrhein-Westfalen,6
2007,30 bis unter 35 Jahre,Weiblich,Rheinland-Pfalz,0
2007,30 bis unter 35 Jahre,Weiblich,Saarland,0
2007,30 bis unter 35 Jahre,Weiblich,Sachsen,0
2007,30 bis unter 35 Jahre,Weiblich,Sachsen-Anhalt,0
2007,30 bis unter 35 Jahre,Weiblich,Schleswig-Holstein,0
2007,30 bis unter 35 Jahre,Weiblich,Thüringen,0
2007,35 bis unter 40 Jahre,Männlich,Deutschland,28
2007,35 bis unter 40 Jahre,Männlich,Baden-Württemberg,0
2007,35 bis unter 40 Jahre,Männlich,Bayern,26
2007,35 bis unter 40 Jahre,Männlich,Berlin,0
2007,35 bis unter 40 Jahre,Männlich,Brandenburg,0
2007,35 bis unter 40 Jahre,Männlich,Bremen,0
2007,35 bis unter 40 Jahre,Männlich,Hamburg,0
2007,35 bis unter 40 Jahre,Männlich,Hessen,2
2007,35 bis unter 40 Jahre,Männlich,Mecklenburg-Vorpommern,0
2007,35 bis unter 40 Jahre,Männlich,Niedersachsen,0
2007,35 bis unter 40 Jahre,Männlich,Nordrhein-Westfalen,0
2007,35 bis unter 40 Jahre,Männlich,Rheinland-Pfalz,0
2007,35 bis unter 40 Jahre,Männlich,Saarland,0
2007,35 bis unter 40 Jahre,Männlich,Sachsen,0
2007,35 bis unter 40 Jahre,Männlich,Sachsen-Anhalt,0
2007,35 bis unter 40 Jahre,Männlich,Schleswig-Holstein,0
2007,35 bis unter 40 Jahre,Männlich,Thüringen,0
2007,35 bis unter 40 Jahre,Weiblich,Deutschland,34
2007,35 bis unter 40 Jahre,Weiblich,Baden-Württemberg,1
2007,35 bis unter 40 Jahre,Weiblich,Bayern,12
2007,35 bis unter 40 Jahre,Weiblich,Berlin,2
2007,35 bis unter 40 Jahre,Weiblich,Brandenburg,0
2007,35 bis unter 40 Jahre,Weiblich,Bremen,0
2007,35 bis unter 40 Jahre,Weiblich,Hamburg,0
2007,35 bis unter 40 Jahre,Weiblich,Hessen,4
2007,35 bis unter 40 Jahre,Weiblich,Mecklenburg-Vorpommern,0
2007,35 bis unter 40 Jahre,Weiblich,Niedersachsen,2
2007,35 bis unter 40 Jahre,Weiblich,Nordrhein-Westfalen,12
2007,35 bis unter 40 Jahre,Weiblich,Rheinland-Pfalz,0
2007,35 bis unter 40 Jahre,Weiblich,Saarland,0
2007,35 bis unter 40 Jahre,Weiblich,Sachsen,0
2007,35 bis unter 40 Jahre,Weiblich,Sachsen-Anhalt,1
2007,35 bis unter 40 Jahre,Weiblich,Schleswig-Holstein,0
2007,35 bis unter 40 Jahre,Weiblich,Thüringen,0
2007,40 bis unter 45 Jahre,Männlich,Deutschland,39
2007,40 bis unter 45 Jahre,Männlich,Baden-Württemberg,0
2007,40 bis unter 45 Jahre,Männlich,Bayern,23
2007,40 bis unter 45 Jahre,Männlich,Berlin,5
2007,40 bis unter 45 Jahre,Männlich,Brandenburg,0
2007,40 bis unter 45 Jahre,Männlich,Bremen,0
2007,40 bis unter 45 Jahre,Männlich,Hamburg,0
2007,40 bis unter 45 Jahre,Männlich,Hessen,11
2007,40 bis unter 45 Jahre,Männlich,Mecklenburg-Vorpommern,0
2007,40 bis unter 45 Jahre,Männlich,Niedersachsen,0
2007,40 bis unter 45 Jahre,Männlich,Nordrhein-Westfalen,0
2007,40 bis unter 45 Jahre,Männlich,Rheinland-Pfalz,0
2007,40 bis unter 45 Jahre,Männlich,Saarland,0
2007,40 bis unter 45 Jahre,Männlich,Sachsen,0
2007,40 bis unter 45 Jahre,Männlich,Sachsen-Anhalt,0
2007,40 bis unter 45 Jahre,Männlich,Schleswig-Holstein,0
2007,40 bis unter 45 Jahre,Männlich,Thüringen,0
2007,40 bis unter 45 Jahre,Weiblich,Deutschland,45
2007,40 bis unter 45 Jahre,Weiblich,Baden-Württemberg,0
2007,40 bis unter 45 Jahre,Weiblich,Bayern,19
2007,40 bis unter 45 Jahre,Weiblich,Berlin,3
2007,40 bis unter 45 Jahre,Weiblich,Brandenburg,0
2007,40 bis unter 45 Jahre,Weiblich,Bremen,0
2007,40 bis unter 45 Jahre,Weiblich,Hamburg,0
2007,40 bis unter 45 Jahre,Weiblich,Hessen,2
2007,40 bis unter 45 Jahre,Weiblich,Mecklenburg-Vorpommern,0
2007,40 bis unter 45 Jahre,Weiblich,Niedersachsen,9
2007,40 bis unter 45 Jahre,Weiblich,Nordrhein-Westfalen,12
2007,40 bis unter 45 Jahre,Weiblich,Rheinland-Pfalz,0
2007,40 bis unter 45 Jahre,Weiblich,Saarland,0
2007,40 bis unter 45 Jahre,Weiblich,Sachsen,0
2007,40 bis unter 45 Jahre,Weiblich,Sachsen-Anhalt,0
2007,40 bis unter 45 Jahre,Weiblich,Schleswig-Holstein,0
2007,40 bis unter 45 Jahre,Weiblich,Thüringen,0
2007,45 bis unter 50 Jahre,Männlich,Deutschland,13
2007,45 bis unter 50 Jahre,Männlich,Baden-Württemberg,0
2007,45 bis unter 50 Jahre,Männlich,Bayern,8
2007,45 bis unter 50 Jahre,Männlich,Berlin,1
2007,45 bis unter 50 Jahre,Männlich,Brandenburg,0
2007,45 bis unter 50 Jahre,Männlich,Bremen,0
2007,45 bis unter 50 Jahre,Männlich,Hamburg,0
2007,45 bis unter 50 Jahre,Männlich,Hessen,4
2007,45 bis unter 50 Jahre,Männlich,Mecklenburg-Vorpommern,0
2007,45 bis unter 50 Jahre,Männlich,Niedersachsen,0
2007,45 bis unter 50 Jahre,Männlich,Nordrhein-Westfalen,0
2007,45 bis unter 50 Jahre,Männlich,Rheinland-Pfalz,0
2007,45 bis unter 50 Jahre,Männlich,Saarland,0
2007,45 bis unter 50 Jahre,Männlich,Sachsen,0
2007,45 bis unter 50 Jahre,Männlich,Sachsen-Anhalt,0
2007,45 bis unter 50 Jahre,Männlich,Schleswig-Holstein,0
2007,45 bis unter 50 Jahre,Männlich,Thüringen,0
2007,45 bis unter 50 Jahre,Weiblich,Deutschland,23
2007,45 bis unter 50 Jahre,Weiblich,Baden-Württemberg,1
2007,45 bis unter 50 Jahre,Weiblich,Bayern,14
2007,45 bis unter 50 Jahre,Weiblich,Berlin,2
2007,45 bis unter 50 Jahre,Weiblich,Brandenburg,0
2007,45 bis unter 50 Jahre,Weiblich,Bremen,0
2007,45 bis unter 50 Jahre,Weiblich,Hamburg,0
2007,45 bis unter 50 Jahre,Weiblich,Hessen,1
2007,45 bis unter 50 Jahre,Weiblich,Mecklenburg-Vorpommern,0
2007,45 bis unter 50 Jahre,Weiblich,Niedersachsen,1
2007,45 bis unter 50 Jahre,Weiblich,Nordrhein-Westfalen,3
2007,45 bis unter 50 Jahre,Weiblich,Rheinland-Pfalz,0
2007,45 bis unter 50 Jahre,Weiblich,Saarland,0
2007,45 bis unter 50 Jahre,Weiblich,Sachsen,0
2007,45 bis unter 50 Jahre,Weiblich,Sachsen-Anhalt,1
2007,45 bis unter 50 Jahre,Weiblich,Schleswig-Holstein,0
2007,45 bis unter 50 Jahre,Weiblich,Thüringen,0
2007,50 bis unter 55 Jahre,Männlich,Deutschland,3
2007,50 bis unter 55 Jahre,Männlich,Baden-Württemberg,0
2007,50 bis unter 55 Jahre,Männlich,Bayern,1
2007,50 bis unter 55 Jahre,Männlich,Berlin,0
2007,50 bis unter 55 Jahre,Männlich,Brandenburg,0
2007,50 bis unter 55 Jahre,Männlich,Bremen,0
2007,50 bis unter 55 Jahre,Männlich,Hamburg,0
2007,50 bis unter 55 Jahre,Männlich,Hessen,0
2007,50 bis unter 55 Jahre,Männlich,Mecklenburg-Vorpommern,0
2007,50 bis unter 55 Jahre,Männlich,Niedersachsen,0
2007,50 bis unter 55 Jahre,Männlich,Nordrhein-Westfalen,2
2007,50 bis unter 55 Jahre,Männlich,Rheinland-Pfalz,0
2007,50 bis unter 55 Jahre,Männlich,Saarland,0
2007,50 bis unter 55 Jahre,Männlich,Sachsen,0
2007,50 bis unter 55 Jahre,Männlich,Sachsen-Anhalt,0
2007,50 bis unter 55 Jahre,Männlich,Schleswig-Holstein,0
2007,50 bis unter 55 Jahre,Männlich,Thüringen,0
2007,50 bis unter 55 Jahre,Weiblich,Deutschland,16
2007,50 bis unter 55 Jahre,Weiblich,Baden-Württemberg,0
2007,50 bis unter 55 Jahre,Weiblich,Bayern,5
2007,50 bis unter 55 Jahre,Weiblich,Berlin,1
2007,50 bis unter 55 Jahre,Weiblich,Brandenburg,0
2007,50 bis unter 55 Jahre,Weiblich,Bremen,0
2007,50 bis unter 55 Jahre,Weiblich,Hamburg,0
2007,50 bis unter 55 Jahre,Weiblich,Hessen,3
2007,50 bis unter 55 Jahre,Weiblich,Mecklenburg-Vorpommern,0
2007,50 bis unter 55 Jahre,Weiblich,Niedersachsen,1
2007,50 bis unter 55 Jahre,Weiblich,Nordrhein-Westfalen,6
2007,50 bis unter 55 Jahre,Weiblich,Rheinland-Pfalz,0
2007,50 bis unter 55 Jahre,Weiblich,Saarland,0
2007,50 bis unter 55 Jahre,Weiblich,Sachsen,0
2007,50 bis unter 55 Jahre,Weiblich,Sachsen-Anhalt,0
2007,50 bis unter 55 Jahre,Weiblich,Schleswig-Holstein,0
2007,50 bis unter 55 Jahre,Weiblich,Thüringen,0
2007,55 bis unter 60 Jahre,Männlich,Deutschland,1
2007,55 bis unter 60 Jahre,Männlich,Baden-Württemberg,0
2007,55 bis unter 60 Jahre,Männlich,Bayern,0
2007,55 bis unter 60 Jahre,Männlich,Berlin,0
2007,55 bis unter 60 Jahre,Männlich,Brandenburg,0
2007,55 bis unter 60 Jahre,Männlich,Bremen,0
2007,55 bis unter 60 Jahre,Männlich,Hamburg,0
2007,55 bis unter 60 Jahre,Männlich,Hessen,1
2007,55 bis unter 60 Jahre,Männlich,Mecklenburg-Vorpommern,0
2007,55 bis unter 60 Jahre,Männlich,Niedersachsen,0
2007,55 bis unter 60 Jahre,Männlich,Nordrhein-Westfalen,0
2007,55 bis unter 60 Jahre,Männlich,Rheinland-Pfalz,0
2007,55 bis unter 60 Jahre,Männlich,Saarland,0
2007,55 bis unter 60 Jahre,Männlich,Sachsen,0
2007,55 bis unter 60 Jahre,Männlich,Sachsen-Anhalt,0
2007,55 bis unter 60 Jahre,Männlich,Schleswig-Holstein,0
2007,55 bis unter 60 Jahre,Männlich,Thüringen,0
2007,55 bis unter 60 Jahre,Weiblich,Deutschland,11
2007,55 bis unter 60 Jahre,Weiblich,Baden-Württemberg,0
2007,55 bis unter 60 Jahre,Weiblich,Bayern,2
2007,55 bis unter 60 Jahre,Weiblich,Berlin,1
2007,55 bis unter 60 Jahre,Weiblich,Brandenburg,0
2007,55 bis unter 60 Jahre,Weiblich,Bremen,0
2007,55 bis unter 60 Jahre,Weiblich,Hamburg,0
2007,55 bis unter 60 Jahre,Weiblich,Hessen,0
2007,55 bis unter 60 Jahre,Weiblich,Mecklenburg-Vorpommern,0
2007,55 bis unter 60 Jahre,Weiblich,Niedersachsen,2
2007,55 bis unter 60 Jahre,Weiblich,Nordrhein-Westfalen,6
2007,55 bis unter 60 Jahre,Weiblich,Rheinland-Pfalz,0
2007,55 bis unter 60 Jahre,Weiblich,Saarland,0
2007,55 bis unter 60 Jahre,Weiblich,Sachsen,0
2007,55 bis unter 60 Jahre,Weiblich,Sachsen-Anhalt,0
2007,55 bis unter 60 Jahre,Weiblich,Schleswig-Holstein,0
2007,55 bis unter 60 Jahre,Weiblich,Thüringen,0
2007,60 bis unter 65 Jahre,Männlich,Deutschland,2
2007,60 bis unter 65 Jahre,Männlich,Baden-Württemberg,0
2007,60 bis unter 65 Jahre,Männlich,Bayern,1
2007,60 bis unter 65 Jahre,Männlich,Berlin,1
2007,60 bis unter 65 Jahre,Männlich,Brandenburg,0
2007,60 bis unter 65 Jahre,Männlich,Bremen,0
2007,60 bis unter 65 Jahre,Männlich,Hamburg,0
2007,60 bis unter 65 Jahre,Männlich,Hessen,0
2007,60 bis unter 65 Jahre,Männlich,Mecklenburg-Vorpommern,0
2007,60 bis unter 65 Jahre,Männlich,Niedersachsen,0
2007,60 bis unter 65 Jahre,Männlich,Nordrhein-Westfalen,0
2007,60 bis unter 65 Jahre,Männlich,Rheinland-Pfalz,0
2007,60 bis unter 65 Jahre,Männlich,Saarland,0
2007,60 bis unter 65 Jahre,Männlich,Sachsen,0
2007,60 bis unter 65 Jahre,Männlich,Sachsen-Anhalt,0
2007,60 bis unter 65 Jahre,Männlich,Schleswig-Holstein,0
2007,60 bis unter 65 Jahre,Männlich,Thüringen,0
2007,60 bis unter 65 Jahre,Weiblich,Deutschland,1
2007,60 bis unter 65 Jahre,Weiblich,Baden-Württemberg,0
2007,60 bis unter 65 Jahre,Weiblich,Bayern,0
2007,60 bis unter 65 Jahre,Weiblich,Berlin,0
2007,60 bis unter 65 Jahre,Weiblich,Brandenburg,0
2007,60 bis unter 65 Jahre,Weiblich,Bremen,0
2007,60 bis unter 65 Jahre,Weiblich,Hamburg,0
2007,60 bis unter 65 Jahre,Weiblich,Hessen,0
2007,60 bis unter 65 Jahre,Weiblich,Mecklenburg-Vorpommern,0
2007,60 bis unter 65 Jahre,Weiblich,Niedersachsen,0
2007,60 bis unter 65 Jahre,Weiblich,Nordrhein-Westfalen,1
2007,60 bis unter 65 Jahre,Weiblich,Rheinland-Pfalz,0
2007,60 bis unter 65 Jahre,Weiblich,Saarland,0
2007,60 bis unter 65 Jahre,Weiblich,Sachsen,0
2007,60 bis unter 65 Jahre,Weiblich,Sachsen-Anhalt,0
2007,60 bis unter 65 Jahre,Weiblich,Schleswig-Holstein,0
2007,60 bis unter 65 Jahre,Weiblich,Thüringen,0
2007,65 bis unter 70 Jahre,Männlich,Deutschland,0
2007,65 bis unter 70 Jahre,Männlich,Baden-Württemberg,0
2007,65 bis unter 70 Jahre,Männlich,Bayern,0
2007,65 bis unter 70 Jahre,Männlich,Berlin,0
2007,65 bis unter 70 Jahre,Männlich,Brandenburg,0
2007,65 bis unter 70 Jahre,Männlich,Bremen,0
2007,65 bis unter 70 Jahre,Männlich,Hamburg,0
2007,65 bis unter 70 Jahre,Männlich,Hessen,0
2007,65 bis unter 70 Jahre,Männlich,Mecklenburg-Vorpommern,0
2007,65 bis unter 70 Jahre,Männlich,Niedersachsen,0
2007,65 bis unter 70 Jahre,Männlich,Nordrhein-Westfalen,0
2007,65 bis unter 70 Jahre,Männlich,Rheinland-Pfalz,0
2007,65 bis unter 70 Jahre,Männlich,Saarland,0
2007,65 bis unter 70 Jahre,Männlich,Sachsen,0
2007,65 bis unter 70 Jahre,Männlich,Sachsen-Anhalt,0
2007,65 bis unter 70 Jahre,Männlich,Schleswig-Holstein,0
2007,65 bis unter 70 Jahre,Männlich,Thüringen,0
2007,65 bis unter 70 Jahre,Weiblich,Deutschland,4
2007,65 bis unter 70 Jahre,Weiblich,Baden-Württemberg,0
2007,65 bis unter 70 Jahre,Weiblich,Bayern,1
2007,65 bis unter 70 Jahre,Weiblich,Berlin,0
2007,65 bis unter 70 Jahre,Weiblich,Brandenburg,0
2007,65 bis unter 70 Jahre,Weiblich,Bremen,0
2007,65 bis unter 70 Jahre,Weiblich,Hamburg,0
2007,65 bis unter 70 Jahre,Weiblich,Hessen,1
2007,65 bis unter 70 Jahre,Weiblich,Mecklenburg-Vorpommern,0
2007,65 bis unter 70 Jahre,Weiblich,Niedersachsen,0
2007,65 bis unter 70 Jahre,Weiblich,Nordrhein-Westfalen,2
2007,65 bis unter 70 Jahre,Weiblich,Rheinland-Pfalz,0
2007,65 bis unter 70 Jahre,Weiblich,Saarland,0
2007,65 bis unter 70 Jahre,Weiblich,Sachsen,0
2007,65 bis unter 70 Jahre,Weiblich,Sachsen-Anhalt,0
2007,65 bis unter 70 Jahre,Weiblich,Schleswig-Holstein,0
2007,65 bis unter 70 Jahre,Weiblich,Thüringen,0
2007,70 bis unter 75 Jahre,Männlich,Deutschland,0
2007,70 bis unter 75 Jahre,Männlich,Baden-Württemberg,0
2007,70 bis unter 75 Jahre,Männlich,Bayern,0
2007,70 bis unter 75 Jahre,Männlich,Berlin,0
2007,70 bis unter 75 Jahre,Männlich,Brandenburg,0
2007,70 bis unter 75 Jahre,Männlich,Bremen,0
2007,70 bis unter 75 Jahre,Männlich,Hamburg,0
2007,70 bis unter 75 Jahre,Männlich,Hessen,0
2007,70 bis unter 75 Jahre,Männlich,Mecklenburg-Vorpommern,0
2007,70 bis unter 75 Jahre,Männlich,Niedersachsen,0
2007,70 bis unter 75 Jahre,Männlich,Nordrhein-Westfalen,0
2007,70 bis unter 75 Jahre,Männlich,Rheinland-Pfalz,0
2007,70 bis unter 75 Jahre,Männlich,Saarland,0
2007,70 bis unter 75 Jahre,Männlich,Sachsen,0
2007,70 bis unter 75 Jahre,Männlich,Sachsen-Anhalt,0
2007,70 bis unter 75 Jahre,Männlich,Schleswig-Holstein,0
2007,70 bis unter 75 Jahre,Männlich,Thüringen,0
2007,70 bis unter 75 Jahre,Weiblich,Deutschland,2
2007,70 bis unter 75 Jahre,Weiblich,Baden-Württemberg,0
2007,70 bis unter 75 Jahre,Weiblich,Bayern,2
2007,70 bis unter 75 Jahre,Weiblich,Berlin,0
2007,70 bis unter 75 Jahre,Weiblich,Brandenburg,0
2007,70 bis unter 75 Jahre,Weiblich,Bremen,0
2007,70 bis unter 75 Jahre,Weiblich,Hamburg,0
2007,70 bis unter 75 Jahre,Weiblich,Hessen,0
2007,70 bis unter 75 Jahre,Weiblich,Mecklenburg-Vorpommern,0
2007,70 bis unter 75 Jahre,Weiblich,Niedersachsen,0
2007,70 bis unter 75 Jahre,Weiblich,Nordrhein-Westfalen,0
2007,70 bis unter 75 Jahre,Weiblich,Rheinland-Pfalz,0
2007,70 bis unter 75 Jahre,Weiblich,Saarland,0
2007,70 bis unter 75 Jahre,Weiblich,Sachsen,0
2007,70 bis unter 75 Jahre,Weiblich,Sachsen-Anhalt,0
2007,70 bis unter 75 Jahre,Weiblich,Schleswig-Holstein,0
2007,70 bis unter 75 Jahre,Weiblich,Thüringen,0
2007,75 bis unter 80 Jahre,Männlich,Deutschland,0
2007,75 bis unter 80 Jahre,Männlich,Baden-Württemberg,0
2007,75 bis unter 80 Jahre,Männlich,Bayern,0
2007,75 bis unter 80 Jahre,Männlich,Berlin,0
2007,75 bis unter 80 Jahre,Männlich,Brandenburg,0
2007,75 bis unter 80 Jahre,Männlich,Bremen,0
2007,75 bis unter 80 Jahre,Männlich,Hamburg,0
2007,75 bis unter 80 Jahre,Männlich,Hessen,0
2007,75 bis unter 80 Jahre,Männlich,Mecklenburg-Vorpommern,0
2007,75 bis unter 80 Jahre,Männlich,Niedersachsen,0
2007,75 bis unter 80 Jahre,Männlich,Nordrhein-Westfalen,0
2007,75 bis unter 80 Jahre,Männlich,Rheinland-Pfalz,0
2007,75 bis unter 80 Jahre,Männlich,Saarland,0
2007,75 bis unter 80 Jahre,Männlich,Sachsen,0
2007,75 bis unter 80 Jahre,Männlich,Sachsen-Anhalt,0
2007,75 bis unter 80 Jahre,Männlich,Schleswig-Holstein,0
2007,75 bis unter 80 Jahre,Männlich,Thüringen,0
2007,75 bis unter 80 Jahre,Weiblich,Deutschland,0
2007,75 bis unter 80 Jahre,Weiblich,Baden-Württemberg,0
2007,75 bis unter 80 Jahre,Weiblich,Bayern,0
2007,75 bis unter 80 Jahre,Weiblich,Berlin,0
2007,75 bis unter 80 Jahre,Weiblich,Brandenburg,0
2007,75 bis unter 80 Jahre,Weiblich,Bremen,0
2007,75 bis unter 80 Jahre,Weiblich,Hamburg,0
2007,75 bis unter 80 Jahre,Weiblich,Hessen,0
2007,75 bis unter 80 Jahre,Weiblich,Mecklenburg-Vorpommern,0
2007,75 bis unter 80 Jahre,Weiblich,Niedersachsen,0
2007,75 bis unter 80 Jahre,Weiblich,Nordrhein-Westfalen,0
2007,75 bis unter 80 Jahre,Weiblich,Rheinland-Pfalz,0
2007,75 bis unter 80 Jahre,Weiblich,Saarland,0
2007,75 bis unter 80 Jahre,Weiblich,Sachsen,0
2007,75 bis unter 80 Jahre,Weiblich,Sachsen-Anhalt,0
2007,75 bis unter 80 Jahre,Weiblich,Schleswig-Holstein,0
2007,75 bis unter 80 Jahre,Weiblich,Thüringen,0
2007,80 bis unter 85 Jahre,Männlich,Deutschland,0
2007,80 bis unter 85 Jahre,Männlich,Baden-Württemberg,0
2007,80 bis unter 85 Jahre,Männlich,Bayern,0
2007,80 bis unter 85 Jahre,Männlich,Berlin,0
2007,80 bis unter 85 Jahre,Männlich,Brandenburg,0
2007,80 bis unter 85 Jahre,Männlich,Bremen,0
2007,80 bis unter 85 Jahre,Männlich,Hamburg,0
2007,80 bis unter 85 Jahre,Männlich,Hessen,0
2007,80 bis unter 85 Jahre,Männlich,Mecklenburg-Vorpommern,0
2007,80 bis unter 85 Jahre,Männlich,Niedersachsen,0
2007,80 bis unter 85 Jahre,Männlich,Nordrhein-Westfalen,0
2007,80 bis unter 85 Jahre,Männlich,Rheinland-Pfalz,0
2007,80 bis unter 85 Jahre,Männlich,Saarland,0
2007,80 bis unter 85 Jahre,Männlich,Sachsen,0
2007,80 bis unter 85 Jahre,Männlich,Sachsen-Anhalt,0
2007,80 bis unter 85 Jahre,Männlich,Schleswig-Holstein,0
2007,80 bis unter 85 Jahre,Männlich,Thüringen,0
2007,80 bis unter 85 Jahre,Weiblich,Deutschland,0
2007,80 bis unter 85 Jahre,Weiblich,Baden-Württemberg,0
2007,80 bis unter 85 Jahre,Weiblich,Bayern,0
2007,80 bis unter 85 Jahre,Weiblich,Berlin,0
2007,80 bis unter 85 Jahre,Weiblich,Brandenburg,0
2007,80 bis unter 85 Jahre,Weiblich,Bremen,0
2007,80 bis unter 85 Jahre,Weiblich,Hamburg,0
2007,80 bis unter 85 Jahre,Weiblich,Hessen,0
2007,80 bis unter 85 Jahre,Weiblich,Mecklenburg-Vorpommern,0
2007,80 bis unter 85 Jahre,Weiblich,Niedersachsen,0
2007,80 bis unter 85 Jahre,Weiblich,Nordrhein-Westfalen,0
2007,80 bis unter 85 Jahre,Weiblich,Rheinland-Pfalz,0
2007,80 bis unter 85 Jahre,Weiblich,Saarland,0
2007,80 bis unter 85 Jahre,Weiblich,Sachsen,0
2007,80 bis unter 85 Jahre,Weiblich,Sachsen-Anhalt,0
2007,80 bis unter 85 Jahre,Weiblich,Schleswig-Holstein,0
2007,80 bis unter 85 Jahre,Weiblich,Thüringen,0
2007,85 bis unter 90 Jahre,Männlich,Deutschland,0
2007,85 bis unter 90 Jahre,Männlich,Baden-Württemberg,0
2007,85 bis unter 90 Jahre,Männlich,Bayern,0
2007,85 bis unter 90 Jahre,Männlich,Berlin,0
2007,85 bis unter 90 Jahre,Männlich,Brandenburg,0
2007,85 bis unter 90 Jahre,Männlich,Bremen,0
2007,85 bis unter 90 Jahre,Männlich,Hamburg,0
2007,85 bis unter 90 Jahre,Männlich,Hessen,0
2007,85 bis unter 90 Jahre,Männlich,Mecklenburg-Vorpommern,0
2007,85 bis unter 90 Jahre,Männlich,Niedersachsen,0
2007,85 bis unter 90 Jahre,Männlich,Nordrhein-Westfalen,0
2007,85 bis unter 90 Jahre,Männlich,Rheinland-Pfalz,0
2007,85 bis unter 90 Jahre,Männlich,Saarland,0
2007,85 bis unter 90 Jahre,Männlich,Sachsen,0
2007,85 bis unter 90 Jahre,Männlich,Sachsen-Anhalt,0
2007,85 bis unter 90 Jahre,Männlich,Schleswig-Holstein,0
2007,85 bis unter 90 Jahre,Männlich,Thüringen,0
2007,85 bis unter 90 Jahre,Weiblich,Deutschland,0
2007,85 bis unter 90 Jahre,Weiblich,Baden-Württemberg,0
2007,85 bis unter 90 Jahre,Weiblich,Bayern,0
2007,85 bis unter 90 Jahre,Weiblich,Berlin,0
2007,85 bis unter 90 Jahre,Weiblich,Brandenburg,0
2007,85 bis unter 90 Jahre,Weiblich,Bremen,0
2007,85 bis unter 90 Jahre,Weiblich,Hamburg,0
2007,85 bis unter 90 Jahre,Weiblich,Hessen,0
2007,85 bis unter 90 Jahre,Weiblich,Mecklenburg-Vorpommern,0
2007,85 bis unter 90 Jahre,Weiblich,Niedersachsen,0
2007,85 bis unter 90 Jahre,Weiblich,Nordrhein-Westfalen,0
2007,85 bis unter 90 Jahre,Weiblich,Rheinland-Pfalz,0
2007,85 bis unter 90 Jahre,Weiblich,Saarland,0
2007,85 bis unter 90 Jahre,Weiblich,Sachsen,0
2007,85 bis unter 90 Jahre,Weiblich,Sachsen-Anhalt,0
2007,85 bis unter 90 Jahre,Weiblich,Schleswig-Holstein,0
2007,85 bis unter 90 Jahre,Weiblich,Thüringen,0
2007,90 bis unter 95 Jahre,Männlich,Deutschland,0
2007,90 bis unter 95 Jahre,Männlich,Baden-Württemberg,0
2007,90 bis unter 95 Jahre,Männlich,Bayern,0
2007,90 bis unter 95 Jahre,Männlich,Berlin,0
2007,90 bis unter 95 Jahre,Männlich,Brandenburg,0
2007,90 bis unter 95 Jahre,Männlich,Bremen,0
2007,90 bis unter 95 Jahre,Männlich,Hamburg,0
2007,90 bis unter 95 Jahre,Männlich,Hessen,0
2007,90 bis unter 95 Jahre,Männlich,Mecklenburg-Vorpommern,0
2007,90 bis unter 95 Jahre,Männlich,Niedersachsen,0
2007,90 bis unter 95 Jahre,Männlich,Nordrhein-Westfalen,0
2007,90 bis unter 95 Jahre,Männlich,Rheinland-Pfalz,0
2007,90 bis unter 95 Jahre,Männlich,Saarland,0
2007,90 bis unter 95 Jahre,Männlich,Sachsen,0
2007,90 bis unter 95 Jahre,Männlich,Sachsen-Anhalt,0
2007,90 bis unter 95 Jahre,Männlich,Schleswig-Holstein,0
2007,90 bis unter 95 Jahre,Männlich,Thüringen,0
2007,90 bis unter 95 Jahre,Weiblich,Deutschland,0
2007,90 bis unter 95 Jahre,Weiblich,Baden-Württemberg,0
2007,90 bis unter 95 Jahre,Weiblich,Bayern,0
2007,90 bis unter 95 Jahre,Weiblich,Berlin,0
2007,90 bis unter 95 Jahre,Weiblich,Brandenburg,0
2007,90 bis unter 95 Jahre,Weiblich,Bremen,0
2007,90 bis unter 95 Jahre,Weiblich,Hamburg,0
2007,90 bis unter 95 Jahre,Weiblich,Hessen,0
2007,90 bis unter 95 Jahre,Weiblich,Mecklenburg-Vorpommern,0
2007,90 bis unter 95 Jahre,Weiblich,Niedersachsen,0
2007,90 bis unter 95 Jahre,Weiblich,Nordrhein-Westfalen,0
2007,90 bis unter 95 Jahre,Weiblich,Rheinland-Pfalz,0
2007,90 bis unter 95 Jahre,Weiblich,Saarland,0
2007,90 bis unter 95 Jahre,Weiblich,Sachsen,0
2007,90 bis unter 95 Jahre,Weiblich,Sachsen-Anhalt,0
2007,90 bis unter 95 Jahre,Weiblich,Schleswig-Holstein,0
2007,90 bis unter 95 Jahre,Weiblich,Thüringen,0
2007,95 Jahre und älter,Männlich,Deutschland,0
2007,95 Jahre und älter,Männlich,Baden-Württemberg,0
2007,95 Jahre und älter,Männlich,Bayern,0
2007,95 Jahre und älter,Männlich,Berlin,0
2007,95 Jahre und älter,Männlich,Brandenburg,0
2007,95 Jahre und älter,Männlich,Bremen,0
2007,95 Jahre und älter,Männlich,Hamburg,0
2007,95 Jahre und älter,Männlich,Hessen,0
2007,95 Jahre und älter,Männlich,Mecklenburg-Vorpommern,0
2007,95 Jahre und älter,Männlich,Niedersachsen,0
2007,95 Jahre und älter,Männlich,Nordrhein-Westfalen,0
2007,95 Jahre und älter,Männlich,Rheinland-Pfalz,0
2007,95 Jahre und älter,Männlich,Saarland,0
2007,95 Jahre und älter,Männlich,Sachsen,0
2007,95 Jahre und älter,Männlich,Sachsen-Anhalt,0
2007,95 Jahre und älter,Männlich,Schleswig-Holstein,0
2007,95 Jahre und älter,Männlich,Thüringen,0
2007,95 Jahre und älter,Weiblich,Deutschland,0
2007,95 Jahre und älter,Weiblich,Baden-Württemberg,0
2007,95 Jahre und älter,Weiblich,Bayern,0
2007,95 Jahre und älter,Weiblich,Berlin,0
2007,95 Jahre und älter,Weiblich,Brandenburg,0
2007,95 Jahre und älter,Weiblich,Bremen,0
2007,95 Jahre und älter,Weiblich,Hamburg,0
2007,95 Jahre und älter,Weiblich,Hessen,0
2007,95 Jahre und älter,Weiblich,Mecklenburg-Vorpommern,0
2007,95 Jahre und älter,Weiblich,Niedersachsen,0
2007,95 Jahre und älter,Weiblich,Nordrhein-Westfalen,0
2007,95 Jahre und älter,Weiblich,Rheinland-Pfalz,0
2007,95 Jahre und älter,Weiblich,Saarland,0
2007,95 Jahre und älter,Weiblich,Sachsen,0
2007,95 Jahre und älter,Weiblich,Sachsen-Anhalt,0
2007,95 Jahre und älter,Weiblich,Schleswig-Holstein,0
2007,95 Jahre und älter,Weiblich,Thüringen,0
2008,Unter 1 Jahr,Männlich,Deutschland,0
2008,Unter 1 Jahr,Männlich,Baden-Württemberg,0
2008,Unter 1 Jahr,Männlich,Bayern,0
2008,Unter 1 Jahr,Männlich,Berlin,0
2008,Unter 1 Jahr,Männlich,Brandenburg,0
2008,Unter 1 Jahr,Männlich,Bremen,0
2008,Unter 1 Jahr,Männlich,Hamburg,0
2008,Unter 1 Jahr,Männlich,Hessen,0
2008,Unter 1 Jahr,Männlich,Mecklenburg-Vorpommern,0
2008,Unter 1 Jahr,Männlich,Niedersachsen,0
2008,Unter 1 Jahr,Männlich,Nordrhein-Westfalen,0
2008,Unter 1 Jahr,Männlich,Rheinland-Pfalz,0
2008,Unter 1 Jahr,Männlich,Saarland,0
2008,Unter 1 Jahr,Männlich,Sachsen,0
2008,Unter 1 Jahr,Männlich,Sachsen-Anhalt,0
2008,Unter 1 Jahr,Männlich,Schleswig-Holstein,0
2008,Unter 1 Jahr,Männlich,Thüringen,0
2008,Unter 1 Jahr,Weiblich,Deutschland,0
2008,Unter 1 Jahr,Weiblich,Baden-Württemberg,0
2008,Unter 1 Jahr,Weiblich,Bayern,0
2008,Unter 1 Jahr,Weiblich,Berlin,0
2008,Unter 1 Jahr,Weiblich,Brandenburg,0
2008,Unter 1 Jahr,Weiblich,Bremen,0
2008,Unter 1 Jahr,Weiblich,Hamburg,0
2008,Unter 1 Jahr,Weiblich,Hessen,0
2008,Unter 1 Jahr,Weiblich,Mecklenburg-Vorpommern,0
2008,Unter 1 Jahr,Weiblich,Niedersachsen,0
2008,Unter 1 Jahr,Weiblich,Nordrhein-Westfalen,0
2008,Unter 1 Jahr,Weiblich,Rheinland-Pfalz,0
2008,Unter 1 Jahr,Weiblich,Saarland,0
2008,Unter 1 Jahr,Weiblich,Sachsen,0
2008,Unter 1 Jahr,Weiblich,Sachsen-Anhalt,0
2008,Unter 1 Jahr,Weiblich,Schleswig-Holstein,0
2008,Unter 1 Jahr,Weiblich,Thüringen,0
2008,1 Jahr bis unter 5 Jahre,Männlich,Deutschland,0
2008,1 Jahr bis unter 5 Jahre,Männlich,Baden-Württemberg,0
2008,1 Jahr bis unter 5 Jahre,Männlich,Bayern,0
2008,1 Jahr bis unter 5 Jahre,Männlich,Berlin,0
2008,1 Jahr bis unter 5 Jahre,Männlich,Brandenburg,0
2008,1 Jahr bis unter 5 Jahre,Männlich,Bremen,0
2008,1 Jahr bis unter 5 Jahre,Männlich,Hamburg,0
2008,1 Jahr bis unter 5 Jahre,Männlich,Hessen,0
2008,1 Jahr bis unter 5 Jahre,Männlich,Mecklenburg-Vorpommern,0
2008,1 Jahr bis unter 5 Jahre,Männlich,Niedersachsen,0
2008,1 Jahr bis unter 5 Jahre,Männlich,Nordrhein-Westfalen,0
2008,1 Jahr bis unter 5 Jahre,Männlich,Rheinland-Pfalz,0
2008,1 Jahr bis unter 5 Jahre,Männlich,Saarland,0
2008,1 Jahr bis unter 5 Jahre,Männlich,Sachsen,0
2008,1 Jahr bis unter 5 Jahre,Männlich,Sachsen-Anhalt,0
2008,1 Jahr bis unter 5 Jahre,Männlich,Schleswig-Holstein,0
2008,1 Jahr bis unter 5 Jahre,Männlich,Thüringen,0
2008,1 Jahr bis unter 5 Jahre,Weiblich,Deutschland,0
2008,1 Jahr bis unter 5 Jahre,Weiblich,Baden-Württemberg,0
2008,1 Jahr bis unter 5 Jahre,Weiblich,Bayern,0
2008,1 Jahr bis unter 5 Jahre,Weiblich,Berlin,0
2008,1 Jahr bis unter 5 Jahre,Weiblich,Brandenburg,0
2008,1 Jahr bis unter 5 Jahre,Weiblich,Bremen,0
2008,1 Jahr bis unter 5 Jahre,Weiblich,Hamburg,0
2008,1 Jahr bis unter 5 Jahre,Weiblich,Hessen,0
2008,1 Jahr bis unter 5 Jahre,Weiblich,Mecklenburg-Vorpommern,0
2008,1 Jahr bis unter 5 Jahre,Weiblich,Niedersachsen,0
2008,1 Jahr bis unter 5 Jahre,Weiblich,Nordrhein-Westfalen,0
2008,1 Jahr bis unter 5 Jahre,Weiblich,Rheinland-Pfalz,0
2008,1 Jahr bis unter 5 Jahre,Weiblich,Saarland,0
2008,1 Jahr bis unter 5 Jahre,Weiblich,Sachsen,0
2008,1 Jahr bis unter 5 Jahre,Weiblich,Sachsen-Anhalt,0
2008,1 Jahr bis unter 5 Jahre,Weiblich,Schleswig-Holstein,0
2008,1 Jahr bis unter 5 Jahre,Weiblich,Thüringen,0
2008,5 bis unter 10 Jahre,Männlich,Deutschland,0
2008,5 bis unter 10 Jahre,Männlich,Baden-Württemberg,0
2008,5 bis unter 10 Jahre,Männlich,Bayern,0
2008,5 bis unter 10 Jahre,Männlich,Berlin,0
2008,5 bis unter 10 Jahre,Männlich,Brandenburg,0
2008,5 bis unter 10 Jahre,Männlich,Bremen,0
2008,5 bis unter 10 Jahre,Männlich,Hamburg,0
2008,5 bis unter 10 Jahre,Männlich,Hessen,0
2008,5 bis unter 10 Jahre,Männlich,Mecklenburg-Vorpommern,0
2008,5 bis unter 10 Jahre,Männlich,Niedersachsen,0
2008,5 bis unter 10 Jahre,Männlich,Nordrhein-Westfalen,0
2008,5 bis unter 10 Jahre,Männlich,Rheinland-Pfalz,0
2008,5 bis unter 10 Jahre,Männlich,Saarland,0
2008,5 bis unter 10 Jahre,Männlich,Sachsen,0
2008,5 bis unter 10 Jahre,Männlich,Sachsen-Anhalt,0
2008,5 bis unter 10 Jahre,Männlich,Schleswig-Holstein,0
2008,5 bis unter 10 Jahre,Männlich,Thüringen,0
2008,5 bis unter 10 Jahre,Weiblich,Deutschland,0
2008,5 bis unter 10 Jahre,Weiblich,Baden-Württemberg,0
2008,5 bis unter 10 Jahre,Weiblich,Bayern,0
2008,5 bis unter 10 Jahre,Weiblich,Berlin,0
2008,5 bis unter 10 Jahre,Weiblich,Brandenburg,0
2008,5 bis unter 10 Jahre,Weiblich,Bremen,0
2008,5 bis unter 10 Jahre,Weiblich,Hamburg,0
2008,5 bis unter 10 Jahre,Weiblich,Hessen,0
2008,5 bis unter 10 Jahre,Weiblich,Mecklenburg-Vorpommern,0
2008,5 bis unter 10 Jahre,Weiblich,Niedersachsen,0
2008,5 bis unter 10 Jahre,Weiblich,Nordrhein-Westfalen,0
2008,5 bis unter 10 Jahre,Weiblich,Rheinland-Pfalz,0
2008,5 bis unter 10 Jahre,Weiblich,Saarland,0
2008,5 bis unter 10 Jahre,Weiblich,Sachsen,0
2008,5 bis unter 10 Jahre,Weiblich,Sachsen-Anhalt,0
2008,5 bis unter 10 Jahre,Weiblich,Schleswig-Holstein,0
2008,5 bis unter 10 Jahre,Weiblich,Thüringen,0
2008,10 bis unter 15 Jahre,Männlich,Deutschland,0
2008,10 bis unter 15 Jahre,Männlich,Baden-Württemberg,0
2008,10 bis unter 15 Jahre,Männlich,Bayern,0
2008,10 bis unter 15 Jahre,Männlich,Berlin,0
2008,10 bis unter 15 Jahre,Männlich,Brandenburg,0
2008,10 bis unter 15 Jahre,Männlich,Bremen,0
2008,10 bis unter 15 Jahre,Männlich,Hamburg,0
2008,10 bis unter 15 Jahre,Männlich,Hessen,0
2008,10 bis unter 15 Jahre,Männlich,Mecklenburg-Vorpommern,0
2008,10 bis unter 15 Jahre,Männlich,Niedersachsen,0
2008,10 bis unter 15 Jahre,Männlich,Nordrhein-Westfalen,0
2008,10 bis unter 15 Jahre,Männlich,Rheinland-Pfalz,0
2008,10 bis unter 15 Jahre,Männlich,Saarland,0
2008,10 bis unter 15 Jahre,Männlich,Sachsen,0
2008,10 bis unter 15 Jahre,Männlich,Sachsen-Anhalt,0
2008,10 bis unter 15 Jahre,Männlich,Schleswig-Holstein,0
2008,10 bis unter 15 Jahre,Männlich,Thüringen,0
2008,10 bis unter 15 Jahre,Weiblich,Deutschland,0
2008,10 bis unter 15 Jahre,Weiblich,Baden-Württemberg,0
2008,10 bis unter 15 Jahre,Weiblich,Bayern,0
2008,10 bis unter 15 Jahre,Weiblich,Berlin,0
2008,10 bis unter 15 Jahre,Weiblich,Brandenburg,0
2008,10 bis unter 15 Jahre,Weiblich,Bremen,0
2008,10 bis unter 15 Jahre,Weiblich,Hamburg,0
2008,10 bis unter 15 Jahre,Weiblich,Hessen,0
2008,10 bis unter 15 Jahre,Weiblich,Mecklenburg-Vorpommern,0
2008,10 bis unter 15 Jahre,Weiblich,Niedersachsen,0
2008,10 bis unter 15 Jahre,Weiblich,Nordrhein-Westfalen,0
2008,10 bis unter 15 Jahre,Weiblich,Rheinland-Pfalz,0
2008,10 bis unter 15 Jahre,Weiblich,Saarland,0
2008,10 bis unter 15 Jahre,Weiblich,Sachsen,0
2008,10 bis unter 15 Jahre,Weiblich,Sachsen-Anhalt,0
2008,10 bis unter 15 Jahre,Weiblich,Schleswig-Holstein,0
2008,10 bis unter 15 Jahre,Weiblich,Thüringen,0
2008,15 bis unter 20 Jahre,Männlich,Deutschland,5
2008,15 bis unter 20 Jahre,Männlich,Baden-Württemberg,0
2008,15 bis unter 20 Jahre,Männlich,Bayern,3
2008,15 bis unter 20 Jahre,Männlich,Berlin,0
2008,15 bis unter 20 Jahre,Männlich,Brandenburg,0
2008,15 bis unter 20 Jahre,Männlich,Bremen,0
2008,15 bis unter 20 Jahre,Männlich,Hamburg,0
2008,15 bis unter 20 Jahre,Männlich,Hessen,2
2008,15 bis unter 20 Jahre,Männlich,Mecklenburg-Vorpommern,0
2008,15 bis unter 20 Jahre,Männlich,Niedersachsen,0
2008,15 bis unter 20 Jahre,Männlich,Nordrhein-Westfalen,0
2008,15 bis unter 20 Jahre,Männlich,Rheinland-Pfalz,0
2008,15 bis unter 20 Jahre,Männlich,Saarland,0
2008,15 bis unter 20 Jahre,Männlich,Sachsen,0
2008,15 bis unter 20 Jahre,Männlich,Sachsen-Anhalt,0
2008,15 bis unter 20 Jahre,Männlich,Schleswig-Holstein,0
2008,15 bis unter 20 Jahre,Männlich,Thüringen,0
2008,15 bis unter 20 Jahre,Weiblich,Deutschland,7
2008,15 bis unter 20 Jahre,Weiblich,Baden-Württemberg,0
2008,15 bis unter 20 Jahre,Weiblich,Bayern,3
2008,15 bis unter 20 Jahre,Weiblich,Berlin,0
2008,15 bis unter 20 Jahre,Weiblich,Brandenburg,0
2008,15 bis unter 20 Jahre,Weiblich,Bremen,0
2008,15 bis unter 20 Jahre,Weiblich,Hamburg,0
2008,15 bis unter 20 Jahre,Weiblich,Hessen,1
2008,15 bis unter 20 Jahre,Weiblich,Mecklenburg-Vorpommern,0
2008,15 bis unter 20 Jahre,Weiblich,Niedersachsen,0
2008,15 bis unter 20 Jahre,Weiblich,Nordrhein-Westfalen,3
2008,15 bis unter 20 Jahre,Weiblich,Rheinland-Pfalz,0
2008,15 bis unter 20 Jahre,Weiblich,Saarland,0
2008,15 bis unter 20 Jahre,Weiblich,Sachsen,0
2008,15 bis unter 20 Jahre,Weiblich,Sachsen-Anhalt,0
2008,15 bis unter 20 Jahre,Weiblich,Schleswig-Holstein,0
2008,15 bis unter 20 Jahre,Weiblich,Thüringen,0
2008,20 bis unter 25 Jahre,Männlich,Deutschland,28
2008,20 bis unter 25 Jahre,Männlich,Baden-Württemberg,0
2008,20 bis unter 25 Jahre,Männlich,Bayern,24
2008,20 bis unter 25 Jahre,Männlich,Berlin,1
2008,20 bis unter 25 Jahre,Männlich,Brandenburg,0
2008,20 bis unter 25 Jahre,Männlich,Bremen,0
2008,20 bis unter 25 Jahre,Männlich,Hamburg,0
2008,20 bis unter 25 Jahre,Männlich,Hessen,2
2008,20 bis unter 25 Jahre,Männlich,Mecklenburg-Vorpommern,0
2008,20 bis unter 25 Jahre,Männlich,Niedersachsen,0
2008,20 bis unter 25 Jahre,Männlich,Nordrhein-Westfalen,1
2008,20 bis unter 25 Jahre,Männlich,Rheinland-Pfalz,0
2008,20 bis unter 25 Jahre,Männlich,Saarland,0
2008,20 bis unter 25 Jahre,Männlich,Sachsen,0
2008,20 bis unter 25 Jahre,Männlich,Sachsen-Anhalt,0
2008,20 bis unter 25 Jahre,Männlich,Schleswig-Holstein,0
2008,20 bis unter 25 Jahre,Männlich,Thüringen,0
2008,20 bis unter 25 Jahre,Weiblich,Deutschland,25
2008,20 bis unter 25 Jahre,Weiblich,Baden-Württemberg,1
2008,20 bis unter 25 Jahre,Weiblich,Bayern,16
2008,20 bis unter 25 Jahre,Weiblich,Berlin,2
2008,20 bis unter 25 Jahre,Weiblich,Brandenburg,0
2008,20 bis unter 25 Jahre,Weiblich,Bremen,0
2008,20 bis unter 25 Jahre,Weiblich,Hamburg,0
2008,20 bis unter 25 Jahre,Weiblich,Hessen,1
2008,20 bis unter 25 Jahre,Weiblich,Mecklenburg-Vorpommern,0
2008,20 bis unter 25 Jahre,Weiblich,Niedersachsen,1
2008,20 bis unter 25 Jahre,Weiblich,Nordrhein-Westfalen,4
2008,20 bis unter 25 Jahre,Weiblich,Rheinland-Pfalz,0
2008,20 bis unter 25 Jahre,Weiblich,Saarland,0
2008,20 bis unter 25 Jahre,Weiblich,Sachsen,0
2008,20 bis unter 25 Jahre,Weiblich,Sachsen-Anhalt,0
2008,20 bis unter 25 Jahre,Weiblich,Schleswig-Holstein,0
2008,20 bis unter 25 Jahre,Weiblich,Thüringen,0
2008,25 bis unter 30 Jahre,Männlich,Deutschland,32
2008,25 bis unter 30 Jahre,Männlich,Baden-Württemberg,0
2008,25 bis unter 30 Jahre,Männlich,Bayern,24
2008,25 bis unter 30 Jahre,Männlich,Berlin,0
2008,25 bis unter 30 Jahre,Männlich,Brandenburg,0
2008,25 bis unter 30 Jahre,Männlich,Bremen,0
2008,25 bis unter 30 Jahre,Männlich,Hamburg,0
2008,25 bis unter 30 Jahre,Männlich,Hessen,5
2008,25 bis unter 30 Jahre,Männlich,Mecklenburg-Vorpommern,0
2008,25 bis unter 30 Jahre,Männlich,Niedersachsen,1
2008,25 bis unter 30 Jahre,Männlich,Nordrhein-Westfalen,1
2008,25 bis unter 30 Jahre,Männlich,Rheinland-Pfalz,0
2008,25 bis unter 30 Jahre,Männlich,Saarland,1
2008,25 bis unter 30 Jahre,Männlich,Sachsen,0
2008,25 bis unter 30 Jahre,Männlich,Sachsen-Anhalt,0
2008,25 bis unter 30 Jahre,Männlich,Schleswig-Holstein,0
2008,25 bis unter 30 Jahre,Männlich,Thüringen,0
2008,25 bis unter 30 Jahre,Weiblich,Deutschland,28
2008,25 bis unter 30 Jahre,Weiblich,Baden-Württemberg,0
2008,25 bis unter 30 Jahre,Weiblich,Bayern,13
2008,25 bis unter 30 Jahre,Weiblich,Berlin,1
2008,25 bis unter 30 Jahre,Weiblich,Brandenburg,0
2008,25 bis unter 30 Jahre,Weiblich,Bremen,0
2008,25 bis unter 30 Jahre,Weiblich,Hamburg,0
2008,25 bis unter 30 Jahre,Weiblich,Hessen,4
2008,25 bis unter 30 Jahre,Weiblich,Mecklenburg-Vorpommern,0
2008,25 bis unter 30 Jahre,Weiblich,Niedersachsen,1
2008,25 bis unter 30 Jahre,Weiblich,Nordrhein-Westfalen,8
2008,25 bis unter 30 Jahre,Weiblich,Rheinland-Pfalz,0
2008,25 bis unter 30 Jahre,Weiblich,Saarland,0
2008,25 bis unter 30 Jahre,Weiblich,Sachsen,0
2008,25 bis unter 30 Jahre,Weiblich,Sachsen-Anhalt,1
2008,25 bis unter 30 Jahre,Weiblich,Schleswig-Holstein,0
2008,25 bis unter 30 Jahre,Weiblich,Thüringen,0
2008,30 bis unter 35 Jahre,Männlich,Deutschland,45
2008,30 bis unter 35 Jahre,Männlich,Baden-Württemberg,0
2008,30 bis unter 35 Jahre,Männlich,Bayern,34
2008,30 bis unter 35 Jahre,Männlich,Berlin,0
2008,30 bis unter 35 Jahre,Männlich,Brandenburg,0
2008,30 bis unter 35 Jahre,Männlich,Bremen,0
2008,30 bis unter 35 Jahre,Männlich,Hamburg,1
2008,30 bis unter 35 Jahre,Männlich,Hessen,9
2008,30 bis unter 35 Jahre,Männlich,Mecklenburg-Vorpommern,0
2008,30 bis unter 35 Jahre,Männlich,Niedersachsen,0
2008,30 bis unter 35 Jahre,Männlich,Nordrhein-Westfalen,0
2008,30 bis unter 35 Jahre,Männlich,Rheinland-Pfalz,1
2008,30 bis unter 35 Jahre,Männlich,Saarland,0
2008,30 bis unter 35 Jahre,Männlich,Sachsen,0
2008,30 bis unter 35 Jahre,Männlich,Sachsen-Anhalt,0
2008,30 bis unter 35 Jahre,Männlich,Schleswig-Holstein,0
2008,30 bis unter 35 Jahre,Männlich,Thüringen,0
2008,30 bis unter 35 Jahre,Weiblich,Deutschland,29
2008,30 bis unter 35 Jahre,Weiblich,Baden-Württemberg,2
2008,30 bis unter 35 Jahre,Weiblich,Bayern,14
2008,30 bis unter 35 Jahre,Weiblich,Berlin,1
2008,30 bis unter 35 Jahre,Weiblich,Brandenburg,0
2008,30 bis unter 35 Jahre,Weiblich,Bremen,0
2008,30 bis unter 35 Jahre,Weiblich,Hamburg,0
2008,30 bis unter 35 Jahre,Weiblich,Hessen,2
2008,30 bis unter 35 Jahre,Weiblich,Mecklenburg-Vorpommern,0
2008,30 bis unter 35 Jahre,Weiblich,Niedersachsen,4
2008,30 bis unter 35 Jahre,Weiblich,Nordrhein-Westfalen,5
2008,30 bis unter 35 Jahre,Weiblich,Rheinland-Pfalz,0
2008,30 bis unter 35 Jahre,Weiblich,Saarland,0
2008,30 bis unter 35 Jahre,Weiblich,Sachsen,0
2008,30 bis unter 35 Jahre,Weiblich,Sachsen-Anhalt,1
2008,30 bis unter 35 Jahre,Weiblich,Schleswig-Holstein,0
2008,30 bis unter 35 Jahre,Weiblich,Thüringen,0
2008,35 bis unter 40 Jahre,Männlich,Deutschland,27
2008,35 bis unter 40 Jahre,Männlich,Baden-Württemberg,0
2008,35 bis unter 40 Jahre,Männlich,Bayern,24
2008,35 bis unter 40 Jahre,Männlich,Berlin,0
2008,35 bis unter 40 Jahre,Männlich,Brandenburg,0
2008,35 bis unter 40 Jahre,Männlich,Bremen,0
2008,35 bis unter 40 Jahre,Männlich,Hamburg,0
2008,35 bis unter 40 Jahre,Männlich,Hessen,3
2008,35 bis unter 40 Jahre,Männlich,Mecklenburg-Vorpommern,0
2008,35 bis unter 40 Jahre,Männlich,Niedersachsen,0
2008,35 bis unter 40 Jahre,Männlich,Nordrhein-Westfalen,0
2008,35 bis unter 40 Jahre,Männlich,Rheinland-Pfalz,0
2008,35 bis unter 40 Jahre,Männlich,Saarland,0
2008,35 bis unter 40 Jahre,Männlich,Sachsen,0
2008,35 bis unter 40 Jahre,Männlich,Sachsen-Anhalt,0
2008,35 bis unter 40 Jahre,Männlich,Schleswig-Holstein,0
2008,35 bis unter 40 Jahre,Männlich,Thüringen,0
2008,35 bis unter 40 Jahre,Weiblich,Deutschland,38
2008,35 bis unter 40 Jahre,Weiblich,Baden-Württemberg,0
2008,35 bis unter 40 Jahre,Weiblich,Bayern,19
2008,35 bis unter 40 Jahre,Weiblich,Berlin,3
2008,35 bis unter 40 Jahre,Weiblich,Brandenburg,0
2008,35 bis unter 40 Jahre,Weiblich,Bremen,0
2008,35 bis unter 40 Jahre,Weiblich,Hamburg,0
2008,35 bis unter 40 Jahre,Weiblich,Hessen,3
2008,35 bis unter 40 Jahre,Weiblich,Mecklenburg-Vorpommern,0
2008,35 bis unter 40 Jahre,Weiblich,Niedersachsen,3
2008,35 bis unter 40 Jahre,Weiblich,Nordrhein-Westfalen,9
2008,35 bis unter 40 Jahre,Weiblich,Rheinland-Pfalz,0
2008,35 bis unter 40 Jahre,Weiblich,Saarland,0
2008,35 bis unter 40 Jahre,Weiblich,Sachsen,0
2008,35 bis unter 40 Jahre,Weiblich,Sachsen-Anhalt,1
2008,35 bis unter 40 Jahre,Weiblich,Schleswig-Holstein,0
2008,35 bis unter 40 Jahre,Weiblich,Thüringen,0
2008,40 bis unter 45 Jahre,Männlich,Deutschland,50
2008,40 bis unter 45 Jahre,Männlich,Baden-Württemberg,0
2008,40 bis unter 45 Jahre,Männlich,Bayern,28
2008,40 bis unter 45 Jahre,Männlich,Berlin,6
2008,40 bis unter 45 Jahre,Männlich,Brandenburg,0
2008,40 bis unter 45 Jahre,Männlich,Bremen,0
2008,40 bis unter 45 Jahre,Männlich,Hamburg,0
2008,40 bis unter 45 Jahre,Männlich,Hessen,13
2008,40 bis unter 45 Jahre,Männlich,Mecklenburg-Vorpommern,0
2008,40 bis unter 45 Jahre,Männlich,Niedersachsen,2
2008,40 bis unter 45 Jahre,Männlich,Nordrhein-Westfalen,1
2008,40 bis unter 45 Jahre,Männlich,Rheinland-Pfalz,0
2008,40 bis unter 45 Jahre,Männlich,Saarland,0
2008,40 bis unter 45 Jahre,Männlich,Sachsen,0
2008,40 bis unter 45 Jahre,Männlich,Sachsen-Anhalt,0
2008,40 bis unter 45 Jahre,Männlich,Schleswig-Holstein,0
2008,40 bis unter 45 Jahre,Männlich,Thüringen,0
2008,40 bis unter 45 Jahre,Weiblich,Deutschland,39
2008,40 bis unter 45 Jahre,Weiblich,Baden-Württemberg,2
2008,40 bis unter 45 Jahre,Weiblich,Bayern,20
2008,40 bis unter 45 Jahre,Weiblich,Berlin,1
2008,40 bis unter 45 Jahre,Weiblich,Brandenburg,0
2008,40 bis unter 45 Jahre,Weiblich,Bremen,0
2008,40 bis unter 45 Jahre,Weiblich,Hamburg,0
2008,40 bis unter 45 Jahre,Weiblich,Hessen,0
2008,40 bis unter 45 Jahre,Weiblich,Mecklenburg-Vorpommern,0
2008,40 bis unter 45 Jahre,Weiblich,Niedersachsen,5
2008,40 bis unter 45 Jahre,Weiblich,Nordrhein-Westfalen,11
2008,40 bis unter 45 Jahre,Weiblich,Rheinland-Pfalz,0
2008,40 bis unter 45 Jahre,Weiblich,Saarland,0
2008,40 bis unter 45 Jahre,Weiblich,Sachsen,0
2008,40 bis unter 45 Jahre,Weiblich,Sachsen-Anhalt,0
2008,40 bis unter 45 Jahre,Weiblich,Schleswig-Holstein,0
2008,40 bis unter 45 Jahre,Weiblich,Thüringen,0
2008,45 bis unter 50 Jahre,Männlich,Deutschland,19
2008,45 bis unter 50 Jahre,Männlich,Baden-Württemberg,0
2008,45 bis unter 50 Jahre,Männlich,Bayern,12
2008,45 bis unter 50 Jahre,Männlich,Berlin,2
2008,45 bis unter 50 Jahre,Männlich,Brandenburg,0
2008,45 bis unter 50 Jahre,Männlich,Bremen,0
2008,45 bis unter 50 Jahre,Männlich,Hamburg,0
2008,45 bis unter 50 Jahre,Männlich,Hessen,5
2008,45 bis unter 50 Jahre,Männlich,Mecklenburg-Vorpommern,0
2008,45 bis unter 50 Jahre,Männlich,Niedersachsen,0
2008,45 bis unter 50 Jahre,Männlich,Nordrhein-Westfalen,0
2008,45 bis unter 50 Jahre,Männlich,Rheinland-Pfalz,0
2008,45 bis unter 50 Jahre,Männlich,Saarland,0
2008,45 bis unter 50 Jahre,Männlich,Sachsen,0
2008,45 bis unter 50 Jahre,Männlich,Sachsen-Anhalt,0
2008,45 bis unter 50 Jahre,Männlich,Schleswig-Holstein,0
2008,45 bis unter 50 Jahre,Männlich,Thüringen,0
2008,45 bis unter 50 Jahre,Weiblich,Deutschland,41
2008,45 bis unter 50 Jahre,Weiblich,Baden-Württemberg,1
2008,45 bis unter 50 Jahre,Weiblich,Bayern,19
2008,45 bis unter 50 Jahre,Weiblich,Berlin,0
2008,45 bis unter 50 Jahre,Weiblich,Brandenburg,0
2008,45 bis unter 50 Jahre,Weiblich,Bremen,0
2008,45 bis unter 50 Jahre,Weiblich,Hamburg,0
2008,45 bis unter 50 Jahre,Weiblich,Hessen,4
2008,45 bis unter 50 Jahre,Weiblich,Mecklenburg-Vorpommern,0
2008,45 bis unter 50 Jahre,Weiblich,Niedersachsen,5
2008,45 bis unter 50 Jahre,Weiblich,Nordrhein-Westfalen,12
2008,45 bis unter 50 Jahre,Weiblich,Rheinland-Pfalz,0
2008,45 bis unter 50 Jahre,Weiblich,Saarland,0
2008,45 bis unter 50 Jahre,Weiblich,Sachsen,0
2008,45 bis unter 50 Jahre,Weiblich,Sachsen-Anhalt,0
2008,45 bis unter 50 Jahre,Weiblich,Schleswig-Holstein,0
2008,45 bis unter 50 Jahre,Weiblich,Thüringen,0
2008,50 bis unter 55 Jahre,Männlich,Deutschland,7
2008,50 bis unter 55 Jahre,Männlich,Baden-Württemberg,0
2008,50 bis unter 55 Jahre,Männlich,Bayern,1
2008,50 bis unter 55 Jahre,Männlich,Berlin,0
2008,50 bis unter 55 Jahre,Männlich,Brandenburg,0
2008,50 bis unter 55 Jahre,Männlich,Bremen,0
2008,50 bis unter 55 Jahre,Männlich,Hamburg,0
2008,50 bis unter 55 Jahre,Männlich,Hessen,4
2008,50 bis unter 55 Jahre,Männlich,Mecklenburg-Vorpommern,0
2008,50 bis unter 55 Jahre,Männlich,Niedersachsen,0
2008,50 bis unter 55 Jahre,Männlich,Nordrhein-Westfalen,1
2008,50 bis unter 55 Jahre,Männlich,Rheinland-Pfalz,1
2008,50 bis unter 55 Jahre,Männlich,Saarland,0
2008,50 bis unter 55 Jahre,Männlich,Sachsen,0
2008,50 bis unter 55 Jahre,Männlich,Sachsen-Anhalt,0
2008,50 bis unter 55 Jahre,Männlich,Schleswig-Holstein,0
2008,50 bis unter 55 Jahre,Männlich,Thüringen,0
2008,50 bis unter 55 Jahre,Weiblich,Deutschland,25
2008,50 bis unter 55 Jahre,Weiblich,Baden-Württemberg,0
2008,50 bis unter 55 Jahre,Weiblich,Bayern,12
2008,50 bis unter 55 Jahre,Weiblich,Berlin,0
2008,50 bis unter 55 Jahre,Weiblich,Brandenburg,0
2008,50 bis unter 55 Jahre,Weiblich,Bremen,0
2008,50 bis unter 55 Jahre,Weiblich,Hamburg,0
2008,50 bis unter 55 Jahre,Weiblich,Hessen,6
2008,50 bis unter 55 Jahre,Weiblich,Mecklenburg-Vorpommern,0
2008,50 bis unter 55 Jahre,Weiblich,Niedersachsen,0
2008,50 bis unter 55 Jahre,Weiblich,Nordrhein-Westfalen,7
2008,50 bis unter 55 Jahre,Weiblich,Rheinland-Pfalz,0
2008,50 bis unter 55 Jahre,Weiblich,Saarland,0
2008,50 bis unter 55 Jahre,Weiblich,Sachsen,0
2008,50 bis unter 55 Jahre,Weiblich,Sachsen-Anhalt,0
2008,50 bis unter 55 Jahre,Weiblich,Schleswig-Holstein,0
2008,50 bis unter 55 Jahre,Weiblich,Thüringen,0
2008,55 bis unter 60 Jahre,Männlich,Deutschland,0
2008,55 bis unter 60 Jahre,Männlich,Baden-Württemberg,0
2008,55 bis unter 60 Jahre,Männlich,Bayern,0
2008,55 bis unter 60 Jahre,Männlich,Berlin,0
2008,55 bis unter 60 Jahre,Männlich,Brandenburg,0
2008,55 bis unter 60 Jahre,Männlich,Bremen,0
2008,55 bis unter 60 Jahre,Männlich,Hamburg,0
2008,55 bis unter 60 Jahre,Männlich,Hessen,0
2008,55 bis unter 60 Jahre,Männlich,Mecklenburg-Vorpommern,0
2008,55 bis unter 60 Jahre,Männlich,Niedersachsen,0
2008,55 bis unter 60 Jahre,Männlich,Nordrhein-Westfalen,0
2008,55 bis unter 60 Jahre,Männlich,Rheinland-Pfalz,0
2008,55 bis unter 60 Jahre,Männlich,Saarland,0
2008,55 bis unter 60 Jahre,Männlich,Sachsen,0
2008,55 bis unter 60 Jahre,Männlich,Sachsen-Anhalt,0
2008,55 bis unter 60 Jahre,Männlich,Schleswig-Holstein,0
2008,55 bis unter 60 Jahre,Männlich,Thüringen,0
2008,55 bis unter 60 Jahre,Weiblich,Deutschland,9
2008,55 bis unter 60 Jahre,Weiblich,Baden-Württemberg,0
2008,55 bis unter 60 Jahre,Weiblich,Bayern,3
2008,55 bis unter 60 Jahre,Weiblich,Berlin,0
2008,55 bis unter 60 Jahre,Weiblich,Brandenburg,0
2008,55 bis unter 60 Jahre,Weiblich,Bremen,0
2008,55 bis unter 60 Jahre,Weiblich,Hamburg,0
2008,55 bis unter 60 Jahre,Weiblich,Hessen,1
2008,55 bis unter 60 Jahre,Weiblich,Mecklenburg-Vorpommern,0
2008,55 bis unter 60 Jahre,Weiblich,Niedersachsen,0
2008,55 bis unter 60 Jahre,Weiblich,Nordrhein-Westfalen,5
2008,55 bis unter 60 Jahre,Weiblich,Rheinland-Pfalz,0
2008,55 bis unter 60 Jahre,Weiblich,Saarland,0
2008,55 bis unter 60 Jahre,Weiblich,Sachsen,0
2008,55 bis unter 60 Jahre,Weiblich,Sachsen-Anhalt,0
2008,55 bis unter 60 Jahre,Weiblich,Schleswig-Holstein,0
2008,55 bis unter 60 Jahre,Weiblich,Thüringen,0
2008,60 bis unter 65 Jahre,Männlich,Deutschland,2
2008,60 bis unter 65 Jahre,Männlich,Baden-Württemberg,0
2008,60 bis unter 65 Jahre,Männlich,Bayern,1
2008,60 bis unter 65 Jahre,Männlich,Berlin,0
2008,60 bis unter 65 Jahre,Männlich,Brandenburg,0
2008,60 bis unter 65 Jahre,Männlich,Bremen,0
2008,60 bis unter 65 Jahre,Männlich,Hamburg,0
2008,60 bis unter 65 Jahre,Männlich,Hessen,1
2008,60 bis unter 65 Jahre,Männlich,Mecklenburg-Vorpommern,0
2008,60 bis unter 65 Jahre,Männlich,Niedersachsen,0
2008,60 bis unter 65 Jahre,Männlich,Nordrhein-Westfalen,0
2008,60 bis unter 65 Jahre,Männlich,Rheinland-Pfalz,0
2008,60 bis unter 65 Jahre,Männlich,Saarland,0
2008,60 bis unter 65 Jahre,Männlich,Sachsen,0
2008,60 bis unter 65 Jahre,Männlich,Sachsen-Anhalt,0
2008,60 bis unter 65 Jahre,Männlich,Schleswig-Holstein,0
2008,60 bis unter 65 Jahre,Männlich,Thüringen,0
2008,60 bis unter 65 Jahre,Weiblich,Deutschland,4
2008,60 bis unter 65 Jahre,Weiblich,Baden-Württemberg,0
2008,60 bis unter 65 Jahre,Weiblich,Bayern,0
2008,60 bis unter 65 Jahre,Weiblich,Berlin,1
2008,60 bis unter 65 Jahre,Weiblich,Brandenburg,0
2008,60 bis unter 65 Jahre,Weiblich,Bremen,0
2008,60 bis unter 65 Jahre,Weiblich,Hamburg,0
2008,60 bis unter 65 Jahre,Weiblich,Hessen,1
2008,60 bis unter 65 Jahre,Weiblich,Mecklenburg-Vorpommern,0
2008,60 bis unter 65 Jahre,Weiblich,Niedersachsen,1
2008,60 bis unter 65 Jahre,Weiblich,Nordrhein-Westfalen,1
2008,60 bis unter 65 Jahre,Weiblich,Rheinland-Pfalz,0
2008,60 bis unter 65 Jahre,Weiblich,Saarland,0
2008,60 bis unter 65 Jahre,Weiblich,Sachsen,0
2008,60 bis unter 65 Jahre,Weiblich,Sachsen-Anhalt,0
2008,60 bis unter 65 Jahre,Weiblich,Schleswig-Holstein,0
2008,60 bis unter 65 Jahre,Weiblich,Thüringen,0
2008,65 bis unter 70 Jahre,Männlich,Deutschland,0
2008,65 bis unter 70 Jahre,Männlich,Baden-Württemberg,0
2008,65 bis unter 70 Jahre,Männlich,Bayern,0
2008,65 bis unter 70 Jahre,Männlich,Berlin,0
2008,65 bis unter 70 Jahre,Männlich,Brandenburg,0
2008,65 bis unter 70 Jahre,Männlich,Bremen,0
2008,65 bis unter 70 Jahre,Männlich,Hamburg,0
2008,65 bis unter 70 Jahre,Männlich,Hessen,0
2008,65 bis unter 70 Jahre,Männlich,Mecklenburg-Vorpommern,0
2008,65 bis unter 70 Jahre,Männlich,Niedersachsen,0
2008,65 bis unter 70 Jahre,Männlich,Nordrhein-Westfalen,0
2008,65 bis unter 70 Jahre,Männlich,Rheinland-Pfalz,0
2008,65 bis unter 70 Jahre,Männlich,Saarland,0
2008,65 bis unter 70 Jahre,Männlich,Sachsen,0
2008,65 bis unter 70 Jahre,Männlich,Sachsen-Anhalt,0
2008,65 bis unter 70 Jahre,Männlich,Schleswig-Holstein,0
2008,65 bis unter 70 Jahre,Männlich,Thüringen,0
2008,65 bis unter 70 Jahre,Weiblich,Deutschland,1
2008,65 bis unter 70 Jahre,Weiblich,Baden-Württemberg,0
2008,65 bis unter 70 Jahre,Weiblich,Bayern,1
2008,65 bis unter 70 Jahre,Weiblich,Berlin,0
2008,65 bis unter 70 Jahre,Weiblich,Brandenburg,0
2008,65 bis unter 70 Jahre,Weiblich,Bremen,0
2008,65 bis unter 70 Jahre,Weiblich,Hamburg,0
2008,65 bis unter 70 Jahre,Weiblich,Hessen,0
2008,65 bis unter 70 Jahre,Weiblich,Mecklenburg-Vorpommern,0
2008,65 bis unter 70 Jahre,Weiblich,Niedersachsen,0
2008,65 bis unter 70 Jahre,Weiblich,Nordrhein-Westfalen,0
2008,65 bis unter 70 Jahre,Weiblich,Rheinland-Pfalz,0
2008,65 bis unter 70 Jahre,Weiblich,Saarland,0
2008,65 bis unter 70 Jahre,Weiblich,Sachsen,0
2008,65 bis unter 70 Jahre,Weiblich,Sachsen-Anhalt,0
2008,65 bis unter 70 Jahre,Weiblich,Schleswig-Holstein,0
2008,65 bis unter 70 Jahre,Weiblich,Thüringen,0
2008,70 bis unter 75 Jahre,Männlich,Deutschland,0
2008,70 bis unter 75 Jahre,Männlich,Baden-Württemberg,0
2008,70 bis unter 75 Jahre,Männlich,Bayern,0
2008,70 bis unter 75 Jahre,Männlich,Berlin,0
2008,70 bis unter 75 Jahre,Männlich,Brandenburg,0
2008,70 bis unter 75 Jahre,Männlich,Bremen,0
2008,70 bis unter 75 Jahre,Männlich,Hamburg,0
2008,70 bis unter 75 Jahre,Männlich,Hessen,0
2008,70 bis unter 75 Jahre,Männlich,Mecklenburg-Vorpommern,0
2008,70 bis unter 75 Jahre,Männlich,Niedersachsen,0
2008,70 bis unter 75 Jahre,Männlich,Nordrhein-Westfalen,0
2008,70 bis unter 75 Jahre,Männlich,Rheinland-Pfalz,0
2008,70 bis unter 75 Jahre,Männlich,Saarland,0
2008,70 bis unter 75 Jahre,Männlich,Sachsen,0
2008,70 bis unter 75 Jahre,Männlich,Sachsen-Anhalt,0
2008,70 bis unter 75 Jahre,Männlich,Schleswig-Holstein,0
2008,70 bis unter 75 Jahre,Männlich,Thüringen,0
2008,70 bis unter 75 Jahre,Weiblich,Deutschland,0
2008,70 bis unter 75 Jahre,Weiblich,Baden-Württemberg,0
2008,70 bis unter 75 Jahre,Weiblich,Bayern,0
2008,70 bis unter 75 Jahre,Weiblich,Berlin,0
2008,70 bis unter 75 Jahre,Weiblich,Brandenburg,0
2008,70 bis unter 75 Jahre,Weiblich,Bremen,0
2008,70 bis unter 75 Jahre,Weiblich,Hamburg,0
2008,70 bis unter 75 Jahre,Weiblich,Hessen,0
2008,70 bis unter 75 Jahre,Weiblich,Mecklenburg-Vorpommern,0
2008,70 bis unter 75 Jahre,Weiblich,Niedersachsen,0
2008,70 bis unter 75 Jahre,Weiblich,Nordrhein-Westfalen,0
2008,70 bis unter 75 Jahre,Weiblich,Rheinland-Pfalz,0
2008,70 bis unter 75 Jahre,Weiblich,Saarland,0
2008,70 bis unter 75 Jahre,Weiblich,Sachsen,0
2008,70 bis unter 75 Jahre,Weiblich,Sachsen-Anhalt,0
2008,70 bis unter 75 Jahre,Weiblich,Schleswig-Holstein,0
2008,70 bis unter 75 Jahre,Weiblich,Thüringen,0
2008,75 bis unter 80 Jahre,Männlich,Deutschland,0
2008,75 bis unter 80 Jahre,Männlich,Baden-Württemberg,0
2008,75 bis unter 80 Jahre,Männlich,Bayern,0
2008,75 bis unter 80 Jahre,Männlich,Berlin,0
2008,75 bis unter 80 Jahre,Männlich,Brandenburg,0
2008,75 bis unter 80 Jahre,Männlich,Bremen,0
2008,75 bis unter 80 Jahre,Männlich,Hamburg,0
2008,75 bis unter 80 Jahre,Männlich,Hessen,0
2008,75 bis unter 80 Jahre,Männlich,Mecklenburg-Vorpommern,0
2008,75 bis unter 80 Jahre,Männlich,Niedersachsen,0
2008,75 bis unter 80 Jahre,Männlich,Nordrhein-Westfalen,0
2008,75 bis unter 80 Jahre,Männlich,Rheinland-Pfalz,0
2008,75 bis unter 80 Jahre,Männlich,Saarland,0
2008,75 bis unter 80 Jahre,Männlich,Sachsen,0
2008,75 bis unter 80 Jahre,Männlich,Sachsen-Anhalt,0
2008,75 bis unter 80 Jahre,Männlich,Schleswig-Holstein,0
2008,75 bis unter 80 Jahre,Männlich,Thüringen,0
2008,75 bis unter 80 Jahre,Weiblich,Deutschland,0
2008,75 bis unter 80 Jahre,Weiblich,Baden-Württemberg,0
2008,75 bis unter 80 Jahre,Weiblich,Bayern,0
2008,75 bis unter 80 Jahre,Weiblich,Berlin,0
2008,75 bis unter 80 Jahre,Weiblich,Brandenburg,0
2008,75 bis unter 80 Jahre,Weiblich,Bremen,0
2008,75 bis unter 80 Jahre,Weiblich,Hamburg,0
2008,75 bis unter 80 Jahre,Weiblich,Hessen,0
2008,75 bis unter 80 Jahre,Weiblich,Mecklenburg-Vorpommern,0
2008,75 bis unter 80 Jahre,Weiblich,Niedersachsen,0
2008,75 bis unter 80 Jahre,Weiblich,Nordrhein-Westfalen,0
2008,75 bis unter 80 Jahre,Weiblich,Rheinland-Pfalz,0
2008,75 bis unter 80 Jahre,Weiblich,Saarland,0
2008,75 bis unter 80 Jahre,Weiblich,Sachsen,0
2008,75 bis unter 80 Jahre,Weiblich,Sachsen-Anhalt,0
2008,75 bis unter 80 Jahre,Weiblich,Schleswig-Holstein,0
2008,75 bis unter 80 Jahre,Weiblich,Thüringen,0
2008,80 bis unter 85 Jahre,Männlich,Deutschland,0
2008,80 bis unter 85 Jahre,Männlich,Baden-Württemberg,0
2008,80 bis unter 85 Jahre,Männlich,Bayern,0
2008,80 bis unter 85 Jahre,Männlich,Berlin,0
2008,80 bis unter 85 Jahre,Männlich,Brandenburg,0
2008,80 bis unter 85 Jahre,Männlich,Bremen,0
2008,80 bis unter 85 Jahre,Männlich,Hamburg,0
2008,80 bis unter 85 Jahre,Männlich,Hessen,0
2008,80 bis unter 85 Jahre,Männlich,Mecklenburg-Vorpommern,0
2008,80 bis unter 85 Jahre,Männlich,Niedersachsen,0
2008,80 bis unter 85 Jahre,Männlich,Nordrhein-Westfalen,0
2008,80 bis unter 85 Jahre,Männlich,Rheinland-Pfalz,0
2008,80 bis unter 85 Jahre,Männlich,Saarland,0
2008,80 bis unter 85 Jahre,Männlich,Sachsen,0
2008,80 bis unter 85 Jahre,Männlich,Sachsen-Anhalt,0
2008,80 bis unter 85 Jahre,Männlich,Schleswig-Holstein,0
2008,80 bis unter 85 Jahre,Männlich,Thüringen,0
2008,80 bis unter 85 Jahre,Weiblich,Deutschland,1
2008,80 bis unter 85 Jahre,Weiblich,Baden-Württemberg,0
2008,80 bis unter 85 Jahre,Weiblich,Bayern,0
2008,80 bis unter 85 Jahre,Weiblich,Berlin,0
2008,80 bis unter 85 Jahre,Weiblich,Brandenburg,0
2008,80 bis unter 85 Jahre,Weiblich,Bremen,0
2008,80 bis unter 85 Jahre,Weiblich,Hamburg,0
2008,80 bis unter 85 Jahre,Weiblich,Hessen,0
2008,80 bis unter 85 Jahre,Weiblich,Mecklenburg-Vorpommern,0
2008,80 bis unter 85 Jahre,Weiblich,Niedersachsen,0
2008,80 bis unter 85 Jahre,Weiblich,Nordrhein-Westfalen,0
2008,80 bis unter 85 Jahre,Weiblich,Rheinland-Pfalz,0
2008,80 bis unter 85 Jahre,Weiblich,Saarland,0
2008,80 bis unter 85 Jahre,Weiblich,Sachsen,0
2008,80 bis unter 85 Jahre,Weiblich,Sachsen-Anhalt,1
2008,80 bis unter 85 Jahre,Weiblich,Schleswig-Holstein,0
2008,80 bis unter 85 Jahre,Weiblich,Thüringen,0
2008,85 bis unter 90 Jahre,Männlich,Deutschland,0
2008,85 bis unter 90 Jahre,Männlich,Baden-Württemberg,0
2008,85 bis unter 90 Jahre,Männlich,Bayern,0
2008,85 bis unter 90 Jahre,Männlich,Berlin,0
2008,85 bis unter 90 Jahre,Männlich,Brandenburg,0
2008,85 bis unter 90 Jahre,Männlich,Bremen,0
2008,85 bis unter 90 Jahre,Männlich,Hamburg,0
2008,85 bis unter 90 Jahre,Männlich,Hessen,0
2008,85 bis unter 90 Jahre,Männlich,Mecklenburg-Vorpommern,0
2008,85 bis unter 90 Jahre,Männlich,Niedersachsen,0
2008,85 bis unter 90 Jahre,Männlich,Nordrhein-Westfalen,0
2008,85 bis unter 90 Jahre,Männlich,Rheinland-Pfalz,0
2008,85 bis unter 90 Jahre,Männlich,Saarland,0
2008,85 bis unter 90 Jahre,Männlich,Sachsen,0
2008,85 bis unter 90 Jahre,Männlich,Sachsen-Anhalt,0
2008,85 bis unter 90 Jahre,Männlich,Schleswig-Holstein,0
2008,85 bis unter 90 Jahre,Männlich,Thüringen,0
2008,85 bis unter 90 Jahre,Weiblich,Deutschland,0
2008,85 bis unter 90 Jahre,Weiblich,Baden-Württemberg,0
2008,85 bis unter 90 Jahre,Weiblich,Bayern,0
2008,85 bis unter 90 Jahre,Weiblich,Berlin,0
2008,85 bis unter 90 Jahre,Weiblich,Brandenburg,0
2008,85 bis unter 90 Jahre,Weiblich,Bremen,0
2008,85 bis unter 90 Jahre,Weiblich,Hamburg,0
2008,85 bis unter 90 Jahre,Weiblich,Hessen,0
2008,85 bis unter 90 Jahre,Weiblich,Mecklenburg-Vorpommern,0
2008,85 bis unter 90 Jahre,Weiblich,Niedersachsen,0
2008,85 bis unter 90 Jahre,Weiblich,Nordrhein-Westfalen,0
2008,85 bis unter 90 Jahre,Weiblich,Rheinland-Pfalz,0
2008,85 bis unter 90 Jahre,Weiblich,Saarland,0
2008,85 bis unter 90 Jahre,Weiblich,Sachsen,0
2008,85 bis unter 90 Jahre,Weiblich,Sachsen-Anhalt,0
2008,85 bis unter 90 Jahre,Weiblich,Schleswig-Holstein,0
2008,85 bis unter 90 Jahre,Weiblich,Thüringen,0
2008,90 bis unter 95 Jahre,Männlich,Deutschland,0
2008,90 bis unter 95 Jahre,Männlich,Baden-Württemberg,0
2008,90 bis unter 95 Jahre,Männlich,Bayern,0
2008,90 bis unter 95 Jahre,Männlich,Berlin,0
2008,90 bis unter 95 Jahre,Männlich,Brandenburg,0
2008,90 bis unter 95 Jahre,Männlich,Bremen,0
2008,90 bis unter 95 Jahre,Männlich,Hamburg,0
2008,90 bis unter 95 Jahre,Männlich,Hessen,0
2008,90 bis unter 95 Jahre,Männlich,Mecklenburg-Vorpommern,0
2008,90 bis unter 95 Jahre,Männlich,Niedersachsen,0
2008,90 bis unter 95 Jahre,Männlich,Nordrhein-Westfalen,0
2008,90 bis unter 95 Jahre,Männlich,Rheinland-Pfalz,0
2008,90 bis unter 95 Jahre,Männlich,Saarland,0
2008,90 bis unter 95 Jahre,Männlich,Sachsen,0
2008,90 bis unter 95 Jahre,Männlich,Sachsen-Anhalt,0
2008,90 bis unter 95 Jahre,Männlich,Schleswig-Holstein,0
2008,90 bis unter 95 Jahre,Männlich,Thüringen,0
2008,90 bis unter 95 Jahre,Weiblich,Deutschland,0
2008,90 bis unter 95 Jahre,Weiblich,Baden-Württemberg,0
2008,90 bis unter 95 Jahre,Weiblich,Bayern,0
2008,90 bis unter 95 Jahre,Weiblich,Berlin,0
2008,90 bis unter 95 Jahre,Weiblich,Brandenburg,0
2008,90 bis unter 95 Jahre,Weiblich,Bremen,0
2008,90 bis unter 95 Jahre,Weiblich,Hamburg,0
2008,90 bis unter 95 Jahre,Weiblich,Hessen,0
2008,90 bis unter 95 Jahre,Weiblich,Mecklenburg-Vorpommern,0
2008,90 bis unter 95 Jahre,Weiblich,Niedersachsen,0
2008,90 bis unter 95 Jahre,Weiblich,Nordrhein-Westfalen,0
2008,90 bis unter 95 Jahre,Weiblich,Rheinland-Pfalz,0
2008,90 bis unter 95 Jahre,Weiblich,Saarland,0
2008,90 bis unter 95 Jahre,Weiblich,Sachsen,0
2008,90 bis unter 95 Jahre,Weiblich,Sachsen-Anhalt,0
2008,90 bis unter 95 Jahre,Weiblich,Schleswig-Holstein,0
2008,90 bis unter 95 Jahre,Weiblich,Thüringen,0
2008,95 Jahre und älter,Männlich,Deutschland,0
2008,95 Jahre und älter,Männlich,Baden-Württemberg,0
2008,95 Jahre und älter,Männlich,Bayern,0
2008,95 Jahre und älter,Männlich,Berlin,0
2008,95 Jahre und älter,Männlich,Brandenburg,0
2008,95 Jahre und älter,Männlich,Bremen,0
2008,95 Jahre und älter,Männlich,Hamburg,0
2008,95 Jahre und älter,Männlich,Hessen,0
2008,95 Jahre und älter,Männlich,Mecklenburg-Vorpommern,0
2008,95 Jahre und älter,Männlich,Niedersachsen,0
2008,95 Jahre und älter,Männlich,Nordrhein-Westfalen,0
2008,95 Jahre und älter,Männlich,Rheinland-Pfalz,0
2008,95 Jahre und älter,Männlich,Saarland,0
2008,95 Jahre und älter,Männlich,Sachsen,0
2008,95 Jahre und älter,Männlich,Sachsen-Anhalt,0
2008,95 Jahre und älter,Männlich,Schleswig-Holstein,0
2008,95 Jahre und älter,Männlich,Thüringen,0
2008,95 Jahre und älter,Weiblich,Deutschland,0
2008,95 Jahre und älter,Weiblich,Baden-Württemberg,0
2008,95 Jahre und älter,Weiblich,Bayern,0
2008,95 Jahre und älter,Weiblich,Berlin,0
2008,95 Jahre und älter,Weiblich,Brandenburg,0
2008,95 Jahre und älter,Weiblich,Bremen,0
2008,95 Jahre und älter,Weiblich,Hamburg,0
2008,95 Jahre und älter,Weiblich,Hessen,0
2008,95 Jahre und älter,Weiblich,Mecklenburg-Vorpommern,0
2008,95 Jahre und älter,Weiblich,Niedersachsen,0
2008,95 Jahre und älter,Weiblich,Nordrhein-Westfalen,0
2008,95 Jahre und älter,Weiblich,Rheinland-Pfalz,0
2008,95 Jahre und älter,Weiblich,Saarland,0
2008,95 Jahre und älter,Weiblich,Sachsen,0
2008,95 Jahre und älter,Weiblich,Sachsen-Anhalt,0
2008,95 Jahre und älter,Weiblich,Schleswig-Holstein,0
2008,95 Jahre und älter,Weiblich,Thüringen,0
2009,Unter 1 Jahr,Männlich,Deutschland,0
2009,Unter 1 Jahr,Männlich,Baden-Württemberg,0
2009,Unter 1 Jahr,Männlich,Bayern,0
2009,Unter 1 Jahr,Männlich,Berlin,0
2009,Unter 1 Jahr,Männlich,Brandenburg,0
2009,Unter 1 Jahr,Männlich,Bremen,0
2009,Unter 1 Jahr,Männlich,Hamburg,0
2009,Unter 1 Jahr,Männlich,Hessen,0
2009,Unter 1 Jahr,Männlich,Mecklenburg-Vorpommern,0
2009,Unter 1 Jahr,Männlich,Niedersachsen,0
2009,Unter 1 Jahr,Männlich,Nordrhein-Westfalen,0
2009,Unter 1 Jahr,Männlich,Rheinland-Pfalz,0
2009,Unter 1 Jahr,Männlich,Saarland,0
2009,Unter 1 Jahr,Männlich,Sachsen,0
2009,Unter 1 Jahr,Männlich,Sachsen-Anhalt,0
2009,Unter 1 Jahr,Männlich,Schleswig-Holstein,0
2009,Unter 1 Jahr,Männlich,Thüringen,0
2009,Unter 1 Jahr,Weiblich,Deutschland,0
2009,Unter 1 Jahr,Weiblich,Baden-Württemberg,0
2009,Unter 1 Jahr,Weiblich,Bayern,0
2009,Unter 1 Jahr,Weiblich,Berlin,0
2009,Unter 1 Jahr,Weiblich,Brandenburg,0
2009,Unter 1 Jahr,Weiblich,Bremen,0
2009,Unter 1 Jahr,Weiblich,Hamburg,0
2009,Unter 1 Jahr,Weiblich,Hessen,0
2009,Unter 1 Jahr,Weiblich,Mecklenburg-Vorpommern,0
2009,Unter 1 Jahr,Weiblich,Niedersachsen,0
2009,Unter 1 Jahr,Weiblich,Nordrhein-Westfalen,0
2009,Unter 1 Jahr,Weiblich,Rheinland-Pfalz,0
2009,Unter 1 Jahr,Weiblich,Saarland,0
2009,Unter 1 Jahr,Weiblich,Sachsen,0
2009,Unter 1 Jahr,Weiblich,Sachsen-Anhalt,0
2009,Unter 1 Jahr,Weiblich,Schleswig-Holstein,0
2009,Unter 1 Jahr,Weiblich,Thüringen,0
2009,1 Jahr bis unter 5 Jahre,Männlich,Deutschland,0
2009,1 Jahr bis unter 5 Jahre,Männlich,Baden-Württemberg,0
2009,1 Jahr bis unter 5 Jahre,Männlich,Bayern,0
2009,1 Jahr bis unter 5 Jahre,Männlich,Berlin,0
2009,1 Jahr bis unter 5 Jahre,Männlich,Brandenburg,0
2009,1 Jahr bis unter 5 Jahre,Männlich,Bremen,0
2009,1 Jahr bis unter 5 Jahre,Männlich,Hamburg,0
2009,1 Jahr bis unter 5 Jahre,Männlich,Hessen,0
2009,1 Jahr bis unter 5 Jahre,Männlich,Mecklenburg-Vorpommern,0
2009,1 Jahr bis unter 5 Jahre,Männlich,Niedersachsen,0
2009,1 Jahr bis unter 5 Jahre,Männlich,Nordrhein-Westfalen,0
2009,1 Jahr bis unter 5 Jahre,Männlich,Rheinland-Pfalz,0
2009,1 Jahr bis unter 5 Jahre,Männlich,Saarland,0
2009,1 Jahr bis unter 5 Jahre,Männlich,Sachsen,0
2009,1 Jahr bis unter 5 Jahre,Männlich,Sachsen-Anhalt,0
2009,1 Jahr bis unter 5 Jahre,Männlich,Schleswig-Holstein,0
2009,1 Jahr bis unter 5 Jahre,Männlich,Thüringen,0
2009,1 Jahr bis unter 5 Jahre,Weiblich,Deutschland,0
2009,1 Jahr bis unter 5 Jahre,Weiblich,Baden-Württemberg,0
2009,1 Jahr bis unter 5 Jahre,Weiblich,Bayern,0
2009,1 Jahr bis unter 5 Jahre,Weiblich,Berlin,0
2009,1 Jahr bis unter 5 Jahre,Weiblich,Brandenburg,0
2009,1 Jahr bis unter 5 Jahre,Weiblich,Bremen,0
2009,1 Jahr bis unter 5 Jahre,Weiblich,Hamburg,0
2009,1 Jahr bis unter 5 Jahre,Weiblich,Hessen,0
2009,1 Jahr bis unter 5 Jahre,Weiblich,Mecklenburg-Vorpommern,0
2009,1 Jahr bis unter 5 Jahre,Weiblich,Niedersachsen,0
2009,1 Jahr bis unter 5 Jahre,Weiblich,Nordrhein-Westfalen,0
2009,1 Jahr bis unter 5 Jahre,Weiblich,Rheinland-Pfalz,0
2009,1 Jahr bis unter 5 Jahre,Weiblich,Saarland,0
2009,1 Jahr bis unter 5 Jahre,Weiblich,Sachsen,0
2009,1 Jahr bis unter 5 Jahre,Weiblich,Sachsen-Anhalt,0
2009,1 Jahr bis unter 5 Jahre,Weiblich,Schleswig-Holstein,0
2009,1 Jahr bis unter 5 Jahre,Weiblich,Thüringen,0
2009,5 bis unter 10 Jahre,Männlich,Deutschland,0
2009,5 bis unter 10 Jahre,Männlich,Baden-Württemberg,0
2009,5 bis unter 10 Jahre,Männlich,Bayern,0
2009,5 bis unter 10 Jahre,Männlich,Berlin,0
2009,5 bis unter 10 Jahre,Männlich,Brandenburg,0
2009,5 bis unter 10 Jahre,Männlich,Bremen,0
2009,5 bis unter 10 Jahre,Männlich,Hamburg,0
2009,5 bis unter 10 Jahre,Männlich,Hessen,0
2009,5 bis unter 10 Jahre,Männlich,Mecklenburg-Vorpommern,0
2009,5 bis unter 10 Jahre,Männlich,Niedersachsen,0
2009,5 bis unter 10 Jahre,Männlich,Nordrhein-Westfalen,0
2009,5 bis unter 10 Jahre,Männlich,Rheinland-Pfalz,0
2009,5 bis unter 10 Jahre,Männlich,Saarland,0
2009,5 bis unter 10 Jahre,Männlich,Sachsen,0
2009,5 bis unter 10 Jahre,Männlich,Sachsen-Anhalt,0
2009,5 bis unter 10 Jahre,Männlich,Schleswig-Holstein,0
2009,5 bis unter 10 Jahre,Männlich,Thüringen,0
2009,5 bis unter 10 Jahre,Weiblich,Deutschland,0
2009,5 bis unter 10 Jahre,Weiblich,Baden-Württemberg,0
2009,5 bis unter 10 Jahre,Weiblich,Bayern,0
2009,5 bis unter 10 Jahre,Weiblich,Berlin,0
2009,5 bis unter 10 Jahre,Weiblich,Brandenburg,0
2009,5 bis unter 10 Jahre,Weiblich,Bremen,0
2009,5 bis unter 10 Jahre,Weiblich,Hamburg,0
2009,5 bis unter 10 Jahre,Weiblich,Hessen,0
2009,5 bis unter 10 Jahre,Weiblich,Mecklenburg-Vorpommern,0
2009,5 bis unter 10 Jahre,Weiblich,Niedersachsen,0
2009,5 bis unter 10 Jahre,Weiblich,Nordrhein-Westfalen,0
2009,5 bis unter 10 Jahre,Weiblich,Rheinland-Pfalz,0
2009,5 bis unter 10 Jahre,Weiblich,Saarland,0
2009,5 bis unter 10 Jahre,Weiblich,Sachsen,0
2009,5 bis unter 10 Jahre,Weiblich,Sachsen-Anhalt,0
2009,5 bis unter 10 Jahre,Weiblich,Schleswig-Holstein,0
2009,5 bis unter 10 Jahre,Weiblich,Thüringen,0
2009,10 bis unter 15 Jahre,Männlich,Deutschland,0
2009,10 bis unter 15 Jahre,Männlich,Baden-Württemberg,0
2009,10 bis unter 15 Jahre,Männlich,Bayern,0
2009,10 bis unter 15 Jahre,Männlich,Berlin,0
2009,10 bis unter 15 Jahre,Männlich,Brandenburg,0
2009,10 bis unter 15 Jahre,Männlich,Bremen,0
2009,10 bis unter 15 Jahre,Männlich,Hamburg,0
2009,10 bis unter 15 Jahre,Männlich,Hessen,0
2009,10 bis unter 15 Jahre,Männlich,Mecklenburg-Vorpommern,0
2009,10 bis unter 15 Jahre,Männlich,Niedersachsen,0
2009,10 bis unter 15 Jahre,Männlich,Nordrhein-Westfalen,0
2009,10 bis unter 15 Jahre,Männlich,Rheinland-Pfalz,0
2009,10 bis unter 15 Jahre,Männlich,Saarland,0
2009,10 bis unter 15 Jahre,Männlich,Sachsen,0
2009,10 bis unter 15 Jahre,Männlich,Sachsen-Anhalt,0
2009,10 bis unter 15 Jahre,Männlich,Schleswig-Holstein,0
2009,10 bis unter 15 Jahre,Männlich,Thüringen,0
2009,10 bis unter 15 Jahre,Weiblich,Deutschland,0
2009,10 bis unter 15 Jahre,Weiblich,Baden-Württemberg,0
2009,10 bis unter 15 Jahre,Weiblich,Bayern,0
2009,10 bis unter 15 Jahre,Weiblich,Berlin,0
2009,10 bis unter 15 Jahre,Weiblich,Brandenburg,0
2009,10 bis unter 15 Jahre,Weiblich,Bremen,0
2009,10 bis unter 15 Jahre,Weiblich,Hamburg,0
2009,10 bis unter 15 Jahre,Weiblich,Hessen,0
2009,10 bis unter 15 Jahre,Weiblich,Mecklenburg-Vorpommern,0
2009,10 bis unter 15 Jahre,Weiblich,Niedersachsen,0
2009,10 bis unter 15 Jahre,Weiblich,Nordrhein-Westfalen,0
2009,10 bis unter 15 Jahre,Weiblich,Rheinland-Pfalz,0
2009,10 bis unter 15 Jahre,Weiblich,Saarland,0
2009,10 bis unter 15 Jahre,Weiblich,Sachsen,0
2009,10 bis unter 15 Jahre,Weiblich,Sachsen-Anhalt,0
2009,10 bis unter 15 Jahre,Weiblich,Schleswig-Holstein,0
2009,10 bis unter 15 Jahre,Weiblich,Thüringen,0
2009,15 bis unter 20 Jahre,Männlich,Deutschland,7
2009,15 bis unter 20 Jahre,Männlich,Baden-Württemberg,0
2009,15 bis unter 20 Jahre,Männlich,Bayern,4
2009,15 bis unter 20 Jahre,Männlich,Berlin,0
2009,15 bis unter 20 Jahre,Männlich,Brandenburg,0
2009,15 bis unter 20 Jahre,Männlich,Bremen,0
2009,15 bis unter 20 Jahre,Männlich,Hamburg,0
2009,15 bis unter 20 Jahre,Männlich,Hessen,1
2009,15 bis unter 20 Jahre,Männlich,Mecklenburg-Vorpommern,0
2009,15 bis unter 20 Jahre,Männlich,Niedersachsen,0
2009,15 bis unter 20 Jahre,Männlich,Nordrhein-Westfalen,2
2009,15 bis unter 20 Jahre,Männlich,Rheinland-Pfalz,0
2009,15 bis unter 20 Jahre,Männlich,Saarland,0
2009,15 bis unter 20 Jahre,Männlich,Sachsen,0
2009,15 bis unter 20 Jahre,Männlich,Sachsen-Anhalt,0
2009,15 bis unter 20 Jahre,Männlich,Schleswig-Holstein,0
2009,15 bis unter 20 Jahre,Männlich,Thüringen,0
2009,15 bis unter 20 Jahre,Weiblich,Deutschland,14
2009,15 bis unter 20 Jahre,Weiblich,Baden-Württemberg,0
2009,15 bis unter 20 Jahre,Weiblich,Bayern,5
2009,15 bis unter 20 Jahre,Weiblich,Berlin,0
2009,15 bis unter 20 Jahre,Weiblich,Brandenburg,0
2009,15 bis unter 20 Jahre,Weiblich,Bremen,0
2009,15 bis unter 20 Jahre,Weiblich,Hamburg,0
2009,15 bis unter 20 Jahre,Weiblich,Hessen,5
2009,15 bis unter 20 Jahre,Weiblich,Mecklenburg-Vorpommern,0
2009,15 bis unter 20 Jahre,Weiblich,Niedersachsen,0
2009,15 bis unter 20 Jahre,Weiblich,Nordrhein-Westfalen,4
2009,15 bis unter 20 Jahre,Weiblich,Rheinland-Pfalz,0
2009,15 bis unter 20 Jahre,Weiblich,Saarland,0
2009,15 bis unter 20 Jahre,Weiblich,Sachsen,0
2009,15 bis unter 20 Jahre,Weiblich,Sachsen-Anhalt,0
2009,15 bis unter 20 Jahre,Weiblich,Schleswig-Holstein,0
2009,15 bis unter 20 Jahre,Weiblich,Thüringen,0
2009,20 bis unter 25 Jahre,Männlich,Deutschland,43
2009,20 bis unter 25 Jahre,Männlich,Baden-Württemberg,0
2009,20 bis unter 25 Jahre,Männlich,Bayern,30
2009,20 bis unter 25 Jahre,Männlich,Berlin,1
2009,20 bis unter 25 Jahre,Männlich,Brandenburg,0
2009,20 bis unter 25 Jahre,Männlich,Bremen,0
2009,20 bis unter 25 Jahre,Männlich,Hamburg,0
2009,20 bis unter 25 Jahre,Männlich,Hessen,4
2009,20 bis unter 25 Jahre,Männlich,Mecklenburg-Vorpommern,0
2009,20 bis unter 25 Jahre,Männlich,Niedersachsen,0
2009,20 bis unter 25 Jahre,Männlich,Nordrhein-Westfalen,8
2009,20 bis unter 25 Jahre,Männlich,Rheinland-Pfalz,0
2009,20 bis unter 25 Jahre,Männlich,Saarland,0
2009,20 bis unter 25 Jahre,Männlich,Sachsen,0
2009,20 bis unter 25 Jahre,Männlich,Sachsen-Anhalt,0
2009,20 bis unter 25 Jahre,Männlich,Schleswig-Holstein,0
2009,20 bis unter 25 Jahre,Männlich,Thüringen,0
2009,20 bis unter 25 Jahre,Weiblich,Deutschland,17
2009,20 bis unter 25 Jahre,Weiblich,Baden-Württemberg,1
2009,20 bis unter 25 Jahre,Weiblich,Bayern,10
2009,20 bis unter 25 Jahre,Weiblich,Berlin,0
2009,20 bis unter 25 Jahre,Weiblich,Brandenburg,0
2009,20 bis unter 25 Jahre,Weiblich,Bremen,0
2009,20 bis unter 25 Jahre,Weiblich,Hamburg,0
2009,20 bis unter 25 Jahre,Weiblich,Hessen,2
2009,20 bis unter 25 Jahre,Weiblich,Mecklenburg-Vorpommern,0
2009,20 bis unter 25 Jahre,Weiblich,Niedersachsen,2
2009,20 bis unter 25 Jahre,Weiblich,Nordrhein-Westfalen,2
2009,20 bis unter 25 Jahre,Weiblich,Rheinland-Pfalz,0
2009,20 bis unter 25 Jahre,Weiblich,Saarland,0
2009,20 bis unter 25 Jahre,Weiblich,Sachsen,0
2009,20 bis unter 25 Jahre,Weiblich,Sachsen-Anhalt,0
2009,20 bis unter 25 Jahre,Weiblich,Schleswig-Holstein,0
2009,20 bis unter 25 Jahre,Weiblich,Thüringen,0
2009,25 bis unter 30 Jahre,Männlich,Deutschland,46
2009,25 bis unter 30 Jahre,Männlich,Baden-Württemberg,0
2009,25 bis unter 30 Jahre,Männlich,Bayern,31
2009,25 bis unter 30 Jahre,Männlich,Berlin,3
2009,25 bis unter 30 Jahre,Männlich,Brandenburg,0
2009,25 bis unter 30 Jahre,Männlich,Bremen,0
2009,25 bis unter 30 Jahre,Männlich,Hamburg,0
2009,25 bis unter 30 Jahre,Männlich,Hessen,4
2009,25 bis unter 30 Jahre,Männlich,Mecklenburg-Vorpommern,0
2009,25 bis unter 30 Jahre,Männlich,Niedersachsen,1
2009,25 bis unter 30 Jahre,Männlich,Nordrhein-Westfalen,7
2009,25 bis unter 30 Jahre,Männlich,Rheinland-Pfalz,0
2009,25 bis unter 30 Jahre,Männlich,Saarland,0
2009,25 bis unter 30 Jahre,Männlich,Sachsen,0
2009,25 bis unter 30 Jahre,Männlich,Sachsen-Anhalt,0
2009,25 bis unter 30 Jahre,Männlich,Schleswig-Holstein,0
2009,25 bis unter 30 Jahre,Männlich,Thüringen,0
2009,25 bis unter 30 Jahre,Weiblich,Deutschland,20
2009,25 bis unter 30 Jahre,Weiblich,Baden-Württemberg,0
2009,25 bis unter 30 Jahre,Weiblich,Bayern,12
2009,25 bis unter 30 Jahre,Weiblich,Berlin,1
2009,25 bis unter 30 Jahre,Weiblich,Brandenburg,0
2009,25 bis unter 30 Jahre,Weiblich,Bremen,0
2009,25 bis unter 30 Jahre,Weiblich,Hamburg,0
2009,25 bis unter 30 Jahre,Weiblich,Hessen,1
2009,25 bis unter 30 Jahre,Weiblich,Mecklenburg-Vorpommern,0
2009,25 bis unter 30 Jahre,Weiblich,Niedersachsen,3
2009,25 bis unter 30 Jahre,Weiblich,Nordrhein-Westfalen,3
2009,25 bis unter 30 Jahre,Weiblich,Rheinland-Pfalz,0
2009,25 bis unter 30 Jahre,Weiblich,Saarland,0
2009,25 bis unter 30 Jahre,Weiblich,Sachsen,0
2009,25 bis unter 30 Jahre,Weiblich,Sachsen-Anhalt,0
2009,25 bis unter 30 Jahre,Weiblich,Schleswig-Holstein,0
2009,25 bis unter 30 Jahre,Weiblich,Thüringen,0
2009,30 bis unter 35 Jahre,Männlich,Deutschland,56
2009,30 bis unter 35 Jahre,Männlich,Baden-Württemberg,0
2009,30 bis unter 35 Jahre,Männlich,Bayern,38
2009,30 bis unter 35 Jahre,Männlich,Berlin,6
2009,30 bis unter 35 Jahre,Männlich,Brandenburg,0
2009,30 bis unter 35 Jahre,Männlich,Bremen,0
2009,30 bis unter 35 Jahre,Männlich,Hamburg,0
2009,30 bis unter 35 Jahre,Männlich,Hessen,7
2009,30 bis unter 35 Jahre,Männlich,Mecklenburg-Vorpommern,0
2009,30 bis unter 35 Jahre,Männlich,Niedersachsen,0
2009,30 bis unter 35 Jahre,Männlich,Nordrhein-Westfalen,4
2009,30 bis unter 35 Jahre,Männlich,Rheinland-Pfalz,0
2009,30 bis unter 35 Jahre,Männlich,Saarland,0
2009,30 bis unter 35 Jahre,Männlich,Sachsen,0
2009,30 bis unter 35 Jahre,Männlich,Sachsen-Anhalt,0
2009,30 bis unter 35 Jahre,Männlich,Schleswig-Holstein,1
2009,30 bis unter 35 Jahre,Männlich,Thüringen,0
2009,30 bis unter 35 Jahre,Weiblich,Deutschland,28
2009,30 bis unter 35 Jahre,Weiblich,Baden-Württemberg,2
2009,30 bis unter 35 Jahre,Weiblich,Bayern,17
2009,30 bis unter 35 Jahre,Weiblich,Berlin,1
2009,30 bis unter 35 Jahre,Weiblich,Brandenburg,0
2009,30 bis unter 35 Jahre,Weiblich,Bremen,0
2009,30 bis unter 35 Jahre,Weiblich,Hamburg,0
2009,30 bis unter 35 Jahre,Weiblich,Hessen,2
2009,30 bis unter 35 Jahre,Weiblich,Mecklenburg-Vorpommern,0
2009,30 bis unter 35 Jahre,Weiblich,Niedersachsen,2
2009,30 bis unter 35 Jahre,Weiblich,Nordrhein-Westfalen,4
2009,30 bis unter 35 Jahre,Weiblich,Rheinland-Pfalz,0
2009,30 bis unter 35 Jahre,Weiblich,Saarland,0
2009,30 bis unter 35 Jahre,Weiblich,Sachsen,0
2009,30 bis unter 35 Jahre,Weiblich,Sachsen-Anhalt,0
2009,30 bis unter 35 Jahre,Weiblich,Schleswig-Holstein,0
2009,30 bis unter 35 Jahre,Weiblich,Thüringen,0
2009,35 bis unter 40 Jahre,Männlich,Deutschland,41
2009,35 bis unter 40 Jahre,Männlich,Baden-Württemberg,0
2009,35 bis unter 40 Jahre,Männlich,Bayern,30
2009,35 bis unter 40 Jahre,Männlich,Berlin,2
2009,35 bis unter 40 Jahre,Männlich,Brandenburg,0
2009,35 bis unter 40 Jahre,Männlich,Bremen,0
2009,35 bis unter 40 Jahre,Männlich,Hamburg,0
2009,35 bis unter 40 Jahre,Männlich,Hessen,5
2009,35 bis unter 40 Jahre,Männlich,Mecklenburg-Vorpommern,0
2009,35 bis unter 40 Jahre,Männlich,Niedersachsen,0
2009,35 bis unter 40 Jahre,Männlich,Nordrhein-Westfalen,4
2009,35 bis unter 40 Jahre,Männlich,Rheinland-Pfalz,0
2009,35 bis unter 40 Jahre,Männlich,Saarland,0
2009,35 bis unter 40 Jahre,Männlich,Sachsen,0
2009,35 bis unter 40 Jahre,Männlich,Sachsen-Anhalt,0
2009,35 bis unter 40 Jahre,Männlich,Schleswig-Holstein,0
2009,35 bis unter 40 Jahre,Männlich,Thüringen,0
2009,35 bis unter 40 Jahre,Weiblich,Deutschland,27
2009,35 bis unter 40 Jahre,Weiblich,Baden-Württemberg,2
2009,35 bis unter 40 Jahre,Weiblich,Bayern,13
2009,35 bis unter 40 Jahre,Weiblich,Berlin,0
2009,35 bis unter 40 Jahre,Weiblich,Brandenburg,0
2009,35 bis unter 40 Jahre,Weiblich,Bremen,0
2009,35 bis unter 40 Jahre,Weiblich,Hamburg,0
2009,35 bis unter 40 Jahre,Weiblich,Hessen,2
2009,35 bis unter 40 Jahre,Weiblich,Mecklenburg-Vorpommern,0
2009,35 bis unter 40 Jahre,Weiblich,Niedersachsen,5
2009,35 bis unter 40 Jahre,Weiblich,Nordrhein-Westfalen,5
2009,35 bis unter 40 Jahre,Weiblich,Rheinland-Pfalz,0
2009,35 bis unter 40 Jahre,Weiblich,Saarland,0
2009,35 bis unter 40 Jahre,Weiblich,Sachsen,0
2009,35 bis unter 40 Jahre,Weiblich,Sachsen-Anhalt,0
2009,35 bis unter 40 Jahre,Weiblich,Schleswig-Holstein,0
2009,35 bis unter 40 Jahre,Weiblich,Thüringen,0
2009,40 bis unter 45 Jahre,Männlich,Deutschland,35
2009,40 bis unter 45 Jahre,Männlich,Baden-Württemberg,1
2009,40 bis unter 45 Jahre,Männlich,Bayern,22
2009,40 bis unter 45 Jahre,Männlich,Berlin,7
2009,40 bis unter 45 Jahre,Männlich,Brandenburg,0
2009,40 bis unter 45 Jahre,Männlich,Bremen,0
2009,40 bis unter 45 Jahre,Männlich,Hamburg,1
2009,40 bis unter 45 Jahre,Männlich,Hessen,3
2009,40 bis unter 45 Jahre,Männlich,Mecklenburg-Vorpommern,0
2009,40 bis unter 45 Jahre,Männlich,Niedersachsen,0
2009,40 bis unter 45 Jahre,Männlich,Nordrhein-Westfalen,1
2009,40 bis unter 45 Jahre,Männlich,Rheinland-Pfalz,0
2009,40 bis unter 45 Jahre,Männlich,Saarland,0
2009,40 bis unter 45 Jahre,Männlich,Sachsen,0
2009,40 bis unter 45 Jahre,Männlich,Sachsen-Anhalt,0
2009,40 bis unter 45 Jahre,Männlich,Schleswig-Holstein,0
2009,40 bis unter 45 Jahre,Männlich,Thüringen,0
2009,40 bis unter 45 Jahre,Weiblich,Deutschland,46
2009,40 bis unter 45 Jahre,Weiblich,Baden-Württemberg,1
2009,40 bis unter 45 Jahre,Weiblich,Bayern,22
2009,40 bis unter 45 Jahre,Weiblich,Berlin,0
2009,40 bis unter 45 Jahre,Weiblich,Brandenburg,0
2009,40 bis unter 45 Jahre,Weiblich,Bremen,0
2009,40 bis unter 45 Jahre,Weiblich,Hamburg,0
2009,40 bis unter 45 Jahre,Weiblich,Hessen,4
2009,40 bis unter 45 Jahre,Weiblich,Mecklenburg-Vorpommern,0
2009,40 bis unter 45 Jahre,Weiblich,Niedersachsen,5
2009,40 bis unter 45 Jahre,Weiblich,Nordrhein-Westfalen,14
2009,40 bis unter 45 Jahre,Weiblich,Rheinland-Pfalz,0
2009,40 bis unter 45 Jahre,Weiblich,Saarland,0
2009,40 bis unter 45 Jahre,Weiblich,Sachsen,0
2009,40 bis unter 45 Jahre,Weiblich,Sachsen-Anhalt,0
2009,40 bis unter 45 Jahre,Weiblich,Schleswig-Holstein,0
2009,40 bis unter 45 Jahre,Weiblich,Thüringen,0
2009,45 bis unter 50 Jahre,Männlich,Deutschland,19
2009,45 bis unter 50 Jahre,Männlich,Baden-Württemberg,0
2009,45 bis unter 50 Jahre,Männlich,Bayern,9
2009,45 bis unter 50 Jahre,Männlich,Berlin,7
2009,45 bis unter 50 Jahre,Männlich,Brandenburg,0
2009,45 bis unter 50 Jahre,Männlich,Bremen,0
2009,45 bis unter 50 Jahre,Männlich,Hamburg,0
2009,45 bis unter 50 Jahre,Männlich,Hessen,2
2009,45 bis unter 50 Jahre,Männlich,Mecklenburg-Vorpommern,0
2009,45 bis unter 50 Jahre,Männlich,Niedersachsen,0
2009,45 bis unter 50 Jahre,Männlich,Nordrhein-Westfalen,1
2009,45 bis unter 50 Jahre,Männlich,Rheinland-Pfalz,0
2009,45 bis unter 50 Jahre,Männlich,Saarland,0
2009,45 bis unter 50 Jahre,Männlich,Sachsen,0
2009,45 bis unter 50 Jahre,Männlich,Sachsen-Anhalt,0
2009,45 bis unter 50 Jahre,Männlich,Schleswig-Holstein,0
2009,45 bis unter 50 Jahre,Männlich,Thüringen,0
2009,45 bis unter 50 Jahre,Weiblich,Deutschland,22
2009,45 bis unter 50 Jahre,Weiblich,Baden-Württemberg,2
2009,45 bis unter 50 Jahre,Weiblich,Bayern,10
2009,45 bis unter 50 Jahre,Weiblich,Berlin,0
2009,45 bis unter 50 Jahre,Weiblich,Brandenburg,0
2009,45 bis unter 50 Jahre,Weiblich,Bremen,0
2009,45 bis unter 50 Jahre,Weiblich,Hamburg,0
2009,45 bis unter 50 Jahre,Weiblich,Hessen,2
2009,45 bis unter 50 Jahre,Weiblich,Mecklenburg-Vorpommern,0
2009,45 bis unter 50 Jahre,Weiblich,Niedersachsen,1
2009,45 bis unter 50 Jahre,Weiblich,Nordrhein-Westfalen,6
2009,45 bis unter 50 Jahre,Weiblich,Rheinland-Pfalz,1
2009,45 bis unter 50 Jahre,Weiblich,Saarland,0
2009,45 bis unter 50 Jahre,Weiblich,Sachsen,0
2009,45 bis unter 50 Jahre,Weiblich,Sachsen-Anhalt,0
2009,45 bis unter 50 Jahre,Weiblich,Schleswig-Holstein,0
2009,45 bis unter 50 Jahre,Weiblich,Thüringen,0
2009,50 bis unter 55 Jahre,Männlich,Deutschland,4
2009,50 bis unter 55 Jahre,Männlich,Baden-Württemberg,0
2009,50 bis unter 55 Jahre,Männlich,Bayern,2
2009,50 bis unter 55 Jahre,Männlich,Berlin,0
2009,50 bis unter 55 Jahre,Männlich,Brandenburg,0
2009,50 bis unter 55 Jahre,Männlich,Bremen,0
2009,50 bis unter 55 Jahre,Männlich,Hamburg,0
2009,50 bis unter 55 Jahre,Männlich,Hessen,0
2009,50 bis unter 55 Jahre,Männlich,Mecklenburg-Vorpommern,0
2009,50 bis unter 55 Jahre,Männlich,Niedersachsen,0
2009,50 bis unter 55 Jahre,Männlich,Nordrhein-Westfalen,2
2009,50 bis unter 55 Jahre,Männlich,Rheinland-Pfalz,0
2009,50 bis unter 55 Jahre,Männlich,Saarland,0
2009,50 bis unter 55 Jahre,Männlich,Sachsen,0
2009,50 bis unter 55 Jahre,Männlich,Sachsen-Anhalt,0
2009,50 bis unter 55 Jahre,Männlich,Schleswig-Holstein,0
2009,50 bis unter 55 Jahre,Männlich,Thüringen,0
2009,50 bis unter 55 Jahre,Weiblich,Deutschland,26
2009,50 bis unter 55 Jahre,Weiblich,Baden-Württemberg,1
2009,50 bis unter 55 Jahre,Weiblich,Bayern,8
2009,50 bis unter 55 Jahre,Weiblich,Berlin,0
2009,50 bis unter 55 Jahre,Weiblich,Brandenburg,0
2009,50 bis unter 55 Jahre,Weiblich,Bremen,0
2009,50 bis unter 55 Jahre,Weiblich,Hamburg,0
2009,50 bis unter 55 Jahre,Weiblich,Hessen,2
2009,50 bis unter 55 Jahre,Weiblich,Mecklenburg-Vorpommern,0
2009,50 bis unter 55 Jahre,Weiblich,Niedersachsen,5
2009,50 bis unter 55 Jahre,Weiblich,Nordrhein-Westfalen,10
2009,50 bis unter 55 Jahre,Weiblich,Rheinland-Pfalz,0
2009,50 bis unter 55 Jahre,Weiblich,Saarland,0
2009,50 bis unter 55 Jahre,Weiblich,Sachsen,0
2009,50 bis unter 55 Jahre,Weiblich,Sachsen-Anhalt,0
2009,50 bis unter 55 Jahre,Weiblich,Schleswig-Holstein,0
2009,50 bis unter 55 Jahre,Weiblich,Thüringen,0
2009,55 bis unter 60 Jahre,Männlich,Deutschland,2
2009,55 bis unter 60 Jahre,Männlich,Baden-Württemberg,0
2009,55 bis unter 60 Jahre,Männlich,Bayern,1
2009,55 bis unter 60 Jahre,Männlich,Berlin,0
2009,55 bis unter 60 Jahre,Männlich,Brandenburg,0
2009,55 bis unter 60 Jahre,Männlich,Bremen,0
2009,55 bis unter 60 Jahre,Männlich,Hamburg,0
2009,55 bis unter 60 Jahre,Männlich,Hessen,1
2009,55 bis unter 60 Jahre,Männlich,Mecklenburg-Vorpommern,0
2009,55 bis unter 60 Jahre,Männlich,Niedersachsen,0
2009,55 bis unter 60 Jahre,Männlich,Nordrhein-Westfalen,0
2009,55 bis unter 60 Jahre,Männlich,Rheinland-Pfalz,0
2009,55 bis unter 60 Jahre,Männlich,Saarland,0
2009,55 bis unter 60 Jahre,Männlich,Sachsen,0
2009,55 bis unter 60 Jahre,Männlich,Sachsen-Anhalt,0
2009,55 bis unter 60 Jahre,Männlich,Schleswig-Holstein,0
2009,55 bis unter 60 Jahre,Männlich,Thüringen,0
2009,55 bis unter 60 Jahre,Weiblich,Deutschland,11
2009,55 bis unter 60 Jahre,Weiblich,Baden-Württemberg,0
2009,55 bis unter 60 Jahre,Weiblich,Bayern,8
2009,55 bis unter 60 Jahre,Weiblich,Berlin,0
2009,55 bis unter 60 Jahre,Weiblich,Brandenburg,0
2009,55 bis unter 60 Jahre,Weiblich,Bremen,0
2009,55 bis unter 60 Jahre,Weiblich,Hamburg,0
2009,55 bis unter 60 Jahre,Weiblich,Hessen,0
2009,55 bis unter 60 Jahre,Weiblich,Mecklenburg-Vorpommern,0
2009,55 bis unter 60 Jahre,Weiblich,Niedersachsen,1
2009,55 bis unter 60 Jahre,Weiblich,Nordrhein-Westfalen,1
2009,55 bis unter 60 Jahre,Weiblich,Rheinland-Pfalz,0
2009,55 bis unter 60 Jahre,Weiblich,Saarland,0
2009,55 bis unter 60 Jahre,Weiblich,Sachsen,0
2009,55 bis unter 60 Jahre,Weiblich,Sachsen-Anhalt,1
2009,55 bis unter 60 Jahre,Weiblich,Schleswig-Holstein,0
2009,55 bis unter 60 Jahre,Weiblich,Thüringen,0
2009,60 bis unter 65 Jahre,Männlich,Deutschland,1
2009,60 bis unter 65 Jahre,Männlich,Baden-Württemberg,0
2009,60 bis unter 65 Jahre,Männlich,Bayern,0
2009,60 bis unter 65 Jahre,Männlich,Berlin,1
2009,60 bis unter 65 Jahre,Männlich,Brandenburg,0
2009,60 bis unter 65 Jahre,Männlich,Bremen,0
2009,60 bis unter 65 Jahre,Männlich,Hamburg,0
2009,60 bis unter 65 Jahre,Männlich,Hessen,0
2009,60 bis unter 65 Jahre,Männlich,Mecklenburg-Vorpommern,0
2009,60 bis unter 65 Jahre,Männlich,Niedersachsen,0
2009,60 bis unter 65 Jahre,Männlich,Nordrhein-Westfalen,0
2009,60 bis unter 65 Jahre,Männlich,Rheinland-Pfalz,0
2009,60 bis unter 65 Jahre,Männlich,Saarland,0
2009,60 bis unter 65 Jahre,Männlich,Sachsen,0
2009,60 bis unter 65 Jahre,Männlich,Sachsen-Anhalt,0
2009,60 bis unter 65 Jahre,Männlich,Schleswig-Holstein,0
2009,60 bis unter 65 Jahre,Männlich,Thüringen,0
2009,60 bis unter 65 Jahre,Weiblich,Deutschland,7
2009,60 bis unter 65 Jahre,Weiblich,Baden-Württemberg,0
2009,60 bis unter 65 Jahre,Weiblich,Bayern,3
2009,60 bis unter 65 Jahre,Weiblich,Berlin,1
2009,60 bis unter 65 Jahre,Weiblich,Brandenburg,0
2009,60 bis unter 65 Jahre,Weiblich,Bremen,0
2009,60 bis unter 65 Jahre,Weiblich,Hamburg,0
2009,60 bis unter 65 Jahre,Weiblich,Hessen,1
2009,60 bis unter 65 Jahre,Weiblich,Mecklenburg-Vorpommern,0
2009,60 bis unter 65 Jahre,Weiblich,Niedersachsen,0
2009,60 bis unter 65 Jahre,Weiblich,Nordrhein-Westfalen,2
2009,60 bis unter 65 Jahre,Weiblich,Rheinland-Pfalz,0
2009,60 bis unter 65 Jahre,Weiblich,Saarland,0
2009,60 bis unter 65 Jahre,Weiblich,Sachsen,0
2009,60 bis unter 65 Jahre,Weiblich,Sachsen-Anhalt,0
2009,60 bis unter 65 Jahre,Weiblich,Schleswig-Holstein,0
2009,60 bis unter 65 Jahre,Weiblich,Thüringen,0
2009,65 bis unter 70 Jahre,Männlich,Deutschland,0
2009,65 bis unter 70 Jahre,Männlich,Baden-Württemberg,0
2009,65 bis unter 70 Jahre,Männlich,Bayern,0
2009,65 bis unter 70 Jahre,Männlich,Berlin,0
2009,65 bis unter 70 Jahre,Männlich,Brandenburg,0
2009,65 bis unter 70 Jahre,Männlich,Bremen,0
2009,65 bis unter 70 Jahre,Männlich,Hamburg,0
2009,65 bis unter 70 Jahre,Männlich,Hessen,0
2009,65 bis unter 70 Jahre,Männlich,Mecklenburg-Vorpommern,0
2009,65 bis unter 70 Jahre,Männlich,Niedersachsen,0
2009,65 bis unter 70 Jahre,Männlich,Nordrhein-Westfalen,0
2009,65 bis unter 70 Jahre,Männlich,Rheinland-Pfalz,0
2009,65 bis unter 70 Jahre,Männlich,Saarland,0
2009,65 bis unter 70 Jahre,Männlich,Sachsen,0
2009,65 bis unter 70 Jahre,Männlich,Sachsen-Anhalt,0
2009,65 bis unter 70 Jahre,Männlich,Schleswig-Holstein,0
2009,65 bis unter 70 Jahre,Männlich,Thüringen,0
2009,65 bis unter 70 Jahre,Weiblich,Deutschland,0
2009,65 bis unter 70 Jahre,Weiblich,Baden-Württemberg,0
2009,65 bis unter 70 Jahre,Weiblich,Bayern,0
2009,65 bis unter 70 Jahre,Weiblich,Berlin,0
2009,65 bis unter 70 Jahre,Weiblich,Brandenburg,0
2009,65 bis unter 70 Jahre,Weiblich,Bremen,0
2009,65 bis unter 70 Jahre,Weiblich,Hamburg,0
2009,65 bis unter 70 Jahre,Weiblich,Hessen,0
2009,65 bis unter 70 Jahre,Weiblich,Mecklenburg-Vorpommern,0
2009,65 bis unter 70 Jahre,Weiblich,Niedersachsen,0
2009,65 bis unter 70 Jahre,Weiblich,Nordrhein-Westfalen,0
2009,65 bis unter 70 Jahre,Weiblich,Rheinland-Pfalz,0
2009,65 bis unter 70 Jahre,Weiblich,Saarland,0
2009,65 bis unter 70 Jahre,Weiblich,Sachsen,0
2009,65 bis unter 70 Jahre,Weiblich,Sachsen-Anhalt,0
2009,65 bis unter 70 Jahre,Weiblich,Schleswig-Holstein,0
2009,65 bis unter 70 Jahre,Weiblich,Thüringen,0
2009,70 bis unter 75 Jahre,Männlich,Deutschland,0
2009,70 bis unter 75 Jahre,Männlich,Baden-Württemberg,0
2009,70 bis unter 75 Jahre,Männlich,Bayern,0
2009,70 bis unter 75 Jahre,Männlich,Berlin,0
2009,70 bis unter 75 Jahre,Männlich,Brandenburg,0
2009,70 bis unter 75 Jahre,Männlich,Bremen,0
2009,70 bis unter 75 Jahre,Männlich,Hamburg,0
2009,70 bis unter 75 Jahre,Männlich,Hessen,0
2009,70 bis unter 75 Jahre,Männlich,Mecklenburg-Vorpommern,0
2009,70 bis unter 75 Jahre,Männlich,Niedersachsen,0
2009,70 bis unter 75 Jahre,Männlich,Nordrhein-Westfalen,0
2009,70 bis unter 75 Jahre,Männlich,Rheinland-Pfalz,0
2009,70 bis unter 75 Jahre,Männlich,Saarland,0
2009,70 bis unter 75 Jahre,Männlich,Sachsen,0
2009,70 bis unter 75 Jahre,Männlich,Sachsen-Anhalt,0
2009,70 bis unter 75 Jahre,Männlich,Schleswig-Holstein,0
2009,70 bis unter 75 Jahre,Männlich,Thüringen,0
2009,70 bis unter 75 Jahre,Weiblich,Deutschland,0
2009,70 bis unter 75 Jahre,Weiblich,Baden-Württemberg,0
2009,70 bis unter 75 Jahre,Weiblich,Bayern,0
2009,70 bis unter 75 Jahre,Weiblich,Berlin,0
2009,70 bis unter 75 Jahre,Weiblich,Brandenburg,0
2009,70 bis unter 75 Jahre,Weiblich,Bremen,0
2009,70 bis unter 75 Jahre,Weiblich,Hamburg,0
2009,70 bis unter 75 Jahre,Weiblich,Hessen,0
2009,70 bis unter 75 Jahre,Weiblich,Mecklenburg-Vorpommern,0
2009,70 bis unter 75 Jahre,Weiblich,Niedersachsen,0
2009,70 bis unter 75 Jahre,Weiblich,Nordrhein-Westfalen,0
2009,70 bis unter 75 Jahre,Weiblich,Rheinland-Pfalz,0
2009,70 bis unter 75 Jahre,Weiblich,Saarland,0
2009,70 bis unter 75 Jahre,Weiblich,Sachsen,0
2009,70 bis unter 75 Jahre,Weiblich,Sachsen-Anhalt,0
2009,70 bis unter 75 Jahre,Weiblich,Schleswig-Holstein,0
2009,70 bis unter 75 Jahre,Weiblich,Thüringen,0
2009,75 bis unter 80 Jahre,Männlich,Deutschland,0
2009,75 bis unter 80 Jahre,Männlich,Baden-Württemberg,0
2009,75 bis unter 80 Jahre,Männlich,Bayern,0
2009,75 bis unter 80 Jahre,Männlich,Berlin,0
2009,75 bis unter 80 Jahre,Männlich,Brandenburg,0
2009,75 bis unter 80 Jahre,Männlich,Bremen,0
2009,75 bis unter 80 Jahre,Männlich,Hamburg,0
2009,75 bis unter 80 Jahre,Männlich,Hessen,0
2009,75 bis unter 80 Jahre,Männlich,Mecklenburg-Vorpommern,0
2009,75 bis unter 80 Jahre,Männlich,Niedersachsen,0
2009,75 bis unter 80 Jahre,Männlich,Nordrhein-Westfalen,0
2009,75 bis unter 80 Jahre,Männlich,Rheinland-Pfalz,0
2009,75 bis unter 80 Jahre,Männlich,Saarland,0
2009,75 bis unter 80 Jahre,Männlich,Sachsen,0
2009,75 bis unter 80 Jahre,Männlich,Sachsen-Anhalt,0
2009,75 bis unter 80 Jahre,Männlich,Schleswig-Holstein,0
2009,75 bis unter 80 Jahre,Männlich,Thüringen,0
2009,75 bis unter 80 Jahre,Weiblich,Deutschland,0
2009,75 bis unter 80 Jahre,Weiblich,Baden-Württemberg,0
2009,75 bis unter 80 Jahre,Weiblich,Bayern,0
2009,75 bis unter 80 Jahre,Weiblich,Berlin,0
2009,75 bis unter 80 Jahre,Weiblich,Brandenburg,0
2009,75 bis unter 80 Jahre,Weiblich,Bremen,0
2009,75 bis unter 80 Jahre,Weiblich,Hamburg,0
2009,75 bis unter 80 Jahre,Weiblich,Hessen,0
2009,75 bis unter 80 Jahre,Weiblich,Mecklenburg-Vorpommern,0
2009,75 bis unter 80 Jahre,Weiblich,Niedersachsen,0
2009,75 bis unter 80 Jahre,Weiblich,Nordrhein-Westfalen,0
2009,75 bis unter 80 Jahre,Weiblich,Rheinland-Pfalz,0
2009,75 bis unter 80 Jahre,Weiblich,Saarland,0
2009,75 bis unter 80 Jahre,Weiblich,Sachsen,0
2009,75 bis unter 80 Jahre,Weiblich,Sachsen-Anhalt,0
2009,75 bis unter 80 Jahre,Weiblich,Schleswig-Holstein,0
2009,75 bis unter 80 Jahre,Weiblich,Thüringen,0
2009,80 bis unter 85 Jahre,Männlich,Deutschland,0
2009,80 bis unter 85 Jahre,Männlich,Baden-Württemberg,0
2009,80 bis unter 85 Jahre,Männlich,Bayern,0
2009,80 bis unter 85 Jahre,Männlich,Berlin,0
2009,80 bis unter 85 Jahre,Männlich,Brandenburg,0
2009,80 bis unter 85 Jahre,Männlich,Bremen,0
2009,80 bis unter 85 Jahre,Männlich,Hamburg,0
2009,80 bis unter 85 Jahre,Männlich,Hessen,0
2009,80 bis unter 85 Jahre,Männlich,Mecklenburg-Vorpommern,0
2009,80 bis unter 85 Jahre,Männlich,Niedersachsen,0
2009,80 bis unter 85 Jahre,Männlich,Nordrhein-Westfalen,0
2009,80 bis unter 85 Jahre,Männlich,Rheinland-Pfalz,0
2009,80 bis unter 85 Jahre,Männlich,Saarland,0
2009,80 bis unter 85 Jahre,Männlich,Sachsen,0
2009,80 bis unter 85 Jahre,Männlich,Sachsen-Anhalt,0
2009,80 bis unter 85 Jahre,Männlich,Schleswig-Holstein,0
2009,80 bis unter 85 Jahre,Männlich,Thüringen,0
2009,80 bis unter 85 Jahre,Weiblich,Deutschland,0
2009,80 bis unter 85 Jahre,Weiblich,Baden-Württemberg,0
2009,80 bis unter 85 Jahre,Weiblich,Bayern,0
2009,80 bis unter 85 Jahre,Weiblich,Berlin,0
2009,80 bis unter 85 Jahre,Weiblich,Brandenburg,0
2009,80 bis unter 85 Jahre,Weiblich,Bremen,0
2009,80 bis unter 85 Jahre,Weiblich,Hamburg,0
2009,80 bis unter 85 Jahre,Weiblich,Hessen,0
2009,80 bis unter 85 Jahre,Weiblich,Mecklenburg-Vorpommern,0
2009,80 bis unter 85 Jahre,Weiblich,Niedersachsen,0
2009,80 bis unter 85 Jahre,Weiblich,Nordrhein-Westfalen,0
2009,80 bis unter 85 Jahre,Weiblich,Rheinland-Pfalz,0
2009,80 bis unter 85 Jahre,Weiblich,Saarland,0
2009,80 bis unter 85 Jahre,Weiblich,Sachsen,0
2009,80 bis unter 85 Jahre,Weiblich,Sachsen-Anhalt,0
2009,80 bis unter 85 Jahre,Weiblich,Schleswig-Holstein,0
2009,80 bis unter 85 Jahre,Weiblich,Thüringen,0
2009,85 bis unter 90 Jahre,Männlich,Deutschland,0
2009,85 bis unter 90 Jahre,Männlich,Baden-Württemberg,0
2009,85 bis unter 90 Jahre,Männlich,Bayern,0
2009,85 bis unter 90 Jahre,Männlich,Berlin,0
2009,85 bis unter 90 Jahre,Männlich,Brandenburg,0
2009,85 bis unter 90 Jahre,Männlich,Bremen,0
2009,85 bis unter 90 Jahre,Männlich,Hamburg,0
2009,85 bis unter 90 Jahre,Männlich,Hessen,0
2009,85 bis unter 90 Jahre,Männlich,Mecklenburg-Vorpommern,0
2009,85 bis unter 90 Jahre,Männlich,Niedersachsen,0
2009,85 bis unter 90 Jahre,Männlich,Nordrhein-Westfalen,0
2009,85 bis unter 90 Jahre,Männlich,Rheinland-Pfalz,0
2009,85 bis unter 90 Jahre,Männlich,Saarland,0
2009,85 bis unter 90 Jahre,Männlich,Sachsen,0
2009,85 bis unter 90 Jahre,Männlich,Sachsen-Anhalt,0
2009,85 bis unter 90 Jahre,Männlich,Schleswig-Holstein,0
2009,85 bis unter 90 Jahre,Männlich,Thüringen,0
2009,85 bis unter 90 Jahre,Weiblich,Deutschland,0
2009,85 bis unter 90 Jahre,Weiblich,Baden-Württemberg,0
2009,85 bis unter 90 Jahre,Weiblich,Bayern,0
2009,85 bis unter 90 Jahre,Weiblich,Berlin,0
2009,85 bis unter 90 Jahre,Weiblich,Brandenburg,0
2009,85 bis unter 90 Jahre,Weiblich,Bremen,0
2009,85 bis unter 90 Jahre,Weiblich,Hamburg,0
2009,85 bis unter 90 Jahre,Weiblich,Hessen,0
2009,85 bis unter 90 Jahre,Weiblich,Mecklenburg-Vorpommern,0
2009,85 bis unter 90 Jahre,Weiblich,Niedersachsen,0
2009,85 bis unter 90 Jahre,Weiblich,Nordrhein-Westfalen,0
2009,85 bis unter 90 Jahre,Weiblich,Rheinland-Pfalz,0
2009,85 bis unter 90 Jahre,Weiblich,Saarland,0
2009,85 bis unter 90 Jahre,Weiblich,Sachsen,0
2009,85 bis unter 90 Jahre,Weiblich,Sachsen-Anhalt,0
2009,85 bis unter 90 Jahre,Weiblich,Schleswig-Holstein,0
2009,85 bis unter 90 Jahre,Weiblich,Thüringen,0
2009,90 bis unter 95 Jahre,Männlich,Deutschland,0
2009,90 bis unter 95 Jahre,Männlich,Baden-Württemberg,0
2009,90 bis unter 95 Jahre,Männlich,Bayern,0
2009,90 bis unter 95 Jahre,Männlich,Berlin,0
2009,90 bis unter 95 Jahre,Männlich,Brandenburg,0
2009,90 bis unter 95 Jahre,Männlich,Bremen,0
2009,90 bis unter 95 Jahre,Männlich,Hamburg,0
2009,90 bis unter 95 Jahre,Männlich,Hessen,0
2009,90 bis unter 95 Jahre,Männlich,Mecklenburg-Vorpommern,0
2009,90 bis unter 95 Jahre,Männlich,Niedersachsen,0
2009,90 bis unter 95 Jahre,Männlich,Nordrhein-Westfalen,0
2009,90 bis unter 95 Jahre,Männlich,Rheinland-Pfalz,0
2009,90 bis unter 95 Jahre,Männlich,Saarland,0
2009,90 bis unter 95 Jahre,Männlich,Sachsen,0
2009,90 bis unter 95 Jahre,Männlich,Sachsen-Anhalt,0
2009,90 bis unter 95 Jahre,Männlich,Schleswig-Holstein,0
2009,90 bis unter 95 Jahre,Männlich,Thüringen,0
2009,90 bis unter 95 Jahre,Weiblich,Deutschland,0
2009,90 bis unter 95 Jahre,Weiblich,Baden-Württemberg,0
2009,90 bis unter 95 Jahre,Weiblich,Bayern,0
2009,90 bis unter 95 Jahre,Weiblich,Berlin,0
2009,90 bis unter 95 Jahre,Weiblich,Brandenburg,0
2009,90 bis unter 95 Jahre,Weiblich,Bremen,0
2009,90 bis unter 95 Jahre,Weiblich,Hamburg,0
2009,90 bis unter 95 Jahre,Weiblich,Hessen,0
2009,90 bis unter 95 Jahre,Weiblich,Mecklenburg-Vorpommern,0
2009,90 bis unter 95 Jahre,Weiblich,Niedersachsen,0
2009,90 bis unter 95 Jahre,Weiblich,Nordrhein-Westfalen,0
2009,90 bis unter 95 Jahre,Weiblich,Rheinland-Pfalz,0
2009,90 bis unter 95 Jahre,Weiblich,Saarland,0
2009,90 bis unter 95 Jahre,Weiblich,Sachsen,0
2009,90 bis unter 95 Jahre,Weiblich,Sachsen-Anhalt,0
2009,90 bis unter 95 Jahre,Weiblich,Schleswig-Holstein,0
2009,90 bis unter 95 Jahre,Weiblich,Thüringen,0
2009,95 Jahre und älter,Männlich,Deutschland,0
2009,95 Jahre und älter,Männlich,Baden-Württemberg,0
2009,95 Jahre und älter,Männlich,Bayern,0
2009,95 Jahre und älter,Männlich,Berlin,0
2009,95 Jahre und älter,Männlich,Brandenburg,0
2009,95 Jahre und älter,Männlich,Bremen,0
2009,95 Jahre und älter,Männlich,Hamburg,0
2009,95 Jahre und älter,Männlich,Hessen,0
2009,95 Jahre und älter,Männlich,Mecklenburg-Vorpommern,0
2009,95 Jahre und älter,Männlich,Niedersachsen,0
2009,95 Jahre und älter,Männlich,Nordrhein-Westfalen,0
2009,95 Jahre und älter,Männlich,Rheinland-Pfalz,0
2009,95 Jahre und älter,Männlich,Saarland,0
2009,95 Jahre und älter,Männlich,Sachsen,0
2009,95 Jahre und älter,Männlich,Sachsen-Anhalt,0
2009,95 Jahre und älter,Männlich,Schleswig-Holstein,0
2009,95 Jahre und älter,Männlich,Thüringen,0
2009,95 Jahre und älter,Weiblich,Deutschland,0
2009,95 Jahre und älter,Weiblich,Baden-Württemberg,0
2009,95 Jahre und älter,Weiblich,Bayern,0
2009,95 Jahre und älter,Weiblich,Berlin,0
2009,95 Jahre und älter,Weiblich,Brandenburg,0
2009,95 Jahre und älter,Weiblich,Bremen,0
2009,95 Jahre und älter,Weiblich,Hamburg,0
2009,95 Jahre und älter,Weiblich,Hessen,0
2009,95 Jahre und älter,Weiblich,Mecklenburg-Vorpommern,0
2009,95 Jahre und älter,Weiblich,Niedersachsen,0
2009,95 Jahre und älter,Weiblich,Nordrhein-Westfalen,0
2009,95 Jahre und älter,Weiblich,Rheinland-Pfalz,0
2009,95 Jahre und älter,Weiblich,Saarland,0
2009,95 Jahre und älter,Weiblich,Sachsen,0
2009,95 Jahre und älter,Weiblich,Sachsen-Anhalt,0
2009,95 Jahre und älter,Weiblich,Schleswig-Holstein,0
2009,95 Jahre und älter,Weiblich,Thüringen,0
2010,Unter 1 Jahr,Männlich,Deutschland,0
2010,Unter 1 Jahr,Männlich,Baden-Württemberg,0
2010,Unter 1 Jahr,Männlich,Bayern,0
2010,Unter 1 Jahr,Männlich,Berlin,0
2010,Unter 1 Jahr,Männlich,Brandenburg,0
2010,Unter 1 Jahr,Männlich,Bremen,0
2010,Unter 1 Jahr,Männlich,Hamburg,0
2010,Unter 1 Jahr,Männlich,Hessen,0
2010,Unter 1 Jahr,Männlich,Mecklenburg-Vorpommern,0
2010,Unter 1 Jahr,Männlich,Niedersachsen,0
2010,Unter 1 Jahr,Männlich,Nordrhein-Westfalen,0
2010,Unter 1 Jahr,Männlich,Rheinland-Pfalz,0
2010,Unter 1 Jahr,Männlich,Saarland,0
2010,Unter 1 Jahr,Männlich,Sachsen,0
2010,Unter 1 Jahr,Männlich,Sachsen-Anhalt,0
2010,Unter 1 Jahr,Männlich,Schleswig-Holstein,0
2010,Unter 1 Jahr,Männlich,Thüringen,0
2010,Unter 1 Jahr,Weiblich,Deutschland,0
2010,Unter 1 Jahr,Weiblich,Baden-Württemberg,0
2010,Unter 1 Jahr,Weiblich,Bayern,0
2010,Unter 1 Jahr,Weiblich,Berlin,0
2010,Unter 1 Jahr,Weiblich,Brandenburg,0
2010,Unter 1 Jahr,Weiblich,Bremen,0
2010,Unter 1 Jahr,Weiblich,Hamburg,0
2010,Unter 1 Jahr,Weiblich,Hessen,0
2010,Unter 1 Jahr,Weiblich,Mecklenburg-Vorpommern,0
2010,Unter 1 Jahr,Weiblich,Niedersachsen,0
2010,Unter 1 Jahr,Weiblich,Nordrhein-Westfalen,0
2010,Unter 1 Jahr,Weiblich,Rheinland-Pfalz,0
2010,Unter 1 Jahr,Weiblich,Saarland,0
2010,Unter 1 Jahr,Weiblich,Sachsen,0
2010,Unter 1 Jahr,Weiblich,Sachsen-Anhalt,0
2010,Unter 1 Jahr,Weiblich,Schleswig-Holstein,0
2010,Unter 1 Jahr,Weiblich,Thüringen,0
2010,1 Jahr bis unter 5 Jahre,Männlich,Deutschland,0
2010,1 Jahr bis unter 5 Jahre,Männlich,Baden-Württemberg,0
2010,1 Jahr bis unter 5 Jahre,Männlich,Bayern,0
2010,1 Jahr bis unter 5 Jahre,Männlich,Berlin,0
2010,1 Jahr bis unter 5 Jahre,Männlich,Brandenburg,0
2010,1 Jahr bis unter 5 Jahre,Männlich,Bremen,0
2010,1 Jahr bis unter 5 Jahre,Männlich,Hamburg,0
2010,1 Jahr bis unter 5 Jahre,Männlich,Hessen,0
2010,1 Jahr bis unter 5 Jahre,Männlich,Mecklenburg-Vorpommern,0
2010,1 Jahr bis unter 5 Jahre,Männlich,Niedersachsen,0
2010,1 Jahr bis unter 5 Jahre,Männlich,Nordrhein-Westfalen,0
2010,1 Jahr bis unter 5 Jahre,Männlich,Rheinland-Pfalz,0
2010,1 Jahr bis unter 5 Jahre,Männlich,Saarland,0
2010,1 Jahr bis unter 5 Jahre,Männlich,Sachsen,0
2010,1 Jahr bis unter 5 Jahre,Männlich,Sachsen-Anhalt,0
2010,1 Jahr bis unter 5 Jahre,Männlich,Schleswig-Holstein,0
2010,1 Jahr bis unter 5 Jahre,Männlich,Thüringen,0
2010,1 Jahr bis unter 5 Jahre,Weiblich,Deutschland,0
2010,1 Jahr bis unter 5 Jahre,Weiblich,Baden-Württemberg,0
2010,1 Jahr bis unter 5 Jahre,Weiblich,Bayern,0
2010,1 Jahr bis unter 5 Jahre,Weiblich,Berlin,0
2010,1 Jahr bis unter 5 Jahre,Weiblich,Brandenburg,0
2010,1 Jahr bis unter 5 Jahre,Weiblich,Bremen,0
2010,1 Jahr bis unter 5 Jahre,Weiblich,Hamburg,0
2010,1 Jahr bis unter 5 Jahre,Weiblich,Hessen,0
2010,1 Jahr bis unter 5 Jahre,Weiblich,Mecklenburg-Vorpommern,0
2010,1 Jahr bis unter 5 Jahre,Weiblich,Niedersachsen,0
2010,1 Jahr bis unter 5 Jahre,Weiblich,Nordrhein-Westfalen,0
2010,1 Jahr bis unter 5 Jahre,Weiblich,Rheinland-Pfalz,0
2010,1 Jahr bis unter 5 Jahre,Weiblich,Saarland,0
2010,1 Jahr bis unter 5 Jahre,Weiblich,Sachsen,0
2010,1 Jahr bis unter 5 Jahre,Weiblich,Sachsen-Anhalt,0
2010,1 Jahr bis unter 5 Jahre,Weiblich,Schleswig-Holstein,0
2010,1 Jahr bis unter 5 Jahre,Weiblich,Thüringen,0
2010,5 bis unter 10 Jahre,Männlich,Deutschland,0
2010,5 bis unter 10 Jahre,Männlich,Baden-Württemberg,0
2010,5 bis unter 10 Jahre,Männlich,Bayern,0
2010,5 bis unter 10 Jahre,Männlich,Berlin,0
2010,5 bis unter 10 Jahre,Männlich,Brandenburg,0
2010,5 bis unter 10 Jahre,Männlich,Bremen,0
2010,5 bis unter 10 Jahre,Männlich,Hamburg,0
2010,5 bis unter 10 Jahre,Männlich,Hessen,0
2010,5 bis unter 10 Jahre,Männlich,Mecklenburg-Vorpommern,0
2010,5 bis unter 10 Jahre,Männlich,Niedersachsen,0
2010,5 bis unter 10 Jahre,Männlich,Nordrhein-Westfalen,0
2010,5 bis unter 10 Jahre,Männlich,Rheinland-Pfalz,0
2010,5 bis unter 10 Jahre,Männlich,Saarland,0
2010,5 bis unter 10 Jahre,Männlich,Sachsen,0
2010,5 bis unter 10 Jahre,Männlich,Sachsen-Anhalt,0
2010,5 bis unter 10 Jahre,Männlich,Schleswig-Holstein,0
2010,5 bis unter 10 Jahre,Männlich,Thüringen,0
2010,5 bis unter 10 Jahre,Weiblich,Deutschland,0
2010,5 bis unter 10 Jahre,Weiblich,Baden-Württemberg,0
2010,5 bis unter 10 Jahre,Weiblich,Bayern,0
2010,5 bis unter 10 Jahre,Weiblich,Berlin,0
2010,5 bis unter 10 Jahre,Weiblich,Brandenburg,0
2010,5 bis unter 10 Jahre,Weiblich,Bremen,0
2010,5 bis unter 10 Jahre,Weiblich,Hamburg,0
2010,5 bis unter 10 Jahre,Weiblich,Hessen,0
2010,5 bis unter 10 Jahre,Weiblich,Mecklenburg-Vorpommern,0
2010,5 bis unter 10 Jahre,Weiblich,Niedersachsen,0
2010,5 bis unter 10 Jahre,Weiblich,Nordrhein-Westfalen,0
2010,5 bis unter 10 Jahre,Weiblich,Rheinland-Pfalz,0
2010,5 bis unter 10 Jahre,Weiblich,Saarland,0
2010,5 bis unter 10 Jahre,Weiblich,Sachsen,0
2010,5 bis unter 10 Jahre,Weiblich,Sachsen-Anhalt,0
2010,5 bis unter 10 Jahre,Weiblich,Schleswig-Holstein,0
2010,5 bis unter 10 Jahre,Weiblich,Thüringen,0
2010,10 bis unter 15 Jahre,Männlich,Deutschland,0
2010,10 bis unter 15 Jahre,Männlich,Baden-Württemberg,0
2010,10 bis unter 15 Jahre,Männlich,Bayern,0
2010,10 bis unter 15 Jahre,Männlich,Berlin,0
2010,10 bis unter 15 Jahre,Männlich,Brandenburg,0
2010,10 bis unter 15 Jahre,Männlich,Bremen,0
2010,10 bis unter 15 Jahre,Männlich,Hamburg,0
2010,10 bis unter 15 Jahre,Männlich,Hessen,0
2010,10 bis unter 15 Jahre,Männlich,Mecklenburg-Vorpommern,0
2010,10 bis unter 15 Jahre,Männlich,Niedersachsen,0
2010,10 bis unter 15 Jahre,Männlich,Nordrhein-Westfalen,0
2010,10 bis unter 15 Jahre,Männlich,Rheinland-Pfalz,0
2010,10 bis unter 15 Jahre,Männlich,Saarland,0
2010,10 bis unter 15 Jahre,Männlich,Sachsen,0
2010,10 bis unter 15 Jahre,Männlich,Sachsen-Anhalt,0
2010,10 bis unter 15 Jahre,Männlich,Schleswig-Holstein,0
2010,10 bis unter 15 Jahre,Männlich,Thüringen,0
2010,10 bis unter 15 Jahre,Weiblich,Deutschland,0
2010,10 bis unter 15 Jahre,Weiblich,Baden-Württemberg,0
2010,10 bis unter 15 Jahre,Weiblich,Bayern,0
2010,10 bis unter 15 Jahre,Weiblich,Berlin,0
2010,10 bis unter 15 Jahre,Weiblich,Brandenburg,0
2010,10 bis unter 15 Jahre,Weiblich,Bremen,0
2010,10 bis unter 15 Jahre,Weiblich,Hamburg,0
2010,10 bis unter 15 Jahre,Weiblich,Hessen,0
2010,10 bis unter 15 Jahre,Weiblich,Mecklenburg-Vorpommern,0
2010,10 bis unter 15 Jahre,Weiblich,Niedersachsen,0
2010,10 bis unter 15 Jahre,Weiblich,Nordrhein-Westfalen,0
2010,10 bis unter 15 Jahre,Weiblich,Rheinland-Pfalz,0
2010,10 bis unter 15 Jahre,Weiblich,Saarland,0
2010,10 bis unter 15 Jahre,Weiblich,Sachsen,0
2010,10 bis unter 15 Jahre,Weiblich,Sachsen-Anhalt,0
2010,10 bis unter 15 Jahre,Weiblich,Schleswig-Holstein,0
2010,10 bis unter 15 Jahre,Weiblich,Thüringen,0
2010,15 bis unter 20 Jahre,Männlich,Deutschland,15
2010,15 bis unter 20 Jahre,Männlich,Baden-Württemberg,0
2010,15 bis unter 20 Jahre,Männlich,Bayern,6
2010,15 bis unter 20 Jahre,Männlich,Berlin,0
2010,15 bis unter 20 Jahre,Männlich,Brandenburg,0
2010,15 bis unter 20 Jahre,Männlich,Bremen,0
2010,15 bis unter 20 Jahre,Männlich,Hamburg,0
2010,15 bis unter 20 Jahre,Männlich,Hessen,0
2010,15 bis unter 20 Jahre,Männlich,Mecklenburg-Vorpommern,0
2010,15 bis unter 20 Jahre,Männlich,Niedersachsen,0
2010,15 bis unter 20 Jahre,Männlich,Nordrhein-Westfalen,9
2010,15 bis unter 20 Jahre,Männlich,Rheinland-Pfalz,0
2010,15 bis unter 20 Jahre,Männlich,Saarland,0
2010,15 bis unter 20 Jahre,Männlich,Sachsen,0
2010,15 bis unter 20 Jahre,Männlich,Sachsen-Anhalt,0
2010,15 bis unter 20 Jahre,Männlich,Schleswig-Holstein,0
2010,15 bis unter 20 Jahre,Männlich,Thüringen,0
2010,15 bis unter 20 Jahre,Weiblich,Deutschland,7
2010,15 bis unter 20 Jahre,Weiblich,Baden-Württemberg,0
2010,15 bis unter 20 Jahre,Weiblich,Bayern,2
2010,15 bis unter 20 Jahre,Weiblich,Berlin,0
2010,15 bis unter 20 Jahre,Weiblich,Brandenburg,0
2010,15 bis unter 20 Jahre,Weiblich,Bremen,0
2010,15 bis unter 20 Jahre,Weiblich,Hamburg,0
2010,15 bis unter 20 Jahre,Weiblich,Hessen,1
2010,15 bis unter 20 Jahre,Weiblich,Mecklenburg-Vorpommern,0
2010,15 bis unter 20 Jahre,Weiblich,Niedersachsen,0
2010,15 bis unter 20 Jahre,Weiblich,Nordrhein-Westfalen,4
2010,15 bis unter 20 Jahre,Weiblich,Rheinland-Pfalz,0
2010,15 bis unter 20 Jahre,Weiblich,Saarland,0
2010,15 bis unter 20 Jahre,Weiblich,Sachsen,0
2010,15 bis unter 20 Jahre,Weiblich,Sachsen-Anhalt,0
2010,15 bis unter 20 Jahre,Weiblich,Schleswig-Holstein,0
2010,15 bis unter 20 Jahre,Weiblich,Thüringen,0
2010,20 bis unter 25 Jahre,Männlich,Deutschland,41
2010,20 bis unter 25 Jahre,Männlich,Baden-Württemberg,1
2010,20 bis unter 25 Jahre,Männlich,Bayern,18
2010,20 bis unter 25 Jahre,Männlich,Berlin,2
2010,20 bis unter 25 Jahre,Männlich,Brandenburg,0
2010,20 bis unter 25 Jahre,Männlich,Bremen,0
2010,20 bis unter 25 Jahre,Männlich,Hamburg,1
2010,20 bis unter 25 Jahre,Männlich,Hessen,7
2010,20 bis unter 25 Jahre,Männlich,Mecklenburg-Vorpommern,0
2010,20 bis unter 25 Jahre,Männlich,Niedersachsen,1
2010,20 bis unter 25 Jahre,Männlich,Nordrhein-Westfalen,11
2010,20 bis unter 25 Jahre,Männlich,Rheinland-Pfalz,0
2010,20 bis unter 25 Jahre,Männlich,Saarland,0
2010,20 bis unter 25 Jahre,Männlich,Sachsen,0
2010,20 bis unter 25 Jahre,Männlich,Sachsen-Anhalt,0
2010,20 bis unter 25 Jahre,Männlich,Schleswig-Holstein,0
2010,20 bis unter 25 Jahre,Männlich,Thüringen,0
2010,20 bis unter 25 Jahre,Weiblich,Deutschland,28
2010,20 bis unter 25 Jahre,Weiblich,Baden-Württemberg,1
2010,20 bis unter 25 Jahre,Weiblich,Bayern,13
2010,20 bis unter 25 Jahre,Weiblich,Berlin,0
2010,20 bis unter 25 Jahre,Weiblich,Brandenburg,0
2010,20 bis unter 25 Jahre,Weiblich,Bremen,0
2010,20 bis unter 25 Jahre,Weiblich,Hamburg,0
2010,20 bis unter 25 Jahre,Weiblich,Hessen,3
2010,20 bis unter 25 Jahre,Weiblich,Mecklenburg-Vorpommern,0
2010,20 bis unter 25 Jahre,Weiblich,Niedersachsen,2
2010,20 bis unter 25 Jahre,Weiblich,Nordrhein-Westfalen,8
2010,20 bis unter 25 Jahre,Weiblich,Rheinland-Pfalz,0
2010,20 bis unter 25 Jahre,Weiblich,Saarland,0
2010,20 bis unter 25 Jahre,Weiblich,Sachsen,0
2010,20 bis unter 25 Jahre,Weiblich,Sachsen-Anhalt,1
2010,20 bis unter 25 Jahre,Weiblich,Schleswig-Holstein,0
2010,20 bis unter 25 Jahre,Weiblich,Thüringen,0
2010,25 bis unter 30 Jahre,Männlich,Deutschland,56
2010,25 bis unter 30 Jahre,Männlich,Baden-Württemberg,0
2010,25 bis unter 30 Jahre,Männlich,Bayern,31
2010,25 bis unter 30 Jahre,Männlich,Berlin,4
2010,25 bis unter 30 Jahre,Männlich,Brandenburg,0
2010,25 bis unter 30 Jahre,Männlich,Bremen,0
2010,25 bis unter 30 Jahre,Männlich,Hamburg,0
2010,25 bis unter 30 Jahre,Männlich,Hessen,8
2010,25 bis unter 30 Jahre,Männlich,Mecklenburg-Vorpommern,0
2010,25 bis unter 30 Jahre,Männlich,Niedersachsen,3
2010,25 bis unter 30 Jahre,Männlich,Nordrhein-Westfalen,10
2010,25 bis unter 30 Jahre,Männlich,Rheinland-Pfalz,0
2010,25 bis unter 30 Jahre,Männlich,Saarland,0
2010,25 bis unter 30 Jahre,Männlich,Sachsen,0
2010,25 bis unter 30 Jahre,Männlich,Sachsen-Anhalt,0
2010,25 bis unter 30 Jahre,Männlich,Schleswig-Holstein,0
2010,25 bis unter 30 Jahre,Männlich,Thüringen,0
2010,25 bis unter 30 Jahre,Weiblich,Deutschland,27
2010,25 bis unter 30 Jahre,Weiblich,Baden-Württemberg,1
2010,25 bis unter 30 Jahre,Weiblich,Bayern,10
2010,25 bis unter 30 Jahre,Weiblich,Berlin,0
2010,25 bis unter 30 Jahre,Weiblich,Brandenburg,0
2010,25 bis unter 30 Jahre,Weiblich,Bremen,0
2010,25 bis unter 30 Jahre,Weiblich,Hamburg,2
2010,25 bis unter 30 Jahre,Weiblich,Hessen,1
2010,25 bis unter 30 Jahre,Weiblich,Mecklenburg-Vorpommern,0
2010,25 bis unter 30 Jahre,Weiblich,Niedersachsen,4
2010,25 bis unter 30 Jahre,Weiblich,Nordrhein-Westfalen,9
2010,25 bis unter 30 Jahre,Weiblich,Rheinland-Pfalz,0
2010,25 bis unter 30 Jahre,Weiblich,Saarland,0
2010,25 bis unter 30 Jahre,Weiblich,Sachsen,0
2010,25 bis unter 30 Jahre,Weiblich,Sachsen-Anhalt,0
2010,25 bis unter 30 Jahre,Weiblich,Schleswig-Holstein,0
2010,25 bis unter 30 Jahre,Weiblich,Thüringen,0
2010,30 bis unter 35 Jahre,Männlich,Deutschland,73
2010,30 bis unter 35 Jahre,Männlich,Baden-Württemberg,1
2010,30 bis unter 35 Jahre,Männlich,Bayern,48
2010,30 bis unter 35 Jahre,Männlich,Berlin,4
2010,30 bis unter 35 Jahre,Männlich,Brandenburg,0
2010,30 bis unter 35 Jahre,Männlich,Bremen,0
2010,30 bis unter 35 Jahre,Männlich,Hamburg,0
2010,30 bis unter 35 Jahre,Männlich,Hessen,7
2010,30 bis unter 35 Jahre,Männlich,Mecklenburg-Vorpommern,0
2010,30 bis unter 35 Jahre,Männlich,Niedersachsen,0
2010,30 bis unter 35 Jahre,Männlich,Nordrhein-Westfalen,13
2010,30 bis unter 35 Jahre,Männlich,Rheinland-Pfalz,0
2010,30 bis unter 35 Jahre,Männlich,Saarland,0
2010,30 bis unter 35 Jahre,Männlich,Sachsen,0
2010,30 bis unter 35 Jahre,Männlich,Sachsen-Anhalt,0
2010,30 bis unter 35 Jahre,Männlich,Schleswig-Holstein,0
2010,30 bis unter 35 Jahre,Männlich,Thüringen,0
2010,30 bis unter 35 Jahre,Weiblich,Deutschland,36
2010,30 bis unter 35 Jahre,Weiblich,Baden-Württemberg,0
2010,30 bis unter 35 Jahre,Weiblich,Bayern,24
2010,30 bis unter 35 Jahre,Weiblich,Berlin,0
2010,30 bis unter 35 Jahre,Weiblich,Brandenburg,0
2010,30 bis unter 35 Jahre,Weiblich,Bremen,0
2010,30 bis unter 35 Jahre,Weiblich,Hamburg,0
2010,30 bis unter 35 Jahre,Weiblich,Hessen,3
2010,30 bis unter 35 Jahre,Weiblich,Mecklenburg-Vorpommern,0
2010,30 bis unter 35 Jahre,Weiblich,Niedersachsen,1
2010,30 bis unter 35 Jahre,Weiblich,Nordrhein-Westfalen,7
2010,30 bis unter 35 Jahre,Weiblich,Rheinland-Pfalz,0
2010,30 bis unter 35 Jahre,Weiblich,Saarland,0
2010,30 bis unter 35 Jahre,Weiblich,Sachsen,0
2010,30 bis unter 35 Jahre,Weiblich,Sachsen-Anhalt,1
2010,30 bis unter 35 Jahre,Weiblich,Schleswig-Holstein,0
2010,30 bis unter 35 Jahre,Weiblich,Thüringen,0
2010,35 bis unter 40 Jahre,Männlich,Deutschland,44
2010,35 bis unter 40 Jahre,Männlich,Baden-Württemberg,0
2010,35 bis unter 40 Jahre,Männlich,Bayern,28
2010,35 bis unter 40 Jahre,Männlich,Berlin,3
2010,35 bis unter 40 Jahre,Männlich,Brandenburg,0
2010,35 bis unter 40 Jahre,Männlich,Bremen,0
2010,35 bis unter 40 Jahre,Männlich,Hamburg,0
2010,35 bis unter 40 Jahre,Männlich,Hessen,9
2010,35 bis unter 40 Jahre,Männlich,Mecklenburg-Vorpommern,0
2010,35 bis unter 40 Jahre,Männlich,Niedersachsen,0
2010,35 bis unter 40 Jahre,Männlich,Nordrhein-Westfalen,4
2010,35 bis unter 40 Jahre,Männlich,Rheinland-Pfalz,0
2010,35 bis unter 40 Jahre,Männlich,Saarland,0
2010,35 bis unter 40 Jahre,Männlich,Sachsen,0
2010,35 bis unter 40 Jahre,Männlich,Sachsen-Anhalt,0
2010,35 bis unter 40 Jahre,Männlich,Schleswig-Holstein,0
2010,35 bis unter 40 Jahre,Männlich,Thüringen,0
2010,35 bis unter 40 Jahre,Weiblich,Deutschland,38
2010,35 bis unter 40 Jahre,Weiblich,Baden-Württemberg,1
2010,35 bis unter 40 Jahre,Weiblich,Bayern,22
2010,35 bis unter 40 Jahre,Weiblich,Berlin,0
2010,35 bis unter 40 Jahre,Weiblich,Brandenburg,0
2010,35 bis unter 40 Jahre,Weiblich,Bremen,0
2010,35 bis unter 40 Jahre,Weiblich,Hamburg,0
2010,35 bis unter 40 Jahre,Weiblich,Hessen,3
2010,35 bis unter 40 Jahre,Weiblich,Mecklenburg-Vorpommern,0
2010,35 bis unter 40 Jahre,Weiblich,Niedersachsen,5
2010,35 bis unter 40 Jahre,Weiblich,Nordrhein-Westfalen,7
2010,35 bis unter 40 Jahre,Weiblich,Rheinland-Pfalz,0
2010,35 bis unter 40 Jahre,Weiblich,Saarland,0
2010,35 bis unter 40 Jahre,Weiblich,Sachsen,0
2010,35 bis unter 40 Jahre,Weiblich,Sachsen-Anhalt,0
2010,35 bis unter 40 Jahre,Weiblich,Schleswig-Holstein,0
2010,35 bis unter 40 Jahre,Weiblich,Thüringen,0
2010,40 bis unter 45 Jahre,Männlich,Deutschland,28
2010,40 bis unter 45 Jahre,Männlich,Baden-Württemberg,0
2010,40 bis unter 45 Jahre,Männlich,Bayern,19
2010,40 bis unter 45 Jahre,Männlich,Berlin,1
2010,40 bis unter 45 Jahre,Männlich,Brandenburg,0
2010,40 bis unter 45 Jahre,Männlich,Bremen,0
2010,40 bis unter 45 Jahre,Männlich,Hamburg,0
2010,40 bis unter 45 Jahre,Männlich,Hessen,6
2010,40 bis unter 45 Jahre,Männlich,Mecklenburg-Vorpommern,0
2010,40 bis unter 45 Jahre,Männlich,Niedersachsen,0
2010,40 bis unter 45 Jahre,Männlich,Nordrhein-Westfalen,2
2010,40 bis unter 45 Jahre,Männlich,Rheinland-Pfalz,0
2010,40 bis unter 45 Jahre,Männlich,Saarland,0
2010,40 bis unter 45 Jahre,Männlich,Sachsen,0
2010,40 bis unter 45 Jahre,Männlich,Sachsen-Anhalt,0
2010,40 bis unter 45 Jahre,Männlich,Schleswig-Holstein,0
2010,40 bis unter 45 Jahre,Männlich,Thüringen,0
2010,40 bis unter 45 Jahre,Weiblich,Deutschland,45
2010,40 bis unter 45 Jahre,Weiblich,Baden-Württemberg,1
2010,40 bis unter 45 Jahre,Weiblich,Bayern,16
2010,40 bis unter 45 Jahre,Weiblich,Berlin,6
2010,40 bis unter 45 Jahre,Weiblich,Brandenburg,0
2010,40 bis unter 45 Jahre,Weiblich,Bremen,0
2010,40 bis unter 45 Jahre,Weiblich,Hamburg,1
2010,40 bis unter 45 Jahre,Weiblich,Hessen,3
2010,40 bis unter 45 Jahre,Weiblich,Mecklenburg-Vorpommern,0
2010,40 bis unter 45 Jahre,Weiblich,Niedersachsen,3
2010,40 bis unter 45 Jahre,Weiblich,Nordrhein-Westfalen,15
2010,40 bis unter 45 Jahre,Weiblich,Rheinland-Pfalz,0
2010,40 bis unter 45 Jahre,Weiblich,Saarland,0
2010,40 bis unter 45 Jahre,Weiblich,Sachsen,0
2010,40 bis unter 45 Jahre,Weiblich,Sachsen-Anhalt,0
2010,40 bis unter 45 Jahre,Weiblich,Schleswig-Holstein,0
2010,40 bis unter 45 Jahre,Weiblich,Thüringen,0
2010,45 bis unter 50 Jahre,Männlich,Deutschland,12
2010,45 bis unter 50 Jahre,Männlich,Baden-Württemberg,0
2010,45 bis unter 50 Jahre,Männlich,Bayern,7
2010,45 bis unter 50 Jahre,Männlich,Berlin,1
2010,45 bis unter 50 Jahre,Männlich,Brandenburg,0
2010,45 bis unter 50 Jahre,Männlich,Bremen,0
2010,45 bis unter 50 Jahre,Männlich,Hamburg,0
2010,45 bis unter 50 Jahre,Männlich,Hessen,3
2010,45 bis unter 50 Jahre,Männlich,Mecklenburg-Vorpommern,0
2010,45 bis unter 50 Jahre,Männlich,Niedersachsen,0
2010,45 bis unter 50 Jahre,Männlich,Nordrhein-Westfalen,1
2010,45 bis unter 50 Jahre,Männlich,Rheinland-Pfalz,0
2010,45 bis unter 50 Jahre,Männlich,Saarland,0
2010,45 bis unter 50 Jahre,Männlich,Sachsen,0
2010,45 bis unter 50 Jahre,Männlich,Sachsen-Anhalt,0
2010,45 bis unter 50 Jahre,Männlich,Schleswig-Holstein,0
2010,45 bis unter 50 Jahre,Männlich,Thüringen,0
2010,45 bis unter 50 Jahre,Weiblich,Deutschland,38
2010,45 bis unter 50 Jahre,Weiblich,Baden-Württemberg,2
2010,45 bis unter 50 Jahre,Weiblich,Bayern,16
2010,45 bis unter 50 Jahre,Weiblich,Berlin,0
2010,45 bis unter 50 Jahre,Weiblich,Brandenburg,0
2010,45 bis unter 50 Jahre,Weiblich,Bremen,0
2010,45 bis unter 50 Jahre,Weiblich,Hamburg,0
2010,45 bis unter 50 Jahre,Weiblich,Hessen,8
2010,45 bis unter 50 Jahre,Weiblich,Mecklenburg-Vorpommern,0
2010,45 bis unter 50 Jahre,Weiblich,Niedersachsen,3
2010,45 bis unter 50 Jahre,Weiblich,Nordrhein-Westfalen,9
2010,45 bis unter 50 Jahre,Weiblich,Rheinland-Pfalz,0
2010,45 bis unter 50 Jahre,Weiblich,Saarland,0
2010,45 bis unter 50 Jahre,Weiblich,Sachsen,0
2010,45 bis unter 50 Jahre,Weiblich,Sachsen-Anhalt,0
2010,45 bis unter 50 Jahre,Weiblich,Schleswig-Holstein,0
2010,45 bis unter 50 Jahre,Weiblich,Thüringen,0
2010,50 bis unter 55 Jahre,Männlich,Deutschland,13
2010,50 bis unter 55 Jahre,Männlich,Baden-Württemberg,0
2010,50 bis unter 55 Jahre,Männlich,Bayern,6
2010,50 bis unter 55 Jahre,Männlich,Berlin,2
2010,50 bis unter 55 Jahre,Männlich,Brandenburg,0
2010,50 bis unter 55 Jahre,Männlich,Bremen,0
2010,50 bis unter 55 Jahre,Männlich,Hamburg,0
2010,50 bis unter 55 Jahre,Männlich,Hessen,1
2010,50 bis unter 55 Jahre,Männlich,Mecklenburg-Vorpommern,0
2010,50 bis unter 55 Jahre,Männlich,Niedersachsen,0
2010,50 bis unter 55 Jahre,Männlich,Nordrhein-Westfalen,4
2010,50 bis unter 55 Jahre,Männlich,Rheinland-Pfalz,0
2010,50 bis unter 55 Jahre,Männlich,Saarland,0
2010,50 bis unter 55 Jahre,Männlich,Sachsen,0
2010,50 bis unter 55 Jahre,Männlich,Sachsen-Anhalt,0
2010,50 bis unter 55 Jahre,Männlich,Schleswig-Holstein,0
2010,50 bis unter 55 Jahre,Männlich,Thüringen,0
2010,50 bis unter 55 Jahre,Weiblich,Deutschland,38
2010,50 bis unter 55 Jahre,Weiblich,Baden-Württemberg,1
2010,50 bis unter 55 Jahre,Weiblich,Bayern,19
2010,50 bis unter 55 Jahre,Weiblich,Berlin,2
2010,50 bis unter 55 Jahre,Weiblich,Brandenburg,0
2010,50 bis unter 55 Jahre,Weiblich,Bremen,0
2010,50 bis unter 55 Jahre,Weiblich,Hamburg,0
2010,50 bis unter 55 Jahre,Weiblich,Hessen,3
2010,50 bis unter 55 Jahre,Weiblich,Mecklenburg-Vorpommern,0
2010,50 bis unter 55 Jahre,Weiblich,Niedersachsen,4
2010,50 bis unter 55 Jahre,Weiblich,Nordrhein-Westfalen,9
2010,50 bis unter 55 Jahre,Weiblich,Rheinland-Pfalz,0
2010,50 bis unter 55 Jahre,Weiblich,Saarland,0
2010,50 bis unter 55 Jahre,Weiblich,Sachsen,0
2010,50 bis unter 55 Jahre,Weiblich,Sachsen-Anhalt,0
2010,50 bis unter 55 Jahre,Weiblich,Schleswig-Holstein,0
2010,50 bis unter 55 Jahre,Weiblich,Thüringen,0
2010,55 bis unter 60 Jahre,Männlich,Deutschland,3
2010,55 bis unter 60 Jahre,Männlich,Baden-Württemberg,0
2010,55 bis unter 60 Jahre,Männlich,Bayern,2
2010,55 bis unter 60 Jahre,Männlich,Berlin,0
2010,55 bis unter 60 Jahre,Männlich,Brandenburg,0
2010,55 bis unter 60 Jahre,Männlich,Bremen,0
2010,55 bis unter 60 Jahre,Männlich,Hamburg,0
2010,55 bis unter 60 Jahre,Männlich,Hessen,1
2010,55 bis unter 60 Jahre,Männlich,Mecklenburg-Vorpommern,0
2010,55 bis unter 60 Jahre,Männlich,Niedersachsen,0
2010,55 bis unter 60 Jahre,Männlich,Nordrhein-Westfalen,0
2010,55 bis unter 60 Jahre,Männlich,Rheinland-Pfalz,0
2010,55 bis unter 60 Jahre,Männlich,Saarland,0
2010,55 bis unter 60 Jahre,Männlich,Sachsen,0
2010,55 bis unter 60 Jahre,Männlich,Sachsen-Anhalt,0
2010,55 bis unter 60 Jahre,Männlich,Schleswig-Holstein,0
2010,55 bis unter 60 Jahre,Männlich,Thüringen,0
2010,55 bis unter 60 Jahre,Weiblich,Deutschland,6
2010,55 bis unter 60 Jahre,Weiblich,Baden-Württemberg,0
2010,55 bis unter 60 Jahre,Weiblich,Bayern,2
2010,55 bis unter 60 Jahre,Weiblich,Berlin,0
2010,55 bis unter 60 Jahre,Weiblich,Brandenburg,0
2010,55 bis unter 60 Jahre,Weiblich,Bremen,0
2010,55 bis unter 60 Jahre,Weiblich,Hamburg,0
2010,55 bis unter 60 Jahre,Weiblich,Hessen,0
2010,55 bis unter 60 Jahre,Weiblich,Mecklenburg-Vorpommern,0
2010,55 bis unter 60 Jahre,Weiblich,Niedersachsen,0
2010,55 bis unter 60 Jahre,Weiblich,Nordrhein-Westfalen,3
2010,55 bis unter 60 Jahre,Weiblich,Rheinland-Pfalz,1
2010,55 bis unter 60 Jahre,Weiblich,Saarland,0
2010,55 bis unter 60 Jahre,Weiblich,Sachsen,0
2010,55 bis unter 60 Jahre,Weiblich,Sachsen-Anhalt,0
2010,55 bis unter 60 Jahre,Weiblich,Schleswig-Holstein,0
2010,55 bis unter 60 Jahre,Weiblich,Thüringen,0
2010,60 bis unter 65 Jahre,Männlich,Deutschland,1
2010,60 bis unter 65 Jahre,Männlich,Baden-Württemberg,0
2010,60 bis unter 65 Jahre,Männlich,Bayern,1
2010,60 bis unter 65 Jahre,Männlich,Berlin,0
2010,60 bis unter 65 Jahre,Männlich,Brandenburg,0
2010,60 bis unter 65 Jahre,Männlich,Bremen,0
2010,60 bis unter 65 Jahre,Männlich,Hamburg,0
2010,60 bis unter 65 Jahre,Männlich,Hessen,0
2010,60 bis unter 65 Jahre,Männlich,Mecklenburg-Vorpommern,0
2010,60 bis unter 65 Jahre,Männlich,Niedersachsen,0
2010,60 bis unter 65 Jahre,Männlich,Nordrhein-Westfalen,0
2010,60 bis unter 65 Jahre,Männlich,Rheinland-Pfalz,0
2010,60 bis unter 65 Jahre,Männlich,Saarland,0
2010,60 bis unter 65 Jahre,Männlich,Sachsen,0
2010,60 bis unter 65 Jahre,Männlich,Sachsen-Anhalt,0
2010,60 bis unter 65 Jahre,Männlich,Schleswig-Holstein,0
2010,60 bis unter 65 Jahre,Männlich,Thüringen,0
2010,60 bis unter 65 Jahre,Weiblich,Deutschland,10
2010,60 bis unter 65 Jahre,Weiblich,Baden-Württemberg,0
2010,60 bis unter 65 Jahre,Weiblich,Bayern,4
2010,60 bis unter 65 Jahre,Weiblich,Berlin,0
2010,60 bis unter 65 Jahre,Weiblich,Brandenburg,0
2010,60 bis unter 65 Jahre,Weiblich,Bremen,0
2010,60 bis unter 65 Jahre,Weiblich,Hamburg,0
2010,60 bis unter 65 Jahre,Weiblich,Hessen,0
2010,60 bis unter 65 Jahre,Weiblich,Mecklenburg-Vorpommern,0
2010,60 bis unter 65 Jahre,Weiblich,Niedersachsen,2
2010,60 bis unter 65 Jahre,Weiblich,Nordrhein-Westfalen,3
2010,60 bis unter 65 Jahre,Weiblich,Rheinland-Pfalz,0
2010,60 bis unter 65 Jahre,Weiblich,Saarland,0
2010,60 bis unter 65 Jahre,Weiblich,Sachsen,0
2010,60 bis unter 65 Jahre,Weiblich,Sachsen-Anhalt,1
2010,60 bis unter 65 Jahre,Weiblich,Schleswig-Holstein,0
2010,60 bis unter 65 Jahre,Weiblich,Thüringen,0
2010,65 bis unter 70 Jahre,Männlich,Deutschland,0
2010,65 bis unter 70 Jahre,Männlich,Baden-Württemberg,0
2010,65 bis unter 70 Jahre,Männlich,Bayern,0
2010,65 bis unter 70 Jahre,Männlich,Berlin,0
2010,65 bis unter 70 Jahre,Männlich,Brandenburg,0
2010,65 bis unter 70 Jahre,Männlich,Bremen,0
2010,65 bis unter 70 Jahre,Männlich,Hamburg,0
2010,65 bis unter 70 Jahre,Männlich,Hessen,0
2010,65 bis unter 70 Jahre,Männlich,Mecklenburg-Vorpommern,0
2010,65 bis unter 70 Jahre,Männlich,Niedersachsen,0
2010,65 bis unter 70 Jahre,Männlich,Nordrhein-Westfalen,0
2010,65 bis unter 70 Jahre,Männlich,Rheinland-Pfalz,0
2010,65 bis unter 70 Jahre,Männlich,Saarland,0
2010,65 bis unter 70 Jahre,Männlich,Sachsen,0
2010,65 bis unter 70 Jahre,Männlich,Sachsen-Anhalt,0
2010,65 bis unter 70 Jahre,Männlich,Schleswig-Holstein,0
2010,65 bis unter 70 Jahre,Männlich,Thüringen,0
2010,65 bis unter 70 Jahre,Weiblich,Deutschland,4
2010,65 bis unter 70 Jahre,Weiblich,Baden-Württemberg,0
2010,65 bis unter 70 Jahre,Weiblich,Bayern,0
2010,65 bis unter 70 Jahre,Weiblich,Berlin,3
2010,65 bis unter 70 Jahre,Weiblich,Brandenburg,0
2010,65 bis unter 70 Jahre,Weiblich,Bremen,0
2010,65 bis unter 70 Jahre,Weiblich,Hamburg,0
2010,65 bis unter 70 Jahre,Weiblich,Hessen,1
2010,65 bis unter 70 Jahre,Weiblich,Mecklenburg-Vorpommern,0
2010,65 bis unter 70 Jahre,Weiblich,Niedersachsen,0
2010,65 bis unter 70 Jahre,Weiblich,Nordrhein-Westfalen,0
2010,65 bis unter 70 Jahre,Weiblich,Rheinland-Pfalz,0
2010,65 bis unter 70 Jahre,Weiblich,Saarland,0
2010,65 bis unter 70 Jahre,Weiblich,Sachsen,0
2010,65 bis unter 70 Jahre,Weiblich,Sachsen-Anhalt,0
2010,65 bis unter 70 Jahre,Weiblich,Schleswig-Holstein,0
2010,65 bis unter 70 Jahre,Weiblich,Thüringen,0
2010,70 bis unter 75 Jahre,Männlich,Deutschland,1
2010,70 bis unter 75 Jahre,Männlich,Baden-Württemberg,0
2010,70 bis unter 75 Jahre,Männlich,Bayern,0
2010,70 bis unter 75 Jahre,Männlich,Berlin,0
2010,70 bis unter 75 Jahre,Männlich,Brandenburg,0
2010,70 bis unter 75 Jahre,Männlich,Bremen,0
2010,70 bis unter 75 Jahre,Männlich,Hamburg,0
2010,70 bis unter 75 Jahre,Männlich,Hessen,0
2010,70 bis unter 75 Jahre,Männlich,Mecklenburg-Vorpommern,0
2010,70 bis unter 75 Jahre,Männlich,Niedersachsen,0
2010,70 bis unter 75 Jahre,Männlich,Nordrhein-Westfalen,1
2010,70 bis unter 75 Jahre,Männlich,Rheinland-Pfalz,0
2010,70 bis unter 75 Jahre,Männlich,Saarland,0
2010,70 bis unter 75 Jahre,Männlich,Sachsen,0
2010,70 bis unter 75 Jahre,Männlich,Sachsen-Anhalt,0
2010,70 bis unter 75 Jahre,Männlich,Schleswig-Holstein,0
2010,70 bis unter 75 Jahre,Männlich,Thüringen,0
2010,70 bis unter 75 Jahre,Weiblich,Deutschland,0
2010,70 bis unter 75 Jahre,Weiblich,Baden-Württemberg,0
2010,70 bis unter 75 Jahre,Weiblich,Bayern,0
2010,70 bis unter 75 Jahre,Weiblich,Berlin,0
2010,70 bis unter 75 Jahre,Weiblich,Brandenburg,0
2010,70 bis unter 75 Jahre,Weiblich,Bremen,0
2010,70 bis unter 75 Jahre,Weiblich,Hamburg,0
2010,70 bis unter 75 Jahre,Weiblich,Hessen,0
2010,70 bis unter 75 Jahre,Weiblich,Mecklenburg-Vorpommern,0
2010,70 bis unter 75 Jahre,Weiblich,Niedersachsen,0
2010,70 bis unter 75 Jahre,Weiblich,Nordrhein-Westfalen,0
2010,70 bis unter 75 Jahre,Weiblich,Rheinland-Pfalz,0
2010,70 bis unter 75 Jahre,Weiblich,Saarland,0
2010,70 bis unter 75 Jahre,Weiblich,Sachsen,0
2010,70 bis unter 75 Jahre,Weiblich,Sachsen-Anhalt,0
2010,70 bis unter 75 Jahre,Weiblich,Schleswig-Holstein,0
2010,70 bis unter 75 Jahre,Weiblich,Thüringen,0
2010,75 bis unter 80 Jahre,Männlich,Deutschland,0
2010,75 bis unter 80 Jahre,Männlich,Baden-Württemberg,0
2010,75 bis unter 80 Jahre,Männlich,Bayern,0
2010,75 bis unter 80 Jahre,Männlich,Berlin,0
2010,75 bis unter 80 Jahre,Männlich,Brandenburg,0
2010,75 bis unter 80 Jahre,Männlich,Bremen,0
2010,75 bis unter 80 Jahre,Männlich,Hamburg,0
2010,75 bis unter 80 Jahre,Männlich,Hessen,0
2010,75 bis unter 80 Jahre,Männlich,Mecklenburg-Vorpommern,0
2010,75 bis unter 80 Jahre,Männlich,Niedersachsen,0
2010,75 bis unter 80 Jahre,Männlich,Nordrhein-Westfalen,0
2010,75 bis unter 80 Jahre,Männlich,Rheinland-Pfalz,0
2010,75 bis unter 80 Jahre,Männlich,Saarland,0
2010,75 bis unter 80 Jahre,Männlich,Sachsen,0
2010,75 bis unter 80 Jahre,Männlich,Sachsen-Anhalt,0
2010,75 bis unter 80 Jahre,Männlich,Schleswig-Holstein,0
2010,75 bis unter 80 Jahre,Männlich,Thüringen,0
2010,75 bis unter 80 Jahre,Weiblich,Deutschland,0
2010,75 bis unter 80 Jahre,Weiblich,Baden-Württemberg,0
2010,75 bis unter 80 Jahre,Weiblich,Bayern,0
2010,75 bis unter 80 Jahre,Weiblich,Berlin,0
2010,75 bis unter 80 Jahre,Weiblich,Brandenburg,0
2010,75 bis unter 80 Jahre,Weiblich,Bremen,0
2010,75 bis unter 80 Jahre,Weiblich,Hamburg,0
2010,75 bis unter 80 Jahre,Weiblich,Hessen,0
2010,75 bis unter 80 Jahre,Weiblich,Mecklenburg-Vorpommern,0
2010,75 bis unter 80 Jahre,Weiblich,Niedersachsen,0
2010,75 bis unter 80 Jahre,Weiblich,Nordrhein-Westfalen,0
2010,75 bis unter 80 Jahre,Weiblich,Rheinland-Pfalz,0
2010,75 bis unter 80 Jahre,Weiblich,Saarland,0
2010,75 bis unter 80 Jahre,Weiblich,Sachsen,0
2010,75 bis unter 80 Jahre,Weiblich,Sachsen-Anhalt,0
2010,75 bis unter 80 Jahre,Weiblich,Schleswig-Holstein,0
2010,75 bis unter 80 Jahre,Weiblich,Thüringen,0
2010,80 bis unter 85 Jahre,Männlich,Deutschland,0
2010,80 bis unter 85 Jahre,Männlich,Baden-Württemberg,0
2010,80 bis unter 85 Jahre,Männlich,Bayern,0
2010,80 bis unter 85 Jahre,Männlich,Berlin,0
2010,80 bis unter 85 Jahre,Männlich,Brandenburg,0
2010,80 bis unter 85 Jahre,Männlich,Bremen,0
2010,80 bis unter 85 Jahre,Männlich,Hamburg,0
2010,80 bis unter 85 Jahre,Männlich,Hessen,0
2010,80 bis unter 85 Jahre,Männlich,Mecklenburg-Vorpommern,0
2010,80 bis unter 85 Jahre,Männlich,Niedersachsen,0
2010,80 bis unter 85 Jahre,Männlich,Nordrhein-Westfalen,0
2010,80 bis unter 85 Jahre,Männlich,Rheinland-Pfalz,0
2010,80 bis unter 85 Jahre,Männlich,Saarland,0
2010,80 bis unter 85 Jahre,Männlich,Sachsen,0
2010,80 bis unter 85 Jahre,Männlich,Sachsen-Anhalt,0
2010,80 bis unter 85 Jahre,Männlich,Schleswig-Holstein,0
2010,80 bis unter 85 Jahre,Männlich,Thüringen,0
2010,80 bis unter 85 Jahre,Weiblich,Deutschland,0
2010,80 bis unter 85 Jahre,Weiblich,Baden-Württemberg,0
2010,80 bis unter 85 Jahre,Weiblich,Bayern,0
2010,80 bis unter 85 Jahre,Weiblich,Berlin,0
2010,80 bis unter 85 Jahre,Weiblich,Brandenburg,0
2010,80 bis unter 85 Jahre,Weiblich,Bremen,0
2010,80 bis unter 85 Jahre,Weiblich,Hamburg,0
2010,80 bis unter 85 Jahre,Weiblich,Hessen,0
2010,80 bis unter 85 Jahre,Weiblich,Mecklenburg-Vorpommern,0
2010,80 bis unter 85 Jahre,Weiblich,Niedersachsen,0
2010,80 bis unter 85 Jahre,Weiblich,Nordrhein-Westfalen,0
2010,80 bis unter 85 Jahre,Weiblich,Rheinland-Pfalz,0
2010,80 bis unter 85 Jahre,Weiblich,Saarland,0
2010,80 bis unter 85 Jahre,Weiblich,Sachsen,0
2010,80 bis unter 85 Jahre,Weiblich,Sachsen-Anhalt,0
2010,80 bis unter 85 Jahre,Weiblich,Schleswig-Holstein,0
2010,80 bis unter 85 Jahre,Weiblich,Thüringen,0
2010,85 bis unter 90 Jahre,Männlich,Deutschland,0
2010,85 bis unter 90 Jahre,Männlich,Baden-Württemberg,0
2010,85 bis unter 90 Jahre,Männlich,Bayern,0
2010,85 bis unter 90 Jahre,Männlich,Berlin,0
2010,85 bis unter 90 Jahre,Männlich,Brandenburg,0
2010,85 bis unter 90 Jahre,Männlich,Bremen,0
2010,85 bis unter 90 Jahre,Männlich,Hamburg,0
2010,85 bis unter 90 Jahre,Männlich,Hessen,0
2010,85 bis unter 90 Jahre,Männlich,Mecklenburg-Vorpommern,0
2010,85 bis unter 90 Jahre,Männlich,Niedersachsen,0
2010,85 bis unter 90 Jahre,Männlich,Nordrhein-Westfalen,0
2010,85 bis unter 90 Jahre,Männlich,Rheinland-Pfalz,0
2010,85 bis unter 90 Jahre,Männlich,Saarland,0
2010,85 bis unter 90 Jahre,Männlich,Sachsen,0
2010,85 bis unter 90 Jahre,Männlich,Sachsen-Anhalt,0
2010,85 bis unter 90 Jahre,Männlich,Schleswig-Holstein,0
2010,85 bis unter 90 Jahre,Männlich,Thüringen,0
2010,85 bis unter 90 Jahre,Weiblich,Deutschland,0
2010,85 bis unter 90 Jahre,Weiblich,Baden-Württemberg,0
2010,85 bis unter 90 Jahre,Weiblich,Bayern,0
2010,85 bis unter 90 Jahre,Weiblich,Berlin,0
2010,85 bis unter 90 Jahre,Weiblich,Brandenburg,0
2010,85 bis unter 90 Jahre,Weiblich,Bremen,0
2010,85 bis unter 90 Jahre,Weiblich,Hamburg,0
2010,85 bis unter 90 Jahre,Weiblich,Hessen,0
2010,85 bis unter 90 Jahre,Weiblich,Mecklenburg-Vorpommern,0
2010,85 bis unter 90 Jahre,Weiblich,Niedersachsen,0
2010,85 bis unter 90 Jahre,Weiblich,Nordrhein-Westfalen,0
2010,85 bis unter 90 Jahre,Weiblich,Rheinland-Pfalz,0
2010,85 bis unter 90 Jahre,Weiblich,Saarland,0
2010,85 bis unter 90 Jahre,Weiblich,Sachsen,0
2010,85 bis unter 90 Jahre,Weiblich,Sachsen-Anhalt,0
2010,85 bis unter 90 Jahre,Weiblich,Schleswig-Holstein,0
2010,85 bis unter 90 Jahre,Weiblich,Thüringen,0
2010,90 bis unter 95 Jahre,Männlich,Deutschland,0
2010,90 bis unter 95 Jahre,Männlich,Baden-Württemberg,0
2010,90 bis unter 95 Jahre,Männlich,Bayern,0
2010,90 bis unter 95 Jahre,Männlich,Berlin,0
2010,90 bis unter 95 Jahre,Männlich,Brandenburg,0
2010,90 bis unter 95 Jahre,Männlich,Bremen,0
2010,90 bis unter 95 Jahre,Männlich,Hamburg,0
2010,90 bis unter 95 Jahre,Männlich,Hessen,0
2010,90 bis unter 95 Jahre,Männlich,Mecklenburg-Vorpommern,0
2010,90 bis unter 95 Jahre,Männlich,Niedersachsen,0
2010,90 bis unter 95 Jahre,Männlich,Nordrhein-Westfalen,0
2010,90 bis unter 95 Jahre,Männlich,Rheinland-Pfalz,0
2010,90 bis unter 95 Jahre,Männlich,Saarland,0
2010,90 bis unter 95 Jahre,Männlich,Sachsen,0
2010,90 bis unter 95 Jahre,Männlich,Sachsen-Anhalt,0
2010,90 bis unter 95 Jahre,Männlich,Schleswig-Holstein,0
2010,90 bis unter 95 Jahre,Männlich,Thüringen,0
2010,90 bis unter 95 Jahre,Weiblich,Deutschland,0
2010,90 bis unter 95 Jahre,Weiblich,Baden-Württemberg,0
2010,90 bis unter 95 Jahre,Weiblich,Bayern,0
2010,90 bis unter 95 Jahre,Weiblich,Berlin,0
2010,90 bis unter 95 Jahre,Weiblich,Brandenburg,0
2010,90 bis unter 95 Jahre,Weiblich,Bremen,0
2010,90 bis unter 95 Jahre,Weiblich,Hamburg,0
2010,90 bis unter 95 Jahre,Weiblich,Hessen,0
2010,90 bis unter 95 Jahre,Weiblich,Mecklenburg-Vorpommern,0
2010,90 bis unter 95 Jahre,Weiblich,Niedersachsen,0
2010,90 bis unter 95 Jahre,Weiblich,Nordrhein-Westfalen,0
2010,90 bis unter 95 Jahre,Weiblich,Rheinland-Pfalz,0
2010,90 bis unter 95 Jahre,Weiblich,Saarland,0
2010,90 bis unter 95 Jahre,Weiblich,Sachsen,0
2010,90 bis unter 95 Jahre,Weiblich,Sachsen-Anhalt,0
2010,90 bis unter 95 Jahre,Weiblich,Schleswig-Holstein,0
2010,90 bis unter 95 Jahre,Weiblich,Thüringen,0
2010,95 Jahre und älter,Männlich,Deutschland,0
2010,95 Jahre und älter,Männlich,Baden-Württemberg,0
2010,95 Jahre und älter,Männlich,Bayern,0
2010,95 Jahre und älter,Männlich,Berlin,0
2010,95 Jahre und älter,Männlich,Brandenburg,0
2010,95 Jahre und älter,Männlich,Bremen,0
2010,95 Jahre und älter,Männlich,Hamburg,0
2010,95 Jahre und älter,Männlich,Hessen,0
2010,95 Jahre und älter,Männlich,Mecklenburg-Vorpommern,0
2010,95 Jahre und älter,Männlich,Niedersachsen,0
2010,95 Jahre und älter,Männlich,Nordrhein-Westfalen,0
2010,95 Jahre und älter,Männlich,Rheinland-Pfalz,0
2010,95 Jahre und älter,Männlich,Saarland,0
2010,95 Jahre und älter,Männlich,Sachsen,0
2010,95 Jahre und älter,Männlich,Sachsen-Anhalt,0
2010,95 Jahre und älter,Männlich,Schleswig-Holstein,0
2010,95 Jahre und älter,Männlich,Thüringen,0
2010,95 Jahre und älter,Weiblich,Deutschland,0
2010,95 Jahre und älter,Weiblich,Baden-Württemberg,0
2010,95 Jahre und älter,Weiblich,Bayern,0
2010,95 Jahre und älter,Weiblich,Berlin,0
2010,95 Jahre und älter,Weiblich,Brandenburg,0
2010,95 Jahre und älter,Weiblich,Bremen,0
2010,95 Jahre und älter,Weiblich,Hamburg,0
2010,95 Jahre und älter,Weiblich,Hessen,0
2010,95 Jahre und älter,Weiblich,Mecklenburg-Vorpommern,0
2010,95 Jahre und älter,Weiblich,Niedersachsen,0
2010,95 Jahre und älter,Weiblich,Nordrhein-Westfalen,0
2010,95 Jahre und älter,Weiblich,Rheinland-Pfalz,0
2010,95 Jahre und älter,Weiblich,Saarland,0
2010,95 Jahre und älter,Weiblich,Sachsen,0
2010,95 Jahre und älter,Weiblich,Sachsen-Anhalt,0
2010,95 Jahre und älter,Weiblich,Schleswig-Holstein,0
2010,95 Jahre und älter,Weiblich,Thüringen,0
2011,Unter 1 Jahr,Männlich,Deutschland,0
2011,Unter 1 Jahr,Männlich,Baden-Württemberg,0
2011,Unter 1 Jahr,Männlich,Bayern,0
2011,Unter 1 Jahr,Männlich,Berlin,0
2011,Unter 1 Jahr,Männlich,Brandenburg,0
2011,Unter 1 Jahr,Männlich,Bremen,0
2011,Unter 1 Jahr,Männlich,Hamburg,0
2011,Unter 1 Jahr,Männlich,Hessen,0
2011,Unter 1 Jahr,Männlich,Mecklenburg-Vorpommern,0
2011,Unter 1 Jahr,Männlich,Niedersachsen,0
2011,Unter 1 Jahr,Männlich,Nordrhein-Westfalen,0
2011,Unter 1 Jahr,Männlich,Rheinland-Pfalz,0
2011,Unter 1 Jahr,Männlich,Saarland,0
2011,Unter 1 Jahr,Männlich,Sachsen,0
2011,Unter 1 Jahr,Männlich,Sachsen-Anhalt,0
2011,Unter 1 Jahr,Männlich,Schleswig-Holstein,0
2011,Unter 1 Jahr,Männlich,Thüringen,0
2011,Unter 1 Jahr,Weiblich,Deutschland,0
2011,Unter 1 Jahr,Weiblich,Baden-Württemberg,0
2011,Unter 1 Jahr,Weiblich,Bayern,0
2011,Unter 1 Jahr,Weiblich,Berlin,0
2011,Unter 1 Jahr,Weiblich,Brandenburg,0
2011,Unter 1 Jahr,Weiblich,Bremen,0
2011,Unter 1 Jahr,Weiblich,Hamburg,0
2011,Unter 1 Jahr,Weiblich,Hessen,0
2011,Unter 1 Jahr,Weiblich,Mecklenburg-Vorpommern,0
2011,Unter 1 Jahr,Weiblich,Niedersachsen,0
2011,Unter 1 Jahr,Weiblich,Nordrhein-Westfalen,0
2011,Unter 1 Jahr,Weiblich,Rheinland-Pfalz,0
2011,Unter 1 Jahr,Weiblich,Saarland,0
2011,Unter 1 Jahr,Weiblich,Sachsen,0
2011,Unter 1 Jahr,Weiblich,Sachsen-Anhalt,0
2011,Unter 1 Jahr,Weiblich,Schleswig-Holstein,0
2011,Unter 1 Jahr,Weiblich,Thüringen,0
2011,1 Jahr bis unter 5 Jahre,Männlich,Deutschland,0
2011,1 Jahr bis unter 5 Jahre,Männlich,Baden-Württemberg,0
2011,1 Jahr bis unter 5 Jahre,Männlich,Bayern,0
2011,1 Jahr bis unter 5 Jahre,Männlich,Berlin,0
2011,1 Jahr bis unter 5 Jahre,Männlich,Brandenburg,0
2011,1 Jahr bis unter 5 Jahre,Männlich,Bremen,0
2011,1 Jahr bis unter 5 Jahre,Männlich,Hamburg,0
2011,1 Jahr bis unter 5 Jahre,Männlich,Hessen,0
2011,1 Jahr bis unter 5 Jahre,Männlich,Mecklenburg-Vorpommern,0
2011,1 Jahr bis unter 5 Jahre,Männlich,Niedersachsen,0
2011,1 Jahr bis unter 5 Jahre,Männlich,Nordrhein-Westfalen,0
2011,1 Jahr bis unter 5 Jahre,Männlich,Rheinland-Pfalz,0
2011,1 Jahr bis unter 5 Jahre,Männlich,Saarland,0
2011,1 Jahr bis unter 5 Jahre,Männlich,Sachsen,0
2011,1 Jahr bis unter 5 Jahre,Männlich,Sachsen-Anhalt,0
2011,1 Jahr bis unter 5 Jahre,Männlich,Schleswig-Holstein,0
2011,1 Jahr bis unter 5 Jahre,Männlich,Thüringen,0
2011,1 Jahr bis unter 5 Jahre,Weiblich,Deutschland,0
2011,1 Jahr bis unter 5 Jahre,Weiblich,Baden-Württemberg,0
2011,1 Jahr bis unter 5 Jahre,Weiblich,Bayern,0
2011,1 Jahr bis unter 5 Jahre,Weiblich,Berlin,0
2011,1 Jahr bis unter 5 Jahre,Weiblich,Brandenburg,0
2011,1 Jahr bis unter 5 Jahre,Weiblich,Bremen,0
2011,1 Jahr bis unter 5 Jahre,Weiblich,Hamburg,0
2011,1 Jahr bis unter 5 Jahre,Weiblich,Hessen,0
2011,1 Jahr bis unter 5 Jahre,Weiblich,Mecklenburg-Vorpommern,0
2011,1 Jahr bis unter 5 Jahre,Weiblich,Niedersachsen,0
2011,1 Jahr bis unter 5 Jahre,Weiblich,Nordrhein-Westfalen,0
2011,1 Jahr bis unter 5 Jahre,Weiblich,Rheinland-Pfalz,0
2011,1 Jahr bis unter 5 Jahre,Weiblich,Saarland,0
2011,1 Jahr bis unter 5 Jahre,Weiblich,Sachsen,0
2011,1 Jahr bis unter 5 Jahre,Weiblich,Sachsen-Anhalt,0
2011,1 Jahr bis unter 5 Jahre,Weiblich,Schleswig-Holstein,0
2011,1 Jahr bis unter 5 Jahre,Weiblich,Thüringen,0
2011,5 bis unter 10 Jahre,Männlich,Deutschland,0
2011,5 bis unter 10 Jahre,Männlich,Baden-Württemberg,0
2011,5 bis unter 10 Jahre,Männlich,Bayern,0
2011,5 bis unter 10 Jahre,Männlich,Berlin,0
2011,5 bis unter 10 Jahre,Männlich,Brandenburg,0
2011,5 bis unter 10 Jahre,Männlich,Bremen,0
2011,5 bis unter 10 Jahre,Männlich,Hamburg,0
2011,5 bis unter 10 Jahre,Männlich,Hessen,0
2011,5 bis unter 10 Jahre,Männlich,Mecklenburg-Vorpommern,0
2011,5 bis unter 10 Jahre,Männlich,Niedersachsen,0
2011,5 bis unter 10 Jahre,Männlich,Nordrhein-Westfalen,0
2011,5 bis unter 10 Jahre,Männlich,Rheinland-Pfalz,0
2011,5 bis unter 10 Jahre,Männlich,Saarland,0
2011,5 bis unter 10 Jahre,Männlich,Sachsen,0
2011,5 bis unter 10 Jahre,Männlich,Sachsen-Anhalt,0
2011,5 bis unter 10 Jahre,Männlich,Schleswig-Holstein,0
2011,5 bis unter 10 Jahre,Männlich,Thüringen,0
2011,5 bis unter 10 Jahre,Weiblich,Deutschland,0
2011,5 bis unter 10 Jahre,Weiblich,Baden-Württemberg,0
2011,5 bis unter 10 Jahre,Weiblich,Bayern,0
2011,5 bis unter 10 Jahre,Weiblich,Berlin,0
2011,5 bis unter 10 Jahre,Weiblich,Brandenburg,0
2011,5 bis unter 10 Jahre,Weiblich,Bremen,0
2011,5 bis unter 10 Jahre,Weiblich,Hamburg,0
2011,5 bis unter 10 Jahre,Weiblich,Hessen,0
2011,5 bis unter 10 Jahre,Weiblich,Mecklenburg-Vorpommern,0
2011,5 bis unter 10 Jahre,Weiblich,Niedersachsen,0
2011,5 bis unter 10 Jahre,Weiblich,Nordrhein-Westfalen,0
2011,5 bis unter 10 Jahre,Weiblich,Rheinland-Pfalz,0
2011,5 bis unter 10 Jahre,Weiblich,Saarland,0
2011,5 bis unter 10 Jahre,Weiblich,Sachsen,0
2011,5 bis unter 10 Jahre,Weiblich,Sachsen-Anhalt,0
2011,5 bis unter 10 Jahre,Weiblich,Schleswig-Holstein,0
2011,5 bis unter 10 Jahre,Weiblich,Thüringen,0
2011,10 bis unter 15 Jahre,Männlich,Deutschland,0
2011,10 bis unter 15 Jahre,Männlich,Baden-Württemberg,0
2011,10 bis unter 15 Jahre,Männlich,Bayern,0
2011,10 bis unter 15 Jahre,Männlich,Berlin,0
2011,10 bis unter 15 Jahre,Männlich,Brandenburg,0
2011,10 bis unter 15 Jahre,Männlich,Bremen,0
2011,10 bis unter 15 Jahre,Männlich,Hamburg,0
2011,10 bis unter 15 Jahre,Männlich,Hessen,0
2011,10 bis unter 15 Jahre,Männlich,Mecklenburg-Vorpommern,0
2011,10 bis unter 15 Jahre,Männlich,Niedersachsen,0
2011,10 bis unter 15 Jahre,Männlich,Nordrhein-Westfalen,0
2011,10 bis unter 15 Jahre,Männlich,Rheinland-Pfalz,0
2011,10 bis unter 15 Jahre,Männlich,Saarland,0
2011,10 bis unter 15 Jahre,Männlich,Sachsen,0
2011,10 bis unter 15 Jahre,Männlich,Sachsen-Anhalt,0
2011,10 bis unter 15 Jahre,Männlich,Schleswig-Holstein,0
2011,10 bis unter 15 Jahre,Männlich,Thüringen,0
2011,10 bis unter 15 Jahre,Weiblich,Deutschland,0
2011,10 bis unter 15 Jahre,Weiblich,Baden-Württemberg,0
2011,10 bis unter 15 Jahre,Weiblich,Bayern,0
2011,10 bis unter 15 Jahre,Weiblich,Berlin,0
2011,10 bis unter 15 Jahre,Weiblich,Brandenburg,0
2011,10 bis unter 15 Jahre,Weiblich,Bremen,0
2011,10 bis unter 15 Jahre,Weiblich,Hamburg,0
2011,10 bis unter 15 Jahre,Weiblich,Hessen,0
2011,10 bis unter 15 Jahre,Weiblich,Mecklenburg-Vorpommern,0
2011,10 bis unter 15 Jahre,Weiblich,Niedersachsen,0
2011,10 bis unter 15 Jahre,Weiblich,Nordrhein-Westfalen,0
2011,10 bis unter 15 Jahre,Weiblich,Rheinland-Pfalz,0
2011,10 bis unter 15 Jahre,Weiblich,Saarland,0
2011,10 bis unter 15 Jahre,Weiblich,Sachsen,0
2011,10 bis unter 15 Jahre,Weiblich,Sachsen-Anhalt,0
2011,10 bis unter 15 Jahre,Weiblich,Schleswig-Holstein,0
2011,10 bis unter 15 Jahre,Weiblich,Thüringen,0
2011,15 bis unter 20 Jahre,Männlich,Deutschland,15
2011,15 bis unter 20 Jahre,Männlich,Baden-Württemberg,0
2011,15 bis unter 20 Jahre,Männlich,Bayern,9
2011,15 bis unter 20 Jahre,Männlich,Berlin,1
2011,15 bis unter 20 Jahre,Männlich,Brandenburg,0
2011,15 bis unter 20 Jahre,Männlich,Bremen,0
2011,15 bis unter 20 Jahre,Männlich,Hamburg,0
2011,15 bis unter 20 Jahre,Männlich,Hessen,0
2011,15 bis unter 20 Jahre,Männlich,Mecklenburg-Vorpommern,0
2011,15 bis unter 20 Jahre,Männlich,Niedersachsen,0
2011,15 bis unter 20 Jahre,Männlich,Nordrhein-Westfalen,5
2011,15 bis unter 20 Jahre,Männlich,Rheinland-Pfalz,0
2011,15 bis unter 20 Jahre,Männlich,Saarland,0
2011,15 bis unter 20 Jahre,Männlich,Sachsen,0
2011,15 bis unter 20 Jahre,Männlich,Sachsen-Anhalt,0
2011,15 bis unter 20 Jahre,Männlich,Schleswig-Holstein,0
2011,15 bis unter 20 Jahre,Männlich,Thüringen,0
2011,15 bis unter 20 Jahre,Weiblich,Deutschland,13
2011,15 bis unter 20 Jahre,Weiblich,Baden-Württemberg,3
2011,15 bis unter 20 Jahre,Weiblich,Bayern,4
2011,15 bis unter 20 Jahre,Weiblich,Berlin,0
2011,15 bis unter 20 Jahre,Weiblich,Brandenburg,0
2011,15 bis unter 20 Jahre,Weiblich,Bremen,0
2011,15 bis unter 20 Jahre,Weiblich,Hamburg,0
2011,15 bis unter 20 Jahre,Weiblich,Hessen,0
2011,15 bis unter 20 Jahre,Weiblich,Mecklenburg-Vorpommern,0
2011,15 bis unter 20 Jahre,Weiblich,Niedersachsen,0
2011,15 bis unter 20 Jahre,Weiblich,Nordrhein-Westfalen,6
2011,15 bis unter 20 Jahre,Weiblich,Rheinland-Pfalz,0
2011,15 bis unter 20 Jahre,Weiblich,Saarland,0
2011,15 bis unter 20 Jahre,Weiblich,Sachsen,0
2011,15 bis unter 20 Jahre,Weiblich,Sachsen-Anhalt,0
2011,15 bis unter 20 Jahre,Weiblich,Schleswig-Holstein,0
2011,15 bis unter 20 Jahre,Weiblich,Thüringen,0
2011,20 bis unter 25 Jahre,Männlich,Deutschland,70
2011,20 bis unter 25 Jahre,Männlich,Baden-Württemberg,0
2011,20 bis unter 25 Jahre,Männlich,Bayern,45
2011,20 bis unter 25 Jahre,Männlich,Berlin,6
2011,20 bis unter 25 Jahre,Männlich,Brandenburg,0
2011,20 bis unter 25 Jahre,Männlich,Bremen,0
2011,20 bis unter 25 Jahre,Männlich,Hamburg,0
2011,20 bis unter 25 Jahre,Männlich,Hessen,7
2011,20 bis unter 25 Jahre,Männlich,Mecklenburg-Vorpommern,0
2011,20 bis unter 25 Jahre,Männlich,Niedersachsen,0
2011,20 bis unter 25 Jahre,Männlich,Nordrhein-Westfalen,12
2011,20 bis unter 25 Jahre,Männlich,Rheinland-Pfalz,0
2011,20 bis unter 25 Jahre,Männlich,Saarland,0
2011,20 bis unter 25 Jahre,Männlich,Sachsen,0
2011,20 bis unter 25 Jahre,Männlich,Sachsen-Anhalt,0
2011,20 bis unter 25 Jahre,Männlich,Schleswig-Holstein,0
2011,20 bis unter 25 Jahre,Männlich,Thüringen,0
2011,20 bis unter 25 Jahre,Weiblich,Deutschland,31
2011,20 bis unter 25 Jahre,Weiblich,Baden-Württemberg,0
2011,20 bis unter 25 Jahre,Weiblich,Bayern,20
2011,20 bis unter 25 Jahre,Weiblich,Berlin,2
2011,20 bis unter 25 Jahre,Weiblich,Brandenburg,0
2011,20 bis unter 25 Jahre,Weiblich,Bremen,0
2011,20 bis unter 25 Jahre,Weiblich,Hamburg,0
2011,20 bis unter 25 Jahre,Weiblich,Hessen,3
2011,20 bis unter 25 Jahre,Weiblich,Mecklenburg-Vorpommern,0
2011,20 bis unter 25 Jahre,Weiblich,Niedersachsen,2
2011,20 bis unter 25 Jahre,Weiblich,Nordrhein-Westfalen,4
2011,20 bis unter 25 Jahre,Weiblich,Rheinland-Pfalz,0
2011,20 bis unter 25 Jahre,Weiblich,Saarland,0
2011,20 bis unter 25 Jahre,Weiblich,Sachsen,0
2011,20 bis unter 25 Jahre,Weiblich,Sachsen-Anhalt,0
2011,20 bis unter 25 Jahre,Weiblich,Schleswig-Holstein,0
2011,20 bis unter 25 Jahre,Weiblich,Thüringen,0
2011,25 bis unter 30 Jahre,Männlich,Deutschland,80
2011,25 bis unter 30 Jahre,Männlich,Baden-Württemberg,0
2011,25 bis unter 30 Jahre,Männlich,Bayern,52
2011,25 bis unter 30 Jahre,Männlich,Berlin,6
2011,25 bis unter 30 Jahre,Männlich,Brandenburg,0
2011,25 bis unter 30 Jahre,Männlich,Bremen,0
2011,25 bis unter 30 Jahre,Männlich,Hamburg,0
2011,25 bis unter 30 Jahre,Männlich,Hessen,10
2011,25 bis unter 30 Jahre,Männlich,Mecklenburg-Vorpommern,0
2011,25 bis unter 30 Jahre,Männlich,Niedersachsen,0
2011,25 bis unter 30 Jahre,Männlich,Nordrhein-Westfalen,11
2011,25 bis unter 30 Jahre,Männlich,Rheinland-Pfalz,0
2011,25 bis unter 30 Jahre,Männlich,Saarland,0
2011,25 bis unter 30 Jahre,Männlich,Sachsen,1
2011,25 bis unter 30 Jahre,Männlich,Sachsen-Anhalt,0
2011,25 bis unter 30 Jahre,Männlich,Schleswig-Holstein,0
2011,25 bis unter 30 Jahre,Männlich,Thüringen,0
2011,25 bis unter 30 Jahre,Weiblich,Deutschland,24
2011,25 bis unter 30 Jahre,Weiblich,Baden-Württemberg,0
2011,25 bis unter 30 Jahre,Weiblich,Bayern,11
2011,25 bis unter 30 Jahre,Weiblich,Berlin,2
2011,25 bis unter 30 Jahre,Weiblich,Brandenburg,0
2011,25 bis unter 30 Jahre,Weiblich,Bremen,0
2011,25 bis unter 30 Jahre,Weiblich,Hamburg,0
2011,25 bis unter 30 Jahre,Weiblich,Hessen,1
2011,25 bis unter 30 Jahre,Weiblich,Mecklenburg-Vorpommern,0
2011,25 bis unter 30 Jahre,Weiblich,Niedersachsen,3
2011,25 bis unter 30 Jahre,Weiblich,Nordrhein-Westfalen,7
2011,25 bis unter 30 Jahre,Weiblich,Rheinland-Pfalz,0
2011,25 bis unter 30 Jahre,Weiblich,Saarland,0
2011,25 bis unter 30 Jahre,Weiblich,Sachsen,0
2011,25 bis unter 30 Jahre,Weiblich,Sachsen-Anhalt,0
2011,25 bis unter 30 Jahre,Weiblich,Schleswig-Holstein,0
2011,25 bis unter 30 Jahre,Weiblich,Thüringen,0
2011,30 bis unter 35 Jahre,Männlich,Deutschland,76
2011,30 bis unter 35 Jahre,Männlich,Baden-Württemberg,0
2011,30 bis unter 35 Jahre,Männlich,Bayern,53
2011,30 bis unter 35 Jahre,Männlich,Berlin,7
2011,30 bis unter 35 Jahre,Männlich,Brandenburg,0
2011,30 bis unter 35 Jahre,Männlich,Bremen,0
2011,30 bis unter 35 Jahre,Männlich,Hamburg,0
2011,30 bis unter 35 Jahre,Männlich,Hessen,6
2011,30 bis unter 35 Jahre,Männlich,Mecklenburg-Vorpommern,0
2011,30 bis unter 35 Jahre,Männlich,Niedersachsen,0
2011,30 bis unter 35 Jahre,Männlich,Nordrhein-Westfalen,10
2011,30 bis unter 35 Jahre,Männlich,Rheinland-Pfalz,0
2011,30 bis unter 35 Jahre,Männlich,Saarland,0
2011,30 bis unter 35 Jahre,Männlich,Sachsen,0
2011,30 bis unter 35 Jahre,Männlich,Sachsen-Anhalt,0
2011,30 bis unter 35 Jahre,Männlich,Schleswig-Holstein,0
2011,30 bis unter 35 Jahre,Männlich,Thüringen,0
2011,30 bis unter 35 Jahre,Weiblich,Deutschland,27
2011,30 bis unter 35 Jahre,Weiblich,Baden-Württemberg,0
2011,30 bis unter 35 Jahre,Weiblich,Bayern,16
2011,30 bis unter 35 Jahre,Weiblich,Berlin,2
2011,30 bis unter 35 Jahre,Weiblich,Brandenburg,0
2011,30 bis unter 35 Jahre,Weiblich,Bremen,0
2011,30 bis unter 35 Jahre,Weiblich,Hamburg,0
2011,30 bis unter 35 Jahre,Weiblich,Hessen,1
2011,30 bis unter 35 Jahre,Weiblich,Mecklenburg-Vorpommern,0
2011,30 bis unter 35 Jahre,Weiblich,Niedersachsen,3
2011,30 bis unter 35 Jahre,Weiblich,Nordrhein-Westfalen,5
2011,30 bis unter 35 Jahre,Weiblich,Rheinland-Pfalz,0
2011,30 bis unter 35 Jahre,Weiblich,Saarland,0
2011,30 bis unter 35 Jahre,Weiblich,Sachsen,0
2011,30 bis unter 35 Jahre,Weiblich,Sachsen-Anhalt,0
2011,30 bis unter 35 Jahre,Weiblich,Schleswig-Holstein,0
2011,30 bis unter 35 Jahre,Weiblich,Thüringen,0
2011,35 bis unter 40 Jahre,Männlich,Deutschland,66
2011,35 bis unter 40 Jahre,Männlich,Baden-Württemberg,0
2011,35 bis unter 40 Jahre,Männlich,Bayern,39
2011,35 bis unter 40 Jahre,Männlich,Berlin,10
2011,35 bis unter 40 Jahre,Männlich,Brandenburg,0
2011,35 bis unter 40 Jahre,Männlich,Bremen,0
2011,35 bis unter 40 Jahre,Männlich,Hamburg,0
2011,35 bis unter 40 Jahre,Männlich,Hessen,7
2011,35 bis unter 40 Jahre,Männlich,Mecklenburg-Vorpommern,0
2011,35 bis unter 40 Jahre,Männlich,Niedersachsen,1
2011,35 bis unter 40 Jahre,Männlich,Nordrhein-Westfalen,8
2011,35 bis unter 40 Jahre,Männlich,Rheinland-Pfalz,1
2011,35 bis unter 40 Jahre,Männlich,Saarland,0
2011,35 bis unter 40 Jahre,Männlich,Sachsen,0
2011,35 bis unter 40 Jahre,Männlich,Sachsen-Anhalt,0
2011,35 bis unter 40 Jahre,Männlich,Schleswig-Holstein,0
2011,35 bis unter 40 Jahre,Männlich,Thüringen,0
2011,35 bis unter 40 Jahre,Weiblich,Deutschland,26
2011,35 bis unter 40 Jahre,Weiblich,Baden-Württemberg,0
2011,35 bis unter 40 Jahre,Weiblich,Bayern,17
2011,35 bis unter 40 Jahre,Weiblich,Berlin,0
2011,35 bis unter 40 Jahre,Weiblich,Brandenburg,0
2011,35 bis unter 40 Jahre,Weiblich,Bremen,0
2011,35 bis unter 40 Jahre,Weiblich,Hamburg,0
2011,35 bis unter 40 Jahre,Weiblich,Hessen,1
2011,35 bis unter 40 Jahre,Weiblich,Mecklenburg-Vorpommern,0
2011,35 bis unter 40 Jahre,Weiblich,Niedersachsen,3
2011,35 bis unter 40 Jahre,Weiblich,Nordrhein-Westfalen,5
2011,35 bis unter 40 Jahre,Weiblich,Rheinland-Pfalz,0
2011,35 bis unter 40 Jahre,Weiblich,Saarland,0
2011,35 bis unter 40 Jahre,Weiblich,Sachsen,0
2011,35 bis unter 40 Jahre,Weiblich,Sachsen-Anhalt,0
2011,35 bis unter 40 Jahre,Weiblich,Schleswig-Holstein,0
2011,35 bis unter 40 Jahre,Weiblich,Thüringen,0
2011,40 bis unter 45 Jahre,Männlich,Deutschland,62
2011,40 bis unter 45 Jahre,Männlich,Baden-Württemberg,0
2011,40 bis unter 45 Jahre,Männlich,Bayern,46
2011,40 bis unter 45 Jahre,Männlich,Berlin,5
2011,40 bis unter 45 Jahre,Männlich,Brandenburg,0
2011,40 bis unter 45 Jahre,Männlich,Bremen,0
2011,40 bis unter 45 Jahre,Männlich,Hamburg,0
2011,40 bis unter 45 Jahre,Männlich,Hessen,6
2011,40 bis unter 45 Jahre,Männlich,Mecklenburg-Vorpommern,0
2011,40 bis unter 45 Jahre,Männlich,Niedersachsen,0
2011,40 bis unter 45 Jahre,Männlich,Nordrhein-Westfalen,5
2011,40 bis unter 45 Jahre,Männlich,Rheinland-Pfalz,0
2011,40 bis unter 45 Jahre,Männlich,Saarland,0
2011,40 bis unter 45 Jahre,Männlich,Sachsen,0
2011,40 bis unter 45 Jahre,Männlich,Sachsen-Anhalt,0
2011,40 bis unter 45 Jahre,Männlich,Schleswig-Holstein,0
2011,40 bis unter 45 Jahre,Männlich,Thüringen,0
2011,40 bis unter 45 Jahre,Weiblich,Deutschland,52
2011,40 bis unter 45 Jahre,Weiblich,Baden-Württemberg,0
2011,40 bis unter 45 Jahre,Weiblich,Bayern,27
2011,40 bis unter 45 Jahre,Weiblich,Berlin,5
2011,40 bis unter 45 Jahre,Weiblich,Brandenburg,0
2011,40 bis unter 45 Jahre,Weiblich,Bremen,0
2011,40 bis unter 45 Jahre,Weiblich,Hamburg,0
2011,40 bis unter 45 Jahre,Weiblich,Hessen,4
2011,40 bis unter 45 Jahre,Weiblich,Mecklenburg-Vorpommern,0
2011,40 bis unter 45 Jahre,Weiblich,Niedersachsen,2
2011,40 bis unter 45 Jahre,Weiblich,Nordrhein-Westfalen,14
2011,40 bis unter 45 Jahre,Weiblich,Rheinland-Pfalz,0
2011,40 bis unter 45 Jahre,Weiblich,Saarland,0
2011,40 bis unter 45 Jahre,Weiblich,Sachsen,0
2011,40 bis unter 45 Jahre,Weiblich,Sachsen-Anhalt,0
2011,40 bis unter 45 Jahre,Weiblich,Schleswig-Holstein,0
2011,40 bis unter 45 Jahre,Weiblich,Thüringen,0
2011,45 bis unter 50 Jahre,Männlich,Deutschland,31
2011,45 bis unter 50 Jahre,Männlich,Baden-Württemberg,0
2011,45 bis unter 50 Jahre,Männlich,Bayern,14
2011,45 bis unter 50 Jahre,Männlich,Berlin,5
2011,45 bis unter 50 Jahre,Männlich,Brandenburg,0
2011,45 bis unter 50 Jahre,Männlich,Bremen,0
2011,45 bis unter 50 Jahre,Männlich,Hamburg,0
2011,45 bis unter 50 Jahre,Männlich,Hessen,8
2011,45 bis unter 50 Jahre,Männlich,Mecklenburg-Vorpommern,0
2011,45 bis unter 50 Jahre,Männlich,Niedersachsen,1
2011,45 bis unter 50 Jahre,Männlich,Nordrhein-Westfalen,3
2011,45 bis unter 50 Jahre,Männlich,Rheinland-Pfalz,0
2011,45 bis unter 50 Jahre,Männlich,Saarland,0
2011,45 bis unter 50 Jahre,Männlich,Sachsen,0
2011,45 bis unter 50 Jahre,Männlich,Sachsen-Anhalt,0
2011,45 bis unter 50 Jahre,Männlich,Schleswig-Holstein,0
2011,45 bis unter 50 Jahre,Männlich,Thüringen,0
2011,45 bis unter 50 Jahre,Weiblich,Deutschland,48
2011,45 bis unter 50 Jahre,Weiblich,Baden-Württemberg,0
2011,45 bis unter 50 Jahre,Weiblich,Bayern,22
2011,45 bis unter 50 Jahre,Weiblich,Berlin,6
2011,45 bis unter 50 Jahre,Weiblich,Brandenburg,0
2011,45 bis unter 50 Jahre,Weiblich,Bremen,0
2011,45 bis unter 50 Jahre,Weiblich,Hamburg,0
2011,45 bis unter 50 Jahre,Weiblich,Hessen,4
2011,45 bis unter 50 Jahre,Weiblich,Mecklenburg-Vorpommern,0
2011,45 bis unter 50 Jahre,Weiblich,Niedersachsen,5
2011,45 bis unter 50 Jahre,Weiblich,Nordrhein-Westfalen,11
2011,45 bis unter 50 Jahre,Weiblich,Rheinland-Pfalz,0
2011,45 bis unter 50 Jahre,Weiblich,Saarland,0
2011,45 bis unter 50 Jahre,Weiblich,Sachsen,0
2011,45 bis unter 50 Jahre,Weiblich,Sachsen-Anhalt,0
2011,45 bis unter 50 Jahre,Weiblich,Schleswig-Holstein,0
2011,45 bis unter 50 Jahre,Weiblich,Thüringen,0
2011,50 bis unter 55 Jahre,Männlich,Deutschland,9
2011,50 bis unter 55 Jahre,Männlich,Baden-Württemberg,0
2011,50 bis unter 55 Jahre,Männlich,Bayern,3
2011,50 bis unter 55 Jahre,Männlich,Berlin,3
2011,50 bis unter 55 Jahre,Männlich,Brandenburg,0
2011,50 bis unter 55 Jahre,Männlich,Bremen,0
2011,50 bis unter 55 Jahre,Männlich,Hamburg,0
2011,50 bis unter 55 Jahre,Männlich,Hessen,3
2011,50 bis unter 55 Jahre,Männlich,Mecklenburg-Vorpommern,0
2011,50 bis unter 55 Jahre,Männlich,Niedersachsen,0
2011,50 bis unter 55 Jahre,Männlich,Nordrhein-Westfalen,0
2011,50 bis unter 55 Jahre,Männlich,Rheinland-Pfalz,0
2011,50 bis unter 55 Jahre,Männlich,Saarland,0
2011,50 bis unter 55 Jahre,Männlich,Sachsen,0
2011,50 bis unter 55 Jahre,Männlich,Sachsen-Anhalt,0
2011,50 bis unter 55 Jahre,Männlich,Schleswig-Holstein,0
2011,50 bis unter 55 Jahre,Männlich,Thüringen,0
2011,50 bis unter 55 Jahre,Weiblich,Deutschland,34
2011,50 bis unter 55 Jahre,Weiblich,Baden-Württemberg,3
2011,50 bis unter 55 Jahre,Weiblich,Bayern,12
2011,50 bis unter 55 Jahre,Weiblich,Berlin,3
2011,50 bis unter 55 Jahre,Weiblich,Brandenburg,0
2011,50 bis unter 55 Jahre,Weiblich,Bremen,0
2011,50 bis unter 55 Jahre,Weiblich,Hamburg,0
2011,50 bis unter 55 Jahre,Weiblich,Hessen,4
2011,50 bis unter 55 Jahre,Weiblich,Mecklenburg-Vorpommern,0
2011,50 bis unter 55 Jahre,Weiblich,Niedersachsen,2
2011,50 bis unter 55 Jahre,Weiblich,Nordrhein-Westfalen,10
2011,50 bis unter 55 Jahre,Weiblich,Rheinland-Pfalz,0
2011,50 bis unter 55 Jahre,Weiblich,Saarland,0
2011,50 bis unter 55 Jahre,Weiblich,Sachsen,0
2011,50 bis unter 55 Jahre,Weiblich,Sachsen-Anhalt,0
2011,50 bis unter 55 Jahre,Weiblich,Schleswig-Holstein,0
2011,50 bis unter 55 Jahre,Weiblich,Thüringen,0
2011,55 bis unter 60 Jahre,Männlich,Deutschland,4
2011,55 bis unter 60 Jahre,Männlich,Baden-Württemberg,0
2011,55 bis unter 60 Jahre,Männlich,Bayern,3
2011,55 bis unter 60 Jahre,Männlich,Berlin,0
2011,55 bis unter 60 Jahre,Männlich,Brandenburg,0
2011,55 bis unter 60 Jahre,Männlich,Bremen,0
2011,55 bis unter 60 Jahre,Männlich,Hamburg,0
2011,55 bis unter 60 Jahre,Männlich,Hessen,0
2011,55 bis unter 60 Jahre,Männlich,Mecklenburg-Vorpommern,0
2011,55 bis unter 60 Jahre,Männlich,Niedersachsen,0
2011,55 bis unter 60 Jahre,Männlich,Nordrhein-Westfalen,1
2011,55 bis unter 60 Jahre,Männlich,Rheinland-Pfalz,0
2011,55 bis unter 60 Jahre,Männlich,Saarland,0
2011,55 bis unter 60 Jahre,Männlich,Sachsen,0
2011,55 bis unter 60 Jahre,Männlich,Sachsen-Anhalt,0
2011,55 bis unter 60 Jahre,Männlich,Schleswig-Holstein,0
2011,55 bis unter 60 Jahre,Männlich,Thüringen,0
2011,55 bis unter 60 Jahre,Weiblich,Deutschland,15
2011,55 bis unter 60 Jahre,Weiblich,Baden-Württemberg,0
2011,55 bis unter 60 Jahre,Weiblich,Bayern,2
2011,55 bis unter 60 Jahre,Weiblich,Berlin,3
2011,55 bis unter 60 Jahre,Weiblich,Brandenburg,0
2011,55 bis unter 60 Jahre,Weiblich,Bremen,0
2011,55 bis unter 60 Jahre,Weiblich,Hamburg,0
2011,55 bis unter 60 Jahre,Weiblich,Hessen,1
2011,55 bis unter 60 Jahre,Weiblich,Mecklenburg-Vorpommern,0
2011,55 bis unter 60 Jahre,Weiblich,Niedersachsen,0
2011,55 bis unter 60 Jahre,Weiblich,Nordrhein-Westfalen,9
2011,55 bis unter 60 Jahre,Weiblich,Rheinland-Pfalz,0
2011,55 bis unter 60 Jahre,Weiblich,Saarland,0
2011,55 bis unter 60 Jahre,Weiblich,Sachsen,0
2011,55 bis unter 60 Jahre,Weiblich,Sachsen-Anhalt,0
2011,55 bis unter 60 Jahre,Weiblich,Schleswig-Holstein,0
2011,55 bis unter 60 Jahre,Weiblich,Thüringen,0
2011,60 bis unter 65 Jahre,Männlich,Deutschland,1
2011,60 bis unter 65 Jahre,Männlich,Baden-Württemberg,0
2011,60 bis unter 65 Jahre,Männlich,Bayern,1
2011,60 bis unter 65 Jahre,Männlich,Berlin,0
2011,60 bis unter 65 Jahre,Männlich,Brandenburg,0
2011,60 bis unter 65 Jahre,Männlich,Bremen,0
2011,60 bis unter 65 Jahre,Männlich,Hamburg,0
2011,60 bis unter 65 Jahre,Männlich,Hessen,0
2011,60 bis unter 65 Jahre,Männlich,Mecklenburg-Vorpommern,0
2011,60 bis unter 65 Jahre,Männlich,Niedersachsen,0
2011,60 bis unter 65 Jahre,Männlich,Nordrhein-Westfalen,0
2011,60 bis unter 65 Jahre,Männlich,Rheinland-Pfalz,0
2011,60 bis unter 65 Jahre,Männlich,Saarland,0
2011,60 bis unter 65 Jahre,Männlich,Sachsen,0
2011,60 bis unter 65 Jahre,Männlich,Sachsen-Anhalt,0
2011,60 bis unter 65 Jahre,Männlich,Schleswig-Holstein,0
2011,60 bis unter 65 Jahre,Männlich,Thüringen,0
2011,60 bis unter 65 Jahre,Weiblich,Deutschland,1
2011,60 bis unter 65 Jahre,Weiblich,Baden-Württemberg,0
2011,60 bis unter 65 Jahre,Weiblich,Bayern,0
2011,60 bis unter 65 Jahre,Weiblich,Berlin,1
2011,60 bis unter 65 Jahre,Weiblich,Brandenburg,0
2011,60 bis unter 65 Jahre,Weiblich,Bremen,0
2011,60 bis unter 65 Jahre,Weiblich,Hamburg,0
2011,60 bis unter 65 Jahre,Weiblich,Hessen,0
2011,60 bis unter 65 Jahre,Weiblich,Mecklenburg-Vorpommern,0
2011,60 bis unter 65 Jahre,Weiblich,Niedersachsen,0
2011,60 bis unter 65 Jahre,Weiblich,Nordrhein-Westfalen,0
2011,60 bis unter 65 Jahre,Weiblich,Rheinland-Pfalz,0
2011,60 bis unter 65 Jahre,Weiblich,Saarland,0
2011,60 bis unter 65 Jahre,Weiblich,Sachsen,0
2011,60 bis unter 65 Jahre,Weiblich,Sachsen-Anhalt,0
2011,60 bis unter 65 Jahre,Weiblich,Schleswig-Holstein,0
2011,60 bis unter 65 Jahre,Weiblich,Thüringen,0
2011,65 bis unter 70 Jahre,Männlich,Deutschland,1
2011,65 bis unter 70 Jahre,Männlich,Baden-Württemberg,0
2011,65 bis unter 70 Jahre,Männlich,Bayern,0
2011,65 bis unter 70 Jahre,Männlich,Berlin,1
2011,65 bis unter 70 Jahre,Männlich,Brandenburg,0
2011,65 bis unter 70 Jahre,Männlich,Bremen,0
2011,65 bis unter 70 Jahre,Männlich,Hamburg,0
2011,65 bis unter 70 Jahre,Männlich,Hessen,0
2011,65 bis unter 70 Jahre,Männlich,Mecklenburg-Vorpommern,0
2011,65 bis unter 70 Jahre,Männlich,Niedersachsen,0
2011,65 bis unter 70 Jahre,Männlich,Nordrhein-Westfalen,0
2011,65 bis unter 70 Jahre,Männlich,Rheinland-Pfalz,0
2011,65 bis unter 70 Jahre,Männlich,Saarland,0
2011,65 bis unter 70 Jahre,Männlich,Sachsen,0
2011,65 bis unter 70 Jahre,Männlich,Sachsen-Anhalt,0
2011,65 bis unter 70 Jahre,Männlich,Schleswig-Holstein,0
2011,65 bis unter 70 Jahre,Männlich,Thüringen,0
2011,65 bis unter 70 Jahre,Weiblich,Deutschland,3
2011,65 bis unter 70 Jahre,Weiblich,Baden-Württemberg,0
2011,65 bis unter 70 Jahre,Weiblich,Bayern,1
2011,65 bis unter 70 Jahre,Weiblich,Berlin,1
2011,65 bis unter 70 Jahre,Weiblich,Brandenburg,0
2011,65 bis unter 70 Jahre,Weiblich,Bremen,0
2011,65 bis unter 70 Jahre,Weiblich,Hamburg,0
2011,65 bis unter 70 Jahre,Weiblich,Hessen,0
2011,65 bis unter 70 Jahre,Weiblich,Mecklenburg-Vorpommern,0
2011,65 bis unter 70 Jahre,Weiblich,Niedersachsen,0
2011,65 bis unter 70 Jahre,Weiblich,Nordrhein-Westfalen,1
2011,65 bis unter 70 Jahre,Weiblich,Rheinland-Pfalz,0
2011,65 bis unter 70 Jahre,Weiblich,Saarland,0
2011,65 bis unter 70 Jahre,Weiblich,Sachsen,0
2011,65 bis unter 70 Jahre,Weiblich,Sachsen-Anhalt,0
2011,65 bis unter 70 Jahre,Weiblich,Schleswig-Holstein,0
2011,65 bis unter 70 Jahre,Weiblich,Thüringen,0
2011,70 bis unter 75 Jahre,Männlich,Deutschland,0
2011,70 bis unter 75 Jahre,Männlich,Baden-Württemberg,0
2011,70 bis unter 75 Jahre,Männlich,Bayern,0
2011,70 bis unter 75 Jahre,Männlich,Berlin,0
2011,70 bis unter 75 Jahre,Männlich,Brandenburg,0
2011,70 bis unter 75 Jahre,Männlich,Bremen,0
2011,70 bis unter 75 Jahre,Männlich,Hamburg,0
2011,70 bis unter 75 Jahre,Männlich,Hessen,0
2011,70 bis unter 75 Jahre,Männlich,Mecklenburg-Vorpommern,0
2011,70 bis unter 75 Jahre,Männlich,Niedersachsen,0
2011,70 bis unter 75 Jahre,Männlich,Nordrhein-Westfalen,0
2011,70 bis unter 75 Jahre,Männlich,Rheinland-Pfalz,0
2011,70 bis unter 75 Jahre,Männlich,Saarland,0
2011,70 bis unter 75 Jahre,Männlich,Sachsen,0
2011,70 bis unter 75 Jahre,Männlich,Sachsen-Anhalt,0
2011,70 bis unter 75 Jahre,Männlich,Schleswig-Holstein,0
2011,70 bis unter 75 Jahre,Männlich,Thüringen,0
2011,70 bis unter 75 Jahre,Weiblich,Deutschland,2
2011,70 bis unter 75 Jahre,Weiblich,Baden-Württemberg,0
2011,70 bis unter 75 Jahre,Weiblich,Bayern,2
2011,70 bis unter 75 Jahre,Weiblich,Berlin,0
2011,70 bis unter 75 Jahre,Weiblich,Brandenburg,0
2011,70 bis unter 75 Jahre,Weiblich,Bremen,0
2011,70 bis unter 75 Jahre,Weiblich,Hamburg,0
2011,70 bis unter 75 Jahre,Weiblich,Hessen,0
2011,70 bis unter 75 Jahre,Weiblich,Mecklenburg-Vorpommern,0
2011,70 bis unter 75 Jahre,Weiblich,Niedersachsen,0
2011,70 bis unter 75 Jahre,Weiblich,Nordrhein-Westfalen,0
2011,70 bis unter 75 Jahre,Weiblich,Rheinland-Pfalz,0
2011,70 bis unter 75 Jahre,Weiblich,Saarland,0
2011,70 bis unter 75 Jahre,Weiblich,Sachsen,0
2011,70 bis unter 75 Jahre,Weiblich,Sachsen-Anhalt,0
2011,70 bis unter 75 Jahre,Weiblich,Schleswig-Holstein,0
2011,70 bis unter 75 Jahre,Weiblich,Thüringen,0
2011,75 bis unter 80 Jahre,Männlich,Deutschland,0
2011,75 bis unter 80 Jahre,Männlich,Baden-Württemberg,0
2011,75 bis unter 80 Jahre,Männlich,Bayern,0
2011,75 bis unter 80 Jahre,Männlich,Berlin,0
2011,75 bis unter 80 Jahre,Männlich,Brandenburg,0
2011,75 bis unter 80 Jahre,Männlich,Bremen,0
2011,75 bis unter 80 Jahre,Männlich,Hamburg,0
2011,75 bis unter 80 Jahre,Männlich,Hessen,0
2011,75 bis unter 80 Jahre,Männlich,Mecklenburg-Vorpommern,0
2011,75 bis unter 80 Jahre,Männlich,Niedersachsen,0
2011,75 bis unter 80 Jahre,Männlich,Nordrhein-Westfalen,0
2011,75 bis unter 80 Jahre,Männlich,Rheinland-Pfalz,0
2011,75 bis unter 80 Jahre,Männlich,Saarland,0
2011,75 bis unter 80 Jahre,Männlich,Sachsen,0
2011,75 bis unter 80 Jahre,Männlich,Sachsen-Anhalt,0
2011,75 bis unter 80 Jahre,Männlich,Schleswig-Holstein,0
2011,75 bis unter 80 Jahre,Männlich,Thüringen,0
2011,75 bis unter 80 Jahre,Weiblich,Deutschland,0
2011,75 bis unter 80 Jahre,Weiblich,Baden-Württemberg,0
2011,75 bis unter 80 Jahre,Weiblich,Bayern,0
2011,75 bis unter 80 Jahre,Weiblich,Berlin,0
2011,75 bis unter 80 Jahre,Weiblich,Brandenburg,0
2011,75 bis unter 80 Jahre,Weiblich,Bremen,0
2011,75 bis unter 80 Jahre,Weiblich,Hamburg,0
2011,75 bis unter 80 Jahre,Weiblich,Hessen,0
2011,75 bis unter 80 Jahre,Weiblich,Mecklenburg-Vorpommern,0
2011,75 bis unter 80 Jahre,Weiblich,Niedersachsen,0
2011,75 bis unter 80 Jahre,Weiblich,Nordrhein-Westfalen,0
2011,75 bis unter 80 Jahre,Weiblich,Rheinland-Pfalz,0
2011,75 bis unter 80 Jahre,Weiblich,Saarland,0
2011,75 bis unter 80 Jahre,Weiblich,Sachsen,0
2011,75 bis unter 80 Jahre,Weiblich,Sachsen-Anhalt,0
2011,75 bis unter 80 Jahre,Weiblich,Schleswig-Holstein,0
2011,75 bis unter 80 Jahre,Weiblich,Thüringen,0
2011,80 bis unter 85 Jahre,Männlich,Deutschland,0
2011,80 bis unter 85 Jahre,Männlich,Baden-Württemberg,0
2011,80 bis unter 85 Jahre,Männlich,Bayern,0
2011,80 bis unter 85 Jahre,Männlich,Berlin,0
2011,80 bis unter 85 Jahre,Männlich,Brandenburg,0
2011,80 bis unter 85 Jahre,Männlich,Bremen,0
2011,80 bis unter 85 Jahre,Männlich,Hamburg,0
2011,80 bis unter 85 Jahre,Männlich,Hessen,0
2011,80 bis unter 85 Jahre,Männlich,Mecklenburg-Vorpommern,0
2011,80 bis unter 85 Jahre,Männlich,Niedersachsen,0
2011,80 bis unter 85 Jahre,Männlich,Nordrhein-Westfalen,0
2011,80 bis unter 85 Jahre,Männlich,Rheinland-Pfalz,0
2011,80 bis unter 85 Jahre,Männlich,Saarland,0
2011,80 bis unter 85 Jahre,Männlich,Sachsen,0
2011,80 bis unter 85 Jahre,Männlich,Sachsen-Anhalt,0
2011,80 bis unter 85 Jahre,Männlich,Schleswig-Holstein,0
2011,80 bis unter 85 Jahre,Männlich,Thüringen,0
2011,80 bis unter 85 Jahre,Weiblich,Deutschland,0
2011,80 bis unter 85 Jahre,Weiblich,Baden-Württemberg,0
2011,80 bis unter 85 Jahre,Weiblich,Bayern,0
2011,80 bis unter 85 Jahre,Weiblich,Berlin,0
2011,80 bis unter 85 Jahre,Weiblich,Brandenburg,0
2011,80 bis unter 85 Jahre,Weiblich,Bremen,0
2011,80 bis unter 85 Jahre,Weiblich,Hamburg,0
2011,80 bis unter 85 Jahre,Weiblich,Hessen,0
2011,80 bis unter 85 Jahre,Weiblich,Mecklenburg-Vorpommern,0
2011,80 bis unter 85 Jahre,Weiblich,Niedersachsen,0
2011,80 bis unter 85 Jahre,Weiblich,Nordrhein-Westfalen,0
2011,80 bis unter 85 Jahre,Weiblich,Rheinland-Pfalz,0
2011,80 bis unter 85 Jahre,Weiblich,Saarland,0
2011,80 bis unter 85 Jahre,Weiblich,Sachsen,0
2011,80 bis unter 85 Jahre,Weiblich,Sachsen-Anhalt,0
2011,80 bis unter 85 Jahre,Weiblich,Schleswig-Holstein,0
2011,80 bis unter 85 Jahre,Weiblich,Thüringen,0
2011,85 bis unter 90 Jahre,Männlich,Deutschland,0
2011,85 bis unter 90 Jahre,Männlich,Baden-Württemberg,0
2011,85 bis unter 90 Jahre,Männlich,Bayern,0
2011,85 bis unter 90 Jahre,Männlich,Berlin,0
2011,85 bis unter 90 Jahre,Männlich,Brandenburg,0
2011,85 bis unter 90 Jahre,Männlich,Bremen,0
2011,85 bis unter 90 Jahre,Männlich,Hamburg,0
2011,85 bis unter 90 Jahre,Männlich,Hessen,0
2011,85 bis unter 90 Jahre,Männlich,Mecklenburg-Vorpommern,0
2011,85 bis unter 90 Jahre,Männlich,Niedersachsen,0
2011,85 bis unter 90 Jahre,Männlich,Nordrhein-Westfalen,0
2011,85 bis unter 90 Jahre,Männlich,Rheinland-Pfalz,0
2011,85 bis unter 90 Jahre,Männlich,Saarland,0
2011,85 bis unter 90 Jahre,Männlich,Sachsen,0
2011,85 bis unter 90 Jahre,Männlich,Sachsen-Anhalt,0
2011,85 bis unter 90 Jahre,Männlich,Schleswig-Holstein,0
2011,85 bis unter 90 Jahre,Männlich,Thüringen,0
2011,85 bis unter 90 Jahre,Weiblich,Deutschland,0
2011,85 bis unter 90 Jahre,Weiblich,Baden-Württemberg,0
2011,85 bis unter 90 Jahre,Weiblich,Bayern,0
2011,85 bis unter 90 Jahre,Weiblich,Berlin,0
2011,85 bis unter 90 Jahre,Weiblich,Brandenburg,0
2011,85 bis unter 90 Jahre,Weiblich,Bremen,0
2011,85 bis unter 90 Jahre,Weiblich,Hamburg,0
2011,85 bis unter 90 Jahre,Weiblich,Hessen,0
2011,85 bis unter 90 Jahre,Weiblich,Mecklenburg-Vorpommern,0
2011,85 bis unter 90 Jahre,Weiblich,Niedersachsen,0
2011,85 bis unter 90 Jahre,Weiblich,Nordrhein-Westfalen,0
2011,85 bis unter 90 Jahre,Weiblich,Rheinland-Pfalz,0
2011,85 bis unter 90 Jahre,Weiblich,Saarland,0
2011,85 bis unter 90 Jahre,Weiblich,Sachsen,0
2011,85 bis unter 90 Jahre,Weiblich,Sachsen-Anhalt,0
2011,85 bis unter 90 Jahre,Weiblich,Schleswig-Holstein,0
2011,85 bis unter 90 Jahre,Weiblich,Thüringen,0
2011,90 bis unter 95 Jahre,Männlich,Deutschland,0
2011,90 bis unter 95 Jahre,Männlich,Baden-Württemberg,0
2011,90 bis unter 95 Jahre,Männlich,Bayern,0
2011,90 bis unter 95 Jahre,Männlich,Berlin,0
2011,90 bis unter 95 Jahre,Männlich,Brandenburg,0
2011,90 bis unter 95 Jahre,Männlich,Bremen,0
2011,90 bis unter 95 Jahre,Männlich,Hamburg,0
2011,90 bis unter 95 Jahre,Männlich,Hessen,0
2011,90 bis unter 95 Jahre,Männlich,Mecklenburg-Vorpommern,0
2011,90 bis unter 95 Jahre,Männlich,Niedersachsen,0
2011,90 bis unter 95 Jahre,Männlich,Nordrhein-Westfalen,0
2011,90 bis unter 95 Jahre,Männlich,Rheinland-Pfalz,0
2011,90 bis unter 95 Jahre,Männlich,Saarland,0
2011,90 bis unter 95 Jahre,Männlich,Sachsen,0
2011,90 bis unter 95 Jahre,Männlich,Sachsen-Anhalt,0
2011,90 bis unter 95 Jahre,Männlich,Schleswig-Holstein,0
2011,90 bis unter 95 Jahre,Männlich,Thüringen,0
2011,90 bis unter 95 Jahre,Weiblich,Deutschland,0
2011,90 bis unter 95 Jahre,Weiblich,Baden-Württemberg,0
2011,90 bis unter 95 Jahre,Weiblich,Bayern,0
2011,90 bis unter 95 Jahre,Weiblich,Berlin,0
2011,90 bis unter 95 Jahre,Weiblich,Brandenburg,0
2011,90 bis unter 95 Jahre,Weiblich,Bremen,0
2011,90 bis unter 95 Jahre,Weiblich,Hamburg,0
2011,90 bis unter 95 Jahre,Weiblich,Hessen,0
2011,90 bis unter 95 Jahre,Weiblich,Mecklenburg-Vorpommern,0
2011,90 bis unter 95 Jahre,Weiblich,Niedersachsen,0
2011,90 bis unter 95 Jahre,Weiblich,Nordrhein-Westfalen,0
2011,90 bis unter 95 Jahre,Weiblich,Rheinland-Pfalz,0
2011,90 bis unter 95 Jahre,Weiblich,Saarland,0
2011,90 bis unter 95 Jahre,Weiblich,Sachsen,0
2011,90 bis unter 95 Jahre,Weiblich,Sachsen-Anhalt,0
2011,90 bis unter 95 Jahre,Weiblich,Schleswig-Holstein,0
2011,90 bis unter 95 Jahre,Weiblich,Thüringen,0
2011,95 Jahre und älter,Männlich,Deutschland,0
2011,95 Jahre und älter,Männlich,Baden-Württemberg,0
2011,95 Jahre und älter,Männlich,Bayern,0
2011,95 Jahre und älter,Männlich,Berlin,0
2011,95 Jahre und älter,Männlich,Brandenburg,0
2011,95 Jahre und älter,Männlich,Bremen,0
2011,95 Jahre und älter,Männlich,Hamburg,0
2011,95 Jahre und älter,Männlich,Hessen,0
2011,95 Jahre und älter,Männlich,Mecklenburg-Vorpommern,0
2011,95 Jahre und älter,Männlich,Niedersachsen,0
2011,95 Jahre und älter,Männlich,Nordrhein-Westfalen,0
2011,95 Jahre und älter,Männlich,Rheinland-Pfalz,0
2011,95 Jahre und älter,Männlich,Saarland,0
2011,95 Jahre und älter,Männlich,Sachsen,0
2011,95 Jahre und älter,Männlich,Sachsen-Anhalt,0
2011,95 Jahre und älter,Männlich,Schleswig-Holstein,0
2011,95 Jahre und älter,Männlich,Thüringen,0
2011,95 Jahre und älter,Weiblich,Deutschland,0
2011,95 Jahre und älter,Weiblich,Baden-Württemberg,0
2011,95 Jahre und älter,Weiblich,Bayern,0
2011,95 Jahre und älter,Weiblich,Berlin,0
2011,95 Jahre und älter,Weiblich,Brandenburg,0
2011,95 Jahre und älter,Weiblich,Bremen,0
2011,95 Jahre und älter,Weiblich,Hamburg,0
2011,95 Jahre und älter,Weiblich,Hessen,0
2011,95 Jahre und älter,Weiblich,Mecklenburg-Vorpommern,0
2011,95 Jahre und älter,Weiblich,Niedersachsen,0
2011,95 Jahre und älter,Weiblich,Nordrhein-Westfalen,0
2011,95 Jahre und älter,Weiblich,Rheinland-Pfalz,0
2011,95 Jahre und älter,Weiblich,Saarland,0
2011,95 Jahre und älter,Weiblich,Sachsen,0
2011,95 Jahre und älter,Weiblich,Sachsen-Anhalt,0
2011,95 Jahre und älter,Weiblich,Schleswig-Holstein,0
2011,95 Jahre und älter,Weiblich,Thüringen,0
2012,Unter 1 Jahr,Männlich,Deutschland,0
2012,Unter 1 Jahr,Männlich,Baden-Württemberg,0
2012,Unter 1 Jahr,Männlich,Bayern,0
2012,Unter 1 Jahr,Männlich,Berlin,0
2012,Unter 1 Jahr,Männlich,Brandenburg,0
2012,Unter 1 Jahr,Männlich,Bremen,0
2012,Unter 1 Jahr,Männlich,Hamburg,0
2012,Unter 1 Jahr,Männlich,Hessen,0
2012,Unter 1 Jahr,Männlich,Mecklenburg-Vorpommern,0
2012,Unter 1 Jahr,Männlich,Niedersachsen,0
2012,Unter 1 Jahr,Männlich,Nordrhein-Westfalen,0
2012,Unter 1 Jahr,Männlich,Rheinland-Pfalz,0
2012,Unter 1 Jahr,Männlich,Saarland,0
2012,Unter 1 Jahr,Männlich,Sachsen,0
2012,Unter 1 Jahr,Männlich,Sachsen-Anhalt,0
2012,Unter 1 Jahr,Männlich,Schleswig-Holstein,0
2012,Unter 1 Jahr,Männlich,Thüringen,0
2012,Unter 1 Jahr,Weiblich,Deutschland,0
2012,Unter 1 Jahr,Weiblich,Baden-Württemberg,0
2012,Unter 1 Jahr,Weiblich,Bayern,0
2012,Unter 1 Jahr,Weiblich,Berlin,0
2012,Unter 1 Jahr,Weiblich,Brandenburg,0
2012,Unter 1 Jahr,Weiblich,Bremen,0
2012,Unter 1 Jahr,Weiblich,Hamburg,0
2012,Unter 1 Jahr,Weiblich,Hessen,0
2012,Unter 1 Jahr,Weiblich,Mecklenburg-Vorpommern,0
2012,Unter 1 Jahr,Weiblich,Niedersachsen,0
2012,Unter 1 Jahr,Weiblich,Nordrhein-Westfalen,0
2012,Unter 1 Jahr,Weiblich,Rheinland-Pfalz,0
2012,Unter 1 Jahr,Weiblich,Saarland,0
2012,Unter 1 Jahr,Weiblich,Sachsen,0
2012,Unter 1 Jahr,Weiblich,Sachsen-Anhalt,0
2012,Unter 1 Jahr,Weiblich,Schleswig-Holstein,0
2012,Unter 1 Jahr,Weiblich,Thüringen,0
2012,1 Jahr bis unter 5 Jahre,Männlich,Deutschland,0
2012,1 Jahr bis unter 5 Jahre,Männlich,Baden-Württemberg,0
2012,1 Jahr bis unter 5 Jahre,Männlich,Bayern,0
2012,1 Jahr bis unter 5 Jahre,Männlich,Berlin,0
2012,1 Jahr bis unter 5 Jahre,Männlich,Brandenburg,0
2012,1 Jahr bis unter 5 Jahre,Männlich,Bremen,0
2012,1 Jahr bis unter 5 Jahre,Männlich,Hamburg,0
2012,1 Jahr bis unter 5 Jahre,Männlich,Hessen,0
2012,1 Jahr bis unter 5 Jahre,Männlich,Mecklenburg-Vorpommern,0
2012,1 Jahr bis unter 5 Jahre,Männlich,Niedersachsen,0
2012,1 Jahr bis unter 5 Jahre,Männlich,Nordrhein-Westfalen,0
2012,1 Jahr bis unter 5 Jahre,Männlich,Rheinland-Pfalz,0
2012,1 Jahr bis unter 5 Jahre,Männlich,Saarland,0
2012,1 Jahr bis unter 5 Jahre,Männlich,Sachsen,0
2012,1 Jahr bis unter 5 Jahre,Männlich,Sachsen-Anhalt,0
2012,1 Jahr bis unter 5 Jahre,Männlich,Schleswig-Holstein,0
2012,1 Jahr bis unter 5 Jahre,Männlich,Thüringen,0
2012,1 Jahr bis unter 5 Jahre,Weiblich,Deutschland,0
2012,1 Jahr bis unter 5 Jahre,Weiblich,Baden-Württemberg,0
2012,1 Jahr bis unter 5 Jahre,Weiblich,Bayern,0
2012,1 Jahr bis unter 5 Jahre,Weiblich,Berlin,0
2012,1 Jahr bis unter 5 Jahre,Weiblich,Brandenburg,0
2012,1 Jahr bis unter 5 Jahre,Weiblich,Bremen,0
2012,1 Jahr bis unter 5 Jahre,Weiblich,Hamburg,0
2012,1 Jahr bis unter 5 Jahre,Weiblich,Hessen,0
2012,1 Jahr bis unter 5 Jahre,Weiblich,Mecklenburg-Vorpommern,0
2012,1 Jahr bis unter 5 Jahre,Weiblich,Niedersachsen,0
2012,1 Jahr bis unter 5 Jahre,Weiblich,Nordrhein-Westfalen,0
2012,1 Jahr bis unter 5 Jahre,Weiblich,Rheinland-Pfalz,0
2012,1 Jahr bis unter 5 Jahre,Weiblich,Saarland,0
2012,1 Jahr bis unter 5 Jahre,Weiblich,Sachsen,0
2012,1 Jahr bis unter 5 Jahre,Weiblich,Sachsen-Anhalt,0
2012,1 Jahr bis unter 5 Jahre,Weiblich,Schleswig-Holstein,0
2012,1 Jahr bis unter 5 Jahre,Weiblich,Thüringen,0
2012,5 bis unter 10 Jahre,Männlich,Deutschland,0
2012,5 bis unter 10 Jahre,Männlich,Baden-Württemberg,0
2012,5 bis unter 10 Jahre,Männlich,Bayern,0
2012,5 bis unter 10 Jahre,Männlich,Berlin,0
2012,5 bis unter 10 Jahre,Männlich,Brandenburg,0
2012,5 bis unter 10 Jahre,Männlich,Bremen,0
2012,5 bis unter 10 Jahre,Männlich,Hamburg,0
2012,5 bis unter 10 Jahre,Männlich,Hessen,0
2012,5 bis unter 10 Jahre,Männlich,Mecklenburg-Vorpommern,0
2012,5 bis unter 10 Jahre,Männlich,Niedersachsen,0
2012,5 bis unter 10 Jahre,Männlich,Nordrhein-Westfalen,0
2012,5 bis unter 10 Jahre,Männlich,Rheinland-Pfalz,0
2012,5 bis unter 10 Jahre,Männlich,Saarland,0
2012,5 bis unter 10 Jahre,Männlich,Sachsen,0
2012,5 bis unter 10 Jahre,Männlich,Sachsen-Anhalt,0
2012,5 bis unter 10 Jahre,Männlich,Schleswig-Holstein,0
2012,5 bis unter 10 Jahre,Männlich,Thüringen,0
2012,5 bis unter 10 Jahre,Weiblich,Deutschland,0
2012,5 bis unter 10 Jahre,Weiblich,Baden-Württemberg,0
2012,5 bis unter 10 Jahre,Weiblich,Bayern,0
2012,5 bis unter 10 Jahre,Weiblich,Berlin,0
2012,5 bis unter 10 Jahre,Weiblich,Brandenburg,0
2012,5 bis unter 10 Jahre,Weiblich,Bremen,0
2012,5 bis unter 10 Jahre,Weiblich,Hamburg,0
2012,5 bis unter 10 Jahre,Weiblich,Hessen,0
2012,5 bis unter 10 Jahre,Weiblich,Mecklenburg-Vorpommern,0
2012,5 bis unter 10 Jahre,Weiblich,Niedersachsen,0
2012,5 bis unter 10 Jahre,Weiblich,Nordrhein-Westfalen,0
2012,5 bis unter 10 Jahre,Weiblich,Rheinland-Pfalz,0
2012,5 bis unter 10 Jahre,Weiblich,Saarland,0
2012,5 bis unter 10 Jahre,Weiblich,Sachsen,0
2012,5 bis unter 10 Jahre,Weiblich,Sachsen-Anhalt,0
2012,5 bis unter 10 Jahre,Weiblich,Schleswig-Holstein,0
2012,5 bis unter 10 Jahre,Weiblich,Thüringen,0
2012,10 bis unter 15 Jahre,Männlich,Deutschland,0
2012,10 bis unter 15 Jahre,Männlich,Baden-Württemberg,0
2012,10 bis unter 15 Jahre,Männlich,Bayern,0
2012,10 bis unter 15 Jahre,Männlich,Berlin,0
2012,10 bis unter 15 Jahre,Männlich,Brandenburg,0
2012,10 bis unter 15 Jahre,Männlich,Bremen,0
2012,10 bis unter 15 Jahre,Männlich,Hamburg,0
2012,10 bis unter 15 Jahre,Männlich,Hessen,0
2012,10 bis unter 15 Jahre,Männlich,Mecklenburg-Vorpommern,0
2012,10 bis unter 15 Jahre,Männlich,Niedersachsen,0
2012,10 bis unter 15 Jahre,Männlich,Nordrhein-Westfalen,0
2012,10 bis unter 15 Jahre,Männlich,Rheinland-Pfalz,0
2012,10 bis unter 15 Jahre,Männlich,Saarland,0
2012,10 bis unter 15 Jahre,Männlich,Sachsen,0
2012,10 bis unter 15 Jahre,Männlich,Sachsen-Anhalt,0
2012,10 bis unter 15 Jahre,Männlich,Schleswig-Holstein,0
2012,10 bis unter 15 Jahre,Männlich,Thüringen,0
2012,10 bis unter 15 Jahre,Weiblich,Deutschland,0
2012,10 bis unter 15 Jahre,Weiblich,Baden-Württemberg,0
2012,10 bis unter 15 Jahre,Weiblich,Bayern,0
2012,10 bis unter 15 Jahre,Weiblich,Berlin,0
2012,10 bis unter 15 Jahre,Weiblich,Brandenburg,0
2012,10 bis unter 15 Jahre,Weiblich,Bremen,0
2012,10 bis unter 15 Jahre,Weiblich,Hamburg,0
2012,10 bis unter 15 Jahre,Weiblich,Hessen,0
2012,10 bis unter 15 Jahre,Weiblich,Mecklenburg-Vorpommern,0
2012,10 bis unter 15 Jahre,Weiblich,Niedersachsen,0
2012,10 bis unter 15 Jahre,Weiblich,Nordrhein-Westfalen,0
2012,10 bis unter 15 Jahre,Weiblich,Rheinland-Pfalz,0
2012,10 bis unter 15 Jahre,Weiblich,Saarland,0
2012,10 bis unter 15 Jahre,Weiblich,Sachsen,0
2012,10 bis unter 15 Jahre,Weiblich,Sachsen-Anhalt,0
2012,10 bis unter 15 Jahre,Weiblich,Schleswig-Holstein,0
2012,10 bis unter 15 Jahre,Weiblich,Thüringen,0
2012,15 bis unter 20 Jahre,Männlich,Deutschland,15
2012,15 bis unter 20 Jahre,Männlich,Baden-Württemberg,0
2012,15 bis unter 20 Jahre,Männlich,Bayern,3
2012,15 bis unter 20 Jahre,Männlich,Berlin,1
2012,15 bis unter 20 Jahre,Männlich,Brandenburg,1
2012,15 bis unter 20 Jahre,Männlich,Bremen,0
2012,15 bis unter 20 Jahre,Männlich,Hamburg,0
2012,15 bis unter 20 Jahre,Männlich,Hessen,2
2012,15 bis unter 20 Jahre,Männlich,Mecklenburg-Vorpommern,0
2012,15 bis unter 20 Jahre,Männlich,Niedersachsen,2
2012,15 bis unter 20 Jahre,Männlich,Nordrhein-Westfalen,6
2012,15 bis unter 20 Jahre,Männlich,Rheinland-Pfalz,0
2012,15 bis unter 20 Jahre,Männlich,Saarland,0
2012,15 bis unter 20 Jahre,Männlich,Sachsen,0
2012,15 bis unter 20 Jahre,Männlich,Sachsen-Anhalt,0
2012,15 bis unter 20 Jahre,Männlich,Schleswig-Holstein,0
2012,15 bis unter 20 Jahre,Männlich,Thüringen,0
2012,15 bis unter 20 Jahre,Weiblich,Deutschland,10
2012,15 bis unter 20 Jahre,Weiblich,Baden-Württemberg,1
2012,15 bis unter 20 Jahre,Weiblich,Bayern,0
2012,15 bis unter 20 Jahre,Weiblich,Berlin,2
2012,15 bis unter 20 Jahre,Weiblich,Brandenburg,0
2012,15 bis unter 20 Jahre,Weiblich,Bremen,0
2012,15 bis unter 20 Jahre,Weiblich,Hamburg,0
2012,15 bis unter 20 Jahre,Weiblich,Hessen,2
2012,15 bis unter 20 Jahre,Weiblich,Mecklenburg-Vorpommern,0
2012,15 bis unter 20 Jahre,Weiblich,Niedersachsen,0
2012,15 bis unter 20 Jahre,Weiblich,Nordrhein-Westfalen,5
2012,15 bis unter 20 Jahre,Weiblich,Rheinland-Pfalz,0
2012,15 bis unter 20 Jahre,Weiblich,Saarland,0
2012,15 bis unter 20 Jahre,Weiblich,Sachsen,0
2012,15 bis unter 20 Jahre,Weiblich,Sachsen-Anhalt,0
2012,15 bis unter 20 Jahre,Weiblich,Schleswig-Holstein,0
2012,15 bis unter 20 Jahre,Weiblich,Thüringen,0
2012,20 bis unter 25 Jahre,Männlich,Deutschland,92
2012,20 bis unter 25 Jahre,Männlich,Baden-Württemberg,0
2012,20 bis unter 25 Jahre,Männlich,Bayern,60
2012,20 bis unter 25 Jahre,Männlich,Berlin,10
2012,20 bis unter 25 Jahre,Männlich,Brandenburg,0
2012,20 bis unter 25 Jahre,Männlich,Bremen,0
2012,20 bis unter 25 Jahre,Männlich,Hamburg,0
2012,20 bis unter 25 Jahre,Männlich,Hessen,7
2012,20 bis unter 25 Jahre,Männlich,Mecklenburg-Vorpommern,0
2012,20 bis unter 25 Jahre,Männlich,Niedersachsen,0
2012,20 bis unter 25 Jahre,Männlich,Nordrhein-Westfalen,15
2012,20 bis unter 25 Jahre,Männlich,Rheinland-Pfalz,0
2012,20 bis unter 25 Jahre,Männlich,Saarland,0
2012,20 bis unter 25 Jahre,Männlich,Sachsen,0
2012,20 bis unter 25 Jahre,Männlich,Sachsen-Anhalt,0
2012,20 bis unter 25 Jahre,Männlich,Schleswig-Holstein,0
2012,20 bis unter 25 Jahre,Männlich,Thüringen,0
2012,20 bis unter 25 Jahre,Weiblich,Deutschland,37
2012,20 bis unter 25 Jahre,Weiblich,Baden-Württemberg,0
2012,20 bis unter 25 Jahre,Weiblich,Bayern,20
2012,20 bis unter 25 Jahre,Weiblich,Berlin,1
2012,20 bis unter 25 Jahre,Weiblich,Brandenburg,0
2012,20 bis unter 25 Jahre,Weiblich,Bremen,0
2012,20 bis unter 25 Jahre,Weiblich,Hamburg,1
2012,20 bis unter 25 Jahre,Weiblich,Hessen,3
2012,20 bis unter 25 Jahre,Weiblich,Mecklenburg-Vorpommern,0
2012,20 bis unter 25 Jahre,Weiblich,Niedersachsen,4
2012,20 bis unter 25 Jahre,Weiblich,Nordrhein-Westfalen,8
2012,20 bis unter 25 Jahre,Weiblich,Rheinland-Pfalz,0
2012,20 bis unter 25 Jahre,Weiblich,Saarland,0
2012,20 bis unter 25 Jahre,Weiblich,Sachsen,0
2012,20 bis unter 25 Jahre,Weiblich,Sachsen-Anhalt,0
2012,20 bis unter 25 Jahre,Weiblich,Schleswig-Holstein,0
2012,20 bis unter 25 Jahre,Weiblich,Thüringen,0
2012,25 bis unter 30 Jahre,Männlich,Deutschland,112
2012,25 bis unter 30 Jahre,Männlich,Baden-Württemberg,0
2012,25 bis unter 30 Jahre,Männlich,Bayern,65
2012,25 bis unter 30 Jahre,Männlich,Berlin,13
2012,25 bis unter 30 Jahre,Männlich,Brandenburg,0
2012,25 bis unter 30 Jahre,Männlich,Bremen,0
2012,25 bis unter 30 Jahre,Männlich,Hamburg,0
2012,25 bis unter 30 Jahre,Männlich,Hessen,13
2012,25 bis unter 30 Jahre,Männlich,Mecklenburg-Vorpommern,0
2012,25 bis unter 30 Jahre,Männlich,Niedersachsen,0
2012,25 bis unter 30 Jahre,Männlich,Nordrhein-Westfalen,21
2012,25 bis unter 30 Jahre,Männlich,Rheinland-Pfalz,0
2012,25 bis unter 30 Jahre,Männlich,Saarland,0
2012,25 bis unter 30 Jahre,Männlich,Sachsen,0
2012,25 bis unter 30 Jahre,Männlich,Sachsen-Anhalt,0
2012,25 bis unter 30 Jahre,Männlich,Schleswig-Holstein,0
2012,25 bis unter 30 Jahre,Männlich,Thüringen,0
2012,25 bis unter 30 Jahre,Weiblich,Deutschland,40
2012,25 bis unter 30 Jahre,Weiblich,Baden-Württemberg,0
2012,25 bis unter 30 Jahre,Weiblich,Bayern,23
2012,25 bis unter 30 Jahre,Weiblich,Berlin,6
2012,25 bis unter 30 Jahre,Weiblich,Brandenburg,0
2012,25 bis unter 30 Jahre,Weiblich,Bremen,0
2012,25 bis unter 30 Jahre,Weiblich,Hamburg,0
2012,25 bis unter 30 Jahre,Weiblich,Hessen,4
2012,25 bis unter 30 Jahre,Weiblich,Mecklenburg-Vorpommern,0
2012,25 bis unter 30 Jahre,Weiblich,Niedersachsen,1
2012,25 bis unter 30 Jahre,Weiblich,Nordrhein-Westfalen,6
2012,25 bis unter 30 Jahre,Weiblich,Rheinland-Pfalz,0
2012,25 bis unter 30 Jahre,Weiblich,Saarland,0
2012,25 bis unter 30 Jahre,Weiblich,Sachsen,0
2012,25 bis unter 30 Jahre,Weiblich,Sachsen-Anhalt,0
2012,25 bis unter 30 Jahre,Weiblich,Schleswig-Holstein,0
2012,25 bis unter 30 Jahre,Weiblich,Thüringen,0
2012,30 bis unter 35 Jahre,Männlich,Deutschland,119
2012,30 bis unter 35 Jahre,Männlich,Baden-Württemberg,0
2012,30 bis unter 35 Jahre,Männlich,Bayern,88
2012,30 bis unter 35 Jahre,Männlich,Berlin,9
2012,30 bis unter 35 Jahre,Männlich,Brandenburg,0
2012,30 bis unter 35 Jahre,Männlich,Bremen,0
2012,30 bis unter 35 Jahre,Männlich,Hamburg,0
2012,30 bis unter 35 Jahre,Männlich,Hessen,10
2012,30 bis unter 35 Jahre,Männlich,Mecklenburg-Vorpommern,0
2012,30 bis unter 35 Jahre,Männlich,Niedersachsen,1
2012,30 bis unter 35 Jahre,Männlich,Nordrhein-Westfalen,11
2012,30 bis unter 35 Jahre,Männlich,Rheinland-Pfalz,0
2012,30 bis unter 35 Jahre,Männlich,Saarland,0
2012,30 bis unter 35 Jahre,Männlich,Sachsen,0
2012,30 bis unter 35 Jahre,Männlich,Sachsen-Anhalt,0
2012,30 bis unter 35 Jahre,Männlich,Schleswig-Holstein,0
2012,30 bis unter 35 Jahre,Männlich,Thüringen,0
2012,30 bis unter 35 Jahre,Weiblich,Deutschland,44
2012,30 bis unter 35 Jahre,Weiblich,Baden-Württemberg,0
2012,30 bis unter 35 Jahre,Weiblich,Bayern,24
2012,30 bis unter 35 Jahre,Weiblich,Berlin,5
2012,30 bis unter 35 Jahre,Weiblich,Brandenburg,0
2012,30 bis unter 35 Jahre,Weiblich,Bremen,0
2012,30 bis unter 35 Jahre,Weiblich,Hamburg,3
2012,30 bis unter 35 Jahre,Weiblich,Hessen,5
2012,30 bis unter 35 Jahre,Weiblich,Mecklenburg-Vorpommern,0
2012,30 bis unter 35 Jahre,Weiblich,Niedersachsen,3
2012,30 bis unter 35 Jahre,Weiblich,Nordrhein-Westfalen,4
2012,30 bis unter 35 Jahre,Weiblich,Rheinland-Pfalz,0
2012,30 bis unter 35 Jahre,Weiblich,Saarland,0
2012,30 bis unter 35 Jahre,Weiblich,Sachsen,0
2012,30 bis unter 35 Jahre,Weiblich,Sachsen-Anhalt,0
2012,30 bis unter 35 Jahre,Weiblich,Schleswig-Holstein,0
2012,30 bis unter 35 Jahre,Weiblich,Thüringen,0
2012,35 bis unter 40 Jahre,Männlich,Deutschland,66
2012,35 bis unter 40 Jahre,Männlich,Baden-Württemberg,0
2012,35 bis unter 40 Jahre,Männlich,Bayern,42
2012,35 bis unter 40 Jahre,Männlich,Berlin,11
2012,35 bis unter 40 Jahre,Männlich,Brandenburg,0
2012,35 bis unter 40 Jahre,Männlich,Bremen,0
2012,35 bis unter 40 Jahre,Männlich,Hamburg,0
2012,35 bis unter 40 Jahre,Männlich,Hessen,9
2012,35 bis unter 40 Jahre,Männlich,Mecklenburg-Vorpommern,0
2012,35 bis unter 40 Jahre,Männlich,Niedersachsen,0
2012,35 bis unter 40 Jahre,Männlich,Nordrhein-Westfalen,4
2012,35 bis unter 40 Jahre,Männlich,Rheinland-Pfalz,0
2012,35 bis unter 40 Jahre,Männlich,Saarland,0
2012,35 bis unter 40 Jahre,Männlich,Sachsen,0
2012,35 bis unter 40 Jahre,Männlich,Sachsen-Anhalt,0
2012,35 bis unter 40 Jahre,Männlich,Schleswig-Holstein,0
2012,35 bis unter 40 Jahre,Männlich,Thüringen,0
2012,35 bis unter 40 Jahre,Weiblich,Deutschland,32
2012,35 bis unter 40 Jahre,Weiblich,Baden-Württemberg,1
2012,35 bis unter 40 Jahre,Weiblich,Bayern,12
2012,35 bis unter 40 Jahre,Weiblich,Berlin,5
2012,35 bis unter 40 Jahre,Weiblich,Brandenburg,0
2012,35 bis unter 40 Jahre,Weiblich,Bremen,0
2012,35 bis unter 40 Jahre,Weiblich,Hamburg,3
2012,35 bis unter 40 Jahre,Weiblich,Hessen,2
2012,35 bis unter 40 Jahre,Weiblich,Mecklenburg-Vorpommern,0
2012,35 bis unter 40 Jahre,Weiblich,Niedersachsen,0
2012,35 bis unter 40 Jahre,Weiblich,Nordrhein-Westfalen,8
2012,35 bis unter 40 Jahre,Weiblich,Rheinland-Pfalz,0
2012,35 bis unter 40 Jahre,Weiblich,Saarland,0
2012,35 bis unter 40 Jahre,Weiblich,Sachsen,1
2012,35 bis unter 40 Jahre,Weiblich,Sachsen-Anhalt,0
2012,35 bis unter 40 Jahre,Weiblich,Schleswig-Holstein,0
2012,35 bis unter 40 Jahre,Weiblich,Thüringen,0
2012,40 bis unter 45 Jahre,Männlich,Deutschland,58
2012,40 bis unter 45 Jahre,Männlich,Baden-Württemberg,0
2012,40 bis unter 45 Jahre,Männlich,Bayern,32
2012,40 bis unter 45 Jahre,Männlich,Berlin,12
2012,40 bis unter 45 Jahre,Männlich,Brandenburg,0
2012,40 bis unter 45 Jahre,Männlich,Bremen,0
2012,40 bis unter 45 Jahre,Männlich,Hamburg,0
2012,40 bis unter 45 Jahre,Männlich,Hessen,11
2012,40 bis unter 45 Jahre,Männlich,Mecklenburg-Vorpommern,0
2012,40 bis unter 45 Jahre,Männlich,Niedersachsen,0
2012,40 bis unter 45 Jahre,Männlich,Nordrhein-Westfalen,3
2012,40 bis unter 45 Jahre,Männlich,Rheinland-Pfalz,0
2012,40 bis unter 45 Jahre,Männlich,Saarland,0
2012,40 bis unter 45 Jahre,Männlich,Sachsen,0
2012,40 bis unter 45 Jahre,Männlich,Sachsen-Anhalt,0
2012,40 bis unter 45 Jahre,Männlich,Schleswig-Holstein,0
2012,40 bis unter 45 Jahre,Männlich,Thüringen,0
2012,40 bis unter 45 Jahre,Weiblich,Deutschland,39
2012,40 bis unter 45 Jahre,Weiblich,Baden-Württemberg,0
2012,40 bis unter 45 Jahre,Weiblich,Bayern,18
2012,40 bis unter 45 Jahre,Weiblich,Berlin,8
2012,40 bis unter 45 Jahre,Weiblich,Brandenburg,0
2012,40 bis unter 45 Jahre,Weiblich,Bremen,0
2012,40 bis unter 45 Jahre,Weiblich,Hamburg,3
2012,40 bis unter 45 Jahre,Weiblich,Hessen,2
2012,40 bis unter 45 Jahre,Weiblich,Mecklenburg-Vorpommern,0
2012,40 bis unter 45 Jahre,Weiblich,Niedersachsen,2
2012,40 bis unter 45 Jahre,Weiblich,Nordrhein-Westfalen,6
2012,40 bis unter 45 Jahre,Weiblich,Rheinland-Pfalz,0
2012,40 bis unter 45 Jahre,Weiblich,Saarland,0
2012,40 bis unter 45 Jahre,Weiblich,Sachsen,0
2012,40 bis unter 45 Jahre,Weiblich,Sachsen-Anhalt,0
2012,40 bis unter 45 Jahre,Weiblich,Schleswig-Holstein,0
2012,40 bis unter 45 Jahre,Weiblich,Thüringen,0
2012,45 bis unter 50 Jahre,Männlich,Deutschland,50
2012,45 bis unter 50 Jahre,Männlich,Baden-Württemberg,0
2012,45 bis unter 50 Jahre,Männlich,Bayern,31
2012,45 bis unter 50 Jahre,Männlich,Berlin,6
2012,45 bis unter 50 Jahre,Männlich,Brandenburg,0
2012,45 bis unter 50 Jahre,Männlich,Bremen,0
2012,45 bis unter 50 Jahre,Männlich,Hamburg,0
2012,45 bis unter 50 Jahre,Männlich,Hessen,10
2012,45 bis unter 50 Jahre,Männlich,Mecklenburg-Vorpommern,0
2012,45 bis unter 50 Jahre,Männlich,Niedersachsen,1
2012,45 bis unter 50 Jahre,Männlich,Nordrhein-Westfalen,2
2012,45 bis unter 50 Jahre,Männlich,Rheinland-Pfalz,0
2012,45 bis unter 50 Jahre,Männlich,Saarland,0
2012,45 bis unter 50 Jahre,Männlich,Sachsen,0
2012,45 bis unter 50 Jahre,Männlich,Sachsen-Anhalt,0
2012,45 bis unter 50 Jahre,Männlich,Schleswig-Holstein,0
2012,45 bis unter 50 Jahre,Männlich,Thüringen,0
2012,45 bis unter 50 Jahre,Weiblich,Deutschland,65
2012,45 bis unter 50 Jahre,Weiblich,Baden-Württemberg,3
2012,45 bis unter 50 Jahre,Weiblich,Bayern,34
2012,45 bis unter 50 Jahre,Weiblich,Berlin,7
2012,45 bis unter 50 Jahre,Weiblich,Brandenburg,0
2012,45 bis unter 50 Jahre,Weiblich,Bremen,0
2012,45 bis unter 50 Jahre,Weiblich,Hamburg,5
2012,45 bis unter 50 Jahre,Weiblich,Hessen,4
2012,45 bis unter 50 Jahre,Weiblich,Mecklenburg-Vorpommern,0
2012,45 bis unter 50 Jahre,Weiblich,Niedersachsen,4
2012,45 bis unter 50 Jahre,Weiblich,Nordrhein-Westfalen,8
2012,45 bis unter 50 Jahre,Weiblich,Rheinland-Pfalz,0
2012,45 bis unter 50 Jahre,Weiblich,Saarland,0
2012,45 bis unter 50 Jahre,Weiblich,Sachsen,0
2012,45 bis unter 50 Jahre,Weiblich,Sachsen-Anhalt,0
2012,45 bis unter 50 Jahre,Weiblich,Schleswig-Holstein,0
2012,45 bis unter 50 Jahre,Weiblich,Thüringen,0
2012,50 bis unter 55 Jahre,Männlich,Deutschland,24
2012,50 bis unter 55 Jahre,Männlich,Baden-Württemberg,0
2012,50 bis unter 55 Jahre,Männlich,Bayern,18
2012,50 bis unter 55 Jahre,Männlich,Berlin,3
2012,50 bis unter 55 Jahre,Männlich,Brandenburg,0
2012,50 bis unter 55 Jahre,Männlich,Bremen,0
2012,50 bis unter 55 Jahre,Männlich,Hamburg,0
2012,50 bis unter 55 Jahre,Männlich,Hessen,3
2012,50 bis unter 55 Jahre,Männlich,Mecklenburg-Vorpommern,0
2012,50 bis unter 55 Jahre,Männlich,Niedersachsen,0
2012,50 bis unter 55 Jahre,Männlich,Nordrhein-Westfalen,0
2012,50 bis unter 55 Jahre,Männlich,Rheinland-Pfalz,0
2012,50 bis unter 55 Jahre,Männlich,Saarland,0
2012,50 bis unter 55 Jahre,Männlich,Sachsen,0
2012,50 bis unter 55 Jahre,Männlich,Sachsen-Anhalt,0
2012,50 bis unter 55 Jahre,Männlich,Schleswig-Holstein,0
2012,50 bis unter 55 Jahre,Männlich,Thüringen,0
2012,50 bis unter 55 Jahre,Weiblich,Deutschland,38
2012,50 bis unter 55 Jahre,Weiblich,Baden-Württemberg,3
2012,50 bis unter 55 Jahre,Weiblich,Bayern,16
2012,50 bis unter 55 Jahre,Weiblich,Berlin,10
2012,50 bis unter 55 Jahre,Weiblich,Brandenburg,0
2012,50 bis unter 55 Jahre,Weiblich,Bremen,0
2012,50 bis unter 55 Jahre,Weiblich,Hamburg,2
2012,50 bis unter 55 Jahre,Weiblich,Hessen,0
2012,50 bis unter 55 Jahre,Weiblich,Mecklenburg-Vorpommern,0
2012,50 bis unter 55 Jahre,Weiblich,Niedersachsen,1
2012,50 bis unter 55 Jahre,Weiblich,Nordrhein-Westfalen,6
2012,50 bis unter 55 Jahre,Weiblich,Rheinland-Pfalz,0
2012,50 bis unter 55 Jahre,Weiblich,Saarland,0
2012,50 bis unter 55 Jahre,Weiblich,Sachsen,0
2012,50 bis unter 55 Jahre,Weiblich,Sachsen-Anhalt,0
2012,50 bis unter 55 Jahre,Weiblich,Schleswig-Holstein,0
2012,50 bis unter 55 Jahre,Weiblich,Thüringen,0
2012,55 bis unter 60 Jahre,Männlich,Deutschland,4
2012,55 bis unter 60 Jahre,Männlich,Baden-Württemberg,0
2012,55 bis unter 60 Jahre,Männlich,Bayern,4
2012,55 bis unter 60 Jahre,Männlich,Berlin,0
2012,55 bis unter 60 Jahre,Männlich,Brandenburg,0
2012,55 bis unter 60 Jahre,Männlich,Bremen,0
2012,55 bis unter 60 Jahre,Männlich,Hamburg,0
2012,55 bis unter 60 Jahre,Männlich,Hessen,0
2012,55 bis unter 60 Jahre,Männlich,Mecklenburg-Vorpommern,0
2012,55 bis unter 60 Jahre,Männlich,Niedersachsen,0
2012,55 bis unter 60 Jahre,Männlich,Nordrhein-Westfalen,0
2012,55 bis unter 60 Jahre,Männlich,Rheinland-Pfalz,0
2012,55 bis unter 60 Jahre,Männlich,Saarland,0
2012,55 bis unter 60 Jahre,Männlich,Sachsen,0
2012,55 bis unter 60 Jahre,Männlich,Sachsen-Anhalt,0
2012,55 bis unter 60 Jahre,Männlich,Schleswig-Holstein,0
2012,55 bis unter 60 Jahre,Männlich,Thüringen,0
2012,55 bis unter 60 Jahre,Weiblich,Deutschland,17
2012,55 bis unter 60 Jahre,Weiblich,Baden-Württemberg,0
2012,55 bis unter 60 Jahre,Weiblich,Bayern,5
2012,55 bis unter 60 Jahre,Weiblich,Berlin,3
2012,55 bis unter 60 Jahre,Weiblich,Brandenburg,0
2012,55 bis unter 60 Jahre,Weiblich,Bremen,0
2012,55 bis unter 60 Jahre,Weiblich,Hamburg,2
2012,55 bis unter 60 Jahre,Weiblich,Hessen,1
2012,55 bis unter 60 Jahre,Weiblich,Mecklenburg-Vorpommern,0
2012,55 bis unter 60 Jahre,Weiblich,Niedersachsen,2
2012,55 bis unter 60 Jahre,Weiblich,Nordrhein-Westfalen,4
2012,55 bis unter 60 Jahre,Weiblich,Rheinland-Pfalz,0
2012,55 bis unter 60 Jahre,Weiblich,Saarland,0
2012,55 bis unter 60 Jahre,Weiblich,Sachsen,0
2012,55 bis unter 60 Jahre,Weiblich,Sachsen-Anhalt,0
2012,55 bis unter 60 Jahre,Weiblich,Schleswig-Holstein,0
2012,55 bis unter 60 Jahre,Weiblich,Thüringen,0
2012,60 bis unter 65 Jahre,Männlich,Deutschland,0
2012,60 bis unter 65 Jahre,Männlich,Baden-Württemberg,0
2012,60 bis unter 65 Jahre,Männlich,Bayern,0
2012,60 bis unter 65 Jahre,Männlich,Berlin,0
2012,60 bis unter 65 Jahre,Männlich,Brandenburg,0
2012,60 bis unter 65 Jahre,Männlich,Bremen,0
2012,60 bis unter 65 Jahre,Männlich,Hamburg,0
2012,60 bis unter 65 Jahre,Männlich,Hessen,0
2012,60 bis unter 65 Jahre,Männlich,Mecklenburg-Vorpommern,0
2012,60 bis unter 65 Jahre,Männlich,Niedersachsen,0
2012,60 bis unter 65 Jahre,Männlich,Nordrhein-Westfalen,0
2012,60 bis unter 65 Jahre,Männlich,Rheinland-Pfalz,0
2012,60 bis unter 65 Jahre,Männlich,Saarland,0
2012,60 bis unter 65 Jahre,Männlich,Sachsen,0
2012,60 bis unter 65 Jahre,Männlich,Sachsen-Anhalt,0
2012,60 bis unter 65 Jahre,Männlich,Schleswig-Holstein,0
2012,60 bis unter 65 Jahre,Männlich,Thüringen,0
2012,60 bis unter 65 Jahre,Weiblich,Deutschland,11
2012,60 bis unter 65 Jahre,Weiblich,Baden-Württemberg,0
2012,60 bis unter 65 Jahre,Weiblich,Bayern,6
2012,60 bis unter 65 Jahre,Weiblich,Berlin,1
2012,60 bis unter 65 Jahre,Weiblich,Brandenburg,0
2012,60 bis unter 65 Jahre,Weiblich,Bremen,0
2012,60 bis unter 65 Jahre,Weiblich,Hamburg,1
2012,60 bis unter 65 Jahre,Weiblich,Hessen,1
2012,60 bis unter 65 Jahre,Weiblich,Mecklenburg-Vorpommern,0
2012,60 bis unter 65 Jahre,Weiblich,Niedersachsen,2
2012,60 bis unter 65 Jahre,Weiblich,Nordrhein-Westfalen,0
2012,60 bis unter 65 Jahre,Weiblich,Rheinland-Pfalz,0
2012,60 bis unter 65 Jahre,Weiblich,Saarland,0
2012,60 bis unter 65 Jahre,Weiblich,Sachsen,0
2012,60 bis unter 65 Jahre,Weiblich,Sachsen-Anhalt,0
2012,60 bis unter 65 Jahre,Weiblich,Schleswig-Holstein,0
2012,60 bis unter 65 Jahre,Weiblich,Thüringen,0
2012,65 bis unter 70 Jahre,Männlich,Deutschland,2
2012,65 bis unter 70 Jahre,Männlich,Baden-Württemberg,0
2012,65 bis unter 70 Jahre,Männlich,Bayern,1
2012,65 bis unter 70 Jahre,Männlich,Berlin,0
2012,65 bis unter 70 Jahre,Männlich,Brandenburg,0
2012,65 bis unter 70 Jahre,Männlich,Bremen,0
2012,65 bis unter 70 Jahre,Männlich,Hamburg,0
2012,65 bis unter 70 Jahre,Männlich,Hessen,0
2012,65 bis unter 70 Jahre,Männlich,Mecklenburg-Vorpommern,0
2012,65 bis unter 70 Jahre,Männlich,Niedersachsen,1
2012,65 bis unter 70 Jahre,Männlich,Nordrhein-Westfalen,0
2012,65 bis unter 70 Jahre,Männlich,Rheinland-Pfalz,0
2012,65 bis unter 70 Jahre,Männlich,Saarland,0
2012,65 bis unter 70 Jahre,Männlich,Sachsen,0
2012,65 bis unter 70 Jahre,Männlich,Sachsen-Anhalt,0
2012,65 bis unter 70 Jahre,Männlich,Schleswig-Holstein,0
2012,65 bis unter 70 Jahre,Männlich,Thüringen,0
2012,65 bis unter 70 Jahre,Weiblich,Deutschland,2
2012,65 bis unter 70 Jahre,Weiblich,Baden-Württemberg,0
2012,65 bis unter 70 Jahre,Weiblich,Bayern,2
2012,65 bis unter 70 Jahre,Weiblich,Berlin,0
2012,65 bis unter 70 Jahre,Weiblich,Brandenburg,0
2012,65 bis unter 70 Jahre,Weiblich,Bremen,0
2012,65 bis unter 70 Jahre,Weiblich,Hamburg,0
2012,65 bis unter 70 Jahre,Weiblich,Hessen,0
2012,65 bis unter 70 Jahre,Weiblich,Mecklenburg-Vorpommern,0
2012,65 bis unter 70 Jahre,Weiblich,Niedersachsen,0
2012,65 bis unter 70 Jahre,Weiblich,Nordrhein-Westfalen,0
2012,65 bis unter 70 Jahre,Weiblich,Rheinland-Pfalz,0
2012,65 bis unter 70 Jahre,Weiblich,Saarland,0
2012,65 bis unter 70 Jahre,Weiblich,Sachsen,0
2012,65 bis unter 70 Jahre,Weiblich,Sachsen-Anhalt,0
2012,65 bis unter 70 Jahre,Weiblich,Schleswig-Holstein,0
2012,65 bis unter 70 Jahre,Weiblich,Thüringen,0
2012,70 bis unter 75 Jahre,Männlich,Deutschland,0
2012,70 bis unter 75 Jahre,Männlich,Baden-Württemberg,0
2012,70 bis unter 75 Jahre,Männlich,Bayern,0
2012,70 bis unter 75 Jahre,Männlich,Berlin,0
2012,70 bis unter 75 Jahre,Männlich,Brandenburg,0
2012,70 bis unter 75 Jahre,Männlich,Bremen,0
2012,70 bis unter 75 Jahre,Männlich,Hamburg,0
2012,70 bis unter 75 Jahre,Männlich,Hessen,0
2012,70 bis unter 75 Jahre,Männlich,Mecklenburg-Vorpommern,0
2012,70 bis unter 75 Jahre,Männlich,Niedersachsen,0
2012,70 bis unter 75 Jahre,Männlich,Nordrhein-Westfalen,0
2012,70 bis unter 75 Jahre,Männlich,Rheinland-Pfalz,0
2012,70 bis unter 75 Jahre,Männlich,Saarland,0
2012,70 bis unter 75 Jahre,Männlich,Sachsen,0
2012,70 bis unter 75 Jahre,Männlich,Sachsen-Anhalt,0
2012,70 bis unter 75 Jahre,Männlich,Schleswig-Holstein,0
2012,70 bis unter 75 Jahre,Männlich,Thüringen,0
2012,70 bis unter 75 Jahre,Weiblich,Deutschland,5
2012,70 bis unter 75 Jahre,Weiblich,Baden-Württemberg,0
2012,70 bis unter 75 Jahre,Weiblich,Bayern,3
2012,70 bis unter 75 Jahre,Weiblich,Berlin,0
2012,70 bis unter 75 Jahre,Weiblich,Brandenburg,0
2012,70 bis unter 75 Jahre,Weiblich,Bremen,0
2012,70 bis unter 75 Jahre,Weiblich,Hamburg,0
2012,70 bis unter 75 Jahre,Weiblich,Hessen,1
2012,70 bis unter 75 Jahre,Weiblich,Mecklenburg-Vorpommern,0
2012,70 bis unter 75 Jahre,Weiblich,Niedersachsen,0
2012,70 bis unter 75 Jahre,Weiblich,Nordrhein-Westfalen,1
2012,70 bis unter 75 Jahre,Weiblich,Rheinland-Pfalz,0
2012,70 bis unter 75 Jahre,Weiblich,Saarland,0
2012,70 bis unter 75 Jahre,Weiblich,Sachsen,0
2012,70 bis unter 75 Jahre,Weiblich,Sachsen-Anhalt,0
2012,70 bis unter 75 Jahre,Weiblich,Schleswig-Holstein,0
2012,70 bis unter 75 Jahre,Weiblich,Thüringen,0
2012,75 bis unter 80 Jahre,Männlich,Deutschland,0
2012,75 bis unter 80 Jahre,Männlich,Baden-Württemberg,0
2012,75 bis unter 80 Jahre,Männlich,Bayern,0
2012,75 bis unter 80 Jahre,Männlich,Berlin,0
2012,75 bis unter 80 Jahre,Männlich,Brandenburg,0
2012,75 bis unter 80 Jahre,Männlich,Bremen,0
2012,75 bis unter 80 Jahre,Männlich,Hamburg,0
2012,75 bis unter 80 Jahre,Männlich,Hessen,0
2012,75 bis unter 80 Jahre,Männlich,Mecklenburg-Vorpommern,0
2012,75 bis unter 80 Jahre,Männlich,Niedersachsen,0
2012,75 bis unter 80 Jahre,Männlich,Nordrhein-Westfalen,0
2012,75 bis unter 80 Jahre,Männlich,Rheinland-Pfalz,0
2012,75 bis unter 80 Jahre,Männlich,Saarland,0
2012,75 bis unter 80 Jahre,Männlich,Sachsen,0
2012,75 bis unter 80 Jahre,Männlich,Sachsen-Anhalt,0
2012,75 bis unter 80 Jahre,Männlich,Schleswig-Holstein,0
2012,75 bis unter 80 Jahre,Männlich,Thüringen,0
2012,75 bis unter 80 Jahre,Weiblich,Deutschland,1
2012,75 bis unter 80 Jahre,Weiblich,Baden-Württemberg,0
2012,75 bis unter 80 Jahre,Weiblich,Bayern,0
2012,75 bis unter 80 Jahre,Weiblich,Berlin,0
2012,75 bis unter 80 Jahre,Weiblich,Brandenburg,1
2012,75 bis unter 80 Jahre,Weiblich,Bremen,0
2012,75 bis unter 80 Jahre,Weiblich,Hamburg,0
2012,75 bis unter 80 Jahre,Weiblich,Hessen,0
2012,75 bis unter 80 Jahre,Weiblich,Mecklenburg-Vorpommern,0
2012,75 bis unter 80 Jahre,Weiblich,Niedersachsen,0
2012,75 bis unter 80 Jahre,Weiblich,Nordrhein-Westfalen,0
2012,75 bis unter 80 Jahre,Weiblich,Rheinland-Pfalz,0
2012,75 bis unter 80 Jahre,Weiblich,Saarland,0
2012,75 bis unter 80 Jahre,Weiblich,Sachsen,0
2012,75 bis unter 80 Jahre,Weiblich,Sachsen-Anhalt,0
2012,75 bis unter 80 Jahre,Weiblich,Schleswig-Holstein,0
2012,75 bis unter 80 Jahre,Weiblich,Thüringen,0
2012,80 bis unter 85 Jahre,Männlich,Deutschland,0
2012,80 bis unter 85 Jahre,Männlich,Baden-Württemberg,0
2012,80 bis unter 85 Jahre,Männlich,Bayern,0
2012,80 bis unter 85 Jahre,Männlich,Berlin,0
2012,80 bis unter 85 Jahre,Männlich,Brandenburg,0
2012,80 bis unter 85 Jahre,Männlich,Bremen,0
2012,80 bis unter 85 Jahre,Männlich,Hamburg,0
2012,80 bis unter 85 Jahre,Männlich,Hessen,0
2012,80 bis unter 85 Jahre,Männlich,Mecklenburg-Vorpommern,0
2012,80 bis unter 85 Jahre,Männlich,Niedersachsen,0
2012,80 bis unter 85 Jahre,Männlich,Nordrhein-Westfalen,0
2012,80 bis unter 85 Jahre,Männlich,Rheinland-Pfalz,0
2012,80 bis unter 85 Jahre,Männlich,Saarland,0
2012,80 bis unter 85 Jahre,Männlich,Sachsen,0
2012,80 bis unter 85 Jahre,Männlich,Sachsen-Anhalt,0
2012,80 bis unter 85 Jahre,Männlich,Schleswig-Holstein,0
2012,80 bis unter 85 Jahre,Männlich,Thüringen,0
2012,80 bis unter 85 Jahre,Weiblich,Deutschland,0
2012,80 bis unter 85 Jahre,Weiblich,Baden-Württemberg,0
2012,80 bis unter 85 Jahre,Weiblich,Bayern,0
2012,80 bis unter 85 Jahre,Weiblich,Berlin,0
2012,80 bis unter 85 Jahre,Weiblich,Brandenburg,0
2012,80 bis unter 85 Jahre,Weiblich,Bremen,0
2012,80 bis unter 85 Jahre,Weiblich,Hamburg,0
2012,80 bis unter 85 Jahre,Weiblich,Hessen,0
2012,80 bis unter 85 Jahre,Weiblich,Mecklenburg-Vorpommern,0
2012,80 bis unter 85 Jahre,Weiblich,Niedersachsen,0
2012,80 bis unter 85 Jahre,Weiblich,Nordrhein-Westfalen,0
2012,80 bis unter 85 Jahre,Weiblich,Rheinland-Pfalz,0
2012,80 bis unter 85 Jahre,Weiblich,Saarland,0
2012,80 bis unter 85 Jahre,Weiblich,Sachsen,0
2012,80 bis unter 85 Jahre,Weiblich,Sachsen-Anhalt,0
2012,80 bis unter 85 Jahre,Weiblich,Schleswig-Holstein,0
2012,80 bis unter 85 Jahre,Weiblich,Thüringen,0
2012,85 bis unter 90 Jahre,Männlich,Deutschland,0
2012,85 bis unter 90 Jahre,Männlich,Baden-Württemberg,0
2012,85 bis unter 90 Jahre,Männlich,Bayern,0
2012,85 bis unter 90 Jahre,Männlich,Berlin,0
2012,85 bis unter 90 Jahre,Männlich,Brandenburg,0
2012,85 bis unter 90 Jahre,Männlich,Bremen,0
2012,85 bis unter 90 Jahre,Männlich,Hamburg,0
2012,85 bis unter 90 Jahre,Männlich,Hessen,0
2012,85 bis unter 90 Jahre,Männlich,Mecklenburg-Vorpommern,0
2012,85 bis unter 90 Jahre,Männlich,Niedersachsen,0
2012,85 bis unter 90 Jahre,Männlich,Nordrhein-Westfalen,0
2012,85 bis unter 90 Jahre,Männlich,Rheinland-Pfalz,0
2012,85 bis unter 90 Jahre,Männlich,Saarland,0
2012,85 bis unter 90 Jahre,Männlich,Sachsen,0
2012,85 bis unter 90 Jahre,Männlich,Sachsen-Anhalt,0
2012,85 bis unter 90 Jahre,Männlich,Schleswig-Holstein,0
2012,85 bis unter 90 Jahre,Männlich,Thüringen,0
2012,85 bis unter 90 Jahre,Weiblich,Deutschland,0
2012,85 bis unter 90 Jahre,Weiblich,Baden-Württemberg,0
2012,85 bis unter 90 Jahre,Weiblich,Bayern,0
2012,85 bis unter 90 Jahre,Weiblich,Berlin,0
2012,85 bis unter 90 Jahre,Weiblich,Brandenburg,0
2012,85 bis unter 90 Jahre,Weiblich,Bremen,0
2012,85 bis unter 90 Jahre,Weiblich,Hamburg,0
2012,85 bis unter 90 Jahre,Weiblich,Hessen,0
2012,85 bis unter 90 Jahre,Weiblich,Mecklenburg-Vorpommern,0
2012,85 bis unter 90 Jahre,Weiblich,Niedersachsen,0
2012,85 bis unter 90 Jahre,Weiblich,Nordrhein-Westfalen,0
2012,85 bis unter 90 Jahre,Weiblich,Rheinland-Pfalz,0
2012,85 bis unter 90 Jahre,Weiblich,Saarland,0
2012,85 bis unter 90 Jahre,Weiblich,Sachsen,0
2012,85 bis unter 90 Jahre,Weiblich,Sachsen-Anhalt,0
2012,85 bis unter 90 Jahre,Weiblich,Schleswig-Holstein,0
2012,85 bis unter 90 Jahre,Weiblich,Thüringen,0
2012,90 bis unter 95 Jahre,Männlich,Deutschland,0
2012,90 bis unter 95 Jahre,Männlich,Baden-Württemberg,0
2012,90 bis unter 95 Jahre,Männlich,Bayern,0
2012,90 bis unter 95 Jahre,Männlich,Berlin,0
2012,90 bis unter 95 Jahre,Männlich,Brandenburg,0
2012,90 bis unter 95 Jahre,Männlich,Bremen,0
2012,90 bis unter 95 Jahre,Männlich,Hamburg,0
2012,90 bis unter 95 Jahre,Männlich,Hessen,0
2012,90 bis unter 95 Jahre,Männlich,Mecklenburg-Vorpommern,0
2012,90 bis unter 95 Jahre,Männlich,Niedersachsen,0
2012,90 bis unter 95 Jahre,Männlich,Nordrhein-Westfalen,0
2012,90 bis unter 95 Jahre,Männlich,Rheinland-Pfalz,0
2012,90 bis unter 95 Jahre,Männlich,Saarland,0
2012,90 bis unter 95 Jahre,Männlich,Sachsen,0
2012,90 bis unter 95 Jahre,Männlich,Sachsen-Anhalt,0
2012,90 bis unter 95 Jahre,Männlich,Schleswig-Holstein,0
2012,90 bis unter 95 Jahre,Männlich,Thüringen,0
2012,90 bis unter 95 Jahre,Weiblich,Deutschland,0
2012,90 bis unter 95 Jahre,Weiblich,Baden-Württemberg,0
2012,90 bis unter 95 Jahre,Weiblich,Bayern,0
2012,90 bis unter 95 Jahre,Weiblich,Berlin,0
2012,90 bis unter 95 Jahre,Weiblich,Brandenburg,0
2012,90 bis unter 95 Jahre,Weiblich,Bremen,0
2012,90 bis unter 95 Jahre,Weiblich,Hamburg,0
2012,90 bis unter 95 Jahre,Weiblich,Hessen,0
2012,90 bis unter 95 Jahre,Weiblich,Mecklenburg-Vorpommern,0
2012,90 bis unter 95 Jahre,Weiblich,Niedersachsen,0
2012,90 bis unter 95 Jahre,Weiblich,Nordrhein-Westfalen,0
2012,90 bis unter 95 Jahre,Weiblich,Rheinland-Pfalz,0
2012,90 bis unter 95 Jahre,Weiblich,Saarland,0
2012,90 bis unter 95 Jahre,Weiblich,Sachsen,0
2012,90 bis unter 95 Jahre,Weiblich,Sachsen-Anhalt,0
2012,90 bis unter 95 Jahre,Weiblich,Schleswig-Holstein,0
2012,90 bis unter 95 Jahre,Weiblich,Thüringen,0
2012,95 Jahre und älter,Männlich,Deutschland,0
2012,95 Jahre und älter,Männlich,Baden-Württemberg,0
2012,95 Jahre und älter,Männlich,Bayern,0
2012,95 Jahre und älter,Männlich,Berlin,0
2012,95 Jahre und älter,Männlich,Brandenburg,0
2012,95 Jahre und älter,Männlich,Bremen,0
2012,95 Jahre und älter,Männlich,Hamburg,0
2012,95 Jahre und älter,Männlich,Hessen,0
2012,95 Jahre und älter,Männlich,Mecklenburg-Vorpommern,0
2012,95 Jahre und älter,Männlich,Niedersachsen,0
2012,95 Jahre und älter,Männlich,Nordrhein-Westfalen,0
2012,95 Jahre und älter,Männlich,Rheinland-Pfalz,0
2012,95 Jahre und älter,Männlich,Saarland,0
2012,95 Jahre und älter,Männlich,Sachsen,0
2012,95 Jahre und älter,Männlich,Sachsen-Anhalt,0
2012,95 Jahre und älter,Männlich,Schleswig-Holstein,0
2012,95 Jahre und älter,Männlich,Thüringen,0
2012,95 Jahre und älter,Weiblich,Deutschland,0
2012,95 Jahre und älter,Weiblich,Baden-Württemberg,0
2012,95 Jahre und älter,Weiblich,Bayern,0
2012,95 Jahre und älter,Weiblich,Berlin,0
2012,95 Jahre und älter,Weiblich,Brandenburg,0
2012,95 Jahre und älter,Weiblich,Bremen,0
2012,95 Jahre und älter,Weiblich,Hamburg,0
2012,95 Jahre und älter,Weiblich,Hessen,0
2012,95 Jahre und älter,Weiblich,Mecklenburg-Vorpommern,0
2012,95 Jahre und älter,Weiblich,Niedersachsen,0
2012,95 Jahre und älter,Weiblich,Nordrhein-Westfalen,0
2012,95 Jahre und älter,Weiblich,Rheinland-Pfalz,0
2012,95 Jahre und älter,Weiblich,Saarland,0
2012,95 Jahre und älter,Weiblich,Sachsen,0
2012,95 Jahre und älter,Weiblich,Sachsen-Anhalt,0
2012,95 Jahre und älter,Weiblich,Schleswig-Holstein,0
2012,95 Jahre und älter,Weiblich,Thüringen,0
2013,Unter 1 Jahr,Männlich,Deutschland,0
2013,Unter 1 Jahr,Männlich,Baden-Württemberg,0
2013,Unter 1 Jahr,Männlich,Bayern,0
2013,Unter 1 Jahr,Männlich,Berlin,0
2013,Unter 1 Jahr,Männlich,Brandenburg,0
2013,Unter 1 Jahr,Männlich,Bremen,0
2013,Unter 1 Jahr,Männlich,Hamburg,0
2013,Unter 1 Jahr,Männlich,Hessen,0
2013,Unter 1 Jahr,Männlich,Mecklenburg-Vorpommern,0
2013,Unter 1 Jahr,Männlich,Niedersachsen,0
2013,Unter 1 Jahr,Männlich,Nordrhein-Westfalen,0
2013,Unter 1 Jahr,Männlich,Rheinland-Pfalz,0
2013,Unter 1 Jahr,Männlich,Saarland,0
2013,Unter 1 Jahr,Männlich,Sachsen,0
2013,Unter 1 Jahr,Männlich,Sachsen-Anhalt,0
2013,Unter 1 Jahr,Männlich,Schleswig-Holstein,0
2013,Unter 1 Jahr,Männlich,Thüringen,0
2013,Unter 1 Jahr,Weiblich,Deutschland,0
2013,Unter 1 Jahr,Weiblich,Baden-Württemberg,0
2013,Unter 1 Jahr,Weiblich,Bayern,0
2013,Unter 1 Jahr,Weiblich,Berlin,0
2013,Unter 1 Jahr,Weiblich,Brandenburg,0
2013,Unter 1 Jahr,Weiblich,Bremen,0
2013,Unter 1 Jahr,Weiblich,Hamburg,0
2013,Unter 1 Jahr,Weiblich,Hessen,0
2013,Unter 1 Jahr,Weiblich,Mecklenburg-Vorpommern,0
2013,Unter 1 Jahr,Weiblich,Niedersachsen,0
2013,Unter 1 Jahr,Weiblich,Nordrhein-Westfalen,0
2013,Unter 1 Jahr,Weiblich,Rheinland-Pfalz,0
2013,Unter 1 Jahr,Weiblich,Saarland,0
2013,Unter 1 Jahr,Weiblich,Sachsen,0
2013,Unter 1 Jahr,Weiblich,Sachsen-Anhalt,0
2013,Unter 1 Jahr,Weiblich,Schleswig-Holstein,0
2013,Unter 1 Jahr,Weiblich,Thüringen,0
2013,1 Jahr bis unter 5 Jahre,Männlich,Deutschland,0
2013,1 Jahr bis unter 5 Jahre,Männlich,Baden-Württemberg,0
2013,1 Jahr bis unter 5 Jahre,Männlich,Bayern,0
2013,1 Jahr bis unter 5 Jahre,Männlich,Berlin,0
2013,1 Jahr bis unter 5 Jahre,Männlich,Brandenburg,0
2013,1 Jahr bis unter 5 Jahre,Männlich,Bremen,0
2013,1 Jahr bis unter 5 Jahre,Männlich,Hamburg,0
2013,1 Jahr bis unter 5 Jahre,Männlich,Hessen,0
2013,1 Jahr bis unter 5 Jahre,Männlich,Mecklenburg-Vorpommern,0
2013,1 Jahr bis unter 5 Jahre,Männlich,Niedersachsen,0
2013,1 Jahr bis unter 5 Jahre,Männlich,Nordrhein-Westfalen,0
2013,1 Jahr bis unter 5 Jahre,Männlich,Rheinland-Pfalz,0
2013,1 Jahr bis unter 5 Jahre,Männlich,Saarland,0
2013,1 Jahr bis unter 5 Jahre,Männlich,Sachsen,0
2013,1 Jahr bis unter 5 Jahre,Männlich,Sachsen-Anhalt,0
2013,1 Jahr bis unter 5 Jahre,Männlich,Schleswig-Holstein,0
2013,1 Jahr bis unter 5 Jahre,Männlich,Thüringen,0
2013,1 Jahr bis unter 5 Jahre,Weiblich,Deutschland,0
2013,1 Jahr bis unter 5 Jahre,Weiblich,Baden-Württemberg,0
2013,1 Jahr bis unter 5 Jahre,Weiblich,Bayern,0
2013,1 Jahr bis unter 5 Jahre,Weiblich,Berlin,0
2013,1 Jahr bis unter 5 Jahre,Weiblich,Brandenburg,0
2013,1 Jahr bis unter 5 Jahre,Weiblich,Bremen,0
2013,1 Jahr bis unter 5 Jahre,Weiblich,Hamburg,0
2013,1 Jahr bis unter 5 Jahre,Weiblich,Hessen,0
2013,1 Jahr bis unter 5 Jahre,Weiblich,Mecklenburg-Vorpommern,0
2013,1 Jahr bis unter 5 Jahre,Weiblich,Niedersachsen,0
2013,1 Jahr bis unter 5 Jahre,Weiblich,Nordrhein-Westfalen,0
2013,1 Jahr bis unter 5 Jahre,Weiblich,Rheinland-Pfalz,0
2013,1 Jahr bis unter 5 Jahre,Weiblich,Saarland,0
2013,1 Jahr bis unter 5 Jahre,Weiblich,Sachsen,0
2013,1 Jahr bis unter 5 Jahre,Weiblich,Sachsen-Anhalt,0
2013,1 Jahr bis unter 5 Jahre,Weiblich,Schleswig-Holstein,0
2013,1 Jahr bis unter 5 Jahre,Weiblich,Thüringen,0
2013,5 bis unter 10 Jahre,Männlich,Deutschland,0
2013,5 bis unter 10 Jahre,Männlich,Baden-Württemberg,0
2013,5 bis unter 10 Jahre,Männlich,Bayern,0
2013,5 bis unter 10 Jahre,Männlich,Berlin,0
2013,5 bis unter 10 Jahre,Männlich,Brandenburg,0
2013,5 bis unter 10 Jahre,Männlich,Bremen,0
2013,5 bis unter 10 Jahre,Männlich,Hamburg,0
2013,5 bis unter 10 Jahre,Männlich,Hessen,0
2013,5 bis unter 10 Jahre,Männlich,Mecklenburg-Vorpommern,0
2013,5 bis unter 10 Jahre,Männlich,Niedersachsen,0
2013,5 bis unter 10 Jahre,Männlich,Nordrhein-Westfalen,0
2013,5 bis unter 10 Jahre,Männlich,Rheinland-Pfalz,0
2013,5 bis unter 10 Jahre,Männlich,Saarland,0
2013,5 bis unter 10 Jahre,Männlich,Sachsen,0
2013,5 bis unter 10 Jahre,Männlich,Sachsen-Anhalt,0
2013,5 bis unter 10 Jahre,Männlich,Schleswig-Holstein,0
2013,5 bis unter 10 Jahre,Männlich,Thüringen,0
2013,5 bis unter 10 Jahre,Weiblich,Deutschland,0
2013,5 bis unter 10 Jahre,Weiblich,Baden-Württemberg,0
2013,5 bis unter 10 Jahre,Weiblich,Bayern,0
2013,5 bis unter 10 Jahre,Weiblich,Berlin,0
2013,5 bis unter 10 Jahre,Weiblich,Brandenburg,0
2013,5 bis unter 10 Jahre,Weiblich,Bremen,0
2013,5 bis unter 10 Jahre,Weiblich,Hamburg,0
2013,5 bis unter 10 Jahre,Weiblich,Hessen,0
2013,5 bis unter 10 Jahre,Weiblich,Mecklenburg-Vorpommern,0
2013,5 bis unter 10 Jahre,Weiblich,Niedersachsen,0
2013,5 bis unter 10 Jahre,Weiblich,Nordrhein-Westfalen,0
2013,5 bis unter 10 Jahre,Weiblich,Rheinland-Pfalz,0
2013,5 bis unter 10 Jahre,Weiblich,Saarland,0
2013,5 bis unter 10 Jahre,Weiblich,Sachsen,0
2013,5 bis unter 10 Jahre,Weiblich,Sachsen-Anhalt,0
2013,5 bis unter 10 Jahre,Weiblich,Schleswig-Holstein,0
2013,5 bis unter 10 Jahre,Weiblich,Thüringen,0
2013,10 bis unter 15 Jahre,Männlich,Deutschland,0
2013,10 bis unter 15 Jahre,Männlich,Baden-Württemberg,0
2013,10 bis unter 15 Jahre,Männlich,Bayern,0
2013,10 bis unter 15 Jahre,Männlich,Berlin,0
2013,10 bis unter 15 Jahre,Männlich,Brandenburg,0
2013,10 bis unter 15 Jahre,Männlich,Bremen,0
2013,10 bis unter 15 Jahre,Männlich,Hamburg,0
2013,10 bis unter 15 Jahre,Männlich,Hessen,0
2013,10 bis unter 15 Jahre,Männlich,Mecklenburg-Vorpommern,0
2013,10 bis unter 15 Jahre,Männlich,Niedersachsen,0
2013,10 bis unter 15 Jahre,Männlich,Nordrhein-Westfalen,0
2013,10 bis unter 15 Jahre,Männlich,Rheinland-Pfalz,0
2013,10 bis unter 15 Jahre,Männlich,Saarland,0
2013,10 bis unter 15 Jahre,Männlich,Sachsen,0
2013,10 bis unter 15 Jahre,Männlich,Sachsen-Anhalt,0
2013,10 bis unter 15 Jahre,Männlich,Schleswig-Holstein,0
2013,10 bis unter 15 Jahre,Männlich,Thüringen,0
2013,10 bis unter 15 Jahre,Weiblich,Deutschland,0
2013,10 bis unter 15 Jahre,Weiblich,Baden-Württemberg,0
2013,10 bis unter 15 Jahre,Weiblich,Bayern,0
2013,10 bis unter 15 Jahre,Weiblich,Berlin,0
2013,10 bis unter 15 Jahre,Weiblich,Brandenburg,0
2013,10 bis unter 15 Jahre,Weiblich,Bremen,0
2013,10 bis unter 15 Jahre,Weiblich,Hamburg,0
2013,10 bis unter 15 Jahre,Weiblich,Hessen,0
2013,10 bis unter 15 Jahre,Weiblich,Mecklenburg-Vorpommern,0
2013,10 bis unter 15 Jahre,Weiblich,Niedersachsen,0
2013,10 bis unter 15 Jahre,Weiblich,Nordrhein-Westfalen,0
2013,10 bis unter 15 Jahre,Weiblich,Rheinland-Pfalz,0
2013,10 bis unter 15 Jahre,Weiblich,Saarland,0
2013,10 bis unter 15 Jahre,Weiblich,Sachsen,0
2013,10 bis unter 15 Jahre,Weiblich,Sachsen-Anhalt,0
2013,10 bis unter 15 Jahre,Weiblich,Schleswig-Holstein,0
2013,10 bis unter 15 Jahre,Weiblich,Thüringen,0
2013,15 bis unter 20 Jahre,Männlich,Deutschland,12
2013,15 bis unter 20 Jahre,Männlich,Baden-Württemberg,0
2013,15 bis unter 20 Jahre,Männlich,Bayern,1
2013,15 bis unter 20 Jahre,Männlich,Berlin,3
2013,15 bis unter 20 Jahre,Männlich,Brandenburg,0
2013,15 bis unter 20 Jahre,Männlich,Bremen,0
2013,15 bis unter 20 Jahre,Männlich,Hamburg,0
2013,15 bis unter 20 Jahre,Männlich,Hessen,2
2013,15 bis unter 20 Jahre,Männlich,Mecklenburg-Vorpommern,0
2013,15 bis unter 20 Jahre,Männlich,Niedersachsen,0
2013,15 bis unter 20 Jahre,Männlich,Nordrhein-Westfalen,6
2013,15 bis unter 20 Jahre,Männlich,Rheinland-Pfalz,0
2013,15 bis unter 20 Jahre,Männlich,Saarland,0
2013,15 bis unter 20 Jahre,Männlich,Sachsen,0
2013,15 bis unter 20 Jahre,Männlich,Sachsen-Anhalt,0
2013,15 bis unter 20 Jahre,Männlich,Schleswig-Holstein,0
2013,15 bis unter 20 Jahre,Männlich,Thüringen,0
2013,15 bis unter 20 Jahre,Weiblich,Deutschland,11
2013,15 bis unter 20 Jahre,Weiblich,Baden-Württemberg,0
2013,15 bis unter 20 Jahre,Weiblich,Bayern,4
2013,15 bis unter 20 Jahre,Weiblich,Berlin,0
2013,15 bis unter 20 Jahre,Weiblich,Brandenburg,0
2013,15 bis unter 20 Jahre,Weiblich,Bremen,0
2013,15 bis unter 20 Jahre,Weiblich,Hamburg,2
2013,15 bis unter 20 Jahre,Weiblich,Hessen,0
2013,15 bis unter 20 Jahre,Weiblich,Mecklenburg-Vorpommern,0
2013,15 bis unter 20 Jahre,Weiblich,Niedersachsen,0
2013,15 bis unter 20 Jahre,Weiblich,Nordrhein-Westfalen,5
2013,15 bis unter 20 Jahre,Weiblich,Rheinland-Pfalz,0
2013,15 bis unter 20 Jahre,Weiblich,Saarland,0
2013,15 bis unter 20 Jahre,Weiblich,Sachsen,0
2013,15 bis unter 20 Jahre,Weiblich,Sachsen-Anhalt,0
2013,15 bis unter 20 Jahre,Weiblich,Schleswig-Holstein,0
2013,15 bis unter 20 Jahre,Weiblich,Thüringen,0
2013,20 bis unter 25 Jahre,Männlich,Deutschland,116
2013,20 bis unter 25 Jahre,Männlich,Baden-Württemberg,0
2013,20 bis unter 25 Jahre,Männlich,Bayern,71
2013,20 bis unter 25 Jahre,Männlich,Berlin,16
2013,20 bis unter 25 Jahre,Männlich,Brandenburg,0
2013,20 bis unter 25 Jahre,Männlich,Bremen,0
2013,20 bis unter 25 Jahre,Männlich,Hamburg,2
2013,20 bis unter 25 Jahre,Männlich,Hessen,11
2013,20 bis unter 25 Jahre,Männlich,Mecklenburg-Vorpommern,0
2013,20 bis unter 25 Jahre,Männlich,Niedersachsen,1
2013,20 bis unter 25 Jahre,Männlich,Nordrhein-Westfalen,14
2013,20 bis unter 25 Jahre,Männlich,Rheinland-Pfalz,0
2013,20 bis unter 25 Jahre,Männlich,Saarland,0
2013,20 bis unter 25 Jahre,Männlich,Sachsen,0
2013,20 bis unter 25 Jahre,Männlich,Sachsen-Anhalt,0
2013,20 bis unter 25 Jahre,Männlich,Schleswig-Holstein,1
2013,20 bis unter 25 Jahre,Männlich,Thüringen,0
2013,20 bis unter 25 Jahre,Weiblich,Deutschland,51
2013,20 bis unter 25 Jahre,Weiblich,Baden-Württemberg,1
2013,20 bis unter 25 Jahre,Weiblich,Bayern,24
2013,20 bis unter 25 Jahre,Weiblich,Berlin,6
2013,20 bis unter 25 Jahre,Weiblich,Brandenburg,0
2013,20 bis unter 25 Jahre,Weiblich,Bremen,0
2013,20 bis unter 25 Jahre,Weiblich,Hamburg,5
2013,20 bis unter 25 Jahre,Weiblich,Hessen,3
2013,20 bis unter 25 Jahre,Weiblich,Mecklenburg-Vorpommern,0
2013,20 bis unter 25 Jahre,Weiblich,Niedersachsen,1
2013,20 bis unter 25 Jahre,Weiblich,Nordrhein-Westfalen,11
2013,20 bis unter 25 Jahre,Weiblich,Rheinland-Pfalz,0
2013,20 bis unter 25 Jahre,Weiblich,Saarland,0
2013,20 bis unter 25 Jahre,Weiblich,Sachsen,0
2013,20 bis unter 25 Jahre,Weiblich,Sachsen-Anhalt,0
2013,20 bis unter 25 Jahre,Weiblich,Schleswig-Holstein,0
2013,20 bis unter 25 Jahre,Weiblich,Thüringen,0
2013,25 bis unter 30 Jahre,Männlich,Deutschland,119
2013,25 bis unter 30 Jahre,Männlich,Baden-Württemberg,0
2013,25 bis unter 30 Jahre,Männlich,Bayern,85
2013,25 bis unter 30 Jahre,Männlich,Berlin,12
2013,25 bis unter 30 Jahre,Männlich,Brandenburg,0
2013,25 bis unter 30 Jahre,Männlich,Bremen,0
2013,25 bis unter 30 Jahre,Männlich,Hamburg,1
2013,25 bis unter 30 Jahre,Männlich,Hessen,8
2013,25 bis unter 30 Jahre,Männlich,Mecklenburg-Vorpommern,0
2013,25 bis unter 30 Jahre,Männlich,Niedersachsen,0
2013,25 bis unter 30 Jahre,Männlich,Nordrhein-Westfalen,13
2013,25 bis unter 30 Jahre,Männlich,Rheinland-Pfalz,0
2013,25 bis unter 30 Jahre,Männlich,Saarland,0
2013,25 bis unter 30 Jahre,Männlich,Sachsen,0
2013,25 bis unter 30 Jahre,Männlich,Sachsen-Anhalt,0
2013,25 bis unter 30 Jahre,Männlich,Schleswig-Holstein,0
2013,25 bis unter 30 Jahre,Männlich,Thüringen,0
2013,25 bis unter 30 Jahre,Weiblich,Deutschland,47
2013,25 bis unter 30 Jahre,Weiblich,Baden-Württemberg,0
2013,25 bis unter 30 Jahre,Weiblich,Bayern,30
2013,25 bis unter 30 Jahre,Weiblich,Berlin,3
2013,25 bis unter 30 Jahre,Weiblich,Brandenburg,0
2013,25 bis unter 30 Jahre,Weiblich,Bremen,0
2013,25 bis unter 30 Jahre,Weiblich,Hamburg,6
2013,25 bis unter 30 Jahre,Weiblich,Hessen,1
2013,25 bis unter 30 Jahre,Weiblich,Mecklenburg-Vorpommern,0
2013,25 bis unter 30 Jahre,Weiblich,Niedersachsen,1
2013,25 bis unter 30 Jahre,Weiblich,Nordrhein-Westfalen,6
2013,25 bis unter 30 Jahre,Weiblich,Rheinland-Pfalz,0
2013,25 bis unter 30 Jahre,Weiblich,Saarland,0
2013,25 bis unter 30 Jahre,Weiblich,Sachsen,0
2013,25 bis unter 30 Jahre,Weiblich,Sachsen-Anhalt,0
2013,25 bis unter 30 Jahre,Weiblich,Schleswig-Holstein,0
2013,25 bis unter 30 Jahre,Weiblich,Thüringen,0
2013,30 bis unter 35 Jahre,Männlich,Deutschland,140
2013,30 bis unter 35 Jahre,Männlich,Baden-Württemberg,1
2013,30 bis unter 35 Jahre,Männlich,Bayern,103
2013,30 bis unter 35 Jahre,Männlich,Berlin,15
2013,30 bis unter 35 Jahre,Männlich,Brandenburg,0
2013,30 bis unter 35 Jahre,Männlich,Bremen,0
2013,30 bis unter 35 Jahre,Männlich,Hamburg,0
2013,30 bis unter 35 Jahre,Männlich,Hessen,6
2013,30 bis unter 35 Jahre,Männlich,Mecklenburg-Vorpommern,0
2013,30 bis unter 35 Jahre,Männlich,Niedersachsen,0
2013,30 bis unter 35 Jahre,Männlich,Nordrhein-Westfalen,15
2013,30 bis unter 35 Jahre,Männlich,Rheinland-Pfalz,0
2013,30 bis unter 35 Jahre,Männlich,Saarland,0
2013,30 bis unter 35 Jahre,Männlich,Sachsen,0
2013,30 bis unter 35 Jahre,Männlich,Sachsen-Anhalt,0
2013,30 bis unter 35 Jahre,Männlich,Schleswig-Holstein,0
2013,30 bis unter 35 Jahre,Männlich,Thüringen,0
2013,30 bis unter 35 Jahre,Weiblich,Deutschland,50
2013,30 bis unter 35 Jahre,Weiblich,Baden-Württemberg,2
2013,30 bis unter 35 Jahre,Weiblich,Bayern,17
2013,30 bis unter 35 Jahre,Weiblich,Berlin,4
2013,30 bis unter 35 Jahre,Weiblich,Brandenburg,0
2013,30 bis unter 35 Jahre,Weiblich,Bremen,0
2013,30 bis unter 35 Jahre,Weiblich,Hamburg,11
2013,30 bis unter 35 Jahre,Weiblich,Hessen,5
2013,30 bis unter 35 Jahre,Weiblich,Mecklenburg-Vorpommern,0
2013,30 bis unter 35 Jahre,Weiblich,Niedersachsen,1
2013,30 bis unter 35 Jahre,Weiblich,Nordrhein-Westfalen,10
2013,30 bis unter 35 Jahre,Weiblich,Rheinland-Pfalz,0
2013,30 bis unter 35 Jahre,Weiblich,Saarland,0
2013,30 bis unter 35 Jahre,Weiblich,Sachsen,0
2013,30 bis unter 35 Jahre,Weiblich,Sachsen-Anhalt,0
2013,30 bis unter 35 Jahre,Weiblich,Schleswig-Holstein,0
2013,30 bis unter 35 Jahre,Weiblich,Thüringen,0
2013,35 bis unter 40 Jahre,Männlich,Deutschland,77
2013,35 bis unter 40 Jahre,Männlich,Baden-Württemberg,0
2013,35 bis unter 40 Jahre,Männlich,Bayern,50
2013,35 bis unter 40 Jahre,Männlich,Berlin,12
2013,35 bis unter 40 Jahre,Männlich,Brandenburg,0
2013,35 bis unter 40 Jahre,Männlich,Bremen,0
2013,35 bis unter 40 Jahre,Männlich,Hamburg,0
2013,35 bis unter 40 Jahre,Männlich,Hessen,10
2013,35 bis unter 40 Jahre,Männlich,Mecklenburg-Vorpommern,0
2013,35 bis unter 40 Jahre,Männlich,Niedersachsen,2
2013,35 bis unter 40 Jahre,Männlich,Nordrhein-Westfalen,3
2013,35 bis unter 40 Jahre,Männlich,Rheinland-Pfalz,0
2013,35 bis unter 40 Jahre,Männlich,Saarland,0
2013,35 bis unter 40 Jahre,Männlich,Sachsen,0
2013,35 bis unter 40 Jahre,Männlich,Sachsen-Anhalt,0
2013,35 bis unter 40 Jahre,Männlich,Schleswig-Holstein,0
2013,35 bis unter 40 Jahre,Männlich,Thüringen,0
2013,35 bis unter 40 Jahre,Weiblich,Deutschland,42
2013,35 bis unter 40 Jahre,Weiblich,Baden-Württemberg,1
2013,35 bis unter 40 Jahre,Weiblich,Bayern,26
2013,35 bis unter 40 Jahre,Weiblich,Berlin,1
2013,35 bis unter 40 Jahre,Weiblich,Brandenburg,0
2013,35 bis unter 40 Jahre,Weiblich,Bremen,0
2013,35 bis unter 40 Jahre,Weiblich,Hamburg,2
2013,35 bis unter 40 Jahre,Weiblich,Hessen,3
2013,35 bis unter 40 Jahre,Weiblich,Mecklenburg-Vorpommern,0
2013,35 bis unter 40 Jahre,Weiblich,Niedersachsen,2
2013,35 bis unter 40 Jahre,Weiblich,Nordrhein-Westfalen,7
2013,35 bis unter 40 Jahre,Weiblich,Rheinland-Pfalz,0
2013,35 bis unter 40 Jahre,Weiblich,Saarland,0
2013,35 bis unter 40 Jahre,Weiblich,Sachsen,0
2013,35 bis unter 40 Jahre,Weiblich,Sachsen-Anhalt,0
2013,35 bis unter 40 Jahre,Weiblich,Schleswig-Holstein,0
2013,35 bis unter 40 Jahre,Weiblich,Thüringen,0
2013,40 bis unter 45 Jahre,Männlich,Deutschland,46
2013,40 bis unter 45 Jahre,Männlich,Baden-Württemberg,0
2013,40 bis unter 45 Jahre,Männlich,Bayern,35
2013,40 bis unter 45 Jahre,Männlich,Berlin,5
2013,40 bis unter 45 Jahre,Männlich,Brandenburg,0
2013,40 bis unter 45 Jahre,Männlich,Bremen,0
2013,40 bis unter 45 Jahre,Männlich,Hamburg,0
2013,40 bis unter 45 Jahre,Männlich,Hessen,4
2013,40 bis unter 45 Jahre,Männlich,Mecklenburg-Vorpommern,0
2013,40 bis unter 45 Jahre,Männlich,Niedersachsen,0
2013,40 bis unter 45 Jahre,Männlich,Nordrhein-Westfalen,2
2013,40 bis unter 45 Jahre,Männlich,Rheinland-Pfalz,0
2013,40 bis unter 45 Jahre,Männlich,Saarland,0
2013,40 bis unter 45 Jahre,Männlich,Sachsen,0
2013,40 bis unter 45 Jahre,Männlich,Sachsen-Anhalt,0
2013,40 bis unter 45 Jahre,Männlich,Schleswig-Holstein,0
2013,40 bis unter 45 Jahre,Männlich,Thüringen,0
2013,40 bis unter 45 Jahre,Weiblich,Deutschland,30
2013,40 bis unter 45 Jahre,Weiblich,Baden-Württemberg,0
2013,40 bis unter 45 Jahre,Weiblich,Bayern,13
2013,40 bis unter 45 Jahre,Weiblich,Berlin,5
2013,40 bis unter 45 Jahre,Weiblich,Brandenburg,0
2013,40 bis unter 45 Jahre,Weiblich,Bremen,0
2013,40 bis unter 45 Jahre,Weiblich,Hamburg,5
2013,40 bis unter 45 Jahre,Weiblich,Hessen,4
2013,40 bis unter 45 Jahre,Weiblich,Mecklenburg-Vorpommern,0
2013,40 bis unter 45 Jahre,Weiblich,Niedersachsen,1
2013,40 bis unter 45 Jahre,Weiblich,Nordrhein-Westfalen,2
2013,40 bis unter 45 Jahre,Weiblich,Rheinland-Pfalz,0
2013,40 bis unter 45 Jahre,Weiblich,Saarland,0
2013,40 bis unter 45 Jahre,Weiblich,Sachsen,0
2013,40 bis unter 45 Jahre,Weiblich,Sachsen-Anhalt,0
2013,40 bis unter 45 Jahre,Weiblich,Schleswig-Holstein,0
2013,40 bis unter 45 Jahre,Weiblich,Thüringen,0
2013,45 bis unter 50 Jahre,Männlich,Deutschland,48
2013,45 bis unter 50 Jahre,Männlich,Baden-Württemberg,0
2013,45 bis unter 50 Jahre,Männlich,Bayern,34
2013,45 bis unter 50 Jahre,Männlich,Berlin,7
2013,45 bis unter 50 Jahre,Männlich,Brandenburg,0
2013,45 bis unter 50 Jahre,Männlich,Bremen,0
2013,45 bis unter 50 Jahre,Männlich,Hamburg,0
2013,45 bis unter 50 Jahre,Männlich,Hessen,4
2013,45 bis unter 50 Jahre,Männlich,Mecklenburg-Vorpommern,0
2013,45 bis unter 50 Jahre,Männlich,Niedersachsen,0
2013,45 bis unter 50 Jahre,Männlich,Nordrhein-Westfalen,3
2013,45 bis unter 50 Jahre,Männlich,Rheinland-Pfalz,0
2013,45 bis unter 50 Jahre,Männlich,Saarland,0
2013,45 bis unter 50 Jahre,Männlich,Sachsen,0
2013,45 bis unter 50 Jahre,Männlich,Sachsen-Anhalt,0
2013,45 bis unter 50 Jahre,Männlich,Schleswig-Holstein,0
2013,45 bis unter 50 Jahre,Männlich,Thüringen,0
2013,45 bis unter 50 Jahre,Weiblich,Deutschland,64
2013,45 bis unter 50 Jahre,Weiblich,Baden-Württemberg,0
2013,45 bis unter 50 Jahre,Weiblich,Bayern,30
2013,45 bis unter 50 Jahre,Weiblich,Berlin,9
2013,45 bis unter 50 Jahre,Weiblich,Brandenburg,0
2013,45 bis unter 50 Jahre,Weiblich,Bremen,0
2013,45 bis unter 50 Jahre,Weiblich,Hamburg,7
2013,45 bis unter 50 Jahre,Weiblich,Hessen,4
2013,45 bis unter 50 Jahre,Weiblich,Mecklenburg-Vorpommern,0
2013,45 bis unter 50 Jahre,Weiblich,Niedersachsen,2
2013,45 bis unter 50 Jahre,Weiblich,Nordrhein-Westfalen,12
2013,45 bis unter 50 Jahre,Weiblich,Rheinland-Pfalz,0
2013,45 bis unter 50 Jahre,Weiblich,Saarland,0
2013,45 bis unter 50 Jahre,Weiblich,Sachsen,0
2013,45 bis unter 50 Jahre,Weiblich,Sachsen-Anhalt,0
2013,45 bis unter 50 Jahre,Weiblich,Schleswig-Holstein,0
2013,45 bis unter 50 Jahre,Weiblich,Thüringen,0
2013,50 bis unter 55 Jahre,Männlich,Deutschland,14
2013,50 bis unter 55 Jahre,Männlich,Baden-Württemberg,0
2013,50 bis unter 55 Jahre,Männlich,Bayern,9
2013,50 bis unter 55 Jahre,Männlich,Berlin,3
2013,50 bis unter 55 Jahre,Männlich,Brandenburg,0
2013,50 bis unter 55 Jahre,Männlich,Bremen,0
2013,50 bis unter 55 Jahre,Männlich,Hamburg,0
2013,50 bis unter 55 Jahre,Männlich,Hessen,1
2013,50 bis unter 55 Jahre,Männlich,Mecklenburg-Vorpommern,0
2013,50 bis unter 55 Jahre,Männlich,Niedersachsen,0
2013,50 bis unter 55 Jahre,Männlich,Nordrhein-Westfalen,1
2013,50 bis unter 55 Jahre,Männlich,Rheinland-Pfalz,0
2013,50 bis unter 55 Jahre,Männlich,Saarland,0
2013,50 bis unter 55 Jahre,Männlich,Sachsen,0
2013,50 bis unter 55 Jahre,Männlich,Sachsen-Anhalt,0
2013,50 bis unter 55 Jahre,Männlich,Schleswig-Holstein,0
2013,50 bis unter 55 Jahre,Männlich,Thüringen,0
2013,50 bis unter 55 Jahre,Weiblich,Deutschland,37
2013,50 bis unter 55 Jahre,Weiblich,Baden-Württemberg,1
2013,50 bis unter 55 Jahre,Weiblich,Bayern,12
2013,50 bis unter 55 Jahre,Weiblich,Berlin,3
2013,50 bis unter 55 Jahre,Weiblich,Brandenburg,0
2013,50 bis unter 55 Jahre,Weiblich,Bremen,0
2013,50 bis unter 55 Jahre,Weiblich,Hamburg,11
2013,50 bis unter 55 Jahre,Weiblich,Hessen,4
2013,50 bis unter 55 Jahre,Weiblich,Mecklenburg-Vorpommern,0
2013,50 bis unter 55 Jahre,Weiblich,Niedersachsen,1
2013,50 bis unter 55 Jahre,Weiblich,Nordrhein-Westfalen,5
2013,50 bis unter 55 Jahre,Weiblich,Rheinland-Pfalz,0
2013,50 bis unter 55 Jahre,Weiblich,Saarland,0
2013,50 bis unter 55 Jahre,Weiblich,Sachsen,0
2013,50 bis unter 55 Jahre,Weiblich,Sachsen-Anhalt,0
2013,50 bis unter 55 Jahre,Weiblich,Schleswig-Holstein,0
2013,50 bis unter 55 Jahre,Weiblich,Thüringen,0
2013,55 bis unter 60 Jahre,Männlich,Deutschland,3
2013,55 bis unter 60 Jahre,Männlich,Baden-Württemberg,0
2013,55 bis unter 60 Jahre,Männlich,Bayern,3
2013,55 bis unter 60 Jahre,Männlich,Berlin,0
2013,55 bis unter 60 Jahre,Männlich,Brandenburg,0
2013,55 bis unter 60 Jahre,Männlich,Bremen,0
2013,55 bis unter 60 Jahre,Männlich,Hamburg,0
2013,55 bis unter 60 Jahre,Männlich,Hessen,0
2013,55 bis unter 60 Jahre,Männlich,Mecklenburg-Vorpommern,0
2013,55 bis unter 60 Jahre,Männlich,Niedersachsen,0
2013,55 bis unter 60 Jahre,Männlich,Nordrhein-Westfalen,0
2013,55 bis unter 60 Jahre,Männlich,Rheinland-Pfalz,0
2013,55 bis unter 60 Jahre,Männlich,Saarland,0
2013,55 bis unter 60 Jahre,Männlich,Sachsen,0
2013,55 bis unter 60 Jahre,Männlich,Sachsen-Anhalt,0
2013,55 bis unter 60 Jahre,Männlich,Schleswig-Holstein,0
2013,55 bis unter 60 Jahre,Männlich,Thüringen,0
2013,55 bis unter 60 Jahre,Weiblich,Deutschland,25
2013,55 bis unter 60 Jahre,Weiblich,Baden-Württemberg,1
2013,55 bis unter 60 Jahre,Weiblich,Bayern,9
2013,55 bis unter 60 Jahre,Weiblich,Berlin,3
2013,55 bis unter 60 Jahre,Weiblich,Brandenburg,0
2013,55 bis unter 60 Jahre,Weiblich,Bremen,0
2013,55 bis unter 60 Jahre,Weiblich,Hamburg,7
2013,55 bis unter 60 Jahre,Weiblich,Hessen,1
2013,55 bis unter 60 Jahre,Weiblich,Mecklenburg-Vorpommern,0
2013,55 bis unter 60 Jahre,Weiblich,Niedersachsen,0
2013,55 bis unter 60 Jahre,Weiblich,Nordrhein-Westfalen,4
2013,55 bis unter 60 Jahre,Weiblich,Rheinland-Pfalz,0
2013,55 bis unter 60 Jahre,Weiblich,Saarland,0
2013,55 bis unter 60 Jahre,Weiblich,Sachsen,0
2013,55 bis unter 60 Jahre,Weiblich,Sachsen-Anhalt,0
2013,55 bis unter 60 Jahre,Weiblich,Schleswig-Holstein,0
2013,55 bis unter 60 Jahre,Weiblich,Thüringen,0
2013,60 bis unter 65 Jahre,Männlich,Deutschland,1
2013,60 bis unter 65 Jahre,Männlich,Baden-Württemberg,0
2013,60 bis unter 65 Jahre,Männlich,Bayern,1
2013,60 bis unter 65 Jahre,Männlich,Berlin,0
2013,60 bis unter 65 Jahre,Männlich,Brandenburg,0
2013,60 bis unter 65 Jahre,Männlich,Bremen,0
2013,60 bis unter 65 Jahre,Männlich,Hamburg,0
2013,60 bis unter 65 Jahre,Männlich,Hessen,0
2013,60 bis unter 65 Jahre,Männlich,Mecklenburg-Vorpommern,0
2013,60 bis unter 65 Jahre,Männlich,Niedersachsen,0
2013,60 bis unter 65 Jahre,Männlich,Nordrhein-Westfalen,0
2013,60 bis unter 65 Jahre,Männlich,Rheinland-Pfalz,0
2013,60 bis unter 65 Jahre,Männlich,Saarland,0
2013,60 bis unter 65 Jahre,Männlich,Sachsen,0
2013,60 bis unter 65 Jahre,Männlich,Sachsen-Anhalt,0
2013,60 bis unter 65 Jahre,Männlich,Schleswig-Holstein,0
2013,60 bis unter 65 Jahre,Männlich,Thüringen,0
2013,60 bis unter 65 Jahre,Weiblich,Deutschland,17
2013,60 bis unter 65 Jahre,Weiblich,Baden-Württemberg,0
2013,60 bis unter 65 Jahre,Weiblich,Bayern,8
2013,60 bis unter 65 Jahre,Weiblich,Berlin,4
2013,60 bis unter 65 Jahre,Weiblich,Brandenburg,0
2013,60 bis unter 65 Jahre,Weiblich,Bremen,0
2013,60 bis unter 65 Jahre,Weiblich,Hamburg,3
2013,60 bis unter 65 Jahre,Weiblich,Hessen,1
2013,60 bis unter 65 Jahre,Weiblich,Mecklenburg-Vorpommern,0
2013,60 bis unter 65 Jahre,Weiblich,Niedersachsen,0
2013,60 bis unter 65 Jahre,Weiblich,Nordrhein-Westfalen,1
2013,60 bis unter 65 Jahre,Weiblich,Rheinland-Pfalz,0
2013,60 bis unter 65 Jahre,Weiblich,Saarland,0
2013,60 bis unter 65 Jahre,Weiblich,Sachsen,0
2013,60 bis unter 65 Jahre,Weiblich,Sachsen-Anhalt,0
2013,60 bis unter 65 Jahre,Weiblich,Schleswig-Holstein,0
2013,60 bis unter 65 Jahre,Weiblich,Thüringen,0
2013,65 bis unter 70 Jahre,Männlich,Deutschland,3
2013,65 bis unter 70 Jahre,Männlich,Baden-Württemberg,0
2013,65 bis unter 70 Jahre,Männlich,Bayern,3
2013,65 bis unter 70 Jahre,Männlich,Berlin,0
2013,65 bis unter 70 Jahre,Männlich,Brandenburg,0
2013,65 bis unter 70 Jahre,Männlich,Bremen,0
2013,65 bis unter 70 Jahre,Männlich,Hamburg,0
2013,65 bis unter 70 Jahre,Männlich,Hessen,0
2013,65 bis unter 70 Jahre,Männlich,Mecklenburg-Vorpommern,0
2013,65 bis unter 70 Jahre,Männlich,Niedersachsen,0
2013,65 bis unter 70 Jahre,Männlich,Nordrhein-Westfalen,0
2013,65 bis unter 70 Jahre,Männlich,Rheinland-Pfalz,0
2013,65 bis unter 70 Jahre,Männlich,Saarland,0
2013,65 bis unter 70 Jahre,Männlich,Sachsen,0
2013,65 bis unter 70 Jahre,Männlich,Sachsen-Anhalt,0
2013,65 bis unter 70 Jahre,Männlich,Schleswig-Holstein,0
2013,65 bis unter 70 Jahre,Männlich,Thüringen,0
2013,65 bis unter 70 Jahre,Weiblich,Deutschland,2
2013,65 bis unter 70 Jahre,Weiblich,Baden-Württemberg,0
2013,65 bis unter 70 Jahre,Weiblich,Bayern,2
2013,65 bis unter 70 Jahre,Weiblich,Berlin,0
2013,65 bis unter 70 Jahre,Weiblich,Brandenburg,0
2013,65 bis unter 70 Jahre,Weiblich,Bremen,0
2013,65 bis unter 70 Jahre,Weiblich,Hamburg,0
2013,65 bis unter 70 Jahre,Weiblich,Hessen,0
2013,65 bis unter 70 Jahre,Weiblich,Mecklenburg-Vorpommern,0
2013,65 bis unter 70 Jahre,Weiblich,Niedersachsen,0
2013,65 bis unter 70 Jahre,Weiblich,Nordrhein-Westfalen,0
2013,65 bis unter 70 Jahre,Weiblich,Rheinland-Pfalz,0
2013,65 bis unter 70 Jahre,Weiblich,Saarland,0
2013,65 bis unter 70 Jahre,Weiblich,Sachsen,0
2013,65 bis unter 70 Jahre,Weiblich,Sachsen-Anhalt,0
2013,65 bis unter 70 Jahre,Weiblich,Schleswig-Holstein,0
2013,65 bis unter 70 Jahre,Weiblich,Thüringen,0
2013,70 bis unter 75 Jahre,Männlich,Deutschland,0
2013,70 bis unter 75 Jahre,Männlich,Baden-Württemberg,0
2013,70 bis unter 75 Jahre,Männlich,Bayern,0
2013,70 bis unter 75 Jahre,Männlich,Berlin,0
2013,70 bis unter 75 Jahre,Männlich,Brandenburg,0
2013,70 bis unter 75 Jahre,Männlich,Bremen,0
2013,70 bis unter 75 Jahre,Männlich,Hamburg,0
2013,70 bis unter 75 Jahre,Männlich,Hessen,0
2013,70 bis unter 75 Jahre,Männlich,Mecklenburg-Vorpommern,0
2013,70 bis unter 75 Jahre,Männlich,Niedersachsen,0
2013,70 bis unter 75 Jahre,Männlich,Nordrhein-Westfalen,0
2013,70 bis unter 75 Jahre,Männlich,Rheinland-Pfalz,0
2013,70 bis unter 75 Jahre,Männlich,Saarland,0
2013,70 bis unter 75 Jahre,Männlich,Sachsen,0
2013,70 bis unter 75 Jahre,Männlich,Sachsen-Anhalt,0
2013,70 bis unter 75 Jahre,Männlich,Schleswig-Holstein,0
2013,70 bis unter 75 Jahre,Männlich,Thüringen,0
2013,70 bis unter 75 Jahre,Weiblich,Deutschland,2
2013,70 bis unter 75 Jahre,Weiblich,Baden-Württemberg,0
2013,70 bis unter 75 Jahre,Weiblich,Bayern,0
2013,70 bis unter 75 Jahre,Weiblich,Berlin,0
2013,70 bis unter 75 Jahre,Weiblich,Brandenburg,0
2013,70 bis unter 75 Jahre,Weiblich,Bremen,0
2013,70 bis unter 75 Jahre,Weiblich,Hamburg,1
2013,70 bis unter 75 Jahre,Weiblich,Hessen,0
2013,70 bis unter 75 Jahre,Weiblich,Mecklenburg-Vorpommern,0
2013,70 bis unter 75 Jahre,Weiblich,Niedersachsen,0
2013,70 bis unter 75 Jahre,Weiblich,Nordrhein-Westfalen,1
2013,70 bis unter 75 Jahre,Weiblich,Rheinland-Pfalz,0
2013,70 bis unter 75 Jahre,Weiblich,Saarland,0
2013,70 bis unter 75 Jahre,Weiblich,Sachsen,0
2013,70 bis unter 75 Jahre,Weiblich,Sachsen-Anhalt,0
2013,70 bis unter 75 Jahre,Weiblich,Schleswig-Holstein,0
2013,70 bis unter 75 Jahre,Weiblich,Thüringen,0
2013,75 bis unter 80 Jahre,Männlich,Deutschland,0
2013,75 bis unter 80 Jahre,Männlich,Baden-Württemberg,0
2013,75 bis unter 80 Jahre,Männlich,Bayern,0
2013,75 bis unter 80 Jahre,Männlich,Berlin,0
2013,75 bis unter 80 Jahre,Männlich,Brandenburg,0
2013,75 bis unter 80 Jahre,Männlich,Bremen,0
2013,75 bis unter 80 Jahre,Männlich,Hamburg,0
2013,75 bis unter 80 Jahre,Männlich,Hessen,0
2013,75 bis unter 80 Jahre,Männlich,Mecklenburg-Vorpommern,0
2013,75 bis unter 80 Jahre,Männlich,Niedersachsen,0
2013,75 bis unter 80 Jahre,Männlich,Nordrhein-Westfalen,0
2013,75 bis unter 80 Jahre,Männlich,Rheinland-Pfalz,0
2013,75 bis unter 80 Jahre,Männlich,Saarland,0
2013,75 bis unter 80 Jahre,Männlich,Sachsen,0
2013,75 bis unter 80 Jahre,Männlich,Sachsen-Anhalt,0
2013,75 bis unter 80 Jahre,Männlich,Schleswig-Holstein,0
2013,75 bis unter 80 Jahre,Männlich,Thüringen,0
2013,75 bis unter 80 Jahre,Weiblich,Deutschland,0
2013,75 bis unter 80 Jahre,Weiblich,Baden-Württemberg,0
2013,75 bis unter 80 Jahre,Weiblich,Bayern,0
2013,75 bis unter 80 Jahre,Weiblich,Berlin,0
2013,75 bis unter 80 Jahre,Weiblich,Brandenburg,0
2013,75 bis unter 80 Jahre,Weiblich,Bremen,0
2013,75 bis unter 80 Jahre,Weiblich,Hamburg,0
2013,75 bis unter 80 Jahre,Weiblich,Hessen,0
2013,75 bis unter 80 Jahre,Weiblich,Mecklenburg-Vorpommern,0
2013,75 bis unter 80 Jahre,Weiblich,Niedersachsen,0
2013,75 bis unter 80 Jahre,Weiblich,Nordrhein-Westfalen,0
2013,75 bis unter 80 Jahre,Weiblich,Rheinland-Pfalz,0
2013,75 bis unter 80 Jahre,Weiblich,Saarland,0
2013,75 bis unter 80 Jahre,Weiblich,Sachsen,0
2013,75 bis unter 80 Jahre,Weiblich,Sachsen-Anhalt,0
2013,75 bis unter 80 Jahre,Weiblich,Schleswig-Holstein,0
2013,75 bis unter 80 Jahre,Weiblich,Thüringen,0
2013,80 bis unter 85 Jahre,Männlich,Deutschland,1
2013,80 bis unter 85 Jahre,Männlich,Baden-Württemberg,0
2013,80 bis unter 85 Jahre,Männlich,Bayern,1
2013,80 bis unter 85 Jahre,Männlich,Berlin,0
2013,80 bis unter 85 Jahre,Männlich,Brandenburg,0
2013,80 bis unter 85 Jahre,Männlich,Bremen,0
2013,80 bis unter 85 Jahre,Männlich,Hamburg,0
2013,80 bis unter 85 Jahre,Männlich,Hessen,0
2013,80 bis unter 85 Jahre,Männlich,Mecklenburg-Vorpommern,0
2013,80 bis unter 85 Jahre,Männlich,Niedersachsen,0
2013,80 bis unter 85 Jahre,Männlich,Nordrhein-Westfalen,0
2013,80 bis unter 85 Jahre,Männlich,Rheinland-Pfalz,0
2013,80 bis unter 85 Jahre,Männlich,Saarland,0
2013,80 bis unter 85 Jahre,Männlich,Sachsen,0
2013,80 bis unter 85 Jahre,Männlich,Sachsen-Anhalt,0
2013,80 bis unter 85 Jahre,Männlich,Schleswig-Holstein,0
2013,80 bis unter 85 Jahre,Männlich,Thüringen,0
2013,80 bis unter 85 Jahre,Weiblich,Deutschland,0
2013,80 bis unter 85 Jahre,Weiblich,Baden-Württemberg,0
2013,80 bis unter 85 Jahre,Weiblich,Bayern,0
2013,80 bis unter 85 Jahre,Weiblich,Berlin,0
2013,80 bis unter 85 Jahre,Weiblich,Brandenburg,0
2013,80 bis unter 85 Jahre,Weiblich,Bremen,0
2013,80 bis unter 85 Jahre,Weiblich,Hamburg,0
2013,80 bis unter 85 Jahre,Weiblich,Hessen,0
2013,80 bis unter 85 Jahre,Weiblich,Mecklenburg-Vorpommern,0
2013,80 bis unter 85 Jahre,Weiblich,Niedersachsen,0
2013,80 bis unter 85 Jahre,Weiblich,Nordrhein-Westfalen,0
2013,80 bis unter 85 Jahre,Weiblich,Rheinland-Pfalz,0
2013,80 bis unter 85 Jahre,Weiblich,Saarland,0
2013,80 bis unter 85 Jahre,Weiblich,Sachsen,0
2013,80 bis unter 85 Jahre,Weiblich,Sachsen-Anhalt,0
2013,80 bis unter 85 Jahre,Weiblich,Schleswig-Holstein,0
2013,80 bis unter 85 Jahre,Weiblich,Thüringen,0
2013,85 bis unter 90 Jahre,Männlich,Deutschland,0
2013,85 bis unter 90 Jahre,Männlich,Baden-Württemberg,0
2013,85 bis unter 90 Jahre,Männlich,Bayern,0
2013,85 bis unter 90 Jahre,Männlich,Berlin,0
2013,85 bis unter 90 Jahre,Männlich,Brandenburg,0
2013,85 bis unter 90 Jahre,Männlich,Bremen,0
2013,85 bis unter 90 Jahre,Männlich,Hamburg,0
2013,85 bis unter 90 Jahre,Männlich,Hessen,0
2013,85 bis unter 90 Jahre,Männlich,Mecklenburg-Vorpommern,0
2013,85 bis unter 90 Jahre,Männlich,Niedersachsen,0
2013,85 bis unter 90 Jahre,Männlich,Nordrhein-Westfalen,0
2013,85 bis unter 90 Jahre,Männlich,Rheinland-Pfalz,0
2013,85 bis unter 90 Jahre,Männlich,Saarland,0
2013,85 bis unter 90 Jahre,Männlich,Sachsen,0
2013,85 bis unter 90 Jahre,Männlich,Sachsen-Anhalt,0
2013,85 bis unter 90 Jahre,Männlich,Schleswig-Holstein,0
2013,85 bis unter 90 Jahre,Männlich,Thüringen,0
2013,85 bis unter 90 Jahre,Weiblich,Deutschland,0
2013,85 bis unter 90 Jahre,Weiblich,Baden-Württemberg,0
2013,85 bis unter 90 Jahre,Weiblich,Bayern,0
2013,85 bis unter 90 Jahre,Weiblich,Berlin,0
2013,85 bis unter 90 Jahre,Weiblich,Brandenburg,0
2013,85 bis unter 90 Jahre,Weiblich,Bremen,0
2013,85 bis unter 90 Jahre,Weiblich,Hamburg,0
2013,85 bis unter 90 Jahre,Weiblich,Hessen,0
2013,85 bis unter 90 Jahre,Weiblich,Mecklenburg-Vorpommern,0
2013,85 bis unter 90 Jahre,Weiblich,Niedersachsen,0
2013,85 bis unter 90 Jahre,Weiblich,Nordrhein-Westfalen,0
2013,85 bis unter 90 Jahre,Weiblich,Rheinland-Pfalz,0
2013,85 bis unter 90 Jahre,Weiblich,Saarland,0
2013,85 bis unter 90 Jahre,Weiblich,Sachsen,0
2013,85 bis unter 90 Jahre,Weiblich,Sachsen-Anhalt,0
2013,85 bis unter 90 Jahre,Weiblich,Schleswig-Holstein,0
2013,85 bis unter 90 Jahre,Weiblich,Thüringen,0
2013,90 bis unter 95 Jahre,Männlich,Deutschland,0
2013,90 bis unter 95 Jahre,Männlich,Baden-Württemberg,0
2013,90 bis unter 95 Jahre,Männlich,Bayern,0
2013,90 bis unter 95 Jahre,Männlich,Berlin,0
2013,90 bis unter 95 Jahre,Männlich,Brandenburg,0
2013,90 bis unter 95 Jahre,Männlich,Bremen,0
2013,90 bis unter 95 Jahre,Männlich,Hamburg,0
2013,90 bis unter 95 Jahre,Männlich,Hessen,0
2013,90 bis unter 95 Jahre,Männlich,Mecklenburg-Vorpommern,0
2013,90 bis unter 95 Jahre,Männlich,Niedersachsen,0
2013,90 bis unter 95 Jahre,Männlich,Nordrhein-Westfalen,0
2013,90 bis unter 95 Jahre,Männlich,Rheinland-Pfalz,0
2013,90 bis unter 95 Jahre,Männlich,Saarland,0
2013,90 bis unter 95 Jahre,Männlich,Sachsen,0
2013,90 bis unter 95 Jahre,Männlich,Sachsen-Anhalt,0
2013,90 bis unter 95 Jahre,Männlich,Schleswig-Holstein,0
2013,90 bis unter 95 Jahre,Männlich,Thüringen,0
2013,90 bis unter 95 Jahre,Weiblich,Deutschland,0
2013,90 bis unter 95 Jahre,Weiblich,Baden-Württemberg,0
2013,90 bis unter 95 Jahre,Weiblich,Bayern,0
2013,90 bis unter 95 Jahre,Weiblich,Berlin,0
2013,90 bis unter 95 Jahre,Weiblich,Brandenburg,0
2013,90 bis unter 95 Jahre,Weiblich,Bremen,0
2013,90 bis unter 95 Jahre,Weiblich,Hamburg,0
2013,90 bis unter 95 Jahre,Weiblich,Hessen,0
2013,90 bis unter 95 Jahre,Weiblich,Mecklenburg-Vorpommern,0
2013,90 bis unter 95 Jahre,Weiblich,Niedersachsen,0
2013,90 bis unter 95 Jahre,Weiblich,Nordrhein-Westfalen,0
2013,90 bis unter 95 Jahre,Weiblich,Rheinland-Pfalz,0
2013,90 bis unter 95 Jahre,Weiblich,Saarland,0
2013,90 bis unter 95 Jahre,Weiblich,Sachsen,0
2013,90 bis unter 95 Jahre,Weiblich,Sachsen-Anhalt,0
2013,90 bis unter 95 Jahre,Weiblich,Schleswig-Holstein,0
2013,90 bis unter 95 Jahre,Weiblich,Thüringen,0
2013,95 Jahre und älter,Männlich,Deutschland,0
2013,95 Jahre und älter,Männlich,Baden-Württemberg,0
2013,95 Jahre und älter,Männlich,Bayern,0
2013,95 Jahre und älter,Männlich,Berlin,0
2013,95 Jahre und älter,Männlich,Brandenburg,0
2013,95 Jahre und älter,Männlich,Bremen,0
2013,95 Jahre und älter,Männlich,Hamburg,0
2013,95 Jahre und älter,Männlich,Hessen,0
2013,95 Jahre und älter,Männlich,Mecklenburg-Vorpommern,0
2013,95 Jahre und älter,Männlich,Niedersachsen,0
2013,95 Jahre und älter,Männlich,Nordrhein-Westfalen,0
2013,95 Jahre und älter,Männlich,Rheinland-Pfalz,0
2013,95 Jahre und älter,Männlich,Saarland,0
2013,95 Jahre und älter,Männlich,Sachsen,0
2013,95 Jahre und älter,Männlich,Sachsen-Anhalt,0
2013,95 Jahre und älter,Männlich,Schleswig-Holstein,0
2013,95 Jahre und älter,Männlich,Thüringen,0
2013,95 Jahre und älter,Weiblich,Deutschland,0
2013,95 Jahre und älter,Weiblich,Baden-Württemberg,0
2013,95 Jahre und älter,Weiblich,Bayern,0
2013,95 Jahre und älter,Weiblich,Berlin,0
2013,95 Jahre und älter,Weiblich,Brandenburg,0
2013,95 Jahre und älter,Weiblich,Bremen,0
2013,95 Jahre und älter,Weiblich,Hamburg,0
2013,95 Jahre und älter,Weiblich,Hessen,0
2013,95 Jahre und älter,Weiblich,Mecklenburg-Vorpommern,0
2013,95 Jahre und älter,Weiblich,Niedersachsen,0
2013,95 Jahre und älter,Weiblich,Nordrhein-Westfalen,0
2013,95 Jahre und älter,Weiblich,Rheinland-Pfalz,0
2013,95 Jahre und älter,Weiblich,Saarland,0
2013,95 Jahre und älter,Weiblich,Sachsen,0
2013,95 Jahre und älter,Weiblich,Sachsen-Anhalt,0
2013,95 Jahre und älter,Weiblich,Schleswig-Holstein,0
2013,95 Jahre und älter,Weiblich,Thüringen,0
2014,Unter 1 Jahr,Männlich,Deutschland,0
2014,Unter 1 Jahr,Männlich,Baden-Württemberg,0
2014,Unter 1 Jahr,Männlich,Bayern,0
2014,Unter 1 Jahr,Männlich,Berlin,0
2014,Unter 1 Jahr,Männlich,Brandenburg,0
2014,Unter 1 Jahr,Männlich,Bremen,0
2014,Unter 1 Jahr,Männlich,Hamburg,0
2014,Unter 1 Jahr,Männlich,Hessen,0
2014,Unter 1 Jahr,Männlich,Mecklenburg-Vorpommern,0
2014,Unter 1 Jahr,Männlich,Niedersachsen,0
2014,Unter 1 Jahr,Männlich,Nordrhein-Westfalen,0
2014,Unter 1 Jahr,Männlich,Rheinland-Pfalz,0
2014,Unter 1 Jahr,Männlich,Saarland,0
2014,Unter 1 Jahr,Männlich,Sachsen,0
2014,Unter 1 Jahr,Männlich,Sachsen-Anhalt,0
2014,Unter 1 Jahr,Männlich,Schleswig-Holstein,0
2014,Unter 1 Jahr,Männlich,Thüringen,0
2014,Unter 1 Jahr,Weiblich,Deutschland,0
2014,Unter 1 Jahr,Weiblich,Baden-Württemberg,0
2014,Unter 1 Jahr,Weiblich,Bayern,0
2014,Unter 1 Jahr,Weiblich,Berlin,0
2014,Unter 1 Jahr,Weiblich,Brandenburg,0
2014,Unter 1 Jahr,Weiblich,Bremen,0
2014,Unter 1 Jahr,Weiblich,Hamburg,0
2014,Unter 1 Jahr,Weiblich,Hessen,0
2014,Unter 1 Jahr,Weiblich,Mecklenburg-Vorpommern,0
2014,Unter 1 Jahr,Weiblich,Niedersachsen,0
2014,Unter 1 Jahr,Weiblich,Nordrhein-Westfalen,0
2014,Unter 1 Jahr,Weiblich,Rheinland-Pfalz,0
2014,Unter 1 Jahr,Weiblich,Saarland,0
2014,Unter 1 Jahr,Weiblich,Sachsen,0
2014,Unter 1 Jahr,Weiblich,Sachsen-Anhalt,0
2014,Unter 1 Jahr,Weiblich,Schleswig-Holstein,0
2014,Unter 1 Jahr,Weiblich,Thüringen,0
2014,1 Jahr bis unter 5 Jahre,Männlich,Deutschland,0
2014,1 Jahr bis unter 5 Jahre,Männlich,Baden-Württemberg,0
2014,1 Jahr bis unter 5 Jahre,Männlich,Bayern,0
2014,1 Jahr bis unter 5 Jahre,Männlich,Berlin,0
2014,1 Jahr bis unter 5 Jahre,Männlich,Brandenburg,0
2014,1 Jahr bis unter 5 Jahre,Männlich,Bremen,0
2014,1 Jahr bis unter 5 Jahre,Männlich,Hamburg,0
2014,1 Jahr bis unter 5 Jahre,Männlich,Hessen,0
2014,1 Jahr bis unter 5 Jahre,Männlich,Mecklenburg-Vorpommern,0
2014,1 Jahr bis unter 5 Jahre,Männlich,Niedersachsen,0
2014,1 Jahr bis unter 5 Jahre,Männlich,Nordrhein-Westfalen,0
2014,1 Jahr bis unter 5 Jahre,Männlich,Rheinland-Pfalz,0
2014,1 Jahr bis unter 5 Jahre,Männlich,Saarland,0
2014,1 Jahr bis unter 5 Jahre,Männlich,Sachsen,0
2014,1 Jahr bis unter 5 Jahre,Männlich,Sachsen-Anhalt,0
2014,1 Jahr bis unter 5 Jahre,Männlich,Schleswig-Holstein,0
2014,1 Jahr bis unter 5 Jahre,Männlich,Thüringen,0
2014,1 Jahr bis unter 5 Jahre,Weiblich,Deutschland,0
2014,1 Jahr bis unter 5 Jahre,Weiblich,Baden-Württemberg,0
2014,1 Jahr bis unter 5 Jahre,Weiblich,Bayern,0
2014,1 Jahr bis unter 5 Jahre,Weiblich,Berlin,0
2014,1 Jahr bis unter 5 Jahre,Weiblich,Brandenburg,0
2014,1 Jahr bis unter 5 Jahre,Weiblich,Bremen,0
2014,1 Jahr bis unter 5 Jahre,Weiblich,Hamburg,0
2014,1 Jahr bis unter 5 Jahre,Weiblich,Hessen,0
2014,1 Jahr bis unter 5 Jahre,Weiblich,Mecklenburg-Vorpommern,0
2014,1 Jahr bis unter 5 Jahre,Weiblich,Niedersachsen,0
2014,1 Jahr bis unter 5 Jahre,Weiblich,Nordrhein-Westfalen,0
2014,1 Jahr bis unter 5 Jahre,Weiblich,Rheinland-Pfalz,0
2014,1 Jahr bis unter 5 Jahre,Weiblich,Saarland,0
2014,1 Jahr bis unter 5 Jahre,Weiblich,Sachsen,0
2014,1 Jahr bis unter 5 Jahre,Weiblich,Sachsen-Anhalt,0
2014,1 Jahr bis unter 5 Jahre,Weiblich,Schleswig-Holstein,0
2014,1 Jahr bis unter 5 Jahre,Weiblich,Thüringen,0
2014,5 bis unter 10 Jahre,Männlich,Deutschland,0
2014,5 bis unter 10 Jahre,Männlich,Baden-Württemberg,0
2014,5 bis unter 10 Jahre,Männlich,Bayern,0
2014,5 bis unter 10 Jahre,Männlich,Berlin,0
2014,5 bis unter 10 Jahre,Männlich,Brandenburg,0
2014,5 bis unter 10 Jahre,Männlich,Bremen,0
2014,5 bis unter 10 Jahre,Männlich,Hamburg,0
2014,5 bis unter 10 Jahre,Männlich,Hessen,0
2014,5 bis unter 10 Jahre,Männlich,Mecklenburg-Vorpommern,0
2014,5 bis unter 10 Jahre,Männlich,Niedersachsen,0
2014,5 bis unter 10 Jahre,Männlich,Nordrhein-Westfalen,0
2014,5 bis unter 10 Jahre,Männlich,Rheinland-Pfalz,0
2014,5 bis unter 10 Jahre,Männlich,Saarland,0
2014,5 bis unter 10 Jahre,Männlich,Sachsen,0
2014,5 bis unter 10 Jahre,Männlich,Sachsen-Anhalt,0
2014,5 bis unter 10 Jahre,Männlich,Schleswig-Holstein,0
2014,5 bis unter 10 Jahre,Männlich,Thüringen,0
2014,5 bis unter 10 Jahre,Weiblich,Deutschland,0
2014,5 bis unter 10 Jahre,Weiblich,Baden-Württemberg,0
2014,5 bis unter 10 Jahre,Weiblich,Bayern,0
2014,5 bis unter 10 Jahre,Weiblich,Berlin,0
2014,5 bis unter 10 Jahre,Weiblich,Brandenburg,0
2014,5 bis unter 10 Jahre,Weiblich,Bremen,0
2014,5 bis unter 10 Jahre,Weiblich,Hamburg,0
2014,5 bis unter 10 Jahre,Weiblich,Hessen,0
2014,5 bis unter 10 Jahre,Weiblich,Mecklenburg-Vorpommern,0
2014,5 bis unter 10 Jahre,Weiblich,Niedersachsen,0
2014,5 bis unter 10 Jahre,Weiblich,Nordrhein-Westfalen,0
2014,5 bis unter 10 Jahre,Weiblich,Rheinland-Pfalz,0
2014,5 bis unter 10 Jahre,Weiblich,Saarland,0
2014,5 bis unter 10 Jahre,Weiblich,Sachsen,0
2014,5 bis unter 10 Jahre,Weiblich,Sachsen-Anhalt,0
2014,5 bis unter 10 Jahre,Weiblich,Schleswig-Holstein,0
2014,5 bis unter 10 Jahre,Weiblich,Thüringen,0
2014,10 bis unter 15 Jahre,Männlich,Deutschland,0
2014,10 bis unter 15 Jahre,Männlich,Baden-Württemberg,0
2014,10 bis unter 15 Jahre,Männlich,Bayern,0
2014,10 bis unter 15 Jahre,Männlich,Berlin,0
2014,10 bis unter 15 Jahre,Männlich,Brandenburg,0
2014,10 bis unter 15 Jahre,Männlich,Bremen,0
2014,10 bis unter 15 Jahre,Männlich,Hamburg,0
2014,10 bis unter 15 Jahre,Männlich,Hessen,0
2014,10 bis unter 15 Jahre,Männlich,Mecklenburg-Vorpommern,0
2014,10 bis unter 15 Jahre,Männlich,Niedersachsen,0
2014,10 bis unter 15 Jahre,Männlich,Nordrhein-Westfalen,0
2014,10 bis unter 15 Jahre,Männlich,Rheinland-Pfalz,0
2014,10 bis unter 15 Jahre,Männlich,Saarland,0
2014,10 bis unter 15 Jahre,Männlich,Sachsen,0
2014,10 bis unter 15 Jahre,Männlich,Sachsen-Anhalt,0
2014,10 bis unter 15 Jahre,Männlich,Schleswig-Holstein,0
2014,10 bis unter 15 Jahre,Männlich,Thüringen,0
2014,10 bis unter 15 Jahre,Weiblich,Deutschland,0
2014,10 bis unter 15 Jahre,Weiblich,Baden-Württemberg,0
2014,10 bis unter 15 Jahre,Weiblich,Bayern,0
2014,10 bis unter 15 Jahre,Weiblich,Berlin,0
2014,10 bis unter 15 Jahre,Weiblich,Brandenburg,0
2014,10 bis unter 15 Jahre,Weiblich,Bremen,0
2014,10 bis unter 15 Jahre,Weiblich,Hamburg,0
2014,10 bis unter 15 Jahre,Weiblich,Hessen,0
2014,10 bis unter 15 Jahre,Weiblich,Mecklenburg-Vorpommern,0
2014,10 bis unter 15 Jahre,Weiblich,Niedersachsen,0
2014,10 bis unter 15 Jahre,Weiblich,Nordrhein-Westfalen,0
2014,10 bis unter 15 Jahre,Weiblich,Rheinland-Pfalz,0
2014,10 bis unter 15 Jahre,Weiblich,Saarland,0
2014,10 bis unter 15 Jahre,Weiblich,Sachsen,0
2014,10 bis unter 15 Jahre,Weiblich,Sachsen-Anhalt,0
2014,10 bis unter 15 Jahre,Weiblich,Schleswig-Holstein,0
2014,10 bis unter 15 Jahre,Weiblich,Thüringen,0
2014,15 bis unter 20 Jahre,Männlich,Deutschland,12
2014,15 bis unter 20 Jahre,Männlich,Baden-Württemberg,0
2014,15 bis unter 20 Jahre,Männlich,Bayern,3
2014,15 bis unter 20 Jahre,Männlich,Berlin,1
2014,15 bis unter 20 Jahre,Männlich,Brandenburg,0
2014,15 bis unter 20 Jahre,Männlich,Bremen,0
2014,15 bis unter 20 Jahre,Männlich,Hamburg,0
2014,15 bis unter 20 Jahre,Männlich,Hessen,1
2014,15 bis unter 20 Jahre,Männlich,Mecklenburg-Vorpommern,0
2014,15 bis unter 20 Jahre,Männlich,Niedersachsen,0
2014,15 bis unter 20 Jahre,Männlich,Nordrhein-Westfalen,7
2014,15 bis unter 20 Jahre,Männlich,Rheinland-Pfalz,0
2014,15 bis unter 20 Jahre,Männlich,Saarland,0
2014,15 bis unter 20 Jahre,Männlich,Sachsen,0
2014,15 bis unter 20 Jahre,Männlich,Sachsen-Anhalt,0
2014,15 bis unter 20 Jahre,Männlich,Schleswig-Holstein,0
2014,15 bis unter 20 Jahre,Männlich,Thüringen,0
2014,15 bis unter 20 Jahre,Weiblich,Deutschland,10
2014,15 bis unter 20 Jahre,Weiblich,Baden-Württemberg,0
2014,15 bis unter 20 Jahre,Weiblich,Bayern,3
2014,15 bis unter 20 Jahre,Weiblich,Berlin,0
2014,15 bis unter 20 Jahre,Weiblich,Brandenburg,0
2014,15 bis unter 20 Jahre,Weiblich,Bremen,0
2014,15 bis unter 20 Jahre,Weiblich,Hamburg,0
2014,15 bis unter 20 Jahre,Weiblich,Hessen,1
2014,15 bis unter 20 Jahre,Weiblich,Mecklenburg-Vorpommern,0
2014,15 bis unter 20 Jahre,Weiblich,Niedersachsen,0
2014,15 bis unter 20 Jahre,Weiblich,Nordrhein-Westfalen,6
2014,15 bis unter 20 Jahre,Weiblich,Rheinland-Pfalz,0
2014,15 bis unter 20 Jahre,Weiblich,Saarland,0
2014,15 bis unter 20 Jahre,Weiblich,Sachsen,0
2014,15 bis unter 20 Jahre,Weiblich,Sachsen-Anhalt,0
2014,15 bis unter 20 Jahre,Weiblich,Schleswig-Holstein,0
2014,15 bis unter 20 Jahre,Weiblich,Thüringen,0
2014,20 bis unter 25 Jahre,Männlich,Deutschland,127
2014,20 bis unter 25 Jahre,Männlich,Baden-Württemberg,1
2014,20 bis unter 25 Jahre,Männlich,Bayern,86
2014,20 bis unter 25 Jahre,Männlich,Berlin,17
2014,20 bis unter 25 Jahre,Männlich,Brandenburg,0
2014,20 bis unter 25 Jahre,Männlich,Bremen,0
2014,20 bis unter 25 Jahre,Männlich,Hamburg,0
2014,20 bis unter 25 Jahre,Männlich,Hessen,8
2014,20 bis unter 25 Jahre,Männlich,Mecklenburg-Vorpommern,0
2014,20 bis unter 25 Jahre,Männlich,Niedersachsen,0
2014,20 bis unter 25 Jahre,Männlich,Nordrhein-Westfalen,15
2014,20 bis unter 25 Jahre,Männlich,Rheinland-Pfalz,0
2014,20 bis unter 25 Jahre,Männlich,Saarland,0
2014,20 bis unter 25 Jahre,Männlich,Sachsen,0
2014,20 bis unter 25 Jahre,Männlich,Sachsen-Anhalt,0
2014,20 bis unter 25 Jahre,Männlich,Schleswig-Holstein,0
2014,20 bis unter 25 Jahre,Männlich,Thüringen,0
2014,20 bis unter 25 Jahre,Weiblich,Deutschland,58
2014,20 bis unter 25 Jahre,Weiblich,Baden-Württemberg,1
2014,20 bis unter 25 Jahre,Weiblich,Bayern,31
2014,20 bis unter 25 Jahre,Weiblich,Berlin,5
2014,20 bis unter 25 Jahre,Weiblich,Brandenburg,0
2014,20 bis unter 25 Jahre,Weiblich,Bremen,0
2014,20 bis unter 25 Jahre,Weiblich,Hamburg,4
2014,20 bis unter 25 Jahre,Weiblich,Hessen,5
2014,20 bis unter 25 Jahre,Weiblich,Mecklenburg-Vorpommern,0
2014,20 bis unter 25 Jahre,Weiblich,Niedersachsen,0
2014,20 bis unter 25 Jahre,Weiblich,Nordrhein-Westfalen,12
2014,20 bis unter 25 Jahre,Weiblich,Rheinland-Pfalz,0
2014,20 bis unter 25 Jahre,Weiblich,Saarland,0
2014,20 bis unter 25 Jahre,Weiblich,Sachsen,0
2014,20 bis unter 25 Jahre,Weiblich,Sachsen-Anhalt,0
2014,20 bis unter 25 Jahre,Weiblich,Schleswig-Holstein,0
2014,20 bis unter 25 Jahre,Weiblich,Thüringen,0
2014,25 bis unter 30 Jahre,Männlich,Deutschland,149
2014,25 bis unter 30 Jahre,Männlich,Baden-Württemberg,0
2014,25 bis unter 30 Jahre,Männlich,Bayern,109
2014,25 bis unter 30 Jahre,Männlich,Berlin,19
2014,25 bis unter 30 Jahre,Männlich,Brandenburg,0
2014,25 bis unter 30 Jahre,Männlich,Bremen,0
2014,25 bis unter 30 Jahre,Männlich,Hamburg,0
2014,25 bis unter 30 Jahre,Männlich,Hessen,9
2014,25 bis unter 30 Jahre,Männlich,Mecklenburg-Vorpommern,0
2014,25 bis unter 30 Jahre,Männlich,Niedersachsen,1
2014,25 bis unter 30 Jahre,Männlich,Nordrhein-Westfalen,11
2014,25 bis unter 30 Jahre,Männlich,Rheinland-Pfalz,0
2014,25 bis unter 30 Jahre,Männlich,Saarland,0
2014,25 bis unter 30 Jahre,Männlich,Sachsen,0
2014,25 bis unter 30 Jahre,Männlich,Sachsen-Anhalt,0
2014,25 bis unter 30 Jahre,Männlich,Schleswig-Holstein,0
2014,25 bis unter 30 Jahre,Männlich,Thüringen,0
2014,25 bis unter 30 Jahre,Weiblich,Deutschland,40
2014,25 bis unter 30 Jahre,Weiblich,Baden-Württemberg,0
2014,25 bis unter 30 Jahre,Weiblich,Bayern,25
2014,25 bis unter 30 Jahre,Weiblich,Berlin,1
2014,25 bis unter 30 Jahre,Weiblich,Brandenburg,1
2014,25 bis unter 30 Jahre,Weiblich,Bremen,0
2014,25 bis unter 30 Jahre,Weiblich,Hamburg,3
2014,25 bis unter 30 Jahre,Weiblich,Hessen,1
2014,25 bis unter 30 Jahre,Weiblich,Mecklenburg-Vorpommern,0
2014,25 bis unter 30 Jahre,Weiblich,Niedersachsen,3
2014,25 bis unter 30 Jahre,Weiblich,Nordrhein-Westfalen,6
2014,25 bis unter 30 Jahre,Weiblich,Rheinland-Pfalz,0
2014,25 bis unter 30 Jahre,Weiblich,Saarland,0
2014,25 bis unter 30 Jahre,Weiblich,Sachsen,0
2014,25 bis unter 30 Jahre,Weiblich,Sachsen-Anhalt,0
2014,25 bis unter 30 Jahre,Weiblich,Schleswig-Holstein,0
2014,25 bis unter 30 Jahre,Weiblich,Thüringen,0
2014,30 bis unter 35 Jahre,Männlich,Deutschland,132
2014,30 bis unter 35 Jahre,Männlich,Baden-Württemberg,0
2014,30 bis unter 35 Jahre,Männlich,Bayern,100
2014,30 bis unter 35 Jahre,Männlich,Berlin,20
2014,30 bis unter 35 Jahre,Männlich,Brandenburg,0
2014,30 bis unter 35 Jahre,Männlich,Bremen,0
2014,30 bis unter 35 Jahre,Männlich,Hamburg,0
2014,30 bis unter 35 Jahre,Männlich,Hessen,5
2014,30 bis unter 35 Jahre,Männlich,Mecklenburg-Vorpommern,0
2014,30 bis unter 35 Jahre,Männlich,Niedersachsen,0
2014,30 bis unter 35 Jahre,Männlich,Nordrhein-Westfalen,7
2014,30 bis unter 35 Jahre,Männlich,Rheinland-Pfalz,0
2014,30 bis unter 35 Jahre,Männlich,Saarland,0
2014,30 bis unter 35 Jahre,Männlich,Sachsen,0
2014,30 bis unter 35 Jahre,Männlich,Sachsen-Anhalt,0
2014,30 bis unter 35 Jahre,Männlich,Schleswig-Holstein,0
2014,30 bis unter 35 Jahre,Männlich,Thüringen,0
2014,30 bis unter 35 Jahre,Weiblich,Deutschland,43
2014,30 bis unter 35 Jahre,Weiblich,Baden-Württemberg,0
2014,30 bis unter 35 Jahre,Weiblich,Bayern,25
2014,30 bis unter 35 Jahre,Weiblich,Berlin,7
2014,30 bis unter 35 Jahre,Weiblich,Brandenburg,0
2014,30 bis unter 35 Jahre,Weiblich,Bremen,0
2014,30 bis unter 35 Jahre,Weiblich,Hamburg,4
2014,30 bis unter 35 Jahre,Weiblich,Hessen,3
2014,30 bis unter 35 Jahre,Weiblich,Mecklenburg-Vorpommern,0
2014,30 bis unter 35 Jahre,Weiblich,Niedersachsen,1
2014,30 bis unter 35 Jahre,Weiblich,Nordrhein-Westfalen,3
2014,30 bis unter 35 Jahre,Weiblich,Rheinland-Pfalz,0
2014,30 bis unter 35 Jahre,Weiblich,Saarland,0
2014,30 bis unter 35 Jahre,Weiblich,Sachsen,0
2014,30 bis unter 35 Jahre,Weiblich,Sachsen-Anhalt,0
2014,30 bis unter 35 Jahre,Weiblich,Schleswig-Holstein,0
2014,30 bis unter 35 Jahre,Weiblich,Thüringen,0
2014,35 bis unter 40 Jahre,Männlich,Deutschland,89
2014,35 bis unter 40 Jahre,Männlich,Baden-Württemberg,0
2014,35 bis unter 40 Jahre,Männlich,Bayern,59
2014,35 bis unter 40 Jahre,Männlich,Berlin,13
2014,35 bis unter 40 Jahre,Männlich,Brandenburg,0
2014,35 bis unter 40 Jahre,Männlich,Bremen,0
2014,35 bis unter 40 Jahre,Männlich,Hamburg,1
2014,35 bis unter 40 Jahre,Männlich,Hessen,11
2014,35 bis unter 40 Jahre,Männlich,Mecklenburg-Vorpommern,0
2014,35 bis unter 40 Jahre,Männlich,Niedersachsen,0
2014,35 bis unter 40 Jahre,Männlich,Nordrhein-Westfalen,5
2014,35 bis unter 40 Jahre,Männlich,Rheinland-Pfalz,0
2014,35 bis unter 40 Jahre,Männlich,Saarland,0
2014,35 bis unter 40 Jahre,Männlich,Sachsen,0
2014,35 bis unter 40 Jahre,Männlich,Sachsen-Anhalt,0
2014,35 bis unter 40 Jahre,Männlich,Schleswig-Holstein,0
2014,35 bis unter 40 Jahre,Männlich,Thüringen,0
2014,35 bis unter 40 Jahre,Weiblich,Deutschland,43
2014,35 bis unter 40 Jahre,Weiblich,Baden-Württemberg,1
2014,35 bis unter 40 Jahre,Weiblich,Bayern,26
2014,35 bis unter 40 Jahre,Weiblich,Berlin,5
2014,35 bis unter 40 Jahre,Weiblich,Brandenburg,0
2014,35 bis unter 40 Jahre,Weiblich,Bremen,0
2014,35 bis unter 40 Jahre,Weiblich,Hamburg,5
2014,35 bis unter 40 Jahre,Weiblich,Hessen,1
2014,35 bis unter 40 Jahre,Weiblich,Mecklenburg-Vorpommern,0
2014,35 bis unter 40 Jahre,Weiblich,Niedersachsen,0
2014,35 bis unter 40 Jahre,Weiblich,Nordrhein-Westfalen,5
2014,35 bis unter 40 Jahre,Weiblich,Rheinland-Pfalz,0
2014,35 bis unter 40 Jahre,Weiblich,Saarland,0
2014,35 bis unter 40 Jahre,Weiblich,Sachsen,0
2014,35 bis unter 40 Jahre,Weiblich,Sachsen-Anhalt,0
2014,35 bis unter 40 Jahre,Weiblich,Schleswig-Holstein,0
2014,35 bis unter 40 Jahre,Weiblich,Thüringen,0
2014,40 bis unter 45 Jahre,Männlich,Deutschland,63
2014,40 bis unter 45 Jahre,Männlich,Baden-Württemberg,0
2014,40 bis unter 45 Jahre,Männlich,Bayern,50
2014,40 bis unter 45 Jahre,Männlich,Berlin,5
2014,40 bis unter 45 Jahre,Männlich,Brandenburg,0
2014,40 bis unter 45 Jahre,Männlich,Bremen,0
2014,40 bis unter 45 Jahre,Männlich,Hamburg,0
2014,40 bis unter 45 Jahre,Männlich,Hessen,6
2014,40 bis unter 45 Jahre,Männlich,Mecklenburg-Vorpommern,0
2014,40 bis unter 45 Jahre,Männlich,Niedersachsen,0
2014,40 bis unter 45 Jahre,Männlich,Nordrhein-Westfalen,2
2014,40 bis unter 45 Jahre,Männlich,Rheinland-Pfalz,0
2014,40 bis unter 45 Jahre,Männlich,Saarland,0
2014,40 bis unter 45 Jahre,Männlich,Sachsen,0
2014,40 bis unter 45 Jahre,Männlich,Sachsen-Anhalt,0
2014,40 bis unter 45 Jahre,Männlich,Schleswig-Holstein,0
2014,40 bis unter 45 Jahre,Männlich,Thüringen,0
2014,40 bis unter 45 Jahre,Weiblich,Deutschland,48
2014,40 bis unter 45 Jahre,Weiblich,Baden-Württemberg,0
2014,40 bis unter 45 Jahre,Weiblich,Bayern,30
2014,40 bis unter 45 Jahre,Weiblich,Berlin,5
2014,40 bis unter 45 Jahre,Weiblich,Brandenburg,0
2014,40 bis unter 45 Jahre,Weiblich,Bremen,0
2014,40 bis unter 45 Jahre,Weiblich,Hamburg,9
2014,40 bis unter 45 Jahre,Weiblich,Hessen,0
2014,40 bis unter 45 Jahre,Weiblich,Mecklenburg-Vorpommern,0
2014,40 bis unter 45 Jahre,Weiblich,Niedersachsen,3
2014,40 bis unter 45 Jahre,Weiblich,Nordrhein-Westfalen,1
2014,40 bis unter 45 Jahre,Weiblich,Rheinland-Pfalz,0
2014,40 bis unter 45 Jahre,Weiblich,Saarland,0
2014,40 bis unter 45 Jahre,Weiblich,Sachsen,0
2014,40 bis unter 45 Jahre,Weiblich,Sachsen-Anhalt,0
2014,40 bis unter 45 Jahre,Weiblich,Schleswig-Holstein,0
2014,40 bis unter 45 Jahre,Weiblich,Thüringen,0
2014,45 bis unter 50 Jahre,Männlich,Deutschland,61
2014,45 bis unter 50 Jahre,Männlich,Baden-Württemberg,0
2014,45 bis unter 50 Jahre,Männlich,Bayern,45
2014,45 bis unter 50 Jahre,Männlich,Berlin,10
2014,45 bis unter 50 Jahre,Männlich,Brandenburg,0
2014,45 bis unter 50 Jahre,Männlich,Bremen,0
2014,45 bis unter 50 Jahre,Männlich,Hamburg,0
2014,45 bis unter 50 Jahre,Männlich,Hessen,3
2014,45 bis unter 50 Jahre,Männlich,Mecklenburg-Vorpommern,0
2014,45 bis unter 50 Jahre,Männlich,Niedersachsen,1
2014,45 bis unter 50 Jahre,Männlich,Nordrhein-Westfalen,2
2014,45 bis unter 50 Jahre,Männlich,Rheinland-Pfalz,0
2014,45 bis unter 50 Jahre,Männlich,Saarland,0
2014,45 bis unter 50 Jahre,Männlich,Sachsen,0
2014,45 bis unter 50 Jahre,Männlich,Sachsen-Anhalt,0
2014,45 bis unter 50 Jahre,Männlich,Schleswig-Holstein,0
2014,45 bis unter 50 Jahre,Männlich,Thüringen,0
2014,45 bis unter 50 Jahre,Weiblich,Deutschland,65
2014,45 bis unter 50 Jahre,Weiblich,Baden-Württemberg,2
2014,45 bis unter 50 Jahre,Weiblich,Bayern,32
2014,45 bis unter 50 Jahre,Weiblich,Berlin,7
2014,45 bis unter 50 Jahre,Weiblich,Brandenburg,0
2014,45 bis unter 50 Jahre,Weiblich,Bremen,0
2014,45 bis unter 50 Jahre,Weiblich,Hamburg,13
2014,45 bis unter 50 Jahre,Weiblich,Hessen,4
2014,45 bis unter 50 Jahre,Weiblich,Mecklenburg-Vorpommern,0
2014,45 bis unter 50 Jahre,Weiblich,Niedersachsen,1
2014,45 bis unter 50 Jahre,Weiblich,Nordrhein-Westfalen,6
2014,45 bis unter 50 Jahre,Weiblich,Rheinland-Pfalz,0
2014,45 bis unter 50 Jahre,Weiblich,Saarland,0
2014,45 bis unter 50 Jahre,Weiblich,Sachsen,0
2014,45 bis unter 50 Jahre,Weiblich,Sachsen-Anhalt,0
2014,45 bis unter 50 Jahre,Weiblich,Schleswig-Holstein,0
2014,45 bis unter 50 Jahre,Weiblich,Thüringen,0
2014,50 bis unter 55 Jahre,Männlich,Deutschland,26
2014,50 bis unter 55 Jahre,Männlich,Baden-Württemberg,0
2014,50 bis unter 55 Jahre,Männlich,Bayern,11
2014,50 bis unter 55 Jahre,Männlich,Berlin,10
2014,50 bis unter 55 Jahre,Männlich,Brandenburg,0
2014,50 bis unter 55 Jahre,Männlich,Bremen,0
2014,50 bis unter 55 Jahre,Männlich,Hamburg,0
2014,50 bis unter 55 Jahre,Männlich,Hessen,2
2014,50 bis unter 55 Jahre,Männlich,Mecklenburg-Vorpommern,0
2014,50 bis unter 55 Jahre,Männlich,Niedersachsen,0
2014,50 bis unter 55 Jahre,Männlich,Nordrhein-Westfalen,2
2014,50 bis unter 55 Jahre,Männlich,Rheinland-Pfalz,0
2014,50 bis unter 55 Jahre,Männlich,Saarland,0
2014,50 bis unter 55 Jahre,Männlich,Sachsen,1
2014,50 bis unter 55 Jahre,Männlich,Sachsen-Anhalt,0
2014,50 bis unter 55 Jahre,Männlich,Schleswig-Holstein,0
2014,50 bis unter 55 Jahre,Männlich,Thüringen,0
2014,50 bis unter 55 Jahre,Weiblich,Deutschland,39
2014,50 bis unter 55 Jahre,Weiblich,Baden-Württemberg,0
2014,50 bis unter 55 Jahre,Weiblich,Bayern,20
2014,50 bis unter 55 Jahre,Weiblich,Berlin,1
2014,50 bis unter 55 Jahre,Weiblich,Brandenburg,0
2014,50 bis unter 55 Jahre,Weiblich,Bremen,0
2014,50 bis unter 55 Jahre,Weiblich,Hamburg,5
2014,50 bis unter 55 Jahre,Weiblich,Hessen,3
2014,50 bis unter 55 Jahre,Weiblich,Mecklenburg-Vorpommern,0
2014,50 bis unter 55 Jahre,Weiblich,Niedersachsen,1
2014,50 bis unter 55 Jahre,Weiblich,Nordrhein-Westfalen,9
2014,50 bis unter 55 Jahre,Weiblich,Rheinland-Pfalz,0
2014,50 bis unter 55 Jahre,Weiblich,Saarland,0
2014,50 bis unter 55 Jahre,Weiblich,Sachsen,0
2014,50 bis unter 55 Jahre,Weiblich,Sachsen-Anhalt,0
2014,50 bis unter 55 Jahre,Weiblich,Schleswig-Holstein,0
2014,50 bis unter 55 Jahre,Weiblich,Thüringen,0
2014,55 bis unter 60 Jahre,Männlich,Deutschland,7
2014,55 bis unter 60 Jahre,Männlich,Baden-Württemberg,0
2014,55 bis unter 60 Jahre,Männlich,Bayern,5
2014,55 bis unter 60 Jahre,Männlich,Berlin,2
2014,55 bis unter 60 Jahre,Männlich,Brandenburg,0
2014,55 bis unter 60 Jahre,Männlich,Bremen,0
2014,55 bis unter 60 Jahre,Männlich,Hamburg,0
2014,55 bis unter 60 Jahre,Männlich,Hessen,0
2014,55 bis unter 60 Jahre,Männlich,Mecklenburg-Vorpommern,0
2014,55 bis unter 60 Jahre,Männlich,Niedersachsen,0
2014,55 bis unter 60 Jahre,Männlich,Nordrhein-Westfalen,0
2014,55 bis unter 60 Jahre,Männlich,Rheinland-Pfalz,0
2014,55 bis unter 60 Jahre,Männlich,Saarland,0
2014,55 bis unter 60 Jahre,Männlich,Sachsen,0
2014,55 bis unter 60 Jahre,Männlich,Sachsen-Anhalt,0
2014,55 bis unter 60 Jahre,Männlich,Schleswig-Holstein,0
2014,55 bis unter 60 Jahre,Männlich,Thüringen,0
2014,55 bis unter 60 Jahre,Weiblich,Deutschland,27
2014,55 bis unter 60 Jahre,Weiblich,Baden-Württemberg,1
2014,55 bis unter 60 Jahre,Weiblich,Bayern,13
2014,55 bis unter 60 Jahre,Weiblich,Berlin,3
2014,55 bis unter 60 Jahre,Weiblich,Brandenburg,0
2014,55 bis unter 60 Jahre,Weiblich,Bremen,0
2014,55 bis unter 60 Jahre,Weiblich,Hamburg,4
2014,55 bis unter 60 Jahre,Weiblich,Hessen,1
2014,55 bis unter 60 Jahre,Weiblich,Mecklenburg-Vorpommern,0
2014,55 bis unter 60 Jahre,Weiblich,Niedersachsen,0
2014,55 bis unter 60 Jahre,Weiblich,Nordrhein-Westfalen,3
2014,55 bis unter 60 Jahre,Weiblich,Rheinland-Pfalz,0
2014,55 bis unter 60 Jahre,Weiblich,Saarland,0
2014,55 bis unter 60 Jahre,Weiblich,Sachsen,2
2014,55 bis unter 60 Jahre,Weiblich,Sachsen-Anhalt,0
2014,55 bis unter 60 Jahre,Weiblich,Schleswig-Holstein,0
2014,55 bis unter 60 Jahre,Weiblich,Thüringen,0
2014,60 bis unter 65 Jahre,Männlich,Deutschland,0
2014,60 bis unter 65 Jahre,Männlich,Baden-Württemberg,0
2014,60 bis unter 65 Jahre,Männlich,Bayern,0
2014,60 bis unter 65 Jahre,Männlich,Berlin,0
2014,60 bis unter 65 Jahre,Männlich,Brandenburg,0
2014,60 bis unter 65 Jahre,Männlich,Bremen,0
2014,60 bis unter 65 Jahre,Männlich,Hamburg,0
2014,60 bis unter 65 Jahre,Männlich,Hessen,0
2014,60 bis unter 65 Jahre,Männlich,Mecklenburg-Vorpommern,0
2014,60 bis unter 65 Jahre,Männlich,Niedersachsen,0
2014,60 bis unter 65 Jahre,Männlich,Nordrhein-Westfalen,0
2014,60 bis unter 65 Jahre,Männlich,Rheinland-Pfalz,0
2014,60 bis unter 65 Jahre,Männlich,Saarland,0
2014,60 bis unter 65 Jahre,Männlich,Sachsen,0
2014,60 bis unter 65 Jahre,Männlich,Sachsen-Anhalt,0
2014,60 bis unter 65 Jahre,Männlich,Schleswig-Holstein,0
2014,60 bis unter 65 Jahre,Männlich,Thüringen,0
2014,60 bis unter 65 Jahre,Weiblich,Deutschland,11
2014,60 bis unter 65 Jahre,Weiblich,Baden-Württemberg,2
2014,60 bis unter 65 Jahre,Weiblich,Bayern,1
2014,60 bis unter 65 Jahre,Weiblich,Berlin,5
2014,60 bis unter 65 Jahre,Weiblich,Brandenburg,0
2014,60 bis unter 65 Jahre,Weiblich,Bremen,0
2014,60 bis unter 65 Jahre,Weiblich,Hamburg,0
2014,60 bis unter 65 Jahre,Weiblich,Hessen,0
2014,60 bis unter 65 Jahre,Weiblich,Mecklenburg-Vorpommern,0
2014,60 bis unter 65 Jahre,Weiblich,Niedersachsen,1
2014,60 bis unter 65 Jahre,Weiblich,Nordrhein-Westfalen,2
2014,60 bis unter 65 Jahre,Weiblich,Rheinland-Pfalz,0
2014,60 bis unter 65 Jahre,Weiblich,Saarland,0
2014,60 bis unter 65 Jahre,Weiblich,Sachsen,0
2014,60 bis unter 65 Jahre,Weiblich,Sachsen-Anhalt,0
2014,60 bis unter 65 Jahre,Weiblich,Schleswig-Holstein,0
2014,60 bis unter 65 Jahre,Weiblich,Thüringen,0
2014,65 bis unter 70 Jahre,Männlich,Deutschland,0
2014,65 bis unter 70 Jahre,Männlich,Baden-Württemberg,0
2014,65 bis unter 70 Jahre,Männlich,Bayern,0
2014,65 bis unter 70 Jahre,Männlich,Berlin,0
2014,65 bis unter 70 Jahre,Männlich,Brandenburg,0
2014,65 bis unter 70 Jahre,Männlich,Bremen,0
2014,65 bis unter 70 Jahre,Männlich,Hamburg,0
2014,65 bis unter 70 Jahre,Männlich,Hessen,0
2014,65 bis unter 70 Jahre,Männlich,Mecklenburg-Vorpommern,0
2014,65 bis unter 70 Jahre,Männlich,Niedersachsen,0
2014,65 bis unter 70 Jahre,Männlich,Nordrhein-Westfalen,0
2014,65 bis unter 70 Jahre,Männlich,Rheinland-Pfalz,0
2014,65 bis unter 70 Jahre,Männlich,Saarland,0
2014,65 bis unter 70 Jahre,Männlich,Sachsen,0
2014,65 bis unter 70 Jahre,Männlich,Sachsen-Anhalt,0
2014,65 bis unter 70 Jahre,Männlich,Schleswig-Holstein,0
2014,65 bis unter 70 Jahre,Männlich,Thüringen,0
2014,65 bis unter 70 Jahre,Weiblich,Deutschland,1
2014,65 bis unter 70 Jahre,Weiblich,Baden-Württemberg,0
2014,65 bis unter 70 Jahre,Weiblich,Bayern,1
2014,65 bis unter 70 Jahre,Weiblich,Berlin,0
2014,65 bis unter 70 Jahre,Weiblich,Brandenburg,0
2014,65 bis unter 70 Jahre,Weiblich,Bremen,0
2014,65 bis unter 70 Jahre,Weiblich,Hamburg,0
2014,65 bis unter 70 Jahre,Weiblich,Hessen,0
2014,65 bis unter 70 Jahre,Weiblich,Mecklenburg-Vorpommern,0
2014,65 bis unter 70 Jahre,Weiblich,Niedersachsen,0
2014,65 bis unter 70 Jahre,Weiblich,Nordrhein-Westfalen,0
2014,65 bis unter 70 Jahre,Weiblich,Rheinland-Pfalz,0
2014,65 bis unter 70 Jahre,Weiblich,Saarland,0
2014,65 bis unter 70 Jahre,Weiblich,Sachsen,0
2014,65 bis unter 70 Jahre,Weiblich,Sachsen-Anhalt,0
2014,65 bis unter 70 Jahre,Weiblich,Schleswig-Holstein,0
2014,65 bis unter 70 Jahre,Weiblich,Thüringen,0
2014,70 bis unter 75 Jahre,Männlich,Deutschland,0
2014,70 bis unter 75 Jahre,Männlich,Baden-Württemberg,0
2014,70 bis unter 75 Jahre,Männlich,Bayern,0
2014,70 bis unter 75 Jahre,Männlich,Berlin,0
2014,70 bis unter 75 Jahre,Männlich,Brandenburg,0
2014,70 bis unter 75 Jahre,Männlich,Bremen,0
2014,70 bis unter 75 Jahre,Männlich,Hamburg,0
2014,70 bis unter 75 Jahre,Männlich,Hessen,0
2014,70 bis unter 75 Jahre,Männlich,Mecklenburg-Vorpommern,0
2014,70 bis unter 75 Jahre,Männlich,Niedersachsen,0
2014,70 bis unter 75 Jahre,Männlich,Nordrhein-Westfalen,0
2014,70 bis unter 75 Jahre,Männlich,Rheinland-Pfalz,0
2014,70 bis unter 75 Jahre,Männlich,Saarland,0
2014,70 bis unter 75 Jahre,Männlich,Sachsen,0
2014,70 bis unter 75 Jahre,Männlich,Sachsen-Anhalt,0
2014,70 bis unter 75 Jahre,Männlich,Schleswig-Holstein,0
2014,70 bis unter 75 Jahre,Männlich,Thüringen,0
2014,70 bis unter 75 Jahre,Weiblich,Deutschland,0
2014,70 bis unter 75 Jahre,Weiblich,Baden-Württemberg,0
2014,70 bis unter 75 Jahre,Weiblich,Bayern,0
2014,70 bis unter 75 Jahre,Weiblich,Berlin,0
2014,70 bis unter 75 Jahre,Weiblich,Brandenburg,0
2014,70 bis unter 75 Jahre,Weiblich,Bremen,0
2014,70 bis unter 75 Jahre,Weiblich,Hamburg,0
2014,70 bis unter 75 Jahre,Weiblich,Hessen,0
2014,70 bis unter 75 Jahre,Weiblich,Mecklenburg-Vorpommern,0
2014,70 bis unter 75 Jahre,Weiblich,Niedersachsen,0
2014,70 bis unter 75 Jahre,Weiblich,Nordrhein-Westfalen,0
2014,70 bis unter 75 Jahre,Weiblich,Rheinland-Pfalz,0
2014,70 bis unter 75 Jahre,Weiblich,Saarland,0
2014,70 bis unter 75 Jahre,Weiblich,Sachsen,0
2014,70 bis unter 75 Jahre,Weiblich,Sachsen-Anhalt,0
2014,70 bis unter 75 Jahre,Weiblich,Schleswig-Holstein,0
2014,70 bis unter 75 Jahre,Weiblich,Thüringen,0
2014,75 bis unter 80 Jahre,Männlich,Deutschland,0
2014,75 bis unter 80 Jahre,Männlich,Baden-Württemberg,0
2014,75 bis unter 80 Jahre,Männlich,Bayern,0
2014,75 bis unter 80 Jahre,Männlich,Berlin,0
2014,75 bis unter 80 Jahre,Männlich,Brandenburg,0
2014,75 bis unter 80 Jahre,Männlich,Bremen,0
2014,75 bis unter 80 Jahre,Männlich,Hamburg,0
2014,75 bis unter 80 Jahre,Männlich,Hessen,0
2014,75 bis unter 80 Jahre,Männlich,Mecklenburg-Vorpommern,0
2014,75 bis unter 80 Jahre,Männlich,Niedersachsen,0
2014,75 bis unter 80 Jahre,Männlich,Nordrhein-Westfalen,0
2014,75 bis unter 80 Jahre,Männlich,Rheinland-Pfalz,0
2014,75 bis unter 80 Jahre,Männlich,Saarland,0
2014,75 bis unter 80 Jahre,Männlich,Sachsen,0
2014,75 bis unter 80 Jahre,Männlich,Sachsen-Anhalt,0
2014,75 bis unter 80 Jahre,Männlich,Schleswig-Holstein,0
2014,75 bis unter 80 Jahre,Männlich,Thüringen,0
2014,75 bis unter 80 Jahre,Weiblich,Deutschland,0
2014,75 bis unter 80 Jahre,Weiblich,Baden-Württemberg,0
2014,75 bis unter 80 Jahre,Weiblich,Bayern,0
2014,75 bis unter 80 Jahre,Weiblich,Berlin,0
2014,75 bis unter 80 Jahre,Weiblich,Brandenburg,0
2014,75 bis unter 80 Jahre,Weiblich,Bremen,0
2014,75 bis unter 80 Jahre,Weiblich,Hamburg,0
2014,75 bis unter 80 Jahre,Weiblich,Hessen,0
2014,75 bis unter 80 Jahre,Weiblich,Mecklenburg-Vorpommern,0
2014,75 bis unter 80 Jahre,Weiblich,Niedersachsen,0
2014,75 bis unter 80 Jahre,Weiblich,Nordrhein-Westfalen,0
2014,75 bis unter 80 Jahre,Weiblich,Rheinland-Pfalz,0
2014,75 bis unter 80 Jahre,Weiblich,Saarland,0
2014,75 bis unter 80 Jahre,Weiblich,Sachsen,0
2014,75 bis unter 80 Jahre,Weiblich,Sachsen-Anhalt,0
2014,75 bis unter 80 Jahre,Weiblich,Schleswig-Holstein,0
2014,75 bis unter 80 Jahre,Weiblich,Thüringen,0
2014,80 bis unter 85 Jahre,Männlich,Deutschland,0
2014,80 bis unter 85 Jahre,Männlich,Baden-Württemberg,0
2014,80 bis unter 85 Jahre,Männlich,Bayern,0
2014,80 bis unter 85 Jahre,Männlich,Berlin,0
2014,80 bis unter 85 Jahre,Männlich,Brandenburg,0
2014,80 bis unter 85 Jahre,Männlich,Bremen,0
2014,80 bis unter 85 Jahre,Männlich,Hamburg,0
2014,80 bis unter 85 Jahre,Männlich,Hessen,0
2014,80 bis unter 85 Jahre,Männlich,Mecklenburg-Vorpommern,0
2014,80 bis unter 85 Jahre,Männlich,Niedersachsen,0
2014,80 bis unter 85 Jahre,Männlich,Nordrhein-Westfalen,0
2014,80 bis unter 85 Jahre,Männlich,Rheinland-Pfalz,0
2014,80 bis unter 85 Jahre,Männlich,Saarland,0
2014,80 bis unter 85 Jahre,Männlich,Sachsen,0
2014,80 bis unter 85 Jahre,Männlich,Sachsen-Anhalt,0
2014,80 bis unter 85 Jahre,Männlich,Schleswig-Holstein,0
2014,80 bis unter 85 Jahre,Männlich,Thüringen,0
2014,80 bis unter 85 Jahre,Weiblich,Deutschland,0
2014,80 bis unter 85 Jahre,Weiblich,Baden-Württemberg,0
2014,80 bis unter 85 Jahre,Weiblich,Bayern,0
2014,80 bis unter 85 Jahre,Weiblich,Berlin,0
2014,80 bis unter 85 Jahre,Weiblich,Brandenburg,0
2014,80 bis unter 85 Jahre,Weiblich,Bremen,0
2014,80 bis unter 85 Jahre,Weiblich,Hamburg,0
2014,80 bis unter 85 Jahre,Weiblich,Hessen,0
2014,80 bis unter 85 Jahre,Weiblich,Mecklenburg-Vorpommern,0
2014,80 bis unter 85 Jahre,Weiblich,Niedersachsen,0
2014,80 bis unter 85 Jahre,Weiblich,Nordrhein-Westfalen,0
2014,80 bis unter 85 Jahre,Weiblich,Rheinland-Pfalz,0
2014,80 bis unter 85 Jahre,Weiblich,Saarland,0
2014,80 bis unter 85 Jahre,Weiblich,Sachsen,0
2014,80 bis unter 85 Jahre,Weiblich,Sachsen-Anhalt,0
2014,80 bis unter 85 Jahre,Weiblich,Schleswig-Holstein,0
2014,80 bis unter 85 Jahre,Weiblich,Thüringen,0
2014,85 bis unter 90 Jahre,Männlich,Deutschland,0
2014,85 bis unter 90 Jahre,Männlich,Baden-Württemberg,0
2014,85 bis unter 90 Jahre,Männlich,Bayern,0
2014,85 bis unter 90 Jahre,Männlich,Berlin,0
2014,85 bis unter 90 Jahre,Männlich,Brandenburg,0
2014,85 bis unter 90 Jahre,Männlich,Bremen,0
2014,85 bis unter 90 Jahre,Männlich,Hamburg,0
2014,85 bis unter 90 Jahre,Männlich,Hessen,0
2014,85 bis unter 90 Jahre,Männlich,Mecklenburg-Vorpommern,0
2014,85 bis unter 90 Jahre,Männlich,Niedersachsen,0
2014,85 bis unter 90 Jahre,Männlich,Nordrhein-Westfalen,0
2014,85 bis unter 90 Jahre,Männlich,Rheinland-Pfalz,0
2014,85 bis unter 90 Jahre,Männlich,Saarland,0
2014,85 bis unter 90 Jahre,Männlich,Sachsen,0
2014,85 bis unter 90 Jahre,Männlich,Sachsen-Anhalt,0
2014,85 bis unter 90 Jahre,Männlich,Schleswig-Holstein,0
2014,85 bis unter 90 Jahre,Männlich,Thüringen,0
2014,85 bis unter 90 Jahre,Weiblich,Deutschland,0
2014,85 bis unter 90 Jahre,Weiblich,Baden-Württemberg,0
2014,85 bis unter 90 Jahre,Weiblich,Bayern,0
2014,85 bis unter 90 Jahre,Weiblich,Berlin,0
2014,85 bis unter 90 Jahre,Weiblich,Brandenburg,0
2014,85 bis unter 90 Jahre,Weiblich,Bremen,0
2014,85 bis unter 90 Jahre,Weiblich,Hamburg,0
2014,85 bis unter 90 Jahre,Weiblich,Hessen,0
2014,85 bis unter 90 Jahre,Weiblich,Mecklenburg-Vorpommern,0
2014,85 bis unter 90 Jahre,Weiblich,Niedersachsen,0
2014,85 bis unter 90 Jahre,Weiblich,Nordrhein-Westfalen,0
2014,85 bis unter 90 Jahre,Weiblich,Rheinland-Pfalz,0
2014,85 bis unter 90 Jahre,Weiblich,Saarland,0
2014,85 bis unter 90 Jahre,Weiblich,Sachsen,0
2014,85 bis unter 90 Jahre,Weiblich,Sachsen-Anhalt,0
2014,85 bis unter 90 Jahre,Weiblich,Schleswig-Holstein,0
2014,85 bis unter 90 Jahre,Weiblich,Thüringen,0
2014,90 bis unter 95 Jahre,Männlich,Deutschland,0
2014,90 bis unter 95 Jahre,Männlich,Baden-Württemberg,0
2014,90 bis unter 95 Jahre,Männlich,Bayern,0
2014,90 bis unter 95 Jahre,Männlich,Berlin,0
2014,90 bis unter 95 Jahre,Männlich,Brandenburg,0
2014,90 bis unter 95 Jahre,Männlich,Bremen,0
2014,90 bis unter 95 Jahre,Männlich,Hamburg,0
2014,90 bis unter 95 Jahre,Männlich,Hessen,0
2014,90 bis unter 95 Jahre,Männlich,Mecklenburg-Vorpommern,0
2014,90 bis unter 95 Jahre,Männlich,Niedersachsen,0
2014,90 bis unter 95 Jahre,Männlich,Nordrhein-Westfalen,0
2014,90 bis unter 95 Jahre,Männlich,Rheinland-Pfalz,0
2014,90 bis unter 95 Jahre,Männlich,Saarland,0
2014,90 bis unter 95 Jahre,Männlich,Sachsen,0
2014,90 bis unter 95 Jahre,Männlich,Sachsen-Anhalt,0
2014,90 bis unter 95 Jahre,Männlich,Schleswig-Holstein,0
2014,90 bis unter 95 Jahre,Männlich,Thüringen,0
2014,90 bis unter 95 Jahre,Weiblich,Deutschland,0
2014,90 bis unter 95 Jahre,Weiblich,Baden-Württemberg,0
2014,90 bis unter 95 Jahre,Weiblich,Bayern,0
2014,90 bis unter 95 Jahre,Weiblich,Berlin,0
2014,90 bis unter 95 Jahre,Weiblich,Brandenburg,0
2014,90 bis unter 95 Jahre,Weiblich,Bremen,0
2014,90 bis unter 95 Jahre,Weiblich,Hamburg,0
2014,90 bis unter 95 Jahre,Weiblich,Hessen,0
2014,90 bis unter 95 Jahre,Weiblich,Mecklenburg-Vorpommern,0
2014,90 bis unter 95 Jahre,Weiblich,Niedersachsen,0
2014,90 bis unter 95 Jahre,Weiblich,Nordrhein-Westfalen,0
2014,90 bis unter 95 Jahre,Weiblich,Rheinland-Pfalz,0
2014,90 bis unter 95 Jahre,Weiblich,Saarland,0
2014,90 bis unter 95 Jahre,Weiblich,Sachsen,0
2014,90 bis unter 95 Jahre,Weiblich,Sachsen-Anhalt,0
2014,90 bis unter 95 Jahre,Weiblich,Schleswig-Holstein,0
2014,90 bis unter 95 Jahre,Weiblich,Thüringen,0
2014,95 Jahre und älter,Männlich,Deutschland,0
2014,95 Jahre und älter,Männlich,Baden-Württemberg,0
2014,95 Jahre und älter,Männlich,Bayern,0
2014,95 Jahre und älter,Männlich,Berlin,0
2014,95 Jahre und älter,Männlich,Brandenburg,0
2014,95 Jahre und älter,Männlich,Bremen,0
2014,95 Jahre und älter,Männlich,Hamburg,0
2014,95 Jahre und älter,Männlich,Hessen,0
2014,95 Jahre und älter,Männlich,Mecklenburg-Vorpommern,0
2014,95 Jahre und älter,Männlich,Niedersachsen,0
2014,95 Jahre und älter,Männlich,Nordrhein-Westfalen,0
2014,95 Jahre und älter,Männlich,Rheinland-Pfalz,0
2014,95 Jahre und älter,Männlich,Saarland,0
2014,95 Jahre und älter,Männlich,Sachsen,0
2014,95 Jahre und älter,Männlich,Sachsen-Anhalt,0
2014,95 Jahre und älter,Männlich,Schleswig-Holstein,0
2014,95 Jahre und älter,Männlich,Thüringen,0
2014,95 Jahre und älter,Weiblich,Deutschland,0
2014,95 Jahre und älter,Weiblich,Baden-Württemberg,0
2014,95 Jahre und älter,Weiblich,Bayern,0
2014,95 Jahre und älter,Weiblich,Berlin,0
2014,95 Jahre und älter,Weiblich,Brandenburg,0
2014,95 Jahre und älter,Weiblich,Bremen,0
2014,95 Jahre und älter,Weiblich,Hamburg,0
2014,95 Jahre und älter,Weiblich,Hessen,0
2014,95 Jahre und älter,Weiblich,Mecklenburg-Vorpommern,0
2014,95 Jahre und älter,Weiblich,Niedersachsen,0
2014,95 Jahre und älter,Weiblich,Nordrhein-Westfalen,0
2014,95 Jahre und älter,Weiblich,Rheinland-Pfalz,0
2014,95 Jahre und älter,Weiblich,Saarland,0
2014,95 Jahre und älter,Weiblich,Sachsen,0
2014,95 Jahre und älter,Weiblich,Sachsen-Anhalt,0
2014,95 Jahre und älter,Weiblich,Schleswig-Holstein,0
2014,95 Jahre und älter,Weiblich,Thüringen,0
2015,Unter 1 Jahr,Männlich,Deutschland,0
2015,Unter 1 Jahr,Männlich,Baden-Württemberg,0
2015,Unter 1 Jahr,Männlich,Bayern,0
2015,Unter 1 Jahr,Männlich,Berlin,0
2015,Unter 1 Jahr,Männlich,Brandenburg,0
2015,Unter 1 Jahr,Männlich,Bremen,0
2015,Unter 1 Jahr,Männlich,Hamburg,0
2015,Unter 1 Jahr,Männlich,Hessen,0
2015,Unter 1 Jahr,Männlich,Mecklenburg-Vorpommern,0
2015,Unter 1 Jahr,Männlich,Niedersachsen,0
2015,Unter 1 Jahr,Männlich,Nordrhein-Westfalen,0
2015,Unter 1 Jahr,Männlich,Rheinland-Pfalz,0
2015,Unter 1 Jahr,Männlich,Saarland,0
2015,Unter 1 Jahr,Männlich,Sachsen,0
2015,Unter 1 Jahr,Männlich,Sachsen-Anhalt,0
2015,Unter 1 Jahr,Männlich,Schleswig-Holstein,0
2015,Unter 1 Jahr,Männlich,Thüringen,0
2015,Unter 1 Jahr,Weiblich,Deutschland,0
2015,Unter 1 Jahr,Weiblich,Baden-Württemberg,0
2015,Unter 1 Jahr,Weiblich,Bayern,0
2015,Unter 1 Jahr,Weiblich,Berlin,0
2015,Unter 1 Jahr,Weiblich,Brandenburg,0
2015,Unter 1 Jahr,Weiblich,Bremen,0
2015,Unter 1 Jahr,Weiblich,Hamburg,0
2015,Unter 1 Jahr,Weiblich,Hessen,0
2015,Unter 1 Jahr,Weiblich,Mecklenburg-Vorpommern,0
2015,Unter 1 Jahr,Weiblich,Niedersachsen,0
2015,Unter 1 Jahr,Weiblich,Nordrhein-Westfalen,0
2015,Unter 1 Jahr,Weiblich,Rheinland-Pfalz,0
2015,Unter 1 Jahr,Weiblich,Saarland,0
2015,Unter 1 Jahr,Weiblich,Sachsen,0
2015,Unter 1 Jahr,Weiblich,Sachsen-Anhalt,0
2015,Unter 1 Jahr,Weiblich,Schleswig-Holstein,0
2015,Unter 1 Jahr,Weiblich,Thüringen,0
2015,1 Jahr bis unter 5 Jahre,Männlich,Deutschland,0
2015,1 Jahr bis unter 5 Jahre,Männlich,Baden-Württemberg,0
2015,1 Jahr bis unter 5 Jahre,Männlich,Bayern,0
2015,1 Jahr bis unter 5 Jahre,Männlich,Berlin,0
2015,1 Jahr bis unter 5 Jahre,Männlich,Brandenburg,0
2015,1 Jahr bis unter 5 Jahre,Männlich,Bremen,0
2015,1 Jahr bis unter 5 Jahre,Männlich,Hamburg,0
2015,1 Jahr bis unter 5 Jahre,Männlich,Hessen,0
2015,1 Jahr bis unter 5 Jahre,Männlich,Mecklenburg-Vorpommern,0
2015,1 Jahr bis unter 5 Jahre,Männlich,Niedersachsen,0
2015,1 Jahr bis unter 5 Jahre,Männlich,Nordrhein-Westfalen,0
2015,1 Jahr bis unter 5 Jahre,Männlich,Rheinland-Pfalz,0
2015,1 Jahr bis unter 5 Jahre,Männlich,Saarland,0
2015,1 Jahr bis unter 5 Jahre,Männlich,Sachsen,0
2015,1 Jahr bis unter 5 Jahre,Männlich,Sachsen-Anhalt,0
2015,1 Jahr bis unter 5 Jahre,Männlich,Schleswig-Holstein,0
2015,1 Jahr bis unter 5 Jahre,Männlich,Thüringen,0
2015,1 Jahr bis unter 5 Jahre,Weiblich,Deutschland,0
2015,1 Jahr bis unter 5 Jahre,Weiblich,Baden-Württemberg,0
2015,1 Jahr bis unter 5 Jahre,Weiblich,Bayern,0
2015,1 Jahr bis unter 5 Jahre,Weiblich,Berlin,0
2015,1 Jahr bis unter 5 Jahre,Weiblich,Brandenburg,0
2015,1 Jahr bis unter 5 Jahre,Weiblich,Bremen,0
2015,1 Jahr bis unter 5 Jahre,Weiblich,Hamburg,0
2015,1 Jahr bis unter 5 Jahre,Weiblich,Hessen,0
2015,1 Jahr bis unter 5 Jahre,Weiblich,Mecklenburg-Vorpommern,0
2015,1 Jahr bis unter 5 Jahre,Weiblich,Niedersachsen,0
2015,1 Jahr bis unter 5 Jahre,Weiblich,Nordrhein-Westfalen,0
2015,1 Jahr bis unter 5 Jahre,Weiblich,Rheinland-Pfalz,0
2015,1 Jahr bis unter 5 Jahre,Weiblich,Saarland,0
2015,1 Jahr bis unter 5 Jahre,Weiblich,Sachsen,0
2015,1 Jahr bis unter 5 Jahre,Weiblich,Sachsen-Anhalt,0
2015,1 Jahr bis unter 5 Jahre,Weiblich,Schleswig-Holstein,0
2015,1 Jahr bis unter 5 Jahre,Weiblich,Thüringen,0
2015,5 bis unter 10 Jahre,Männlich,Deutschland,0
2015,5 bis unter 10 Jahre,Männlich,Baden-Württemberg,0
2015,5 bis unter 10 Jahre,Männlich,Bayern,0
2015,5 bis unter 10 Jahre,Männlich,Berlin,0
2015,5 bis unter 10 Jahre,Männlich,Brandenburg,0
2015,5 bis unter 10 Jahre,Männlich,Bremen,0
2015,5 bis unter 10 Jahre,Männlich,Hamburg,0
2015,5 bis unter 10 Jahre,Männlich,Hessen,0
2015,5 bis unter 10 Jahre,Männlich,Mecklenburg-Vorpommern,0
2015,5 bis unter 10 Jahre,Männlich,Niedersachsen,0
2015,5 bis unter 10 Jahre,Männlich,Nordrhein-Westfalen,0
2015,5 bis unter 10 Jahre,Männlich,Rheinland-Pfalz,0
2015,5 bis unter 10 Jahre,Männlich,Saarland,0
2015,5 bis unter 10 Jahre,Männlich,Sachsen,0
2015,5 bis unter 10 Jahre,Männlich,Sachsen-Anhalt,0
2015,5 bis unter 10 Jahre,Männlich,Schleswig-Holstein,0
2015,5 bis unter 10 Jahre,Männlich,Thüringen,0
2015,5 bis unter 10 Jahre,Weiblich,Deutschland,0
2015,5 bis unter 10 Jahre,Weiblich,Baden-Württemberg,0
2015,5 bis unter 10 Jahre,Weiblich,Bayern,0
2015,5 bis unter 10 Jahre,Weiblich,Berlin,0
2015,5 bis unter 10 Jahre,Weiblich,Brandenburg,0
2015,5 bis unter 10 Jahre,Weiblich,Bremen,0
2015,5 bis unter 10 Jahre,Weiblich,Hamburg,0
2015,5 bis unter 10 Jahre,Weiblich,Hessen,0
2015,5 bis unter 10 Jahre,Weiblich,Mecklenburg-Vorpommern,0
2015,5 bis unter 10 Jahre,Weiblich,Niedersachsen,0
2015,5 bis unter 10 Jahre,Weiblich,Nordrhein-Westfalen,0
2015,5 bis unter 10 Jahre,Weiblich,Rheinland-Pfalz,0
2015,5 bis unter 10 Jahre,Weiblich,Saarland,0
2015,5 bis unter 10 Jahre,Weiblich,Sachsen,0
2015,5 bis unter 10 Jahre,Weiblich,Sachsen-Anhalt,0
2015,5 bis unter 10 Jahre,Weiblich,Schleswig-Holstein,0
2015,5 bis unter 10 Jahre,Weiblich,Thüringen,0
2015,10 bis unter 15 Jahre,Männlich,Deutschland,0
2015,10 bis unter 15 Jahre,Männlich,Baden-Württemberg,0
2015,10 bis unter 15 Jahre,Männlich,Bayern,0
2015,10 bis unter 15 Jahre,Männlich,Berlin,0
2015,10 bis unter 15 Jahre,Männlich,Brandenburg,0
2015,10 bis unter 15 Jahre,Männlich,Bremen,0
2015,10 bis unter 15 Jahre,Männlich,Hamburg,0
2015,10 bis unter 15 Jahre,Männlich,Hessen,0
2015,10 bis unter 15 Jahre,Männlich,Mecklenburg-Vorpommern,0
2015,10 bis unter 15 Jahre,Männlich,Niedersachsen,0
2015,10 bis unter 15 Jahre,Männlich,Nordrhein-Westfalen,0
2015,10 bis unter 15 Jahre,Männlich,Rheinland-Pfalz,0
2015,10 bis unter 15 Jahre,Männlich,Saarland,0
2015,10 bis unter 15 Jahre,Männlich,Sachsen,0
2015,10 bis unter 15 Jahre,Männlich,Sachsen-Anhalt,0
2015,10 bis unter 15 Jahre,Männlich,Schleswig-Holstein,0
2015,10 bis unter 15 Jahre,Männlich,Thüringen,0
2015,10 bis unter 15 Jahre,Weiblich,Deutschland,0
2015,10 bis unter 15 Jahre,Weiblich,Baden-Württemberg,0
2015,10 bis unter 15 Jahre,Weiblich,Bayern,0
2015,10 bis unter 15 Jahre,Weiblich,Berlin,0
2015,10 bis unter 15 Jahre,Weiblich,Brandenburg,0
2015,10 bis unter 15 Jahre,Weiblich,Bremen,0
2015,10 bis unter 15 Jahre,Weiblich,Hamburg,0
2015,10 bis unter 15 Jahre,Weiblich,Hessen,0
2015,10 bis unter 15 Jahre,Weiblich,Mecklenburg-Vorpommern,0
2015,10 bis unter 15 Jahre,Weiblich,Niedersachsen,0
2015,10 bis unter 15 Jahre,Weiblich,Nordrhein-Westfalen,0
2015,10 bis unter 15 Jahre,Weiblich,Rheinland-Pfalz,0
2015,10 bis unter 15 Jahre,Weiblich,Saarland,0
2015,10 bis unter 15 Jahre,Weiblich,Sachsen,0
2015,10 bis unter 15 Jahre,Weiblich,Sachsen-Anhalt,0
2015,10 bis unter 15 Jahre,Weiblich,Schleswig-Holstein,0
2015,10 bis unter 15 Jahre,Weiblich,Thüringen,0
2015,15 bis unter 20 Jahre,Männlich,Deutschland,29
2015,15 bis unter 20 Jahre,Männlich,Baden-Württemberg,0
2015,15 bis unter 20 Jahre,Männlich,Bayern,12
2015,15 bis unter 20 Jahre,Männlich,Berlin,3
2015,15 bis unter 20 Jahre,Männlich,Brandenburg,0
2015,15 bis unter 20 Jahre,Männlich,Bremen,0
2015,15 bis unter 20 Jahre,Männlich,Hamburg,0
2015,15 bis unter 20 Jahre,Männlich,Hessen,7
2015,15 bis unter 20 Jahre,Männlich,Mecklenburg-Vorpommern,0
2015,15 bis unter 20 Jahre,Männlich,Niedersachsen,0
2015,15 bis unter 20 Jahre,Männlich,Nordrhein-Westfalen,7
2015,15 bis unter 20 Jahre,Männlich,Rheinland-Pfalz,0
2015,15 bis unter 20 Jahre,Männlich,Saarland,0
2015,15 bis unter 20 Jahre,Männlich,Sachsen,0
2015,15 bis unter 20 Jahre,Männlich,Sachsen-Anhalt,0
2015,15 bis unter 20 Jahre,Männlich,Schleswig-Holstein,0
2015,15 bis unter 20 Jahre,Männlich,Thüringen,0
2015,15 bis unter 20 Jahre,Weiblich,Deutschland,18
2015,15 bis unter 20 Jahre,Weiblich,Baden-Württemberg,0
2015,15 bis unter 20 Jahre,Weiblich,Bayern,9
2015,15 bis unter 20 Jahre,Weiblich,Berlin,0
2015,15 bis unter 20 Jahre,Weiblich,Brandenburg,0
2015,15 bis unter 20 Jahre,Weiblich,Bremen,0
2015,15 bis unter 20 Jahre,Weiblich,Hamburg,2
2015,15 bis unter 20 Jahre,Weiblich,Hessen,1
2015,15 bis unter 20 Jahre,Weiblich,Mecklenburg-Vorpommern,0
2015,15 bis unter 20 Jahre,Weiblich,Niedersachsen,0
2015,15 bis unter 20 Jahre,Weiblich,Nordrhein-Westfalen,6
2015,15 bis unter 20 Jahre,Weiblich,Rheinland-Pfalz,0
2015,15 bis unter 20 Jahre,Weiblich,Saarland,0
2015,15 bis unter 20 Jahre,Weiblich,Sachsen,0
2015,15 bis unter 20 Jahre,Weiblich,Sachsen-Anhalt,0
2015,15 bis unter 20 Jahre,Weiblich,Schleswig-Holstein,0
2015,15 bis unter 20 Jahre,Weiblich,Thüringen,0
2015,20 bis unter 25 Jahre,Männlich,Deutschland,148
2015,20 bis unter 25 Jahre,Männlich,Baden-Württemberg,1
2015,20 bis unter 25 Jahre,Männlich,Bayern,107
2015,20 bis unter 25 Jahre,Männlich,Berlin,8
2015,20 bis unter 25 Jahre,Männlich,Brandenburg,0
2015,20 bis unter 25 Jahre,Männlich,Bremen,0
2015,20 bis unter 25 Jahre,Männlich,Hamburg,0
2015,20 bis unter 25 Jahre,Männlich,Hessen,6
2015,20 bis unter 25 Jahre,Männlich,Mecklenburg-Vorpommern,0
2015,20 bis unter 25 Jahre,Männlich,Niedersachsen,6
2015,20 bis unter 25 Jahre,Männlich,Nordrhein-Westfalen,19
2015,20 bis unter 25 Jahre,Männlich,Rheinland-Pfalz,1
2015,20 bis unter 25 Jahre,Männlich,Saarland,0
2015,20 bis unter 25 Jahre,Männlich,Sachsen,0
2015,20 bis unter 25 Jahre,Männlich,Sachsen-Anhalt,0
2015,20 bis unter 25 Jahre,Männlich,Schleswig-Holstein,0
2015,20 bis unter 25 Jahre,Männlich,Thüringen,0
2015,20 bis unter 25 Jahre,Weiblich,Deutschland,51
2015,20 bis unter 25 Jahre,Weiblich,Baden-Württemberg,0
2015,20 bis unter 25 Jahre,Weiblich,Bayern,32
2015,20 bis unter 25 Jahre,Weiblich,Berlin,1
2015,20 bis unter 25 Jahre,Weiblich,Brandenburg,0
2015,20 bis unter 25 Jahre,Weiblich,Bremen,0
2015,20 bis unter 25 Jahre,Weiblich,Hamburg,4
2015,20 bis unter 25 Jahre,Weiblich,Hessen,4
2015,20 bis unter 25 Jahre,Weiblich,Mecklenburg-Vorpommern,0
2015,20 bis unter 25 Jahre,Weiblich,Niedersachsen,2
2015,20 bis unter 25 Jahre,Weiblich,Nordrhein-Westfalen,8
2015,20 bis unter 25 Jahre,Weiblich,Rheinland-Pfalz,0
2015,20 bis unter 25 Jahre,Weiblich,Saarland,0
2015,20 bis unter 25 Jahre,Weiblich,Sachsen,0
2015,20 bis unter 25 Jahre,Weiblich,Sachsen-Anhalt,0
2015,20 bis unter 25 Jahre,Weiblich,Schleswig-Holstein,0
2015,20 bis unter 25 Jahre,Weiblich,Thüringen,0
2015,25 bis unter 30 Jahre,Männlich,Deutschland,169
2015,25 bis unter 30 Jahre,Männlich,Baden-Württemberg,0
2015,25 bis unter 30 Jahre,Männlich,Bayern,140
2015,25 bis unter 30 Jahre,Männlich,Berlin,15
2015,25 bis unter 30 Jahre,Männlich,Brandenburg,0
2015,25 bis unter 30 Jahre,Männlich,Bremen,0
2015,25 bis unter 30 Jahre,Männlich,Hamburg,0
2015,25 bis unter 30 Jahre,Männlich,Hessen,6
2015,25 bis unter 30 Jahre,Männlich,Mecklenburg-Vorpommern,0
2015,25 bis unter 30 Jahre,Männlich,Niedersachsen,4
2015,25 bis unter 30 Jahre,Männlich,Nordrhein-Westfalen,4
2015,25 bis unter 30 Jahre,Männlich,Rheinland-Pfalz,0
2015,25 bis unter 30 Jahre,Männlich,Saarland,0
2015,25 bis unter 30 Jahre,Männlich,Sachsen,0
2015,25 bis unter 30 Jahre,Männlich,Sachsen-Anhalt,0
2015,25 bis unter 30 Jahre,Männlich,Schleswig-Holstein,0
2015,25 bis unter 30 Jahre,Männlich,Thüringen,0
2015,25 bis unter 30 Jahre,Weiblich,Deutschland,65
2015,25 bis unter 30 Jahre,Weiblich,Baden-Württemberg,0
2015,25 bis unter 30 Jahre,Weiblich,Bayern,45
2015,25 bis unter 30 Jahre,Weiblich,Berlin,1
2015,25 bis unter 30 Jahre,Weiblich,Brandenburg,0
2015,25 bis unter 30 Jahre,Weiblich,Bremen,0
2015,25 bis unter 30 Jahre,Weiblich,Hamburg,4
2015,25 bis unter 30 Jahre,Weiblich,Hessen,1
2015,25 bis unter 30 Jahre,Weiblich,Mecklenburg-Vorpommern,0
2015,25 bis unter 30 Jahre,Weiblich,Niedersachsen,3
2015,25 bis unter 30 Jahre,Weiblich,Nordrhein-Westfalen,10
2015,25 bis unter 30 Jahre,Weiblich,Rheinland-Pfalz,0
2015,25 bis unter 30 Jahre,Weiblich,Saarland,0
2015,25 bis unter 30 Jahre,Weiblich,Sachsen,1
2015,25 bis unter 30 Jahre,Weiblich,Sachsen-Anhalt,0
2015,25 bis unter 30 Jahre,Weiblich,Schleswig-Holstein,0
2015,25 bis unter 30 Jahre,Weiblich,Thüringen,0
2015,30 bis unter 35 Jahre,Männlich,Deutschland,160
2015,30 bis unter 35 Jahre,Männlich,Baden-Württemberg,0
2015,30 bis unter 35 Jahre,Männlich,Bayern,125
2015,30 bis unter 35 Jahre,Männlich,Berlin,17
2015,30 bis unter 35 Jahre,Männlich,Brandenburg,0
2015,30 bis unter 35 Jahre,Männlich,Bremen,0
2015,30 bis unter 35 Jahre,Männlich,Hamburg,1
2015,30 bis unter 35 Jahre,Männlich,Hessen,5
2015,30 bis unter 35 Jahre,Männlich,Mecklenburg-Vorpommern,0
2015,30 bis unter 35 Jahre,Männlich,Niedersachsen,5
2015,30 bis unter 35 Jahre,Männlich,Nordrhein-Westfalen,6
2015,30 bis unter 35 Jahre,Männlich,Rheinland-Pfalz,1
2015,30 bis unter 35 Jahre,Männlich,Saarland,0
2015,30 bis unter 35 Jahre,Männlich,Sachsen,0
2015,30 bis unter 35 Jahre,Männlich,Sachsen-Anhalt,0
2015,30 bis unter 35 Jahre,Männlich,Schleswig-Holstein,0
2015,30 bis unter 35 Jahre,Männlich,Thüringen,0
2015,30 bis unter 35 Jahre,Weiblich,Deutschland,51
2015,30 bis unter 35 Jahre,Weiblich,Baden-Württemberg,2
2015,30 bis unter 35 Jahre,Weiblich,Bayern,35
2015,30 bis unter 35 Jahre,Weiblich,Berlin,0
2015,30 bis unter 35 Jahre,Weiblich,Brandenburg,0
2015,30 bis unter 35 Jahre,Weiblich,Bremen,0
2015,30 bis unter 35 Jahre,Weiblich,Hamburg,4
2015,30 bis unter 35 Jahre,Weiblich,Hessen,3
2015,30 bis unter 35 Jahre,Weiblich,Mecklenburg-Vorpommern,0
2015,30 bis unter 35 Jahre,Weiblich,Niedersachsen,1
2015,30 bis unter 35 Jahre,Weiblich,Nordrhein-Westfalen,6
2015,30 bis unter 35 Jahre,Weiblich,Rheinland-Pfalz,0
2015,30 bis unter 35 Jahre,Weiblich,Saarland,0
2015,30 bis unter 35 Jahre,Weiblich,Sachsen,0
2015,30 bis unter 35 Jahre,Weiblich,Sachsen-Anhalt,0
2015,30 bis unter 35 Jahre,Weiblich,Schleswig-Holstein,0
2015,30 bis unter 35 Jahre,Weiblich,Thüringen,0
2015,35 bis unter 40 Jahre,Männlich,Deutschland,110
2015,35 bis unter 40 Jahre,Männlich,Baden-Württemberg,0
2015,35 bis unter 40 Jahre,Männlich,Bayern,80
2015,35 bis unter 40 Jahre,Männlich,Berlin,18
2015,35 bis unter 40 Jahre,Männlich,Brandenburg,0
2015,35 bis unter 40 Jahre,Männlich,Bremen,0
2015,35 bis unter 40 Jahre,Männlich,Hamburg,0
2015,35 bis unter 40 Jahre,Männlich,Hessen,5
2015,35 bis unter 40 Jahre,Männlich,Mecklenburg-Vorpommern,0
2015,35 bis unter 40 Jahre,Männlich,Niedersachsen,1
2015,35 bis unter 40 Jahre,Männlich,Nordrhein-Westfalen,5
2015,35 bis unter 40 Jahre,Männlich,Rheinland-Pfalz,0
2015,35 bis unter 40 Jahre,Männlich,Saarland,1
2015,35 bis unter 40 Jahre,Männlich,Sachsen,0
2015,35 bis unter 40 Jahre,Männlich,Sachsen-Anhalt,0
2015,35 bis unter 40 Jahre,Männlich,Schleswig-Holstein,0
2015,35 bis unter 40 Jahre,Männlich,Thüringen,0
2015,35 bis unter 40 Jahre,Weiblich,Deutschland,38
2015,35 bis unter 40 Jahre,Weiblich,Baden-Württemberg,1
2015,35 bis unter 40 Jahre,Weiblich,Bayern,19
2015,35 bis unter 40 Jahre,Weiblich,Berlin,0
2015,35 bis unter 40 Jahre,Weiblich,Brandenburg,0
2015,35 bis unter 40 Jahre,Weiblich,Bremen,0
2015,35 bis unter 40 Jahre,Weiblich,Hamburg,7
2015,35 bis unter 40 Jahre,Weiblich,Hessen,2
2015,35 bis unter 40 Jahre,Weiblich,Mecklenburg-Vorpommern,0
2015,35 bis unter 40 Jahre,Weiblich,Niedersachsen,0
2015,35 bis unter 40 Jahre,Weiblich,Nordrhein-Westfalen,9
2015,35 bis unter 40 Jahre,Weiblich,Rheinland-Pfalz,0
2015,35 bis unter 40 Jahre,Weiblich,Saarland,0
2015,35 bis unter 40 Jahre,Weiblich,Sachsen,0
2015,35 bis unter 40 Jahre,Weiblich,Sachsen-Anhalt,0
2015,35 bis unter 40 Jahre,Weiblich,Schleswig-Holstein,0
2015,35 bis unter 40 Jahre,Weiblich,Thüringen,0
2015,40 bis unter 45 Jahre,Männlich,Deutschland,54
2015,40 bis unter 45 Jahre,Männlich,Baden-Württemberg,0
2015,40 bis unter 45 Jahre,Männlich,Bayern,37
2015,40 bis unter 45 Jahre,Männlich,Berlin,7
2015,40 bis unter 45 Jahre,Männlich,Brandenburg,0
2015,40 bis unter 45 Jahre,Männlich,Bremen,0
2015,40 bis unter 45 Jahre,Männlich,Hamburg,0
2015,40 bis unter 45 Jahre,Männlich,Hessen,8
2015,40 bis unter 45 Jahre,Männlich,Mecklenburg-Vorpommern,0
2015,40 bis unter 45 Jahre,Männlich,Niedersachsen,1
2015,40 bis unter 45 Jahre,Männlich,Nordrhein-Westfalen,1
2015,40 bis unter 45 Jahre,Männlich,Rheinland-Pfalz,0
2015,40 bis unter 45 Jahre,Männlich,Saarland,0
2015,40 bis unter 45 Jahre,Männlich,Sachsen,0
2015,40 bis unter 45 Jahre,Männlich,Sachsen-Anhalt,0
2015,40 bis unter 45 Jahre,Männlich,Schleswig-Holstein,0
2015,40 bis unter 45 Jahre,Männlich,Thüringen,0
2015,40 bis unter 45 Jahre,Weiblich,Deutschland,47
2015,40 bis unter 45 Jahre,Weiblich,Baden-Württemberg,0
2015,40 bis unter 45 Jahre,Weiblich,Bayern,26
2015,40 bis unter 45 Jahre,Weiblich,Berlin,3
2015,40 bis unter 45 Jahre,Weiblich,Brandenburg,1
2015,40 bis unter 45 Jahre,Weiblich,Bremen,0
2015,40 bis unter 45 Jahre,Weiblich,Hamburg,3
2015,40 bis unter 45 Jahre,Weiblich,Hessen,2
2015,40 bis unter 45 Jahre,Weiblich,Mecklenburg-Vorpommern,0
2015,40 bis unter 45 Jahre,Weiblich,Niedersachsen,0
2015,40 bis unter 45 Jahre,Weiblich,Nordrhein-Westfalen,11
2015,40 bis unter 45 Jahre,Weiblich,Rheinland-Pfalz,0
2015,40 bis unter 45 Jahre,Weiblich,Saarland,0
2015,40 bis unter 45 Jahre,Weiblich,Sachsen,1
2015,40 bis unter 45 Jahre,Weiblich,Sachsen-Anhalt,0
2015,40 bis unter 45 Jahre,Weiblich,Schleswig-Holstein,0
2015,40 bis unter 45 Jahre,Weiblich,Thüringen,0
2015,45 bis unter 50 Jahre,Männlich,Deutschland,70
2015,45 bis unter 50 Jahre,Männlich,Baden-Württemberg,0
2015,45 bis unter 50 Jahre,Männlich,Bayern,52
2015,45 bis unter 50 Jahre,Männlich,Berlin,5
2015,45 bis unter 50 Jahre,Männlich,Brandenburg,0
2015,45 bis unter 50 Jahre,Männlich,Bremen,0
2015,45 bis unter 50 Jahre,Männlich,Hamburg,0
2015,45 bis unter 50 Jahre,Männlich,Hessen,4
2015,45 bis unter 50 Jahre,Männlich,Mecklenburg-Vorpommern,0
2015,45 bis unter 50 Jahre,Männlich,Niedersachsen,5
2015,45 bis unter 50 Jahre,Männlich,Nordrhein-Westfalen,3
2015,45 bis unter 50 Jahre,Männlich,Rheinland-Pfalz,0
2015,45 bis unter 50 Jahre,Männlich,Saarland,0
2015,45 bis unter 50 Jahre,Männlich,Sachsen,1
2015,45 bis unter 50 Jahre,Männlich,Sachsen-Anhalt,0
2015,45 bis unter 50 Jahre,Männlich,Schleswig-Holstein,0
2015,45 bis unter 50 Jahre,Männlich,Thüringen,0
2015,45 bis unter 50 Jahre,Weiblich,Deutschland,58
2015,45 bis unter 50 Jahre,Weiblich,Baden-Württemberg,2
2015,45 bis unter 50 Jahre,Weiblich,Bayern,31
2015,45 bis unter 50 Jahre,Weiblich,Berlin,2
2015,45 bis unter 50 Jahre,Weiblich,Brandenburg,0
2015,45 bis unter 50 Jahre,Weiblich,Bremen,0
2015,45 bis unter 50 Jahre,Weiblich,Hamburg,4
2015,45 bis unter 50 Jahre,Weiblich,Hessen,1
2015,45 bis unter 50 Jahre,Weiblich,Mecklenburg-Vorpommern,0
2015,45 bis unter 50 Jahre,Weiblich,Niedersachsen,1
2015,45 bis unter 50 Jahre,Weiblich,Nordrhein-Westfalen,15
2015,45 bis unter 50 Jahre,Weiblich,Rheinland-Pfalz,0
2015,45 bis unter 50 Jahre,Weiblich,Saarland,0
2015,45 bis unter 50 Jahre,Weiblich,Sachsen,0
2015,45 bis unter 50 Jahre,Weiblich,Sachsen-Anhalt,2
2015,45 bis unter 50 Jahre,Weiblich,Schleswig-Holstein,0
2015,45 bis unter 50 Jahre,Weiblich,Thüringen,0
2015,50 bis unter 55 Jahre,Männlich,Deutschland,28
2015,50 bis unter 55 Jahre,Männlich,Baden-Württemberg,0
2015,50 bis unter 55 Jahre,Männlich,Bayern,15
2015,50 bis unter 55 Jahre,Männlich,Berlin,5
2015,50 bis unter 55 Jahre,Männlich,Brandenburg,0
2015,50 bis unter 55 Jahre,Männlich,Bremen,0
2015,50 bis unter 55 Jahre,Männlich,Hamburg,0
2015,50 bis unter 55 Jahre,Männlich,Hessen,2
2015,50 bis unter 55 Jahre,Männlich,Mecklenburg-Vorpommern,0
2015,50 bis unter 55 Jahre,Männlich,Niedersachsen,4
2015,50 bis unter 55 Jahre,Männlich,Nordrhein-Westfalen,2
2015,50 bis unter 55 Jahre,Männlich,Rheinland-Pfalz,0
2015,50 bis unter 55 Jahre,Männlich,Saarland,0
2015,50 bis unter 55 Jahre,Männlich,Sachsen,0
2015,50 bis unter 55 Jahre,Männlich,Sachsen-Anhalt,0
2015,50 bis unter 55 Jahre,Männlich,Schleswig-Holstein,0
2015,50 bis unter 55 Jahre,Männlich,Thüringen,0
2015,50 bis unter 55 Jahre,Weiblich,Deutschland,56
2015,50 bis unter 55 Jahre,Weiblich,Baden-Württemberg,2
2015,50 bis unter 55 Jahre,Weiblich,Bayern,29
2015,50 bis unter 55 Jahre,Weiblich,Berlin,2
2015,50 bis unter 55 Jahre,Weiblich,Brandenburg,0
2015,50 bis unter 55 Jahre,Weiblich,Bremen,0
2015,50 bis unter 55 Jahre,Weiblich,Hamburg,6
2015,50 bis unter 55 Jahre,Weiblich,Hessen,5
2015,50 bis unter 55 Jahre,Weiblich,Mecklenburg-Vorpommern,0
2015,50 bis unter 55 Jahre,Weiblich,Niedersachsen,3
2015,50 bis unter 55 Jahre,Weiblich,Nordrhein-Westfalen,7
2015,50 bis unter 55 Jahre,Weiblich,Rheinland-Pfalz,1
2015,50 bis unter 55 Jahre,Weiblich,Saarland,0
2015,50 bis unter 55 Jahre,Weiblich,Sachsen,1
2015,50 bis unter 55 Jahre,Weiblich,Sachsen-Anhalt,0
2015,50 bis unter 55 Jahre,Weiblich,Schleswig-Holstein,0
2015,50 bis unter 55 Jahre,Weiblich,Thüringen,0
2015,55 bis unter 60 Jahre,Männlich,Deutschland,10
2015,55 bis unter 60 Jahre,Männlich,Baden-Württemberg,0
2015,55 bis unter 60 Jahre,Männlich,Bayern,5
2015,55 bis unter 60 Jahre,Männlich,Berlin,3
2015,55 bis unter 60 Jahre,Männlich,Brandenburg,0
2015,55 bis unter 60 Jahre,Männlich,Bremen,0
2015,55 bis unter 60 Jahre,Männlich,Hamburg,0
2015,55 bis unter 60 Jahre,Männlich,Hessen,2
2015,55 bis unter 60 Jahre,Männlich,Mecklenburg-Vorpommern,0
2015,55 bis unter 60 Jahre,Männlich,Niedersachsen,0
2015,55 bis unter 60 Jahre,Männlich,Nordrhein-Westfalen,0
2015,55 bis unter 60 Jahre,Männlich,Rheinland-Pfalz,0
2015,55 bis unter 60 Jahre,Männlich,Saarland,0
2015,55 bis unter 60 Jahre,Männlich,Sachsen,0
2015,55 bis unter 60 Jahre,Männlich,Sachsen-Anhalt,0
2015,55 bis unter 60 Jahre,Männlich,Schleswig-Holstein,0
2015,55 bis unter 60 Jahre,Männlich,Thüringen,0
2015,55 bis unter 60 Jahre,Weiblich,Deutschland,24
2015,55 bis unter 60 Jahre,Weiblich,Baden-Württemberg,0
2015,55 bis unter 60 Jahre,Weiblich,Bayern,12
2015,55 bis unter 60 Jahre,Weiblich,Berlin,2
2015,55 bis unter 60 Jahre,Weiblich,Brandenburg,0
2015,55 bis unter 60 Jahre,Weiblich,Bremen,0
2015,55 bis unter 60 Jahre,Weiblich,Hamburg,4
2015,55 bis unter 60 Jahre,Weiblich,Hessen,3
2015,55 bis unter 60 Jahre,Weiblich,Mecklenburg-Vorpommern,0
2015,55 bis unter 60 Jahre,Weiblich,Niedersachsen,0
2015,55 bis unter 60 Jahre,Weiblich,Nordrhein-Westfalen,3
2015,55 bis unter 60 Jahre,Weiblich,Rheinland-Pfalz,0
2015,55 bis unter 60 Jahre,Weiblich,Saarland,0
2015,55 bis unter 60 Jahre,Weiblich,Sachsen,0
2015,55 bis unter 60 Jahre,Weiblich,Sachsen-Anhalt,0
2015,55 bis unter 60 Jahre,Weiblich,Schleswig-Holstein,0
2015,55 bis unter 60 Jahre,Weiblich,Thüringen,0
2015,60 bis unter 65 Jahre,Männlich,Deutschland,4
2015,60 bis unter 65 Jahre,Männlich,Baden-Württemberg,0
2015,60 bis unter 65 Jahre,Männlich,Bayern,4
2015,60 bis unter 65 Jahre,Männlich,Berlin,0
2015,60 bis unter 65 Jahre,Männlich,Brandenburg,0
2015,60 bis unter 65 Jahre,Männlich,Bremen,0
2015,60 bis unter 65 Jahre,Männlich,Hamburg,0
2015,60 bis unter 65 Jahre,Männlich,Hessen,0
2015,60 bis unter 65 Jahre,Männlich,Mecklenburg-Vorpommern,0
2015,60 bis unter 65 Jahre,Männlich,Niedersachsen,0
2015,60 bis unter 65 Jahre,Männlich,Nordrhein-Westfalen,0
2015,60 bis unter 65 Jahre,Männlich,Rheinland-Pfalz,0
2015,60 bis unter 65 Jahre,Männlich,Saarland,0
2015,60 bis unter 65 Jahre,Männlich,Sachsen,0
2015,60 bis unter 65 Jahre,Männlich,Sachsen-Anhalt,0
2015,60 bis unter 65 Jahre,Männlich,Schleswig-Holstein,0
2015,60 bis unter 65 Jahre,Männlich,Thüringen,0
2015,60 bis unter 65 Jahre,Weiblich,Deutschland,11
2015,60 bis unter 65 Jahre,Weiblich,Baden-Württemberg,1
2015,60 bis unter 65 Jahre,Weiblich,Bayern,5
2015,60 bis unter 65 Jahre,Weiblich,Berlin,1
2015,60 bis unter 65 Jahre,Weiblich,Brandenburg,0
2015,60 bis unter 65 Jahre,Weiblich,Bremen,0
2015,60 bis unter 65 Jahre,Weiblich,Hamburg,3
2015,60 bis unter 65 Jahre,Weiblich,Hessen,0
2015,60 bis unter 65 Jahre,Weiblich,Mecklenburg-Vorpommern,0
2015,60 bis unter 65 Jahre,Weiblich,Niedersachsen,0
2015,60 bis unter 65 Jahre,Weiblich,Nordrhein-Westfalen,1
2015,60 bis unter 65 Jahre,Weiblich,Rheinland-Pfalz,0
2015,60 bis unter 65 Jahre,Weiblich,Saarland,0
2015,60 bis unter 65 Jahre,Weiblich,Sachsen,0
2015,60 bis unter 65 Jahre,Weiblich,Sachsen-Anhalt,0
2015,60 bis unter 65 Jahre,Weiblich,Schleswig-Holstein,0
2015,60 bis unter 65 Jahre,Weiblich,Thüringen,0
2015,65 bis unter 70 Jahre,Männlich,Deutschland,0
2015,65 bis unter 70 Jahre,Männlich,Baden-Württemberg,0
2015,65 bis unter 70 Jahre,Männlich,Bayern,0
2015,65 bis unter 70 Jahre,Männlich,Berlin,0
2015,65 bis unter 70 Jahre,Männlich,Brandenburg,0
2015,65 bis unter 70 Jahre,Männlich,Bremen,0
2015,65 bis unter 70 Jahre,Männlich,Hamburg,0
2015,65 bis unter 70 Jahre,Männlich,Hessen,0
2015,65 bis unter 70 Jahre,Männlich,Mecklenburg-Vorpommern,0
2015,65 bis unter 70 Jahre,Männlich,Niedersachsen,0
2015,65 bis unter 70 Jahre,Männlich,Nordrhein-Westfalen,0
2015,65 bis unter 70 Jahre,Männlich,Rheinland-Pfalz,0
2015,65 bis unter 70 Jahre,Männlich,Saarland,0
2015,65 bis unter 70 Jahre,Männlich,Sachsen,0
2015,65 bis unter 70 Jahre,Männlich,Sachsen-Anhalt,0
2015,65 bis unter 70 Jahre,Männlich,Schleswig-Holstein,0
2015,65 bis unter 70 Jahre,Männlich,Thüringen,0
2015,65 bis unter 70 Jahre,Weiblich,Deutschland,4
2015,65 bis unter 70 Jahre,Weiblich,Baden-Württemberg,0
2015,65 bis unter 70 Jahre,Weiblich,Bayern,1
2015,65 bis unter 70 Jahre,Weiblich,Berlin,1
2015,65 bis unter 70 Jahre,Weiblich,Brandenburg,0
2015,65 bis unter 70 Jahre,Weiblich,Bremen,0
2015,65 bis unter 70 Jahre,Weiblich,Hamburg,1
2015,65 bis unter 70 Jahre,Weiblich,Hessen,1
2015,65 bis unter 70 Jahre,Weiblich,Mecklenburg-Vorpommern,0
2015,65 bis unter 70 Jahre,Weiblich,Niedersachsen,0
2015,65 bis unter 70 Jahre,Weiblich,Nordrhein-Westfalen,0
2015,65 bis unter 70 Jahre,Weiblich,Rheinland-Pfalz,0
2015,65 bis unter 70 Jahre,Weiblich,Saarland,0
2015,65 bis unter 70 Jahre,Weiblich,Sachsen,0
2015,65 bis unter 70 Jahre,Weiblich,Sachsen-Anhalt,0
2015,65 bis unter 70 Jahre,Weiblich,Schleswig-Holstein,0
2015,65 bis unter 70 Jahre,Weiblich,Thüringen,0
2015,70 bis unter 75 Jahre,Männlich,Deutschland,0
2015,70 bis unter 75 Jahre,Männlich,Baden-Württemberg,0
2015,70 bis unter 75 Jahre,Männlich,Bayern,0
2015,70 bis unter 75 Jahre,Männlich,Berlin,0
2015,70 bis unter 75 Jahre,Männlich,Brandenburg,0
2015,70 bis unter 75 Jahre,Männlich,Bremen,0
2015,70 bis unter 75 Jahre,Männlich,Hamburg,0
2015,70 bis unter 75 Jahre,Männlich,Hessen,0
2015,70 bis unter 75 Jahre,Männlich,Mecklenburg-Vorpommern,0
2015,70 bis unter 75 Jahre,Männlich,Niedersachsen,0
2015,70 bis unter 75 Jahre,Männlich,Nordrhein-Westfalen,0
2015,70 bis unter 75 Jahre,Männlich,Rheinland-Pfalz,0
2015,70 bis unter 75 Jahre,Männlich,Saarland,0
2015,70 bis unter 75 Jahre,Männlich,Sachsen,0
2015,70 bis unter 75 Jahre,Männlich,Sachsen-Anhalt,0
2015,70 bis unter 75 Jahre,Männlich,Schleswig-Holstein,0
2015,70 bis unter 75 Jahre,Männlich,Thüringen,0
2015,70 bis unter 75 Jahre,Weiblich,Deutschland,0
2015,70 bis unter 75 Jahre,Weiblich,Baden-Württemberg,0
2015,70 bis unter 75 Jahre,Weiblich,Bayern,0
2015,70 bis unter 75 Jahre,Weiblich,Berlin,0
2015,70 bis unter 75 Jahre,Weiblich,Brandenburg,0
2015,70 bis unter 75 Jahre,Weiblich,Bremen,0
2015,70 bis unter 75 Jahre,Weiblich,Hamburg,0
2015,70 bis unter 75 Jahre,Weiblich,Hessen,0
2015,70 bis unter 75 Jahre,Weiblich,Mecklenburg-Vorpommern,0
2015,70 bis unter 75 Jahre,Weiblich,Niedersachsen,0
2015,70 bis unter 75 Jahre,Weiblich,Nordrhein-Westfalen,0
2015,70 bis unter 75 Jahre,Weiblich,Rheinland-Pfalz,0
2015,70 bis unter 75 Jahre,Weiblich,Saarland,0
2015,70 bis unter 75 Jahre,Weiblich,Sachsen,0
2015,70 bis unter 75 Jahre,Weiblich,Sachsen-Anhalt,0
2015,70 bis unter 75 Jahre,Weiblich,Schleswig-Holstein,0
2015,70 bis unter 75 Jahre,Weiblich,Thüringen,0
2015,75 bis unter 80 Jahre,Männlich,Deutschland,0
2015,75 bis unter 80 Jahre,Männlich,Baden-Württemberg,0
2015,75 bis unter 80 Jahre,Männlich,Bayern,0
2015,75 bis unter 80 Jahre,Männlich,Berlin,0
2015,75 bis unter 80 Jahre,Männlich,Brandenburg,0
2015,75 bis unter 80 Jahre,Männlich,Bremen,0
2015,75 bis unter 80 Jahre,Männlich,Hamburg,0
2015,75 bis unter 80 Jahre,Männlich,Hessen,0
2015,75 bis unter 80 Jahre,Männlich,Mecklenburg-Vorpommern,0
2015,75 bis unter 80 Jahre,Männlich,Niedersachsen,0
2015,75 bis unter 80 Jahre,Männlich,Nordrhein-Westfalen,0
2015,75 bis unter 80 Jahre,Männlich,Rheinland-Pfalz,0
2015,75 bis unter 80 Jahre,Männlich,Saarland,0
2015,75 bis unter 80 Jahre,Männlich,Sachsen,0
2015,75 bis unter 80 Jahre,Männlich,Sachsen-Anhalt,0
2015,75 bis unter 80 Jahre,Männlich,Schleswig-Holstein,0
2015,75 bis unter 80 Jahre,Männlich,Thüringen,0
2015,75 bis unter 80 Jahre,Weiblich,Deutschland,0
2015,75 bis unter 80 Jahre,Weiblich,Baden-Württemberg,0
2015,75 bis unter 80 Jahre,Weiblich,Bayern,0
2015,75 bis unter 80 Jahre,Weiblich,Berlin,0
2015,75 bis unter 80 Jahre,Weiblich,Brandenburg,0
2015,75 bis unter 80 Jahre,Weiblich,Bremen,0
2015,75 bis unter 80 Jahre,Weiblich,Hamburg,0
2015,75 bis unter 80 Jahre,Weiblich,Hessen,0
2015,75 bis unter 80 Jahre,Weiblich,Mecklenburg-Vorpommern,0
2015,75 bis unter 80 Jahre,Weiblich,Niedersachsen,0
2015,75 bis unter 80 Jahre,Weiblich,Nordrhein-Westfalen,0
2015,75 bis unter 80 Jahre,Weiblich,Rheinland-Pfalz,0
2015,75 bis unter 80 Jahre,Weiblich,Saarland,0
2015,75 bis unter 80 Jahre,Weiblich,Sachsen,0
2015,75 bis unter 80 Jahre,Weiblich,Sachsen-Anhalt,0
2015,75 bis unter 80 Jahre,Weiblich,Schleswig-Holstein,0
2015,75 bis unter 80 Jahre,Weiblich,Thüringen,0
2015,80 bis unter 85 Jahre,Männlich,Deutschland,0
2015,80 bis unter 85 Jahre,Männlich,Baden-Württemberg,0
2015,80 bis unter 85 Jahre,Männlich,Bayern,0
2015,80 bis unter 85 Jahre,Männlich,Berlin,0
2015,80 bis unter 85 Jahre,Männlich,Brandenburg,0
2015,80 bis unter 85 Jahre,Männlich,Bremen,0
2015,80 bis unter 85 Jahre,Männlich,Hamburg,0
2015,80 bis unter 85 Jahre,Männlich,Hessen,0
2015,80 bis unter 85 Jahre,Männlich,Mecklenburg-Vorpommern,0
2015,80 bis unter 85 Jahre,Männlich,Niedersachsen,0
2015,80 bis unter 85 Jahre,Männlich,Nordrhein-Westfalen,0
2015,80 bis unter 85 Jahre,Männlich,Rheinland-Pfalz,0
2015,80 bis unter 85 Jahre,Männlich,Saarland,0
2015,80 bis unter 85 Jahre,Männlich,Sachsen,0
2015,80 bis unter 85 Jahre,Männlich,Sachsen-Anhalt,0
2015,80 bis unter 85 Jahre,Männlich,Schleswig-Holstein,0
2015,80 bis unter 85 Jahre,Männlich,Thüringen,0
2015,80 bis unter 85 Jahre,Weiblich,Deutschland,0
2015,80 bis unter 85 Jahre,Weiblich,Baden-Württemberg,0
2015,80 bis unter 85 Jahre,Weiblich,Bayern,0
2015,80 bis unter 85 Jahre,Weiblich,Berlin,0
2015,80 bis unter 85 Jahre,Weiblich,Brandenburg,0
2015,80 bis unter 85 Jahre,Weiblich,Bremen,0
2015,80 bis unter 85 Jahre,Weiblich,Hamburg,0
2015,80 bis unter 85 Jahre,Weiblich,Hessen,0
2015,80 bis unter 85 Jahre,Weiblich,Mecklenburg-Vorpommern,0
2015,80 bis unter 85 Jahre,Weiblich,Niedersachsen,0
2015,80 bis unter 85 Jahre,Weiblich,Nordrhein-Westfalen,0
2015,80 bis unter 85 Jahre,Weiblich,Rheinland-Pfalz,0
2015,80 bis unter 85 Jahre,Weiblich,Saarland,0
2015,80 bis unter 85 Jahre,Weiblich,Sachsen,0
2015,80 bis unter 85 Jahre,Weiblich,Sachsen-Anhalt,0
2015,80 bis unter 85 Jahre,Weiblich,Schleswig-Holstein,0
2015,80 bis unter 85 Jahre,Weiblich,Thüringen,0
2015,85 bis unter 90 Jahre,Männlich,Deutschland,0
2015,85 bis unter 90 Jahre,Männlich,Baden-Württemberg,0
2015,85 bis unter 90 Jahre,Männlich,Bayern,0
2015,85 bis unter 90 Jahre,Männlich,Berlin,0
2015,85 bis unter 90 Jahre,Männlich,Brandenburg,0
2015,85 bis unter 90 Jahre,Männlich,Bremen,0
2015,85 bis unter 90 Jahre,Männlich,Hamburg,0
2015,85 bis unter 90 Jahre,Männlich,Hessen,0
2015,85 bis unter 90 Jahre,Männlich,Mecklenburg-Vorpommern,0
2015,85 bis unter 90 Jahre,Männlich,Niedersachsen,0
2015,85 bis unter 90 Jahre,Männlich,Nordrhein-Westfalen,0
2015,85 bis unter 90 Jahre,Männlich,Rheinland-Pfalz,0
2015,85 bis unter 90 Jahre,Männlich,Saarland,0
2015,85 bis unter 90 Jahre,Männlich,Sachsen,0
2015,85 bis unter 90 Jahre,Männlich,Sachsen-Anhalt,0
2015,85 bis unter 90 Jahre,Männlich,Schleswig-Holstein,0
2015,85 bis unter 90 Jahre,Männlich,Thüringen,0
2015,85 bis unter 90 Jahre,Weiblich,Deutschland,0
2015,85 bis unter 90 Jahre,Weiblich,Baden-Württemberg,0
2015,85 bis unter 90 Jahre,Weiblich,Bayern,0
2015,85 bis unter 90 Jahre,Weiblich,Berlin,0
2015,85 bis unter 90 Jahre,Weiblich,Brandenburg,0
2015,85 bis unter 90 Jahre,Weiblich,Bremen,0
2015,85 bis unter 90 Jahre,Weiblich,Hamburg,0
2015,85 bis unter 90 Jahre,Weiblich,Hessen,0
2015,85 bis unter 90 Jahre,Weiblich,Mecklenburg-Vorpommern,0
2015,85 bis unter 90 Jahre,Weiblich,Niedersachsen,0
2015,85 bis unter 90 Jahre,Weiblich,Nordrhein-Westfalen,0
2015,85 bis unter 90 Jahre,Weiblich,Rheinland-Pfalz,0
2015,85 bis unter 90 Jahre,Weiblich,Saarland,0
2015,85 bis unter 90 Jahre,Weiblich,Sachsen,0
2015,85 bis unter 90 Jahre,Weiblich,Sachsen-Anhalt,0
2015,85 bis unter 90 Jahre,Weiblich,Schleswig-Holstein,0
2015,85 bis unter 90 Jahre,Weiblich,Thüringen,0
2015,90 bis unter 95 Jahre,Männlich,Deutschland,0
2015,90 bis unter 95 Jahre,Männlich,Baden-Württemberg,0
2015,90 bis unter 95 Jahre,Männlich,Bayern,0
2015,90 bis unter 95 Jahre,Männlich,Berlin,0
2015,90 bis unter 95 Jahre,Männlich,Brandenburg,0
2015,90 bis unter 95 Jahre,Männlich,Bremen,0
2015,90 bis unter 95 Jahre,Männlich,Hamburg,0
2015,90 bis unter 95 Jahre,Männlich,Hessen,0
2015,90 bis unter 95 Jahre,Männlich,Mecklenburg-Vorpommern,0
2015,90 bis unter 95 Jahre,Männlich,Niedersachsen,0
2015,90 bis unter 95 Jahre,Männlich,Nordrhein-Westfalen,0
2015,90 bis unter 95 Jahre,Männlich,Rheinland-Pfalz,0
2015,90 bis unter 95 Jahre,Männlich,Saarland,0
2015,90 bis unter 95 Jahre,Männlich,Sachsen,0
2015,90 bis unter 95 Jahre,Männlich,Sachsen-Anhalt,0
2015,90 bis unter 95 Jahre,Männlich,Schleswig-Holstein,0
2015,90 bis unter 95 Jahre,Männlich,Thüringen,0
2015,90 bis unter 95 Jahre,Weiblich,Deutschland,0
2015,90 bis unter 95 Jahre,Weiblich,Baden-Württemberg,0
2015,90 bis unter 95 Jahre,Weiblich,Bayern,0
2015,90 bis unter 95 Jahre,Weiblich,Berlin,0
2015,90 bis unter 95 Jahre,Weiblich,Brandenburg,0
2015,90 bis unter 95 Jahre,Weiblich,Bremen,0
2015,90 bis unter 95 Jahre,Weiblich,Hamburg,0
2015,90 bis unter 95 Jahre,Weiblich,Hessen,0
2015,90 bis unter 95 Jahre,Weiblich,Mecklenburg-Vorpommern,0
2015,90 bis unter 95 Jahre,Weiblich,Niedersachsen,0
2015,90 bis unter 95 Jahre,Weiblich,Nordrhein-Westfalen,0
2015,90 bis unter 95 Jahre,Weiblich,Rheinland-Pfalz,0
2015,90 bis unter 95 Jahre,Weiblich,Saarland,0
2015,90 bis unter 95 Jahre,Weiblich,Sachsen,0
2015,90 bis unter 95 Jahre,Weiblich,Sachsen-Anhalt,0
2015,90 bis unter 95 Jahre,Weiblich,Schleswig-Holstein,0
2015,90 bis unter 95 Jahre,Weiblich,Thüringen,0
2015,95 Jahre und älter,Männlich,Deutschland,0
2015,95 Jahre und älter,Männlich,Baden-Württemberg,0
2015,95 Jahre und älter,Männlich,Bayern,0
2015,95 Jahre und älter,Männlich,Berlin,0
2015,95 Jahre und älter,Männlich,Brandenburg,0
2015,95 Jahre und älter,Männlich,Bremen,0
2015,95 Jahre und älter,Männlich,Hamburg,0
2015,95 Jahre und älter,Männlich,Hessen,0
2015,95 Jahre und älter,Männlich,Mecklenburg-Vorpommern,0
2015,95 Jahre und älter,Männlich,Niedersachsen,0
2015,95 Jahre und älter,Männlich,Nordrhein-Westfalen,0
2015,95 Jahre und älter,Männlich,Rheinland-Pfalz,0
2015,95 Jahre und älter,Männlich,Saarland,0
2015,95 Jahre und älter,Männlich,Sachsen,0
2015,95 Jahre und älter,Männlich,Sachsen-Anhalt,0
2015,95 Jahre und älter,Männlich,Schleswig-Holstein,0
2015,95 Jahre und älter,Männlich,Thüringen,0
2015,95 Jahre und älter,Weiblich,Deutschland,0
2015,95 Jahre und älter,Weiblich,Baden-Württemberg,0
2015,95 Jahre und älter,Weiblich,Bayern,0
2015,95 Jahre und älter,Weiblich,Berlin,0
2015,95 Jahre und älter,Weiblich,Brandenburg,0
2015,95 Jahre und älter,Weiblich,Bremen,0
2015,95 Jahre und älter,Weiblich,Hamburg,0
2015,95 Jahre und älter,Weiblich,Hessen,0
2015,95 Jahre und älter,Weiblich,Mecklenburg-Vorpommern,0
2015,95 Jahre und älter,Weiblich,Niedersachsen,0
2015,95 Jahre und älter,Weiblich,Nordrhein-Westfalen,0
2015,95 Jahre und älter,Weiblich,Rheinland-Pfalz,0
2015,95 Jahre und älter,Weiblich,Saarland,0
2015,95 Jahre und älter,Weiblich,Sachsen,0
2015,95 Jahre und älter,Weiblich,Sachsen-Anhalt,0
2015,95 Jahre und älter,Weiblich,Schleswig-Holstein,0
2015,95 Jahre und älter,Weiblich,Thüringen,0
2016,Unter 1 Jahr,Männlich,Deutschland,0
2016,Unter 1 Jahr,Männlich,Baden-Württemberg,0
2016,Unter 1 Jahr,Männlich,Bayern,0
2016,Unter 1 Jahr,Männlich,Berlin,0
2016,Unter 1 Jahr,Männlich,Brandenburg,0
2016,Unter 1 Jahr,Männlich,Bremen,0
2016,Unter 1 Jahr,Männlich,Hamburg,0
2016,Unter 1 Jahr,Männlich,Hessen,0
2016,Unter 1 Jahr,Männlich,Mecklenburg-Vorpommern,0
2016,Unter 1 Jahr,Männlich,Niedersachsen,0
2016,Unter 1 Jahr,Männlich,Nordrhein-Westfalen,0
2016,Unter 1 Jahr,Männlich,Rheinland-Pfalz,0
2016,Unter 1 Jahr,Männlich,Saarland,0
2016,Unter 1 Jahr,Männlich,Sachsen,0
2016,Unter 1 Jahr,Männlich,Sachsen-Anhalt,0
2016,Unter 1 Jahr,Männlich,Schleswig-Holstein,0
2016,Unter 1 Jahr,Männlich,Thüringen,0
2016,Unter 1 Jahr,Weiblich,Deutschland,1
2016,Unter 1 Jahr,Weiblich,Baden-Württemberg,0
2016,Unter 1 Jahr,Weiblich,Bayern,1
2016,Unter 1 Jahr,Weiblich,Berlin,0
2016,Unter 1 Jahr,Weiblich,Brandenburg,0
2016,Unter 1 Jahr,Weiblich,Bremen,0
2016,Unter 1 Jahr,Weiblich,Hamburg,0
2016,Unter 1 Jahr,Weiblich,Hessen,0
2016,Unter 1 Jahr,Weiblich,Mecklenburg-Vorpommern,0
2016,Unter 1 Jahr,Weiblich,Niedersachsen,0
2016,Unter 1 Jahr,Weiblich,Nordrhein-Westfalen,0
2016,Unter 1 Jahr,Weiblich,Rheinland-Pfalz,0
2016,Unter 1 Jahr,Weiblich,Saarland,0
2016,Unter 1 Jahr,Weiblich,Sachsen,0
2016,Unter 1 Jahr,Weiblich,Sachsen-Anhalt,0
2016,Unter 1 Jahr,Weiblich,Schleswig-Holstein,0
2016,Unter 1 Jahr,Weiblich,Thüringen,0
2016,1 Jahr bis unter 5 Jahre,Männlich,Deutschland,1
2016,1 Jahr bis unter 5 Jahre,Männlich,Baden-Württemberg,0
2016,1 Jahr bis unter 5 Jahre,Männlich,Bayern,1
2016,1 Jahr bis unter 5 Jahre,Männlich,Berlin,0
2016,1 Jahr bis unter 5 Jahre,Männlich,Brandenburg,0
2016,1 Jahr bis unter 5 Jahre,Männlich,Bremen,0
2016,1 Jahr bis unter 5 Jahre,Männlich,Hamburg,0
2016,1 Jahr bis unter 5 Jahre,Männlich,Hessen,0
2016,1 Jahr bis unter 5 Jahre,Männlich,Mecklenburg-Vorpommern,0
2016,1 Jahr bis unter 5 Jahre,Männlich,Niedersachsen,0
2016,1 Jahr bis unter 5 Jahre,Männlich,Nordrhein-Westfalen,0
2016,1 Jahr bis unter 5 Jahre,Männlich,Rheinland-Pfalz,0
2016,1 Jahr bis unter 5 Jahre,Männlich,Saarland,0
2016,1 Jahr bis unter 5 Jahre,Männlich,Sachsen,0
2016,1 Jahr bis unter 5 Jahre,Männlich,Sachsen-Anhalt,0
2016,1 Jahr bis unter 5 Jahre,Männlich,Schleswig-Holstein,0
2016,1 Jahr bis unter 5 Jahre,Männlich,Thüringen,0
2016,1 Jahr bis unter 5 Jahre,Weiblich,Deutschland,0
2016,1 Jahr bis unter 5 Jahre,Weiblich,Baden-Württemberg,0
2016,1 Jahr bis unter 5 Jahre,Weiblich,Bayern,0
2016,1 Jahr bis unter 5 Jahre,Weiblich,Berlin,0
2016,1 Jahr bis unter 5 Jahre,Weiblich,Brandenburg,0
2016,1 Jahr bis unter 5 Jahre,Weiblich,Bremen,0
2016,1 Jahr bis unter 5 Jahre,Weiblich,Hamburg,0
2016,1 Jahr bis unter 5 Jahre,Weiblich,Hessen,0
2016,1 Jahr bis unter 5 Jahre,Weiblich,Mecklenburg-Vorpommern,0
2016,1 Jahr bis unter 5 Jahre,Weiblich,Niedersachsen,0
2016,1 Jahr bis unter 5 Jahre,Weiblich,Nordrhein-Westfalen,0
2016,1 Jahr bis unter 5 Jahre,Weiblich,Rheinland-Pfalz,0
2016,1 Jahr bis unter 5 Jahre,Weiblich,Saarland,0
2016,1 Jahr bis unter 5 Jahre,Weiblich,Sachsen,0
2016,1 Jahr bis unter 5 Jahre,Weiblich,Sachsen-Anhalt,0
2016,1 Jahr bis unter 5 Jahre,Weiblich,Schleswig-Holstein,0
2016,1 Jahr bis unter 5 Jahre,Weiblich,Thüringen,0
2016,5 bis unter 10 Jahre,Männlich,Deutschland,0
2016,5 bis unter 10 Jahre,Männlich,Baden-Württemberg,0
2016,5 bis unter 10 Jahre,Männlich,Bayern,0
2016,5 bis unter 10 Jahre,Männlich,Berlin,0
2016,5 bis unter 10 Jahre,Männlich,Brandenburg,0
2016,5 bis unter 10 Jahre,Männlich,Bremen,0
2016,5 bis unter 10 Jahre,Männlich,Hamburg,0
2016,5 bis unter 10 Jahre,Männlich,Hessen,0
2016,5 bis unter 10 Jahre,Männlich,Mecklenburg-Vorpommern,0
2016,5 bis unter 10 Jahre,Männlich,Niedersachsen,0
2016,5 bis unter 10 Jahre,Männlich,Nordrhein-Westfalen,0
2016,5 bis unter 10 Jahre,Männlich,Rheinland-Pfalz,0
2016,5 bis unter 10 Jahre,Männlich,Saarland,0
2016,5 bis unter 10 Jahre,Männlich,Sachsen,0
2016,5 bis unter 10 Jahre,Männlich,Sachsen-Anhalt,0
2016,5 bis unter 10 Jahre,Männlich,Schleswig-Holstein,0
2016,5 bis unter 10 Jahre,Männlich,Thüringen,0
2016,5 bis unter 10 Jahre,Weiblich,Deutschland,0
2016,5 bis unter 10 Jahre,Weiblich,Baden-Württemberg,0
2016,5 bis unter 10 Jahre,Weiblich,Bayern,0
2016,5 bis unter 10 Jahre,Weiblich,Berlin,0
2016,5 bis unter 10 Jahre,Weiblich,Brandenburg,0
2016,5 bis unter 10 Jahre,Weiblich,Bremen,0
2016,5 bis unter 10 Jahre,Weiblich,Hamburg,0
2016,5 bis unter 10 Jahre,Weiblich,Hessen,0
2016,5 bis unter 10 Jahre,Weiblich,Mecklenburg-Vorpommern,0
2016,5 bis unter 10 Jahre,Weiblich,Niedersachsen,0
2016,5 bis unter 10 Jahre,Weiblich,Nordrhein-Westfalen,0
2016,5 bis unter 10 Jahre,Weiblich,Rheinland-Pfalz,0
2016,5 bis unter 10 Jahre,Weiblich,Saarland,0
2016,5 bis unter 10 Jahre,Weiblich,Sachsen,0
2016,5 bis unter 10 Jahre,Weiblich,Sachsen-Anhalt,0
2016,5 bis unter 10 Jahre,Weiblich,Schleswig-Holstein,0
2016,5 bis unter 10 Jahre,Weiblich,Thüringen,0
2016,10 bis unter 15 Jahre,Männlich,Deutschland,0
2016,10 bis unter 15 Jahre,Männlich,Baden-Württemberg,0
2016,10 bis unter 15 Jahre,Männlich,Bayern,0
2016,10 bis unter 15 Jahre,Männlich,Berlin,0
2016,10 bis unter 15 Jahre,Männlich,Brandenburg,0
2016,10 bis unter 15 Jahre,Männlich,Bremen,0
2016,10 bis unter 15 Jahre,Männlich,Hamburg,0
2016,10 bis unter 15 Jahre,Männlich,Hessen,0
2016,10 bis unter 15 Jahre,Männlich,Mecklenburg-Vorpommern,0
2016,10 bis unter 15 Jahre,Männlich,Niedersachsen,0
2016,10 bis unter 15 Jahre,Männlich,Nordrhein-Westfalen,0
2016,10 bis unter 15 Jahre,Männlich,Rheinland-Pfalz,0
2016,10 bis unter 15 Jahre,Männlich,Saarland,0
2016,10 bis unter 15 Jahre,Männlich,Sachsen,0
2016,10 bis unter 15 Jahre,Männlich,Sachsen-Anhalt,0
2016,10 bis unter 15 Jahre,Männlich,Schleswig-Holstein,0
2016,10 bis unter 15 Jahre,Männlich,Thüringen,0
2016,10 bis unter 15 Jahre,Weiblich,Deutschland,0
2016,10 bis unter 15 Jahre,Weiblich,Baden-Württemberg,0
2016,10 bis unter 15 Jahre,Weiblich,Bayern,0
2016,10 bis unter 15 Jahre,Weiblich,Berlin,0
2016,10 bis unter 15 Jahre,Weiblich,Brandenburg,0
2016,10 bis unter 15 Jahre,Weiblich,Bremen,0
2016,10 bis unter 15 Jahre,Weiblich,Hamburg,0
2016,10 bis unter 15 Jahre,Weiblich,Hessen,0
2016,10 bis unter 15 Jahre,Weiblich,Mecklenburg-Vorpommern,0
2016,10 bis unter 15 Jahre,Weiblich,Niedersachsen,0
2016,10 bis unter 15 Jahre,Weiblich,Nordrhein-Westfalen,0
2016,10 bis unter 15 Jahre,Weiblich,Rheinland-Pfalz,0
2016,10 bis unter 15 Jahre,Weiblich,Saarland,0
2016,10 bis unter 15 Jahre,Weiblich,Sachsen,0
2016,10 bis unter 15 Jahre,Weiblich,Sachsen-Anhalt,0
2016,10 bis unter 15 Jahre,Weiblich,Schleswig-Holstein,0
2016,10 bis unter 15 Jahre,Weiblich,Thüringen,0
2016,15 bis unter 20 Jahre,Männlich,Deutschland,37
2016,15 bis unter 20 Jahre,Männlich,Baden-Württemberg,0
2016,15 bis unter 20 Jahre,Männlich,Bayern,20
2016,15 bis unter 20 Jahre,Männlich,Berlin,7
2016,15 bis unter 20 Jahre,Männlich,Brandenburg,0
2016,15 bis unter 20 Jahre,Männlich,Bremen,0
2016,15 bis unter 20 Jahre,Männlich,Hamburg,0
2016,15 bis unter 20 Jahre,Männlich,Hessen,5
2016,15 bis unter 20 Jahre,Männlich,Mecklenburg-Vorpommern,0
2016,15 bis unter 20 Jahre,Männlich,Niedersachsen,1
2016,15 bis unter 20 Jahre,Männlich,Nordrhein-Westfalen,3
2016,15 bis unter 20 Jahre,Männlich,Rheinland-Pfalz,0
2016,15 bis unter 20 Jahre,Männlich,Saarland,0
2016,15 bis unter 20 Jahre,Männlich,Sachsen,1
2016,15 bis unter 20 Jahre,Männlich,Sachsen-Anhalt,0
2016,15 bis unter 20 Jahre,Männlich,Schleswig-Holstein,0
2016,15 bis unter 20 Jahre,Männlich,Thüringen,0
2016,15 bis unter 20 Jahre,Weiblich,Deutschland,36
2016,15 bis unter 20 Jahre,Weiblich,Baden-Württemberg,0
2016,15 bis unter 20 Jahre,Weiblich,Bayern,8
2016,15 bis unter 20 Jahre,Weiblich,Berlin,1
2016,15 bis unter 20 Jahre,Weiblich,Brandenburg,0
2016,15 bis unter 20 Jahre,Weiblich,Bremen,0
2016,15 bis unter 20 Jahre,Weiblich,Hamburg,4
2016,15 bis unter 20 Jahre,Weiblich,Hessen,1
2016,15 bis unter 20 Jahre,Weiblich,Mecklenburg-Vorpommern,0
2016,15 bis unter 20 Jahre,Weiblich,Niedersachsen,0
2016,15 bis unter 20 Jahre,Weiblich,Nordrhein-Westfalen,22
2016,15 bis unter 20 Jahre,Weiblich,Rheinland-Pfalz,0
2016,15 bis unter 20 Jahre,Weiblich,Saarland,0
2016,15 bis unter 20 Jahre,Weiblich,Sachsen,0
2016,15 bis unter 20 Jahre,Weiblich,Sachsen-Anhalt,0
2016,15 bis unter 20 Jahre,Weiblich,Schleswig-Holstein,0
2016,15 bis unter 20 Jahre,Weiblich,Thüringen,0
2016,20 bis unter 25 Jahre,Männlich,Deutschland,213
2016,20 bis unter 25 Jahre,Männlich,Baden-Württemberg,0
2016,20 bis unter 25 Jahre,Männlich,Bayern,154
2016,20 bis unter 25 Jahre,Männlich,Berlin,20
2016,20 bis unter 25 Jahre,Männlich,Brandenburg,0
2016,20 bis unter 25 Jahre,Männlich,Bremen,0
2016,20 bis unter 25 Jahre,Männlich,Hamburg,1
2016,20 bis unter 25 Jahre,Männlich,Hessen,7
2016,20 bis unter 25 Jahre,Männlich,Mecklenburg-Vorpommern,0
2016,20 bis unter 25 Jahre,Männlich,Niedersachsen,13
2016,20 bis unter 25 Jahre,Männlich,Nordrhein-Westfalen,16
2016,20 bis unter 25 Jahre,Männlich,Rheinland-Pfalz,0
2016,20 bis unter 25 Jahre,Männlich,Saarland,1
2016,20 bis unter 25 Jahre,Männlich,Sachsen,0
2016,20 bis unter 25 Jahre,Männlich,Sachsen-Anhalt,0
2016,20 bis unter 25 Jahre,Männlich,Schleswig-Holstein,1
2016,20 bis unter 25 Jahre,Männlich,Thüringen,0
2016,20 bis unter 25 Jahre,Weiblich,Deutschland,68
2016,20 bis unter 25 Jahre,Weiblich,Baden-Württemberg,3
2016,20 bis unter 25 Jahre,Weiblich,Bayern,32
2016,20 bis unter 25 Jahre,Weiblich,Berlin,3
2016,20 bis unter 25 Jahre,Weiblich,Brandenburg,0
2016,20 bis unter 25 Jahre,Weiblich,Bremen,0
2016,20 bis unter 25 Jahre,Weiblich,Hamburg,5
2016,20 bis unter 25 Jahre,Weiblich,Hessen,4
2016,20 bis unter 25 Jahre,Weiblich,Mecklenburg-Vorpommern,0
2016,20 bis unter 25 Jahre,Weiblich,Niedersachsen,2
2016,20 bis unter 25 Jahre,Weiblich,Nordrhein-Westfalen,17
2016,20 bis unter 25 Jahre,Weiblich,Rheinland-Pfalz,0
2016,20 bis unter 25 Jahre,Weiblich,Saarland,1
2016,20 bis unter 25 Jahre,Weiblich,Sachsen,0
2016,20 bis unter 25 Jahre,Weiblich,Sachsen-Anhalt,1
2016,20 bis unter 25 Jahre,Weiblich,Schleswig-Holstein,0
2016,20 bis unter 25 Jahre,Weiblich,Thüringen,0
2016,25 bis unter 30 Jahre,Männlich,Deutschland,234
2016,25 bis unter 30 Jahre,Männlich,Baden-Württemberg,0
2016,25 bis unter 30 Jahre,Männlich,Bayern,176
2016,25 bis unter 30 Jahre,Männlich,Berlin,32
2016,25 bis unter 30 Jahre,Männlich,Brandenburg,0
2016,25 bis unter 30 Jahre,Männlich,Bremen,0
2016,25 bis unter 30 Jahre,Männlich,Hamburg,1
2016,25 bis unter 30 Jahre,Männlich,Hessen,8
2016,25 bis unter 30 Jahre,Männlich,Mecklenburg-Vorpommern,0
2016,25 bis unter 30 Jahre,Männlich,Niedersachsen,9
2016,25 bis unter 30 Jahre,Männlich,Nordrhein-Westfalen,8
2016,25 bis unter 30 Jahre,Männlich,Rheinland-Pfalz,0
2016,25 bis unter 30 Jahre,Männlich,Saarland,0
2016,25 bis unter 30 Jahre,Männlich,Sachsen,0
2016,25 bis unter 30 Jahre,Männlich,Sachsen-Anhalt,0
2016,25 bis unter 30 Jahre,Männlich,Schleswig-Holstein,0
2016,25 bis unter 30 Jahre,Männlich,Thüringen,0
2016,25 bis unter 30 Jahre,Weiblich,Deutschland,60
2016,25 bis unter 30 Jahre,Weiblich,Baden-Württemberg,0
2016,25 bis unter 30 Jahre,Weiblich,Bayern,36
2016,25 bis unter 30 Jahre,Weiblich,Berlin,5
2016,25 bis unter 30 Jahre,Weiblich,Brandenburg,0
2016,25 bis unter 30 Jahre,Weiblich,Bremen,0
2016,25 bis unter 30 Jahre,Weiblich,Hamburg,1
2016,25 bis unter 30 Jahre,Weiblich,Hessen,6
2016,25 bis unter 30 Jahre,Weiblich,Mecklenburg-Vorpommern,0
2016,25 bis unter 30 Jahre,Weiblich,Niedersachsen,2
2016,25 bis unter 30 Jahre,Weiblich,Nordrhein-Westfalen,9
2016,25 bis unter 30 Jahre,Weiblich,Rheinland-Pfalz,0
2016,25 bis unter 30 Jahre,Weiblich,Saarland,0
2016,25 bis unter 30 Jahre,Weiblich,Sachsen,0
2016,25 bis unter 30 Jahre,Weiblich,Sachsen-Anhalt,1
2016,25 bis unter 30 Jahre,Weiblich,Schleswig-Holstein,0
2016,25 bis unter 30 Jahre,Weiblich,Thüringen,0
2016,30 bis unter 35 Jahre,Männlich,Deutschland,151
2016,30 bis unter 35 Jahre,Männlich,Baden-Württemberg,1
2016,30 bis unter 35 Jahre,Männlich,Bayern,118
2016,30 bis unter 35 Jahre,Männlich,Berlin,11
2016,30 bis unter 35 Jahre,Männlich,Brandenburg,1
2016,30 bis unter 35 Jahre,Männlich,Bremen,0
2016,30 bis unter 35 Jahre,Männlich,Hamburg,0
2016,30 bis unter 35 Jahre,Männlich,Hessen,5
2016,30 bis unter 35 Jahre,Männlich,Mecklenburg-Vorpommern,0
2016,30 bis unter 35 Jahre,Männlich,Niedersachsen,12
2016,30 bis unter 35 Jahre,Männlich,Nordrhein-Westfalen,3
2016,30 bis unter 35 Jahre,Männlich,Rheinland-Pfalz,0
2016,30 bis unter 35 Jahre,Männlich,Saarland,0
2016,30 bis unter 35 Jahre,Männlich,Sachsen,0
2016,30 bis unter 35 Jahre,Männlich,Sachsen-Anhalt,0
2016,30 bis unter 35 Jahre,Männlich,Schleswig-Holstein,0
2016,30 bis unter 35 Jahre,Männlich,Thüringen,0
2016,30 bis unter 35 Jahre,Weiblich,Deutschland,78
2016,30 bis unter 35 Jahre,Weiblich,Baden-Württemberg,0
2016,30 bis unter 35 Jahre,Weiblich,Bayern,51
2016,30 bis unter 35 Jahre,Weiblich,Berlin,5
2016,30 bis unter 35 Jahre,Weiblich,Brandenburg,0
2016,30 bis unter 35 Jahre,Weiblich,Bremen,0
2016,30 bis unter 35 Jahre,Weiblich,Hamburg,7
2016,30 bis unter 35 Jahre,Weiblich,Hessen,7
2016,30 bis unter 35 Jahre,Weiblich,Mecklenburg-Vorpommern,0
2016,30 bis unter 35 Jahre,Weiblich,Niedersachsen,1
2016,30 bis unter 35 Jahre,Weiblich,Nordrhein-Westfalen,5
2016,30 bis unter 35 Jahre,Weiblich,Rheinland-Pfalz,0
2016,30 bis unter 35 Jahre,Weiblich,Saarland,0
2016,30 bis unter 35 Jahre,Weiblich,Sachsen,0
2016,30 bis unter 35 Jahre,Weiblich,Sachsen-Anhalt,2
2016,30 bis unter 35 Jahre,Weiblich,Schleswig-Holstein,0
2016,30 bis unter 35 Jahre,Weiblich,Thüringen,0
2016,35 bis unter 40 Jahre,Männlich,Deutschland,139
2016,35 bis unter 40 Jahre,Männlich,Baden-Württemberg,0
2016,35 bis unter 40 Jahre,Männlich,Bayern,105
2016,35 bis unter 40 Jahre,Männlich,Berlin,19
2016,35 bis unter 40 Jahre,Männlich,Brandenburg,0
2016,35 bis unter 40 Jahre,Männlich,Bremen,0
2016,35 bis unter 40 Jahre,Männlich,Hamburg,0
2016,35 bis unter 40 Jahre,Männlich,Hessen,3
2016,35 bis unter 40 Jahre,Männlich,Mecklenburg-Vorpommern,0
2016,35 bis unter 40 Jahre,Männlich,Niedersachsen,8
2016,35 bis unter 40 Jahre,Männlich,Nordrhein-Westfalen,4
2016,35 bis unter 40 Jahre,Männlich,Rheinland-Pfalz,0
2016,35 bis unter 40 Jahre,Männlich,Saarland,0
2016,35 bis unter 40 Jahre,Männlich,Sachsen,0
2016,35 bis unter 40 Jahre,Männlich,Sachsen-Anhalt,0
2016,35 bis unter 40 Jahre,Männlich,Schleswig-Holstein,0
2016,35 bis unter 40 Jahre,Männlich,Thüringen,0
2016,35 bis unter 40 Jahre,Weiblich,Deutschland,59
2016,35 bis unter 40 Jahre,Weiblich,Baden-Württemberg,1
2016,35 bis unter 40 Jahre,Weiblich,Bayern,32
2016,35 bis unter 40 Jahre,Weiblich,Berlin,2
2016,35 bis unter 40 Jahre,Weiblich,Brandenburg,0
2016,35 bis unter 40 Jahre,Weiblich,Bremen,0
2016,35 bis unter 40 Jahre,Weiblich,Hamburg,9
2016,35 bis unter 40 Jahre,Weiblich,Hessen,2
2016,35 bis unter 40 Jahre,Weiblich,Mecklenburg-Vorpommern,0
2016,35 bis unter 40 Jahre,Weiblich,Niedersachsen,0
2016,35 bis unter 40 Jahre,Weiblich,Nordrhein-Westfalen,12
2016,35 bis unter 40 Jahre,Weiblich,Rheinland-Pfalz,0
2016,35 bis unter 40 Jahre,Weiblich,Saarland,0
2016,35 bis unter 40 Jahre,Weiblich,Sachsen,1
2016,35 bis unter 40 Jahre,Weiblich,Sachsen-Anhalt,0
2016,35 bis unter 40 Jahre,Weiblich,Schleswig-Holstein,0
2016,35 bis unter 40 Jahre,Weiblich,Thüringen,0
2016,40 bis unter 45 Jahre,Männlich,Deutschland,100
2016,40 bis unter 45 Jahre,Männlich,Baden-Württemberg,0
2016,40 bis unter 45 Jahre,Männlich,Bayern,71
2016,40 bis unter 45 Jahre,Männlich,Berlin,16
2016,40 bis unter 45 Jahre,Männlich,Brandenburg,0
2016,40 bis unter 45 Jahre,Männlich,Bremen,0
2016,40 bis unter 45 Jahre,Männlich,Hamburg,0
2016,40 bis unter 45 Jahre,Männlich,Hessen,6
2016,40 bis unter 45 Jahre,Männlich,Mecklenburg-Vorpommern,0
2016,40 bis unter 45 Jahre,Männlich,Niedersachsen,4
2016,40 bis unter 45 Jahre,Männlich,Nordrhein-Westfalen,3
2016,40 bis unter 45 Jahre,Männlich,Rheinland-Pfalz,0
2016,40 bis unter 45 Jahre,Männlich,Saarland,0
2016,40 bis unter 45 Jahre,Männlich,Sachsen,0
2016,40 bis unter 45 Jahre,Männlich,Sachsen-Anhalt,0
2016,40 bis unter 45 Jahre,Männlich,Schleswig-Holstein,0
2016,40 bis unter 45 Jahre,Männlich,Thüringen,0
2016,40 bis unter 45 Jahre,Weiblich,Deutschland,52
2016,40 bis unter 45 Jahre,Weiblich,Baden-Württemberg,2
2016,40 bis unter 45 Jahre,Weiblich,Bayern,29
2016,40 bis unter 45 Jahre,Weiblich,Berlin,5
2016,40 bis unter 45 Jahre,Weiblich,Brandenburg,0
2016,40 bis unter 45 Jahre,Weiblich,Bremen,0
2016,40 bis unter 45 Jahre,Weiblich,Hamburg,3
2016,40 bis unter 45 Jahre,Weiblich,Hessen,5
2016,40 bis unter 45 Jahre,Weiblich,Mecklenburg-Vorpommern,0
2016,40 bis unter 45 Jahre,Weiblich,Niedersachsen,0
2016,40 bis unter 45 Jahre,Weiblich,Nordrhein-Westfalen,8
2016,40 bis unter 45 Jahre,Weiblich,Rheinland-Pfalz,0
2016,40 bis unter 45 Jahre,Weiblich,Saarland,0
2016,40 bis unter 45 Jahre,Weiblich,Sachsen,0
2016,40 bis unter 45 Jahre,Weiblich,Sachsen-Anhalt,0
2016,40 bis unter 45 Jahre,Weiblich,Schleswig-Holstein,0
2016,40 bis unter 45 Jahre,Weiblich,Thüringen,0
2016,45 bis unter 50 Jahre,Männlich,Deutschland,63
2016,45 bis unter 50 Jahre,Männlich,Baden-Württemberg,0
2016,45 bis unter 50 Jahre,Männlich,Bayern,47
2016,45 bis unter 50 Jahre,Männlich,Berlin,3
2016,45 bis unter 50 Jahre,Männlich,Brandenburg,0
2016,45 bis unter 50 Jahre,Männlich,Bremen,0
2016,45 bis unter 50 Jahre,Männlich,Hamburg,0
2016,45 bis unter 50 Jahre,Männlich,Hessen,7
2016,45 bis unter 50 Jahre,Männlich,Mecklenburg-Vorpommern,0
2016,45 bis unter 50 Jahre,Männlich,Niedersachsen,5
2016,45 bis unter 50 Jahre,Männlich,Nordrhein-Westfalen,1
2016,45 bis unter 50 Jahre,Männlich,Rheinland-Pfalz,0
2016,45 bis unter 50 Jahre,Männlich,Saarland,0
2016,45 bis unter 50 Jahre,Männlich,Sachsen,0
2016,45 bis unter 50 Jahre,Männlich,Sachsen-Anhalt,0
2016,45 bis unter 50 Jahre,Männlich,Schleswig-Holstein,0
2016,45 bis unter 50 Jahre,Männlich,Thüringen,0
2016,45 bis unter 50 Jahre,Weiblich,Deutschland,68
2016,45 bis unter 50 Jahre,Weiblich,Baden-Württemberg,2
2016,45 bis unter 50 Jahre,Weiblich,Bayern,45
2016,45 bis unter 50 Jahre,Weiblich,Berlin,4
2016,45 bis unter 50 Jahre,Weiblich,Brandenburg,1
2016,45 bis unter 50 Jahre,Weiblich,Bremen,0
2016,45 bis unter 50 Jahre,Weiblich,Hamburg,3
2016,45 bis unter 50 Jahre,Weiblich,Hessen,0
2016,45 bis unter 50 Jahre,Weiblich,Mecklenburg-Vorpommern,0
2016,45 bis unter 50 Jahre,Weiblich,Niedersachsen,2
2016,45 bis unter 50 Jahre,Weiblich,Nordrhein-Westfalen,10
2016,45 bis unter 50 Jahre,Weiblich,Rheinland-Pfalz,0
2016,45 bis unter 50 Jahre,Weiblich,Saarland,0
2016,45 bis unter 50 Jahre,Weiblich,Sachsen,0
2016,45 bis unter 50 Jahre,Weiblich,Sachsen-Anhalt,1
2016,45 bis unter 50 Jahre,Weiblich,Schleswig-Holstein,0
2016,45 bis unter 50 Jahre,Weiblich,Thüringen,0
2016,50 bis unter 55 Jahre,Männlich,Deutschland,40
2016,50 bis unter 55 Jahre,Männlich,Baden-Württemberg,0
2016,50 bis unter 55 Jahre,Männlich,Bayern,23
2016,50 bis unter 55 Jahre,Männlich,Berlin,9
2016,50 bis unter 55 Jahre,Männlich,Brandenburg,0
2016,50 bis unter 55 Jahre,Männlich,Bremen,0
2016,50 bis unter 55 Jahre,Männlich,Hamburg,0
2016,50 bis unter 55 Jahre,Männlich,Hessen,1
2016,50 bis unter 55 Jahre,Männlich,Mecklenburg-Vorpommern,0
2016,50 bis unter 55 Jahre,Männlich,Niedersachsen,6
2016,50 bis unter 55 Jahre,Männlich,Nordrhein-Westfalen,1
2016,50 bis unter 55 Jahre,Männlich,Rheinland-Pfalz,0
2016,50 bis unter 55 Jahre,Männlich,Saarland,0
2016,50 bis unter 55 Jahre,Männlich,Sachsen,0
2016,50 bis unter 55 Jahre,Männlich,Sachsen-Anhalt,0
2016,50 bis unter 55 Jahre,Männlich,Schleswig-Holstein,0
2016,50 bis unter 55 Jahre,Männlich,Thüringen,0
2016,50 bis unter 55 Jahre,Weiblich,Deutschland,67
2016,50 bis unter 55 Jahre,Weiblich,Baden-Württemberg,3
2016,50 bis unter 55 Jahre,Weiblich,Bayern,35
2016,50 bis unter 55 Jahre,Weiblich,Berlin,4
2016,50 bis unter 55 Jahre,Weiblich,Brandenburg,0
2016,50 bis unter 55 Jahre,Weiblich,Bremen,0
2016,50 bis unter 55 Jahre,Weiblich,Hamburg,6
2016,50 bis unter 55 Jahre,Weiblich,Hessen,4
2016,50 bis unter 55 Jahre,Weiblich,Mecklenburg-Vorpommern,0
2016,50 bis unter 55 Jahre,Weiblich,Niedersachsen,3
2016,50 bis unter 55 Jahre,Weiblich,Nordrhein-Westfalen,10
2016,50 bis unter 55 Jahre,Weiblich,Rheinland-Pfalz,0
2016,50 bis unter 55 Jahre,Weiblich,Saarland,0
2016,50 bis unter 55 Jahre,Weiblich,Sachsen,1
2016,50 bis unter 55 Jahre,Weiblich,Sachsen-Anhalt,1
2016,50 bis unter 55 Jahre,Weiblich,Schleswig-Holstein,0
2016,50 bis unter 55 Jahre,Weiblich,Thüringen,0
2016,55 bis unter 60 Jahre,Männlich,Deutschland,10
2016,55 bis unter 60 Jahre,Männlich,Baden-Württemberg,0
2016,55 bis unter 60 Jahre,Männlich,Bayern,4
2016,55 bis unter 60 Jahre,Männlich,Berlin,4
2016,55 bis unter 60 Jahre,Männlich,Brandenburg,0
2016,55 bis unter 60 Jahre,Männlich,Bremen,0
2016,55 bis unter 60 Jahre,Männlich,Hamburg,0
2016,55 bis unter 60 Jahre,Männlich,Hessen,2
2016,55 bis unter 60 Jahre,Männlich,Mecklenburg-Vorpommern,0
2016,55 bis unter 60 Jahre,Männlich,Niedersachsen,0
2016,55 bis unter 60 Jahre,Männlich,Nordrhein-Westfalen,0
2016,55 bis unter 60 Jahre,Männlich,Rheinland-Pfalz,0
2016,55 bis unter 60 Jahre,Männlich,Saarland,0
2016,55 bis unter 60 Jahre,Männlich,Sachsen,0
2016,55 bis unter 60 Jahre,Männlich,Sachsen-Anhalt,0
2016,55 bis unter 60 Jahre,Männlich,Schleswig-Holstein,0
2016,55 bis unter 60 Jahre,Männlich,Thüringen,0
2016,55 bis unter 60 Jahre,Weiblich,Deutschland,31
2016,55 bis unter 60 Jahre,Weiblich,Baden-Württemberg,0
2016,55 bis unter 60 Jahre,Weiblich,Bayern,9
2016,55 bis unter 60 Jahre,Weiblich,Berlin,3
2016,55 bis unter 60 Jahre,Weiblich,Brandenburg,0
2016,55 bis unter 60 Jahre,Weiblich,Bremen,0
2016,55 bis unter 60 Jahre,Weiblich,Hamburg,4
2016,55 bis unter 60 Jahre,Weiblich,Hessen,3
2016,55 bis unter 60 Jahre,Weiblich,Mecklenburg-Vorpommern,0
2016,55 bis unter 60 Jahre,Weiblich,Niedersachsen,4
2016,55 bis unter 60 Jahre,Weiblich,Nordrhein-Westfalen,8
2016,55 bis unter 60 Jahre,Weiblich,Rheinland-Pfalz,0
2016,55 bis unter 60 Jahre,Weiblich,Saarland,0
2016,55 bis unter 60 Jahre,Weiblich,Sachsen,0
2016,55 bis unter 60 Jahre,Weiblich,Sachsen-Anhalt,0
2016,55 bis unter 60 Jahre,Weiblich,Schleswig-Holstein,0
2016,55 bis unter 60 Jahre,Weiblich,Thüringen,0
2016,60 bis unter 65 Jahre,Männlich,Deutschland,7
2016,60 bis unter 65 Jahre,Männlich,Baden-Württemberg,0
2016,60 bis unter 65 Jahre,Männlich,Bayern,5
2016,60 bis unter 65 Jahre,Männlich,Berlin,0
2016,60 bis unter 65 Jahre,Männlich,Brandenburg,0
2016,60 bis unter 65 Jahre,Männlich,Bremen,0
2016,60 bis unter 65 Jahre,Männlich,Hamburg,1
2016,60 bis unter 65 Jahre,Männlich,Hessen,1
2016,60 bis unter 65 Jahre,Männlich,Mecklenburg-Vorpommern,0
2016,60 bis unter 65 Jahre,Männlich,Niedersachsen,0
2016,60 bis unter 65 Jahre,Männlich,Nordrhein-Westfalen,0
2016,60 bis unter 65 Jahre,Männlich,Rheinland-Pfalz,0
2016,60 bis unter 65 Jahre,Männlich,Saarland,0
2016,60 bis unter 65 Jahre,Männlich,Sachsen,0
2016,60 bis unter 65 Jahre,Männlich,Sachsen-Anhalt,0
2016,60 bis unter 65 Jahre,Männlich,Schleswig-Holstein,0
2016,60 bis unter 65 Jahre,Männlich,Thüringen,0
2016,60 bis unter 65 Jahre,Weiblich,Deutschland,8
2016,60 bis unter 65 Jahre,Weiblich,Baden-Württemberg,0
2016,60 bis unter 65 Jahre,Weiblich,Bayern,3
2016,60 bis unter 65 Jahre,Weiblich,Berlin,2
2016,60 bis unter 65 Jahre,Weiblich,Brandenburg,0
2016,60 bis unter 65 Jahre,Weiblich,Bremen,0
2016,60 bis unter 65 Jahre,Weiblich,Hamburg,0
2016,60 bis unter 65 Jahre,Weiblich,Hessen,3
2016,60 bis unter 65 Jahre,Weiblich,Mecklenburg-Vorpommern,0
2016,60 bis unter 65 Jahre,Weiblich,Niedersachsen,0
2016,60 bis unter 65 Jahre,Weiblich,Nordrhein-Westfalen,0
2016,60 bis unter 65 Jahre,Weiblich,Rheinland-Pfalz,0
2016,60 bis unter 65 Jahre,Weiblich,Saarland,0
2016,60 bis unter 65 Jahre,Weiblich,Sachsen,0
2016,60 bis unter 65 Jahre,Weiblich,Sachsen-Anhalt,0
2016,60 bis unter 65 Jahre,Weiblich,Schleswig-Holstein,0
2016,60 bis unter 65 Jahre,Weiblich,Thüringen,0
2016,65 bis unter 70 Jahre,Männlich,Deutschland,0
2016,65 bis unter 70 Jahre,Männlich,Baden-Württemberg,0
2016,65 bis unter 70 Jahre,Männlich,Bayern,0
2016,65 bis unter 70 Jahre,Männlich,Berlin,0
2016,65 bis unter 70 Jahre,Männlich,Brandenburg,0
2016,65 bis unter 70 Jahre,Männlich,Bremen,0
2016,65 bis unter 70 Jahre,Männlich,Hamburg,0
2016,65 bis unter 70 Jahre,Männlich,Hessen,0
2016,65 bis unter 70 Jahre,Männlich,Mecklenburg-Vorpommern,0
2016,65 bis unter 70 Jahre,Männlich,Niedersachsen,0
2016,65 bis unter 70 Jahre,Männlich,Nordrhein-Westfalen,0
2016,65 bis unter 70 Jahre,Männlich,Rheinland-Pfalz,0
2016,65 bis unter 70 Jahre,Männlich,Saarland,0
2016,65 bis unter 70 Jahre,Männlich,Sachsen,0
2016,65 bis unter 70 Jahre,Männlich,Sachsen-Anhalt,0
2016,65 bis unter 70 Jahre,Männlich,Schleswig-Holstein,0
2016,65 bis unter 70 Jahre,Männlich,Thüringen,0
2016,65 bis unter 70 Jahre,Weiblich,Deutschland,3
2016,65 bis unter 70 Jahre,Weiblich,Baden-Württemberg,0
2016,65 bis unter 70 Jahre,Weiblich,Bayern,1
2016,65 bis unter 70 Jahre,Weiblich,Berlin,0
2016,65 bis unter 70 Jahre,Weiblich,Brandenburg,0
2016,65 bis unter 70 Jahre,Weiblich,Bremen,0
2016,65 bis unter 70 Jahre,Weiblich,Hamburg,2
2016,65 bis unter 70 Jahre,Weiblich,Hessen,0
2016,65 bis unter 70 Jahre,Weiblich,Mecklenburg-Vorpommern,0
2016,65 bis unter 70 Jahre,Weiblich,Niedersachsen,0
2016,65 bis unter 70 Jahre,Weiblich,Nordrhein-Westfalen,0
2016,65 bis unter 70 Jahre,Weiblich,Rheinland-Pfalz,0
2016,65 bis unter 70 Jahre,Weiblich,Saarland,0
2016,65 bis unter 70 Jahre,Weiblich,Sachsen,0
2016,65 bis unter 70 Jahre,Weiblich,Sachsen-Anhalt,0
2016,65 bis unter 70 Jahre,Weiblich,Schleswig-Holstein,0
2016,65 bis unter 70 Jahre,Weiblich,Thüringen,0
2016,70 bis unter 75 Jahre,Männlich,Deutschland,1
2016,70 bis unter 75 Jahre,Männlich,Baden-Württemberg,0
2016,70 bis unter 75 Jahre,Männlich,Bayern,1
2016,70 bis unter 75 Jahre,Männlich,Berlin,0
2016,70 bis unter 75 Jahre,Männlich,Brandenburg,0
2016,70 bis unter 75 Jahre,Männlich,Bremen,0
2016,70 bis unter 75 Jahre,Männlich,Hamburg,0
2016,70 bis unter 75 Jahre,Männlich,Hessen,0
2016,70 bis unter 75 Jahre,Männlich,Mecklenburg-Vorpommern,0
2016,70 bis unter 75 Jahre,Männlich,Niedersachsen,0
2016,70 bis unter 75 Jahre,Männlich,Nordrhein-Westfalen,0
2016,70 bis unter 75 Jahre,Männlich,Rheinland-Pfalz,0
2016,70 bis unter 75 Jahre,Männlich,Saarland,0
2016,70 bis unter 75 Jahre,Männlich,Sachsen,0
2016,70 bis unter 75 Jahre,Männlich,Sachsen-Anhalt,0
2016,70 bis unter 75 Jahre,Männlich,Schleswig-Holstein,0
2016,70 bis unter 75 Jahre,Männlich,Thüringen,0
2016,70 bis unter 75 Jahre,Weiblich,Deutschland,0
2016,70 bis unter 75 Jahre,Weiblich,Baden-Württemberg,0
2016,70 bis unter 75 Jahre,Weiblich,Bayern,0
2016,70 bis unter 75 Jahre,Weiblich,Berlin,0
2016,70 bis unter 75 Jahre,Weiblich,Brandenburg,0
2016,70 bis unter 75 Jahre,Weiblich,Bremen,0
2016,70 bis unter 75 Jahre,Weiblich,Hamburg,0
2016,70 bis unter 75 Jahre,Weiblich,Hessen,0
2016,70 bis unter 75 Jahre,Weiblich,Mecklenburg-Vorpommern,0
2016,70 bis unter 75 Jahre,Weiblich,Niedersachsen,0
2016,70 bis unter 75 Jahre,Weiblich,Nordrhein-Westfalen,0
2016,70 bis unter 75 Jahre,Weiblich,Rheinland-Pfalz,0
2016,70 bis unter 75 Jahre,Weiblich,Saarland,0
2016,70 bis unter 75 Jahre,Weiblich,Sachsen,0
2016,70 bis unter 75 Jahre,Weiblich,Sachsen-Anhalt,0
2016,70 bis unter 75 Jahre,Weiblich,Schleswig-Holstein,0
2016,70 bis unter 75 Jahre,Weiblich,Thüringen,0
2016,75 bis unter 80 Jahre,Männlich,Deutschland,0
2016,75 bis unter 80 Jahre,Männlich,Baden-Württemberg,0
2016,75 bis unter 80 Jahre,Männlich,Bayern,0
2016,75 bis unter 80 Jahre,Männlich,Berlin,0
2016,75 bis unter 80 Jahre,Männlich,Brandenburg,0
2016,75 bis unter 80 Jahre,Männlich,Bremen,0
2016,75 bis unter 80 Jahre,Männlich,Hamburg,0
2016,75 bis unter 80 Jahre,Männlich,Hessen,0
2016,75 bis unter 80 Jahre,Männlich,Mecklenburg-Vorpommern,0
2016,75 bis unter 80 Jahre,Männlich,Niedersachsen,0
2016,75 bis unter 80 Jahre,Männlich,Nordrhein-Westfalen,0
2016,75 bis unter 80 Jahre,Männlich,Rheinland-Pfalz,0
2016,75 bis unter 80 Jahre,Männlich,Saarland,0
2016,75 bis unter 80 Jahre,Männlich,Sachsen,0
2016,75 bis unter 80 Jahre,Männlich,Sachsen-Anhalt,0
2016,75 bis unter 80 Jahre,Männlich,Schleswig-Holstein,0
2016,75 bis unter 80 Jahre,Männlich,Thüringen,0
2016,75 bis unter 80 Jahre,Weiblich,Deutschland,1
2016,75 bis unter 80 Jahre,Weiblich,Baden-Württemberg,0
2016,75 bis unter 80 Jahre,Weiblich,Bayern,0
2016,75 bis unter 80 Jahre,Weiblich,Berlin,0
2016,75 bis unter 80 Jahre,Weiblich,Brandenburg,0
2016,75 bis unter 80 Jahre,Weiblich,Bremen,0
2016,75 bis unter 80 Jahre,Weiblich,Hamburg,0
2016,75 bis unter 80 Jahre,Weiblich,Hessen,0
2016,75 bis unter 80 Jahre,Weiblich,Mecklenburg-Vorpommern,0
2016,75 bis unter 80 Jahre,Weiblich,Niedersachsen,0
2016,75 bis unter 80 Jahre,Weiblich,Nordrhein-Westfalen,1
2016,75 bis unter 80 Jahre,Weiblich,Rheinland-Pfalz,0
2016,75 bis unter 80 Jahre,Weiblich,Saarland,0
2016,75 bis unter 80 Jahre,Weiblich,Sachsen,0
2016,75 bis unter 80 Jahre,Weiblich,Sachsen-Anhalt,0
2016,75 bis unter 80 Jahre,Weiblich,Schleswig-Holstein,0
2016,75 bis unter 80 Jahre,Weiblich,Thüringen,0
2016,80 bis unter 85 Jahre,Männlich,Deutschland,0
2016,80 bis unter 85 Jahre,Männlich,Baden-Württemberg,0
2016,80 bis unter 85 Jahre,Männlich,Bayern,0
2016,80 bis unter 85 Jahre,Männlich,Berlin,0
2016,80 bis unter 85 Jahre,Männlich,Brandenburg,0
2016,80 bis unter 85 Jahre,Männlich,Bremen,0
2016,80 bis unter 85 Jahre,Männlich,Hamburg,0
2016,80 bis unter 85 Jahre,Männlich,Hessen,0
2016,80 bis unter 85 Jahre,Männlich,Mecklenburg-Vorpommern,0
2016,80 bis unter 85 Jahre,Männlich,Niedersachsen,0
2016,80 bis unter 85 Jahre,Männlich,Nordrhein-Westfalen,0
2016,80 bis unter 85 Jahre,Männlich,Rheinland-Pfalz,0
2016,80 bis unter 85 Jahre,Männlich,Saarland,0
2016,80 bis unter 85 Jahre,Männlich,Sachsen,0
2016,80 bis unter 85 Jahre,Männlich,Sachsen-Anhalt,0
2016,80 bis unter 85 Jahre,Männlich,Schleswig-Holstein,0
2016,80 bis unter 85 Jahre,Männlich,Thüringen,0
2016,80 bis unter 85 Jahre,Weiblich,Deutschland,0
2016,80 bis unter 85 Jahre,Weiblich,Baden-Württemberg,0
2016,80 bis unter 85 Jahre,Weiblich,Bayern,0
2016,80 bis unter 85 Jahre,Weiblich,Berlin,0
2016,80 bis unter 85 Jahre,Weiblich,Brandenburg,0
2016,80 bis unter 85 Jahre,Weiblich,Bremen,0
2016,80 bis unter 85 Jahre,Weiblich,Hamburg,0
2016,80 bis unter 85 Jahre,Weiblich,Hessen,0
2016,80 bis unter 85 Jahre,Weiblich,Mecklenburg-Vorpommern,0
2016,80 bis unter 85 Jahre,Weiblich,Niedersachsen,0
2016,80 bis unter 85 Jahre,Weiblich,Nordrhein-Westfalen,0
2016,80 bis unter 85 Jahre,Weiblich,Rheinland-Pfalz,0
2016,80 bis unter 85 Jahre,Weiblich,Saarland,0
2016,80 bis unter 85 Jahre,Weiblich,Sachsen,0
2016,80 bis unter 85 Jahre,Weiblich,Sachsen-Anhalt,0
2016,80 bis unter 85 Jahre,Weiblich,Schleswig-Holstein,0
2016,80 bis unter 85 Jahre,Weiblich,Thüringen,0
2016,85 bis unter 90 Jahre,Männlich,Deutschland,0
2016,85 bis unter 90 Jahre,Männlich,Baden-Württemberg,0
2016,85 bis unter 90 Jahre,Männlich,Bayern,0
2016,85 bis unter 90 Jahre,Männlich,Berlin,0
2016,85 bis unter 90 Jahre,Männlich,Brandenburg,0
2016,85 bis unter 90 Jahre,Männlich,Bremen,0
2016,85 bis unter 90 Jahre,Männlich,Hamburg,0
2016,85 bis unter 90 Jahre,Männlich,Hessen,0
2016,85 bis unter 90 Jahre,Männlich,Mecklenburg-Vorpommern,0
2016,85 bis unter 90 Jahre,Männlich,Niedersachsen,0
2016,85 bis unter 90 Jahre,Männlich,Nordrhein-Westfalen,0
2016,85 bis unter 90 Jahre,Männlich,Rheinland-Pfalz,0
2016,85 bis unter 90 Jahre,Männlich,Saarland,0
2016,85 bis unter 90 Jahre,Männlich,Sachsen,0
2016,85 bis unter 90 Jahre,Männlich,Sachsen-Anhalt,0
2016,85 bis unter 90 Jahre,Männlich,Schleswig-Holstein,0
2016,85 bis unter 90 Jahre,Männlich,Thüringen,0
2016,85 bis unter 90 Jahre,Weiblich,Deutschland,0
2016,85 bis unter 90 Jahre,Weiblich,Baden-Württemberg,0
2016,85 bis unter 90 Jahre,Weiblich,Bayern,0
2016,85 bis unter 90 Jahre,Weiblich,Berlin,0
2016,85 bis unter 90 Jahre,Weiblich,Brandenburg,0
2016,85 bis unter 90 Jahre,Weiblich,Bremen,0
2016,85 bis unter 90 Jahre,Weiblich,Hamburg,0
2016,85 bis unter 90 Jahre,Weiblich,Hessen,0
2016,85 bis unter 90 Jahre,Weiblich,Mecklenburg-Vorpommern,0
2016,85 bis unter 90 Jahre,Weiblich,Niedersachsen,0
2016,85 bis unter 90 Jahre,Weiblich,Nordrhein-Westfalen,0
2016,85 bis unter 90 Jahre,Weiblich,Rheinland-Pfalz,0
2016,85 bis unter 90 Jahre,Weiblich,Saarland,0
2016,85 bis unter 90 Jahre,Weiblich,Sachsen,0
2016,85 bis unter 90 Jahre,Weiblich,Sachsen-Anhalt,0
2016,85 bis unter 90 Jahre,Weiblich,Schleswig-Holstein,0
2016,85 bis unter 90 Jahre,Weiblich,Thüringen,0
2016,90 bis unter 95 Jahre,Männlich,Deutschland,0
2016,90 bis unter 95 Jahre,Männlich,Baden-Württemberg,0
2016,90 bis unter 95 Jahre,Männlich,Bayern,0
2016,90 bis unter 95 Jahre,Männlich,Berlin,0
2016,90 bis unter 95 Jahre,Männlich,Brandenburg,0
2016,90 bis unter 95 Jahre,Männlich,Bremen,0
2016,90 bis unter 95 Jahre,Männlich,Hamburg,0
2016,90 bis unter 95 Jahre,Männlich,Hessen,0
2016,90 bis unter 95 Jahre,Männlich,Mecklenburg-Vorpommern,0
2016,90 bis unter 95 Jahre,Männlich,Niedersachsen,0
2016,90 bis unter 95 Jahre,Männlich,Nordrhein-Westfalen,0
2016,90 bis unter 95 Jahre,Männlich,Rheinland-Pfalz,0
2016,90 bis unter 95 Jahre,Männlich,Saarland,0
2016,90 bis unter 95 Jahre,Männlich,Sachsen,0
2016,90 bis unter 95 Jahre,Männlich,Sachsen-Anhalt,0
2016,90 bis unter 95 Jahre,Männlich,Schleswig-Holstein,0
2016,90 bis unter 95 Jahre,Männlich,Thüringen,0
2016,90 bis unter 95 Jahre,Weiblich,Deutschland,0
2016,90 bis unter 95 Jahre,Weiblich,Baden-Württemberg,0
2016,90 bis unter 95 Jahre,Weiblich,Bayern,0
2016,90 bis unter 95 Jahre,Weiblich,Berlin,0
2016,90 bis unter 95 Jahre,Weiblich,Brandenburg,0
2016,90 bis unter 95 Jahre,Weiblich,Bremen,0
2016,90 bis unter 95 Jahre,Weiblich,Hamburg,0
2016,90 bis unter 95 Jahre,Weiblich,Hessen,0
2016,90 bis unter 95 Jahre,Weiblich,Mecklenburg-Vorpommern,0
2016,90 bis unter 95 Jahre,Weiblich,Niedersachsen,0
2016,90 bis unter 95 Jahre,Weiblich,Nordrhein-Westfalen,0
2016,90 bis unter 95 Jahre,Weiblich,Rheinland-Pfalz,0
2016,90 bis unter 95 Jahre,Weiblich,Saarland,0
2016,90 bis unter 95 Jahre,Weiblich,Sachsen,0
2016,90 bis unter 95 Jahre,Weiblich,Sachsen-Anhalt,0
2016,90 bis unter 95 Jahre,Weiblich,Schleswig-Holstein,0
2016,90 bis unter 95 Jahre,Weiblich,Thüringen,0
2016,95 Jahre und älter,Männlich,Deutschland,0
2016,95 Jahre und älter,Männlich,Baden-Württemberg,0
2016,95 Jahre und älter,Männlich,Bayern,0
2016,95 Jahre und älter,Männlich,Berlin,0
2016,95 Jahre und älter,Männlich,Brandenburg,0
2016,95 Jahre und älter,Männlich,Bremen,0
2016,95 Jahre und älter,Männlich,Hamburg,0
2016,95 Jahre und älter,Männlich,Hessen,0
2016,95 Jahre und älter,Männlich,Mecklenburg-Vorpommern,0
2016,95 Jahre und älter,Männlich,Niedersachsen,0
2016,95 Jahre und älter,Männlich,Nordrhein-Westfalen,0
2016,95 Jahre und älter,Männlich,Rheinland-Pfalz,0
2016,95 Jahre und älter,Männlich,Saarland,0
2016,95 Jahre und älter,Männlich,Sachsen,0
2016,95 Jahre und älter,Männlich,Sachsen-Anhalt,0
2016,95 Jahre und älter,Männlich,Schleswig-Holstein,0
2016,95 Jahre und älter,Männlich,Thüringen,0
2016,95 Jahre und älter,Weiblich,Deutschland,0
2016,95 Jahre und älter,Weiblich,Baden-Württemberg,0
2016,95 Jahre und älter,Weiblich,Bayern,0
2016,95 Jahre und älter,Weiblich,Berlin,0
2016,95 Jahre und älter,Weiblich,Brandenburg,0
2016,95 Jahre und älter,Weiblich,Bremen,0
2016,95 Jahre und älter,Weiblich,Hamburg,0
2016,95 Jahre und älter,Weiblich,Hessen,0
2016,95 Jahre und älter,Weiblich,Mecklenburg-Vorpommern,0
2016,95 Jahre und älter,Weiblich,Niedersachsen,0
2016,95 Jahre und älter,Weiblich,Nordrhein-Westfalen,0
2016,95 Jahre und älter,Weiblich,Rheinland-Pfalz,0
2016,95 Jahre und älter,Weiblich,Saarland,0
2016,95 Jahre und älter,Weiblich,Sachsen,0
2016,95 Jahre und älter,Weiblich,Sachsen-Anhalt,0
2016,95 Jahre und älter,Weiblich,Schleswig-Holstein,0
2016,95 Jahre und älter,Weiblich,Thüringen,0
2017,Unter 1 Jahr,Männlich,Deutschland,0
2017,Unter 1 Jahr,Männlich,Baden-Württemberg,0
2017,Unter 1 Jahr,Männlich,Bayern,0
2017,Unter 1 Jahr,Männlich,Berlin,0
2017,Unter 1 Jahr,Männlich,Brandenburg,0
2017,Unter 1 Jahr,Männlich,Bremen,0
2017,Unter 1 Jahr,Männlich,Hamburg,0
2017,Unter 1 Jahr,Männlich,Hessen,0
2017,Unter 1 Jahr,Männlich,Mecklenburg-Vorpommern,0
2017,Unter 1 Jahr,Männlich,Niedersachsen,0
2017,Unter 1 Jahr,Männlich,Nordrhein-Westfalen,0
2017,Unter 1 Jahr,Männlich,Rheinland-Pfalz,0
2017,Unter 1 Jahr,Männlich,Saarland,0
2017,Unter 1 Jahr,Männlich,Sachsen,0
2017,Unter 1 Jahr,Männlich,Sachsen-Anhalt,0
2017,Unter 1 Jahr,Männlich,Schleswig-Holstein,0
2017,Unter 1 Jahr,Männlich,Thüringen,0
2017,Unter 1 Jahr,Weiblich,Deutschland,0
2017,Unter 1 Jahr,Weiblich,Baden-Württemberg,0
2017,Unter 1 Jahr,Weiblich,Bayern,0
2017,Unter 1 Jahr,Weiblich,Berlin,0
2017,Unter 1 Jahr,Weiblich,Brandenburg,0
2017,Unter 1 Jahr,Weiblich,Bremen,0
2017,Unter 1 Jahr,Weiblich,Hamburg,0
2017,Unter 1 Jahr,Weiblich,Hessen,0
2017,Unter 1 Jahr,Weiblich,Mecklenburg-Vorpommern,0
2017,Unter 1 Jahr,Weiblich,Niedersachsen,0
2017,Unter 1 Jahr,Weiblich,Nordrhein-Westfalen,0
2017,Unter 1 Jahr,Weiblich,Rheinland-Pfalz,0
2017,Unter 1 Jahr,Weiblich,Saarland,0
2017,Unter 1 Jahr,Weiblich,Sachsen,0
2017,Unter 1 Jahr,Weiblich,Sachsen-Anhalt,0
2017,Unter 1 Jahr,Weiblich,Schleswig-Holstein,0
2017,Unter 1 Jahr,Weiblich,Thüringen,0
2017,1 Jahr bis unter 5 Jahre,Männlich,Deutschland,0
2017,1 Jahr bis unter 5 Jahre,Männlich,Baden-Württemberg,0
2017,1 Jahr bis unter 5 Jahre,Männlich,Bayern,0
2017,1 Jahr bis unter 5 Jahre,Männlich,Berlin,0
2017,1 Jahr bis unter 5 Jahre,Männlich,Brandenburg,0
2017,1 Jahr bis unter 5 Jahre,Männlich,Bremen,0
2017,1 Jahr bis unter 5 Jahre,Männlich,Hamburg,0
2017,1 Jahr bis unter 5 Jahre,Männlich,Hessen,0
2017,1 Jahr bis unter 5 Jahre,Männlich,Mecklenburg-Vorpommern,0
2017,1 Jahr bis unter 5 Jahre,Männlich,Niedersachsen,0
2017,1 Jahr bis unter 5 Jahre,Männlich,Nordrhein-Westfalen,0
2017,1 Jahr bis unter 5 Jahre,Männlich,Rheinland-Pfalz,0
2017,1 Jahr bis unter 5 Jahre,Männlich,Saarland,0
2017,1 Jahr bis unter 5 Jahre,Männlich,Sachsen,0
2017,1 Jahr bis unter 5 Jahre,Männlich,Sachsen-Anhalt,0
2017,1 Jahr bis unter 5 Jahre,Männlich,Schleswig-Holstein,0
2017,1 Jahr bis unter 5 Jahre,Männlich,Thüringen,0
2017,1 Jahr bis unter 5 Jahre,Weiblich,Deutschland,0
2017,1 Jahr bis unter 5 Jahre,Weiblich,Baden-Württemberg,0
2017,1 Jahr bis unter 5 Jahre,Weiblich,Bayern,0
2017,1 Jahr bis unter 5 Jahre,Weiblich,Berlin,0
2017,1 Jahr bis unter 5 Jahre,Weiblich,Brandenburg,0
2017,1 Jahr bis unter 5 Jahre,Weiblich,Bremen,0
2017,1 Jahr bis unter 5 Jahre,Weiblich,Hamburg,0
2017,1 Jahr bis unter 5 Jahre,Weiblich,Hessen,0
2017,1 Jahr bis unter 5 Jahre,Weiblich,Mecklenburg-Vorpommern,0
2017,1 Jahr bis unter 5 Jahre,Weiblich,Niedersachsen,0
2017,1 Jahr bis unter 5 Jahre,Weiblich,Nordrhein-Westfalen,0
2017,1 Jahr bis unter 5 Jahre,Weiblich,Rheinland-Pfalz,0
2017,1 Jahr bis unter 5 Jahre,Weiblich,Saarland,0
2017,1 Jahr bis unter 5 Jahre,Weiblich,Sachsen,0
2017,1 Jahr bis unter 5 Jahre,Weiblich,Sachsen-Anhalt,0
2017,1 Jahr bis unter 5 Jahre,Weiblich,Schleswig-Holstein,0
2017,1 Jahr bis unter 5 Jahre,Weiblich,Thüringen,0
2017,5 bis unter 10 Jahre,Männlich,Deutschland,0
2017,5 bis unter 10 Jahre,Männlich,Baden-Württemberg,0
2017,5 bis unter 10 Jahre,Männlich,Bayern,0
2017,5 bis unter 10 Jahre,Männlich,Berlin,0
2017,5 bis unter 10 Jahre,Männlich,Brandenburg,0
2017,5 bis unter 10 Jahre,Männlich,Bremen,0
2017,5 bis unter 10 Jahre,Männlich,Hamburg,0
2017,5 bis unter 10 Jahre,Männlich,Hessen,0
2017,5 bis unter 10 Jahre,Männlich,Mecklenburg-Vorpommern,0
2017,5 bis unter 10 Jahre,Männlich,Niedersachsen,0
2017,5 bis unter 10 Jahre,Männlich,Nordrhein-Westfalen,0
2017,5 bis unter 10 Jahre,Männlich,Rheinland-Pfalz,0
2017,5 bis unter 10 Jahre,Männlich,Saarland,0
2017,5 bis unter 10 Jahre,Männlich,Sachsen,0
2017,5 bis unter 10 Jahre,Männlich,Sachsen-Anhalt,0
2017,5 bis unter 10 Jahre,Männlich,Schleswig-Holstein,0
2017,5 bis unter 10 Jahre,Männlich,Thüringen,0
2017,5 bis unter 10 Jahre,Weiblich,Deutschland,0
2017,5 bis unter 10 Jahre,Weiblich,Baden-Württemberg,0
2017,5 bis unter 10 Jahre,Weiblich,Bayern,0
2017,5 bis unter 10 Jahre,Weiblich,Berlin,0
2017,5 bis unter 10 Jahre,Weiblich,Brandenburg,0
2017,5 bis unter 10 Jahre,Weiblich,Bremen,0
2017,5 bis unter 10 Jahre,Weiblich,Hamburg,0
2017,5 bis unter 10 Jahre,Weiblich,Hessen,0
2017,5 bis unter 10 Jahre,Weiblich,Mecklenburg-Vorpommern,0
2017,5 bis unter 10 Jahre,Weiblich,Niedersachsen,0
2017,5 bis unter 10 Jahre,Weiblich,Nordrhein-Westfalen,0
2017,5 bis unter 10 Jahre,Weiblich,Rheinland-Pfalz,0
2017,5 bis unter 10 Jahre,Weiblich,Saarland,0
2017,5 bis unter 10 Jahre,Weiblich,Sachsen,0
2017,5 bis unter 10 Jahre,Weiblich,Sachsen-Anhalt,0
2017,5 bis unter 10 Jahre,Weiblich,Schleswig-Holstein,0
2017,5 bis unter 10 Jahre,Weiblich,Thüringen,0
2017,10 bis unter 15 Jahre,Männlich,Deutschland,0
2017,10 bis unter 15 Jahre,Männlich,Baden-Württemberg,0
2017,10 bis unter 15 Jahre,Männlich,Bayern,0
2017,10 bis unter 15 Jahre,Männlich,Berlin,0
2017,10 bis unter 15 Jahre,Männlich,Brandenburg,0
2017,10 bis unter 15 Jahre,Männlich,Bremen,0
2017,10 bis unter 15 Jahre,Männlich,Hamburg,0
2017,10 bis unter 15 Jahre,Männlich,Hessen,0
2017,10 bis unter 15 Jahre,Männlich,Mecklenburg-Vorpommern,0
2017,10 bis unter 15 Jahre,Männlich,Niedersachsen,0
2017,10 bis unter 15 Jahre,Männlich,Nordrhein-Westfalen,0
2017,10 bis unter 15 Jahre,Männlich,Rheinland-Pfalz,0
2017,10 bis unter 15 Jahre,Männlich,Saarland,0
2017,10 bis unter 15 Jahre,Männlich,Sachsen,0
2017,10 bis unter 15 Jahre,Männlich,Sachsen-Anhalt,0
2017,10 bis unter 15 Jahre,Männlich,Schleswig-Holstein,0
2017,10 bis unter 15 Jahre,Männlich,Thüringen,0
2017,10 bis unter 15 Jahre,Weiblich,Deutschland,0
2017,10 bis unter 15 Jahre,Weiblich,Baden-Württemberg,0
2017,10 bis unter 15 Jahre,Weiblich,Bayern,0
2017,10 bis unter 15 Jahre,Weiblich,Berlin,0
2017,10 bis unter 15 Jahre,Weiblich,Brandenburg,0
2017,10 bis unter 15 Jahre,Weiblich,Bremen,0
2017,10 bis unter 15 Jahre,Weiblich,Hamburg,0
2017,10 bis unter 15 Jahre,Weiblich,Hessen,0
2017,10 bis unter 15 Jahre,Weiblich,Mecklenburg-Vorpommern,0
2017,10 bis unter 15 Jahre,Weiblich,Niedersachsen,0
2017,10 bis unter 15 Jahre,Weiblich,Nordrhein-Westfalen,0
2017,10 bis unter 15 Jahre,Weiblich,Rheinland-Pfalz,0
2017,10 bis unter 15 Jahre,Weiblich,Saarland,0
2017,10 bis unter 15 Jahre,Weiblich,Sachsen,0
2017,10 bis unter 15 Jahre,Weiblich,Sachsen-Anhalt,0
2017,10 bis unter 15 Jahre,Weiblich,Schleswig-Holstein,0
2017,10 bis unter 15 Jahre,Weiblich,Thüringen,0
2017,15 bis unter 20 Jahre,Männlich,Deutschland,44
2017,15 bis unter 20 Jahre,Männlich,Baden-Württemberg,0
2017,15 bis unter 20 Jahre,Männlich,Bayern,18
2017,15 bis unter 20 Jahre,Männlich,Berlin,11
2017,15 bis unter 20 Jahre,Männlich,Brandenburg,0
2017,15 bis unter 20 Jahre,Männlich,Bremen,0
2017,15 bis unter 20 Jahre,Männlich,Hamburg,0
2017,15 bis unter 20 Jahre,Männlich,Hessen,3
2017,15 bis unter 20 Jahre,Männlich,Mecklenburg-Vorpommern,0
2017,15 bis unter 20 Jahre,Männlich,Niedersachsen,1
2017,15 bis unter 20 Jahre,Männlich,Nordrhein-Westfalen,11
2017,15 bis unter 20 Jahre,Männlich,Rheinland-Pfalz,0
2017,15 bis unter 20 Jahre,Männlich,Saarland,0
2017,15 bis unter 20 Jahre,Männlich,Sachsen,0
2017,15 bis unter 20 Jahre,Männlich,Sachsen-Anhalt,0
2017,15 bis unter 20 Jahre,Männlich,Schleswig-Holstein,0
2017,15 bis unter 20 Jahre,Männlich,Thüringen,0
2017,15 bis unter 20 Jahre,Weiblich,Deutschland,28
2017,15 bis unter 20 Jahre,Weiblich,Baden-Württemberg,1
2017,15 bis unter 20 Jahre,Weiblich,Bayern,7
2017,15 bis unter 20 Jahre,Weiblich,Berlin,2
2017,15 bis unter 20 Jahre,Weiblich,Brandenburg,0
2017,15 bis unter 20 Jahre,Weiblich,Bremen,0
2017,15 bis unter 20 Jahre,Weiblich,Hamburg,0
2017,15 bis unter 20 Jahre,Weiblich,Hessen,3
2017,15 bis unter 20 Jahre,Weiblich,Mecklenburg-Vorpommern,0
2017,15 bis unter 20 Jahre,Weiblich,Niedersachsen,1
2017,15 bis unter 20 Jahre,Weiblich,Nordrhein-Westfalen,14
2017,15 bis unter 20 Jahre,Weiblich,Rheinland-Pfalz,0
2017,15 bis unter 20 Jahre,Weiblich,Saarland,0
2017,15 bis unter 20 Jahre,Weiblich,Sachsen,0
2017,15 bis unter 20 Jahre,Weiblich,Sachsen-Anhalt,0
2017,15 bis unter 20 Jahre,Weiblich,Schleswig-Holstein,0
2017,15 bis unter 20 Jahre,Weiblich,Thüringen,0
2017,20 bis unter 25 Jahre,Männlich,Deutschland,207
2017,20 bis unter 25 Jahre,Männlich,Baden-Württemberg,0
2017,20 bis unter 25 Jahre,Männlich,Bayern,139
2017,20 bis unter 25 Jahre,Männlich,Berlin,33
2017,20 bis unter 25 Jahre,Männlich,Brandenburg,0
2017,20 bis unter 25 Jahre,Männlich,Bremen,0
2017,20 bis unter 25 Jahre,Männlich,Hamburg,0
2017,20 bis unter 25 Jahre,Männlich,Hessen,13
2017,20 bis unter 25 Jahre,Männlich,Mecklenburg-Vorpommern,0
2017,20 bis unter 25 Jahre,Männlich,Niedersachsen,8
2017,20 bis unter 25 Jahre,Männlich,Nordrhein-Westfalen,14
2017,20 bis unter 25 Jahre,Männlich,Rheinland-Pfalz,0
2017,20 bis unter 25 Jahre,Männlich,Saarland,0
2017,20 bis unter 25 Jahre,Männlich,Sachsen,0
2017,20 bis unter 25 Jahre,Männlich,Sachsen-Anhalt,0
2017,20 bis unter 25 Jahre,Männlich,Schleswig-Holstein,0
2017,20 bis unter 25 Jahre,Männlich,Thüringen,0
2017,20 bis unter 25 Jahre,Weiblich,Deutschland,81
2017,20 bis unter 25 Jahre,Weiblich,Baden-Württemberg,2
2017,20 bis unter 25 Jahre,Weiblich,Bayern,43
2017,20 bis unter 25 Jahre,Weiblich,Berlin,7
2017,20 bis unter 25 Jahre,Weiblich,Brandenburg,0
2017,20 bis unter 25 Jahre,Weiblich,Bremen,0
2017,20 bis unter 25 Jahre,Weiblich,Hamburg,5
2017,20 bis unter 25 Jahre,Weiblich,Hessen,9
2017,20 bis unter 25 Jahre,Weiblich,Mecklenburg-Vorpommern,0
2017,20 bis unter 25 Jahre,Weiblich,Niedersachsen,4
2017,20 bis unter 25 Jahre,Weiblich,Nordrhein-Westfalen,10
2017,20 bis unter 25 Jahre,Weiblich,Rheinland-Pfalz,0
2017,20 bis unter 25 Jahre,Weiblich,Saarland,0
2017,20 bis unter 25 Jahre,Weiblich,Sachsen,1
2017,20 bis unter 25 Jahre,Weiblich,Sachsen-Anhalt,0
2017,20 bis unter 25 Jahre,Weiblich,Schleswig-Holstein,0
2017,20 bis unter 25 Jahre,Weiblich,Thüringen,0
2017,25 bis unter 30 Jahre,Männlich,Deutschland,229
2017,25 bis unter 30 Jahre,Männlich,Baden-Württemberg,1
2017,25 bis unter 30 Jahre,Männlich,Bayern,161
2017,25 bis unter 30 Jahre,Männlich,Berlin,34
2017,25 bis unter 30 Jahre,Männlich,Brandenburg,0
2017,25 bis unter 30 Jahre,Männlich,Bremen,0
2017,25 bis unter 30 Jahre,Männlich,Hamburg,0
2017,25 bis unter 30 Jahre,Männlich,Hessen,13
2017,25 bis unter 30 Jahre,Männlich,Mecklenburg-Vorpommern,0
2017,25 bis unter 30 Jahre,Männlich,Niedersachsen,8
2017,25 bis unter 30 Jahre,Männlich,Nordrhein-Westfalen,12
2017,25 bis unter 30 Jahre,Männlich,Rheinland-Pfalz,0
2017,25 bis unter 30 Jahre,Männlich,Saarland,0
2017,25 bis unter 30 Jahre,Männlich,Sachsen,0
2017,25 bis unter 30 Jahre,Männlich,Sachsen-Anhalt,0
2017,25 bis unter 30 Jahre,Männlich,Schleswig-Holstein,0
2017,25 bis unter 30 Jahre,Männlich,Thüringen,0
2017,25 bis unter 30 Jahre,Weiblich,Deutschland,91
2017,25 bis unter 30 Jahre,Weiblich,Baden-Württemberg,2
2017,25 bis unter 30 Jahre,Weiblich,Bayern,51
2017,25 bis unter 30 Jahre,Weiblich,Berlin,4
2017,25 bis unter 30 Jahre,Weiblich,Brandenburg,0
2017,25 bis unter 30 Jahre,Weiblich,Bremen,0
2017,25 bis unter 30 Jahre,Weiblich,Hamburg,5
2017,25 bis unter 30 Jahre,Weiblich,Hessen,8
2017,25 bis unter 30 Jahre,Weiblich,Mecklenburg-Vorpommern,0
2017,25 bis unter 30 Jahre,Weiblich,Niedersachsen,2
2017,25 bis unter 30 Jahre,Weiblich,Nordrhein-Westfalen,17
2017,25 bis unter 30 Jahre,Weiblich,Rheinland-Pfalz,0
2017,25 bis unter 30 Jahre,Weiblich,Saarland,0
2017,25 bis unter 30 Jahre,Weiblich,Sachsen,1
2017,25 bis unter 30 Jahre,Weiblich,Sachsen-Anhalt,1
2017,25 bis unter 30 Jahre,Weiblich,Schleswig-Holstein,0
2017,25 bis unter 30 Jahre,Weiblich,Thüringen,0
2017,30 bis unter 35 Jahre,Männlich,Deutschland,135
2017,30 bis unter 35 Jahre,Männlich,Baden-Württemberg,0
2017,30 bis unter 35 Jahre,Männlich,Bayern,105
2017,30 bis unter 35 Jahre,Männlich,Berlin,16
2017,30 bis unter 35 Jahre,Männlich,Brandenburg,0
2017,30 bis unter 35 Jahre,Männlich,Bremen,0
2017,30 bis unter 35 Jahre,Männlich,Hamburg,0
2017,30 bis unter 35 Jahre,Männlich,Hessen,4
2017,30 bis unter 35 Jahre,Männlich,Mecklenburg-Vorpommern,0
2017,30 bis unter 35 Jahre,Männlich,Niedersachsen,5
2017,30 bis unter 35 Jahre,Männlich,Nordrhein-Westfalen,5
2017,30 bis unter 35 Jahre,Männlich,Rheinland-Pfalz,0
2017,30 bis unter 35 Jahre,Männlich,Saarland,0
2017,30 bis unter 35 Jahre,Männlich,Sachsen,0
2017,30 bis unter 35 Jahre,Männlich,Sachsen-Anhalt,0
2017,30 bis unter 35 Jahre,Männlich,Schleswig-Holstein,0
2017,30 bis unter 35 Jahre,Männlich,Thüringen,0
2017,30 bis unter 35 Jahre,Weiblich,Deutschland,81
2017,30 bis unter 35 Jahre,Weiblich,Baden-Württemberg,2
2017,30 bis unter 35 Jahre,Weiblich,Bayern,43
2017,30 bis unter 35 Jahre,Weiblich,Berlin,11
2017,30 bis unter 35 Jahre,Weiblich,Brandenburg,0
2017,30 bis unter 35 Jahre,Weiblich,Bremen,0
2017,30 bis unter 35 Jahre,Weiblich,Hamburg,4
2017,30 bis unter 35 Jahre,Weiblich,Hessen,7
2017,30 bis unter 35 Jahre,Weiblich,Mecklenburg-Vorpommern,0
2017,30 bis unter 35 Jahre,Weiblich,Niedersachsen,3
2017,30 bis unter 35 Jahre,Weiblich,Nordrhein-Westfalen,9
2017,30 bis unter 35 Jahre,Weiblich,Rheinland-Pfalz,0
2017,30 bis unter 35 Jahre,Weiblich,Saarland,0
2017,30 bis unter 35 Jahre,Weiblich,Sachsen,0
2017,30 bis unter 35 Jahre,Weiblich,Sachsen-Anhalt,2
2017,30 bis unter 35 Jahre,Weiblich,Schleswig-Holstein,0
2017,30 bis unter 35 Jahre,Weiblich,Thüringen,0
2017,35 bis unter 40 Jahre,Männlich,Deutschland,117
2017,35 bis unter 40 Jahre,Männlich,Baden-Württemberg,0
2017,35 bis unter 40 Jahre,Männlich,Bayern,81
2017,35 bis unter 40 Jahre,Männlich,Berlin,13
2017,35 bis unter 40 Jahre,Männlich,Brandenburg,0
2017,35 bis unter 40 Jahre,Männlich,Bremen,0
2017,35 bis unter 40 Jahre,Männlich,Hamburg,2
2017,35 bis unter 40 Jahre,Männlich,Hessen,4
2017,35 bis unter 40 Jahre,Männlich,Mecklenburg-Vorpommern,0
2017,35 bis unter 40 Jahre,Männlich,Niedersachsen,14
2017,35 bis unter 40 Jahre,Männlich,Nordrhein-Westfalen,3
2017,35 bis unter 40 Jahre,Männlich,Rheinland-Pfalz,0
2017,35 bis unter 40 Jahre,Männlich,Saarland,0
2017,35 bis unter 40 Jahre,Männlich,Sachsen,0
2017,35 bis unter 40 Jahre,Männlich,Sachsen-Anhalt,0
2017,35 bis unter 40 Jahre,Männlich,Schleswig-Holstein,0
2017,35 bis unter 40 Jahre,Männlich,Thüringen,0
2017,35 bis unter 40 Jahre,Weiblich,Deutschland,49
2017,35 bis unter 40 Jahre,Weiblich,Baden-Württemberg,1
2017,35 bis unter 40 Jahre,Weiblich,Bayern,32
2017,35 bis unter 40 Jahre,Weiblich,Berlin,4
2017,35 bis unter 40 Jahre,Weiblich,Brandenburg,0
2017,35 bis unter 40 Jahre,Weiblich,Bremen,0
2017,35 bis unter 40 Jahre,Weiblich,Hamburg,2
2017,35 bis unter 40 Jahre,Weiblich,Hessen,4
2017,35 bis unter 40 Jahre,Weiblich,Mecklenburg-Vorpommern,0
2017,35 bis unter 40 Jahre,Weiblich,Niedersachsen,3
2017,35 bis unter 40 Jahre,Weiblich,Nordrhein-Westfalen,2
2017,35 bis unter 40 Jahre,Weiblich,Rheinland-Pfalz,0
2017,35 bis unter 40 Jahre,Weiblich,Saarland,0
2017,35 bis unter 40 Jahre,Weiblich,Sachsen,1
2017,35 bis unter 40 Jahre,Weiblich,Sachsen-Anhalt,0
2017,35 bis unter 40 Jahre,Weiblich,Schleswig-Holstein,0
2017,35 bis unter 40 Jahre,Weiblich,Thüringen,0
2017,40 bis unter 45 Jahre,Männlich,Deutschland,87
2017,40 bis unter 45 Jahre,Männlich,Baden-Württemberg,0
2017,40 bis unter 45 Jahre,Männlich,Bayern,58
2017,40 bis unter 45 Jahre,Männlich,Berlin,15
2017,40 bis unter 45 Jahre,Männlich,Brandenburg,0
2017,40 bis unter 45 Jahre,Männlich,Bremen,0
2017,40 bis unter 45 Jahre,Männlich,Hamburg,0
2017,40 bis unter 45 Jahre,Männlich,Hessen,7
2017,40 bis unter 45 Jahre,Männlich,Mecklenburg-Vorpommern,0
2017,40 bis unter 45 Jahre,Männlich,Niedersachsen,5
2017,40 bis unter 45 Jahre,Männlich,Nordrhein-Westfalen,2
2017,40 bis unter 45 Jahre,Männlich,Rheinland-Pfalz,0
2017,40 bis unter 45 Jahre,Männlich,Saarland,0
2017,40 bis unter 45 Jahre,Männlich,Sachsen,0
2017,40 bis unter 45 Jahre,Männlich,Sachsen-Anhalt,0
2017,40 bis unter 45 Jahre,Männlich,Schleswig-Holstein,0
2017,40 bis unter 45 Jahre,Männlich,Thüringen,0
2017,40 bis unter 45 Jahre,Weiblich,Deutschland,58
2017,40 bis unter 45 Jahre,Weiblich,Baden-Württemberg,0
2017,40 bis unter 45 Jahre,Weiblich,Bayern,36
2017,40 bis unter 45 Jahre,Weiblich,Berlin,2
2017,40 bis unter 45 Jahre,Weiblich,Brandenburg,0
2017,40 bis unter 45 Jahre,Weiblich,Bremen,0
2017,40 bis unter 45 Jahre,Weiblich,Hamburg,4
2017,40 bis unter 45 Jahre,Weiblich,Hessen,2
2017,40 bis unter 45 Jahre,Weiblich,Mecklenburg-Vorpommern,0
2017,40 bis unter 45 Jahre,Weiblich,Niedersachsen,0
2017,40 bis unter 45 Jahre,Weiblich,Nordrhein-Westfalen,13
2017,40 bis unter 45 Jahre,Weiblich,Rheinland-Pfalz,0
2017,40 bis unter 45 Jahre,Weiblich,Saarland,0
2017,40 bis unter 45 Jahre,Weiblich,Sachsen,1
2017,40 bis unter 45 Jahre,Weiblich,Sachsen-Anhalt,0
2017,40 bis unter 45 Jahre,Weiblich,Schleswig-Holstein,0
2017,40 bis unter 45 Jahre,Weiblich,Thüringen,0
2017,45 bis unter 50 Jahre,Männlich,Deutschland,55
2017,45 bis unter 50 Jahre,Männlich,Baden-Württemberg,0
2017,45 bis unter 50 Jahre,Männlich,Bayern,34
2017,45 bis unter 50 Jahre,Männlich,Berlin,7
2017,45 bis unter 50 Jahre,Männlich,Brandenburg,0
2017,45 bis unter 50 Jahre,Männlich,Bremen,0
2017,45 bis unter 50 Jahre,Männlich,Hamburg,0
2017,45 bis unter 50 Jahre,Männlich,Hessen,3
2017,45 bis unter 50 Jahre,Männlich,Mecklenburg-Vorpommern,0
2017,45 bis unter 50 Jahre,Männlich,Niedersachsen,9
2017,45 bis unter 50 Jahre,Männlich,Nordrhein-Westfalen,1
2017,45 bis unter 50 Jahre,Männlich,Rheinland-Pfalz,0
2017,45 bis unter 50 Jahre,Männlich,Saarland,0
2017,45 bis unter 50 Jahre,Männlich,Sachsen,0
2017,45 bis unter 50 Jahre,Männlich,Sachsen-Anhalt,0
2017,45 bis unter 50 Jahre,Männlich,Schleswig-Holstein,1
2017,45 bis unter 50 Jahre,Männlich,Thüringen,0
2017,45 bis unter 50 Jahre,Weiblich,Deutschland,46
2017,45 bis unter 50 Jahre,Weiblich,Baden-Württemberg,1
2017,45 bis unter 50 Jahre,Weiblich,Bayern,26
2017,45 bis unter 50 Jahre,Weiblich,Berlin,4
2017,45 bis unter 50 Jahre,Weiblich,Brandenburg,0
2017,45 bis unter 50 Jahre,Weiblich,Bremen,0
2017,45 bis unter 50 Jahre,Weiblich,Hamburg,4
2017,45 bis unter 50 Jahre,Weiblich,Hessen,4
2017,45 bis unter 50 Jahre,Weiblich,Mecklenburg-Vorpommern,0
2017,45 bis unter 50 Jahre,Weiblich,Niedersachsen,0
2017,45 bis unter 50 Jahre,Weiblich,Nordrhein-Westfalen,6
2017,45 bis unter 50 Jahre,Weiblich,Rheinland-Pfalz,0
2017,45 bis unter 50 Jahre,Weiblich,Saarland,0
2017,45 bis unter 50 Jahre,Weiblich,Sachsen,0
2017,45 bis unter 50 Jahre,Weiblich,Sachsen-Anhalt,1
2017,45 bis unter 50 Jahre,Weiblich,Schleswig-Holstein,0
2017,45 bis unter 50 Jahre,Weiblich,Thüringen,0
2017,50 bis unter 55 Jahre,Männlich,Deutschland,46
2017,50 bis unter 55 Jahre,Männlich,Baden-Württemberg,0
2017,50 bis unter 55 Jahre,Männlich,Bayern,19
2017,50 bis unter 55 Jahre,Männlich,Berlin,13
2017,50 bis unter 55 Jahre,Männlich,Brandenburg,0
2017,50 bis unter 55 Jahre,Männlich,Bremen,0
2017,50 bis unter 55 Jahre,Männlich,Hamburg,1
2017,50 bis unter 55 Jahre,Männlich,Hessen,5
2017,50 bis unter 55 Jahre,Männlich,Mecklenburg-Vorpommern,0
2017,50 bis unter 55 Jahre,Männlich,Niedersachsen,4
2017,50 bis unter 55 Jahre,Männlich,Nordrhein-Westfalen,4
2017,50 bis unter 55 Jahre,Männlich,Rheinland-Pfalz,0
2017,50 bis unter 55 Jahre,Männlich,Saarland,0
2017,50 bis unter 55 Jahre,Männlich,Sachsen,0
2017,50 bis unter 55 Jahre,Männlich,Sachsen-Anhalt,0
2017,50 bis unter 55 Jahre,Männlich,Schleswig-Holstein,0
2017,50 bis unter 55 Jahre,Männlich,Thüringen,0
2017,50 bis unter 55 Jahre,Weiblich,Deutschland,63
2017,50 bis unter 55 Jahre,Weiblich,Baden-Württemberg,0
2017,50 bis unter 55 Jahre,Weiblich,Bayern,32
2017,50 bis unter 55 Jahre,Weiblich,Berlin,1
2017,50 bis unter 55 Jahre,Weiblich,Brandenburg,0
2017,50 bis unter 55 Jahre,Weiblich,Bremen,0
2017,50 bis unter 55 Jahre,Weiblich,Hamburg,4
2017,50 bis unter 55 Jahre,Weiblich,Hessen,3
2017,50 bis unter 55 Jahre,Weiblich,Mecklenburg-Vorpommern,1
2017,50 bis unter 55 Jahre,Weiblich,Niedersachsen,1
2017,50 bis unter 55 Jahre,Weiblich,Nordrhein-Westfalen,20
2017,50 bis unter 55 Jahre,Weiblich,Rheinland-Pfalz,0
2017,50 bis unter 55 Jahre,Weiblich,Saarland,0
2017,50 bis unter 55 Jahre,Weiblich,Sachsen,0
2017,50 bis unter 55 Jahre,Weiblich,Sachsen-Anhalt,1
2017,50 bis unter 55 Jahre,Weiblich,Schleswig-Holstein,0
2017,50 bis unter 55 Jahre,Weiblich,Thüringen,0
2017,55 bis unter 60 Jahre,Männlich,Deutschland,13
2017,55 bis unter 60 Jahre,Männlich,Baden-Württemberg,0
2017,55 bis unter 60 Jahre,Männlich,Bayern,6
2017,55 bis unter 60 Jahre,Männlich,Berlin,2
2017,55 bis unter 60 Jahre,Männlich,Brandenburg,0
2017,55 bis unter 60 Jahre,Männlich,Bremen,0
2017,55 bis unter 60 Jahre,Männlich,Hamburg,0
2017,55 bis unter 60 Jahre,Männlich,Hessen,2
2017,55 bis unter 60 Jahre,Männlich,Mecklenburg-Vorpommern,0
2017,55 bis unter 60 Jahre,Männlich,Niedersachsen,3
2017,55 bis unter 60 Jahre,Männlich,Nordrhein-Westfalen,0
2017,55 bis unter 60 Jahre,Männlich,Rheinland-Pfalz,0
2017,55 bis unter 60 Jahre,Männlich,Saarland,0
2017,55 bis unter 60 Jahre,Männlich,Sachsen,0
2017,55 bis unter 60 Jahre,Männlich,Sachsen-Anhalt,0
2017,55 bis unter 60 Jahre,Männlich,Schleswig-Holstein,0
2017,55 bis unter 60 Jahre,Männlich,Thüringen,0
2017,55 bis unter 60 Jahre,Weiblich,Deutschland,45
2017,55 bis unter 60 Jahre,Weiblich,Baden-Württemberg,0
2017,55 bis unter 60 Jahre,Weiblich,Bayern,13
2017,55 bis unter 60 Jahre,Weiblich,Berlin,6
2017,55 bis unter 60 Jahre,Weiblich,Brandenburg,0
2017,55 bis unter 60 Jahre,Weiblich,Bremen,0
2017,55 bis unter 60 Jahre,Weiblich,Hamburg,5
2017,55 bis unter 60 Jahre,Weiblich,Hessen,4
2017,55 bis unter 60 Jahre,Weiblich,Mecklenburg-Vorpommern,0
2017,55 bis unter 60 Jahre,Weiblich,Niedersachsen,3
2017,55 bis unter 60 Jahre,Weiblich,Nordrhein-Westfalen,14
2017,55 bis unter 60 Jahre,Weiblich,Rheinland-Pfalz,0
2017,55 bis unter 60 Jahre,Weiblich,Saarland,0
2017,55 bis unter 60 Jahre,Weiblich,Sachsen,0
2017,55 bis unter 60 Jahre,Weiblich,Sachsen-Anhalt,0
2017,55 bis unter 60 Jahre,Weiblich,Schleswig-Holstein,0
2017,55 bis unter 60 Jahre,Weiblich,Thüringen,0
2017,60 bis unter 65 Jahre,Männlich,Deutschland,6
2017,60 bis unter 65 Jahre,Männlich,Baden-Württemberg,0
2017,60 bis unter 65 Jahre,Männlich,Bayern,3
2017,60 bis unter 65 Jahre,Männlich,Berlin,1
2017,60 bis unter 65 Jahre,Männlich,Brandenburg,0
2017,60 bis unter 65 Jahre,Männlich,Bremen,0
2017,60 bis unter 65 Jahre,Männlich,Hamburg,0
2017,60 bis unter 65 Jahre,Männlich,Hessen,2
2017,60 bis unter 65 Jahre,Männlich,Mecklenburg-Vorpommern,0
2017,60 bis unter 65 Jahre,Männlich,Niedersachsen,0
2017,60 bis unter 65 Jahre,Männlich,Nordrhein-Westfalen,0
2017,60 bis unter 65 Jahre,Männlich,Rheinland-Pfalz,0
2017,60 bis unter 65 Jahre,Männlich,Saarland,0
2017,60 bis unter 65 Jahre,Männlich,Sachsen,0
2017,60 bis unter 65 Jahre,Männlich,Sachsen-Anhalt,0
2017,60 bis unter 65 Jahre,Männlich,Schleswig-Holstein,0
2017,60 bis unter 65 Jahre,Männlich,Thüringen,0
2017,60 bis unter 65 Jahre,Weiblich,Deutschland,16
2017,60 bis unter 65 Jahre,Weiblich,Baden-Württemberg,0
2017,60 bis unter 65 Jahre,Weiblich,Bayern,12
2017,60 bis unter 65 Jahre,Weiblich,Berlin,0
2017,60 bis unter 65 Jahre,Weiblich,Brandenburg,0
2017,60 bis unter 65 Jahre,Weiblich,Bremen,0
2017,60 bis unter 65 Jahre,Weiblich,Hamburg,0
2017,60 bis unter 65 Jahre,Weiblich,Hessen,1
2017,60 bis unter 65 Jahre,Weiblich,Mecklenburg-Vorpommern,0
2017,60 bis unter 65 Jahre,Weiblich,Niedersachsen,0
2017,60 bis unter 65 Jahre,Weiblich,Nordrhein-Westfalen,2
2017,60 bis unter 65 Jahre,Weiblich,Rheinland-Pfalz,0
2017,60 bis unter 65 Jahre,Weiblich,Saarland,0
2017,60 bis unter 65 Jahre,Weiblich,Sachsen,1
2017,60 bis unter 65 Jahre,Weiblich,Sachsen-Anhalt,0
2017,60 bis unter 65 Jahre,Weiblich,Schleswig-Holstein,0
2017,60 bis unter 65 Jahre,Weiblich,Thüringen,0
2017,65 bis unter 70 Jahre,Männlich,Deutschland,0
2017,65 bis unter 70 Jahre,Männlich,Baden-Württemberg,0
2017,65 bis unter 70 Jahre,Männlich,Bayern,0
2017,65 bis unter 70 Jahre,Männlich,Berlin,0
2017,65 bis unter 70 Jahre,Männlich,Brandenburg,0
2017,65 bis unter 70 Jahre,Männlich,Bremen,0
2017,65 bis unter 70 Jahre,Männlich,Hamburg,0
2017,65 bis unter 70 Jahre,Männlich,Hessen,0
2017,65 bis unter 70 Jahre,Männlich,Mecklenburg-Vorpommern,0
2017,65 bis unter 70 Jahre,Männlich,Niedersachsen,0
2017,65 bis unter 70 Jahre,Männlich,Nordrhein-Westfalen,0
2017,65 bis unter 70 Jahre,Männlich,Rheinland-Pfalz,0
2017,65 bis unter 70 Jahre,Männlich,Saarland,0
2017,65 bis unter 70 Jahre,Männlich,Sachsen,0
2017,65 bis unter 70 Jahre,Männlich,Sachsen-Anhalt,0
2017,65 bis unter 70 Jahre,Männlich,Schleswig-Holstein,0
2017,65 bis unter 70 Jahre,Männlich,Thüringen,0
2017,65 bis unter 70 Jahre,Weiblich,Deutschland,6
2017,65 bis unter 70 Jahre,Weiblich,Baden-Württemberg,0
2017,65 bis unter 70 Jahre,Weiblich,Bayern,2
2017,65 bis unter 70 Jahre,Weiblich,Berlin,0
2017,65 bis unter 70 Jahre,Weiblich,Brandenburg,0
2017,65 bis unter 70 Jahre,Weiblich,Bremen,0
2017,65 bis unter 70 Jahre,Weiblich,Hamburg,2
2017,65 bis unter 70 Jahre,Weiblich,Hessen,1
2017,65 bis unter 70 Jahre,Weiblich,Mecklenburg-Vorpommern,0
2017,65 bis unter 70 Jahre,Weiblich,Niedersachsen,0
2017,65 bis unter 70 Jahre,Weiblich,Nordrhein-Westfalen,0
2017,65 bis unter 70 Jahre,Weiblich,Rheinland-Pfalz,0
2017,65 bis unter 70 Jahre,Weiblich,Saarland,0
2017,65 bis unter 70 Jahre,Weiblich,Sachsen,0
2017,65 bis unter 70 Jahre,Weiblich,Sachsen-Anhalt,1
2017,65 bis unter 70 Jahre,Weiblich,Schleswig-Holstein,0
2017,65 bis unter 70 Jahre,Weiblich,Thüringen,0
2017,70 bis unter 75 Jahre,Männlich,Deutschland,0
2017,70 bis unter 75 Jahre,Männlich,Baden-Württemberg,0
2017,70 bis unter 75 Jahre,Männlich,Bayern,0
2017,70 bis unter 75 Jahre,Männlich,Berlin,0
2017,70 bis unter 75 Jahre,Männlich,Brandenburg,0
2017,70 bis unter 75 Jahre,Männlich,Bremen,0
2017,70 bis unter 75 Jahre,Männlich,Hamburg,0
2017,70 bis unter 75 Jahre,Männlich,Hessen,0
2017,70 bis unter 75 Jahre,Männlich,Mecklenburg-Vorpommern,0
2017,70 bis unter 75 Jahre,Männlich,Niedersachsen,0
2017,70 bis unter 75 Jahre,Männlich,Nordrhein-Westfalen,0
2017,70 bis unter 75 Jahre,Männlich,Rheinland-Pfalz,0
2017,70 bis unter 75 Jahre,Männlich,Saarland,0
2017,70 bis unter 75 Jahre,Männlich,Sachsen,0
2017,70 bis unter 75 Jahre,Männlich,Sachsen-Anhalt,0
2017,70 bis unter 75 Jahre,Männlich,Schleswig-Holstein,0
2017,70 bis unter 75 Jahre,Männlich,Thüringen,0
2017,70 bis unter 75 Jahre,Weiblich,Deutschland,1
2017,70 bis unter 75 Jahre,Weiblich,Baden-Württemberg,0
2017,70 bis unter 75 Jahre,Weiblich,Bayern,1
2017,70 bis unter 75 Jahre,Weiblich,Berlin,0
2017,70 bis unter 75 Jahre,Weiblich,Brandenburg,0
2017,70 bis unter 75 Jahre,Weiblich,Bremen,0
2017,70 bis unter 75 Jahre,Weiblich,Hamburg,0
2017,70 bis unter 75 Jahre,Weiblich,Hessen,0
2017,70 bis unter 75 Jahre,Weiblich,Mecklenburg-Vorpommern,0
2017,70 bis unter 75 Jahre,Weiblich,Niedersachsen,0
2017,70 bis unter 75 Jahre,Weiblich,Nordrhein-Westfalen,0
2017,70 bis unter 75 Jahre,Weiblich,Rheinland-Pfalz,0
2017,70 bis unter 75 Jahre,Weiblich,Saarland,0
2017,70 bis unter 75 Jahre,Weiblich,Sachsen,0
2017,70 bis unter 75 Jahre,Weiblich,Sachsen-Anhalt,0
2017,70 bis unter 75 Jahre,Weiblich,Schleswig-Holstein,0
2017,70 bis unter 75 Jahre,Weiblich,Thüringen,0
2017,75 bis unter 80 Jahre,Männlich,Deutschland,0
2017,75 bis unter 80 Jahre,Männlich,Baden-Württemberg,0
2017,75 bis unter 80 Jahre,Männlich,Bayern,0
2017,75 bis unter 80 Jahre,Männlich,Berlin,0
2017,75 bis unter 80 Jahre,Männlich,Brandenburg,0
2017,75 bis unter 80 Jahre,Männlich,Bremen,0
2017,75 bis unter 80 Jahre,Männlich,Hamburg,0
2017,75 bis unter 80 Jahre,Männlich,Hessen,0
2017,75 bis unter 80 Jahre,Männlich,Mecklenburg-Vorpommern,0
2017,75 bis unter 80 Jahre,Männlich,Niedersachsen,0
2017,75 bis unter 80 Jahre,Männlich,Nordrhein-Westfalen,0
2017,75 bis unter 80 Jahre,Männlich,Rheinland-Pfalz,0
2017,75 bis unter 80 Jahre,Männlich,Saarland,0
2017,75 bis unter 80 Jahre,Männlich,Sachsen,0
2017,75 bis unter 80 Jahre,Männlich,Sachsen-Anhalt,0
2017,75 bis unter 80 Jahre,Männlich,Schleswig-Holstein,0
2017,75 bis unter 80 Jahre,Männlich,Thüringen,0
2017,75 bis unter 80 Jahre,Weiblich,Deutschland,1
2017,75 bis unter 80 Jahre,Weiblich,Baden-Württemberg,0
2017,75 bis unter 80 Jahre,Weiblich,Bayern,0
2017,75 bis unter 80 Jahre,Weiblich,Berlin,0
2017,75 bis unter 80 Jahre,Weiblich,Brandenburg,0
2017,75 bis unter 80 Jahre,Weiblich,Bremen,0
2017,75 bis unter 80 Jahre,Weiblich,Hamburg,0
2017,75 bis unter 80 Jahre,Weiblich,Hessen,0
2017,75 bis unter 80 Jahre,Weiblich,Mecklenburg-Vorpommern,0
2017,75 bis unter 80 Jahre,Weiblich,Niedersachsen,0
2017,75 bis unter 80 Jahre,Weiblich,Nordrhein-Westfalen,1
2017,75 bis unter 80 Jahre,Weiblich,Rheinland-Pfalz,0
2017,75 bis unter 80 Jahre,Weiblich,Saarland,0
2017,75 bis unter 80 Jahre,Weiblich,Sachsen,0
2017,75 bis unter 80 Jahre,Weiblich,Sachsen-Anhalt,0
2017,75 bis unter 80 Jahre,Weiblich,Schleswig-Holstein,0
2017,75 bis unter 80 Jahre,Weiblich,Thüringen,0
2017,80 bis unter 85 Jahre,Männlich,Deutschland,0
2017,80 bis unter 85 Jahre,Männlich,Baden-Württemberg,0
2017,80 bis unter 85 Jahre,Männlich,Bayern,0
2017,80 bis unter 85 Jahre,Männlich,Berlin,0
2017,80 bis unter 85 Jahre,Männlich,Brandenburg,0
2017,80 bis unter 85 Jahre,Männlich,Bremen,0
2017,80 bis unter 85 Jahre,Männlich,Hamburg,0
2017,80 bis unter 85 Jahre,Männlich,Hessen,0
2017,80 bis unter 85 Jahre,Männlich,Mecklenburg-Vorpommern,0
2017,80 bis unter 85 Jahre,Männlich,Niedersachsen,0
2017,80 bis unter 85 Jahre,Männlich,Nordrhein-Westfalen,0
2017,80 bis unter 85 Jahre,Männlich,Rheinland-Pfalz,0
2017,80 bis unter 85 Jahre,Männlich,Saarland,0
2017,80 bis unter 85 Jahre,Männlich,Sachsen,0
2017,80 bis unter 85 Jahre,Männlich,Sachsen-Anhalt,0
2017,80 bis unter 85 Jahre,Männlich,Schleswig-Holstein,0
2017,80 bis unter 85 Jahre,Männlich,Thüringen,0
2017,80 bis unter 85 Jahre,Weiblich,Deutschland,0
2017,80 bis unter 85 Jahre,Weiblich,Baden-Württemberg,0
2017,80 bis unter 85 Jahre,Weiblich,Bayern,0
2017,80 bis unter 85 Jahre,Weiblich,Berlin,0
2017,80 bis unter 85 Jahre,Weiblich,Brandenburg,0
2017,80 bis unter 85 Jahre,Weiblich,Bremen,0
2017,80 bis unter 85 Jahre,Weiblich,Hamburg,0
2017,80 bis unter 85 Jahre,Weiblich,Hessen,0
2017,80 bis unter 85 Jahre,Weiblich,Mecklenburg-Vorpommern,0
2017,80 bis unter 85 Jahre,Weiblich,Niedersachsen,0
2017,80 bis unter 85 Jahre,Weiblich,Nordrhein-Westfalen,0
2017,80 bis unter 85 Jahre,Weiblich,Rheinland-Pfalz,0
2017,80 bis unter 85 Jahre,Weiblich,Saarland,0
2017,80 bis unter 85 Jahre,Weiblich,Sachsen,0
2017,80 bis unter 85 Jahre,Weiblich,Sachsen-Anhalt,0
2017,80 bis unter 85 Jahre,Weiblich,Schleswig-Holstein,0
2017,80 bis unter 85 Jahre,Weiblich,Thüringen,0
2017,85 bis unter 90 Jahre,Männlich,Deutschland,0
2017,85 bis unter 90 Jahre,Männlich,Baden-Württemberg,0
2017,85 bis unter 90 Jahre,Männlich,Bayern,0
2017,85 bis unter 90 Jahre,Männlich,Berlin,0
2017,85 bis unter 90 Jahre,Männlich,Brandenburg,0
2017,85 bis unter 90 Jahre,Männlich,Bremen,0
2017,85 bis unter 90 Jahre,Männlich,Hamburg,0
2017,85 bis unter 90 Jahre,Männlich,Hessen,0
2017,85 bis unter 90 Jahre,Männlich,Mecklenburg-Vorpommern,0
2017,85 bis unter 90 Jahre,Männlich,Niedersachsen,0
2017,85 bis unter 90 Jahre,Männlich,Nordrhein-Westfalen,0
2017,85 bis unter 90 Jahre,Männlich,Rheinland-Pfalz,0
2017,85 bis unter 90 Jahre,Männlich,Saarland,0
2017,85 bis unter 90 Jahre,Männlich,Sachsen,0
2017,85 bis unter 90 Jahre,Männlich,Sachsen-Anhalt,0
2017,85 bis unter 90 Jahre,Männlich,Schleswig-Holstein,0
2017,85 bis unter 90 Jahre,Männlich,Thüringen,0
2017,85 bis unter 90 Jahre,Weiblich,Deutschland,0
2017,85 bis unter 90 Jahre,Weiblich,Baden-Württemberg,0
2017,85 bis unter 90 Jahre,Weiblich,Bayern,0
2017,85 bis unter 90 Jahre,Weiblich,Berlin,0
2017,85 bis unter 90 Jahre,Weiblich,Brandenburg,0
2017,85 bis unter 90 Jahre,Weiblich,Bremen,0
2017,85 bis unter 90 Jahre,Weiblich,Hamburg,0
2017,85 bis unter 90 Jahre,Weiblich,Hessen,0
2017,85 bis unter 90 Jahre,Weiblich,Mecklenburg-Vorpommern,0
2017,85 bis unter 90 Jahre,Weiblich,Niedersachsen,0
2017,85 bis unter 90 Jahre,Weiblich,Nordrhein-Westfalen,0
2017,85 bis unter 90 Jahre,Weiblich,Rheinland-Pfalz,0
2017,85 bis unter 90 Jahre,Weiblich,Saarland,0
2017,85 bis unter 90 Jahre,Weiblich,Sachsen,0
2017,85 bis unter 90 Jahre,Weiblich,Sachsen-Anhalt,0
2017,85 bis unter 90 Jahre,Weiblich,Schleswig-Holstein,0
2017,85 bis unter 90 Jahre,Weiblich,Thüringen,0
2017,90 bis unter 95 Jahre,Männlich,Deutschland,0
2017,90 bis unter 95 Jahre,Männlich,Baden-Württemberg,0
2017,90 bis unter 95 Jahre,Männlich,Bayern,0
2017,90 bis unter 95 Jahre,Männlich,Berlin,0
2017,90 bis unter 95 Jahre,Männlich,Brandenburg,0
2017,90 bis unter 95 Jahre,Männlich,Bremen,0
2017,90 bis unter 95 Jahre,Männlich,Hamburg,0
2017,90 bis unter 95 Jahre,Männlich,Hessen,0
2017,90 bis unter 95 Jahre,Männlich,Mecklenburg-Vorpommern,0
2017,90 bis unter 95 Jahre,Männlich,Niedersachsen,0
2017,90 bis unter 95 Jahre,Männlich,Nordrhein-Westfalen,0
2017,90 bis unter 95 Jahre,Männlich,Rheinland-Pfalz,0
2017,90 bis unter 95 Jahre,Männlich,Saarland,0
2017,90 bis unter 95 Jahre,Männlich,Sachsen,0
2017,90 bis unter 95 Jahre,Männlich,Sachsen-Anhalt,0
2017,90 bis unter 95 Jahre,Männlich,Schleswig-Holstein,0
2017,90 bis unter 95 Jahre,Männlich,Thüringen,0
2017,90 bis unter 95 Jahre,Weiblich,Deutschland,0
2017,90 bis unter 95 Jahre,Weiblich,Baden-Württemberg,0
2017,90 bis unter 95 Jahre,Weiblich,Bayern,0
2017,90 bis unter 95 Jahre,Weiblich,Berlin,0
2017,90 bis unter 95 Jahre,Weiblich,Brandenburg,0
2017,90 bis unter 95 Jahre,Weiblich,Bremen,0
2017,90 bis unter 95 Jahre,Weiblich,Hamburg,0
2017,90 bis unter 95 Jahre,Weiblich,Hessen,0
2017,90 bis unter 95 Jahre,Weiblich,Mecklenburg-Vorpommern,0
2017,90 bis unter 95 Jahre,Weiblich,Niedersachsen,0
2017,90 bis unter 95 Jahre,Weiblich,Nordrhein-Westfalen,0
2017,90 bis unter 95 Jahre,Weiblich,Rheinland-Pfalz,0
2017,90 bis unter 95 Jahre,Weiblich,Saarland,0
2017,90 bis unter 95 Jahre,Weiblich,Sachsen,0
2017,90 bis unter 95 Jahre,Weiblich,Sachsen-Anhalt,0
2017,90 bis unter 95 Jahre,Weiblich,Schleswig-Holstein,0
2017,90 bis unter 95 Jahre,Weiblich,Thüringen,0
2017,95 Jahre und älter,Männlich,Deutschland,0
2017,95 Jahre und älter,Männlich,Baden-Württemberg,0
2017,95 Jahre und älter,Männlich,Bayern,0
2017,95 Jahre und älter,Männlich,Berlin,0
2017,95 Jahre und älter,Männlich,Brandenburg,0
2017,95 Jahre und älter,Männlich,Bremen,0
2017,95 Jahre und älter,Männlich,Hamburg,0
2017,95 Jahre und älter,Männlich,Hessen,0
2017,95 Jahre und älter,Männlich,Mecklenburg-Vorpommern,0
2017,95 Jahre und älter,Männlich,Niedersachsen,0
2017,95 Jahre und älter,Männlich,Nordrhein-Westfalen,0
2017,95 Jahre und älter,Männlich,Rheinland-Pfalz,0
2017,95 Jahre und älter,Männlich,Saarland,0
2017,95 Jahre und älter,Männlich,Sachsen,0
2017,95 Jahre und älter,Männlich,Sachsen-Anhalt,0
2017,95 Jahre und älter,Männlich,Schleswig-Holstein,0
2017,95 Jahre und älter,Männlich,Thüringen,0
2017,95 Jahre und älter,Weiblich,Deutschland,0
2017,95 Jahre und älter,Weiblich,Baden-Württemberg,0
2017,95 Jahre und älter,Weiblich,Bayern,0
2017,95 Jahre und älter,Weiblich,Berlin,0
2017,95 Jahre und älter,Weiblich,Brandenburg,0
2017,95 Jahre und älter,Weiblich,Bremen,0
2017,95 Jahre und älter,Weiblich,Hamburg,0
2017,95 Jahre und älter,Weiblich,Hessen,0
2017,95 Jahre und älter,Weiblich,Mecklenburg-Vorpommern,0
2017,95 Jahre und älter,Weiblich,Niedersachsen,0
2017,95 Jahre und älter,Weiblich,Nordrhein-Westfalen,0
2017,95 Jahre und älter,Weiblich,Rheinland-Pfalz,0
2017,95 Jahre und älter,Weiblich,Saarland,0
2017,95 Jahre und älter,Weiblich,Sachsen,0
2017,95 Jahre und älter,Weiblich,Sachsen-Anhalt,0
2017,95 Jahre und älter,Weiblich,Schleswig-Holstein,0
2017,95 Jahre und älter,Weiblich,Thüringen,0
2018,Unter 1 Jahr,Männlich,Deutschland,0
2018,Unter 1 Jahr,Männlich,Baden-Württemberg,0
2018,Unter 1 Jahr,Männlich,Bayern,0
2018,Unter 1 Jahr,Männlich,Berlin,0
2018,Unter 1 Jahr,Männlich,Brandenburg,0
2018,Unter 1 Jahr,Männlich,Bremen,0
2018,Unter 1 Jahr,Männlich,Hamburg,0
2018,Unter 1 Jahr,Männlich,Hessen,0
2018,Unter 1 Jahr,Männlich,Mecklenburg-Vorpommern,0
2018,Unter 1 Jahr,Männlich,Niedersachsen,0
2018,Unter 1 Jahr,Männlich,Nordrhein-Westfalen,0
2018,Unter 1 Jahr,Männlich,Rheinland-Pfalz,0
2018,Unter 1 Jahr,Männlich,Saarland,0
2018,Unter 1 Jahr,Männlich,Sachsen,0
2018,Unter 1 Jahr,Männlich,Sachsen-Anhalt,0
2018,Unter 1 Jahr,Männlich,Schleswig-Holstein,0
2018,Unter 1 Jahr,Männlich,Thüringen,0
2018,Unter 1 Jahr,Weiblich,Deutschland,0
2018,Unter 1 Jahr,Weiblich,Baden-Württemberg,0
2018,Unter 1 Jahr,Weiblich,Bayern,0
2018,Unter 1 Jahr,Weiblich,Berlin,0
2018,Unter 1 Jahr,Weiblich,Brandenburg,0
2018,Unter 1 Jahr,Weiblich,Bremen,0
2018,Unter 1 Jahr,Weiblich,Hamburg,0
2018,Unter 1 Jahr,Weiblich,Hessen,0
2018,Unter 1 Jahr,Weiblich,Mecklenburg-Vorpommern,0
2018,Unter 1 Jahr,Weiblich,Niedersachsen,0
2018,Unter 1 Jahr,Weiblich,Nordrhein-Westfalen,0
2018,Unter 1 Jahr,Weiblich,Rheinland-Pfalz,0
2018,Unter 1 Jahr,Weiblich,Saarland,0
2018,Unter 1 Jahr,Weiblich,Sachsen,0
2018,Unter 1 Jahr,Weiblich,Sachsen-Anhalt,0
2018,Unter 1 Jahr,Weiblich,Schleswig-Holstein,0
2018,Unter 1 Jahr,Weiblich,Thüringen,0
2018,1 Jahr bis unter 5 Jahre,Männlich,Deutschland,0
2018,1 Jahr bis unter 5 Jahre,Männlich,Baden-Württemberg,0
2018,1 Jahr bis unter 5 Jahre,Männlich,Bayern,0
2018,1 Jahr bis unter 5 Jahre,Männlich,Berlin,0
2018,1 Jahr bis unter 5 Jahre,Männlich,Brandenburg,0
2018,1 Jahr bis unter 5 Jahre,Männlich,Bremen,0
2018,1 Jahr bis unter 5 Jahre,Männlich,Hamburg,0
2018,1 Jahr bis unter 5 Jahre,Männlich,Hessen,0
2018,1 Jahr bis unter 5 Jahre,Männlich,Mecklenburg-Vorpommern,0
2018,1 Jahr bis unter 5 Jahre,Männlich,Niedersachsen,0
2018,1 Jahr bis unter 5 Jahre,Männlich,Nordrhein-Westfalen,0
2018,1 Jahr bis unter 5 Jahre,Männlich,Rheinland-Pfalz,0
2018,1 Jahr bis unter 5 Jahre,Männlich,Saarland,0
2018,1 Jahr bis unter 5 Jahre,Männlich,Sachsen,0
2018,1 Jahr bis unter 5 Jahre,Männlich,Sachsen-Anhalt,0
2018,1 Jahr bis unter 5 Jahre,Männlich,Schleswig-Holstein,0
2018,1 Jahr bis unter 5 Jahre,Männlich,Thüringen,0
2018,1 Jahr bis unter 5 Jahre,Weiblich,Deutschland,0
2018,1 Jahr bis unter 5 Jahre,Weiblich,Baden-Württemberg,0
2018,1 Jahr bis unter 5 Jahre,Weiblich,Bayern,0
2018,1 Jahr bis unter 5 Jahre,Weiblich,Berlin,0
2018,1 Jahr bis unter 5 Jahre,Weiblich,Brandenburg,0
2018,1 Jahr bis unter 5 Jahre,Weiblich,Bremen,0
2018,1 Jahr bis unter 5 Jahre,Weiblich,Hamburg,0
2018,1 Jahr bis unter 5 Jahre,Weiblich,Hessen,0
2018,1 Jahr bis unter 5 Jahre,Weiblich,Mecklenburg-Vorpommern,0
2018,1 Jahr bis unter 5 Jahre,Weiblich,Niedersachsen,0
2018,1 Jahr bis unter 5 Jahre,Weiblich,Nordrhein-Westfalen,0
2018,1 Jahr bis unter 5 Jahre,Weiblich,Rheinland-Pfalz,0
2018,1 Jahr bis unter 5 Jahre,Weiblich,Saarland,0
2018,1 Jahr bis unter 5 Jahre,Weiblich,Sachsen,0
2018,1 Jahr bis unter 5 Jahre,Weiblich,Sachsen-Anhalt,0
2018,1 Jahr bis unter 5 Jahre,Weiblich,Schleswig-Holstein,0
2018,1 Jahr bis unter 5 Jahre,Weiblich,Thüringen,0
2018,5 bis unter 10 Jahre,Männlich,Deutschland,0
2018,5 bis unter 10 Jahre,Männlich,Baden-Württemberg,0
2018,5 bis unter 10 Jahre,Männlich,Bayern,0
2018,5 bis unter 10 Jahre,Männlich,Berlin,0
2018,5 bis unter 10 Jahre,Männlich,Brandenburg,0
2018,5 bis unter 10 Jahre,Männlich,Bremen,0
2018,5 bis unter 10 Jahre,Männlich,Hamburg,0
2018,5 bis unter 10 Jahre,Männlich,Hessen,0
2018,5 bis unter 10 Jahre,Männlich,Mecklenburg-Vorpommern,0
2018,5 bis unter 10 Jahre,Männlich,Niedersachsen,0
2018,5 bis unter 10 Jahre,Männlich,Nordrhein-Westfalen,0
2018,5 bis unter 10 Jahre,Männlich,Rheinland-Pfalz,0
2018,5 bis unter 10 Jahre,Männlich,Saarland,0
2018,5 bis unter 10 Jahre,Männlich,Sachsen,0
2018,5 bis unter 10 Jahre,Männlich,Sachsen-Anhalt,0
2018,5 bis unter 10 Jahre,Männlich,Schleswig-Holstein,0
2018,5 bis unter 10 Jahre,Männlich,Thüringen,0
2018,5 bis unter 10 Jahre,Weiblich,Deutschland,0
2018,5 bis unter 10 Jahre,Weiblich,Baden-Württemberg,0
2018,5 bis unter 10 Jahre,Weiblich,Bayern,0
2018,5 bis unter 10 Jahre,Weiblich,Berlin,0
2018,5 bis unter 10 Jahre,Weiblich,Brandenburg,0
2018,5 bis unter 10 Jahre,Weiblich,Bremen,0
2018,5 bis unter 10 Jahre,Weiblich,Hamburg,0
2018,5 bis unter 10 Jahre,Weiblich,Hessen,0
2018,5 bis unter 10 Jahre,Weiblich,Mecklenburg-Vorpommern,0
2018,5 bis unter 10 Jahre,Weiblich,Niedersachsen,0
2018,5 bis unter 10 Jahre,Weiblich,Nordrhein-Westfalen,0
2018,5 bis unter 10 Jahre,Weiblich,Rheinland-Pfalz,0
2018,5 bis unter 10 Jahre,Weiblich,Saarland,0
2018,5 bis unter 10 Jahre,Weiblich,Sachsen,0
2018,5 bis unter 10 Jahre,Weiblich,Sachsen-Anhalt,0
2018,5 bis unter 10 Jahre,Weiblich,Schleswig-Holstein,0
2018,5 bis unter 10 Jahre,Weiblich,Thüringen,0
2018,10 bis unter 15 Jahre,Männlich,Deutschland,0
2018,10 bis unter 15 Jahre,Männlich,Baden-Württemberg,0
2018,10 bis unter 15 Jahre,Männlich,Bayern,0
2018,10 bis unter 15 Jahre,Männlich,Berlin,0
2018,10 bis unter 15 Jahre,Männlich,Brandenburg,0
2018,10 bis unter 15 Jahre,Männlich,Bremen,0
2018,10 bis unter 15 Jahre,Männlich,Hamburg,0
2018,10 bis unter 15 Jahre,Männlich,Hessen,0
2018,10 bis unter 15 Jahre,Männlich,Mecklenburg-Vorpommern,0
2018,10 bis unter 15 Jahre,Männlich,Niedersachsen,0
2018,10 bis unter 15 Jahre,Männlich,Nordrhein-Westfalen,0
2018,10 bis unter 15 Jahre,Männlich,Rheinland-Pfalz,0
2018,10 bis unter 15 Jahre,Männlich,Saarland,0
2018,10 bis unter 15 Jahre,Männlich,Sachsen,0
2018,10 bis unter 15 Jahre,Männlich,Sachsen-Anhalt,0
2018,10 bis unter 15 Jahre,Männlich,Schleswig-Holstein,0
2018,10 bis unter 15 Jahre,Männlich,Thüringen,0
2018,10 bis unter 15 Jahre,Weiblich,Deutschland,0
2018,10 bis unter 15 Jahre,Weiblich,Baden-Württemberg,0
2018,10 bis unter 15 Jahre,Weiblich,Bayern,0
2018,10 bis unter 15 Jahre,Weiblich,Berlin,0
2018,10 bis unter 15 Jahre,Weiblich,Brandenburg,0
2018,10 bis unter 15 Jahre,Weiblich,Bremen,0
2018,10 bis unter 15 Jahre,Weiblich,Hamburg,0
2018,10 bis unter 15 Jahre,Weiblich,Hessen,0
2018,10 bis unter 15 Jahre,Weiblich,Mecklenburg-Vorpommern,0
2018,10 bis unter 15 Jahre,Weiblich,Niedersachsen,0
2018,10 bis unter 15 Jahre,Weiblich,Nordrhein-Westfalen,0
2018,10 bis unter 15 Jahre,Weiblich,Rheinland-Pfalz,0
2018,10 bis unter 15 Jahre,Weiblich,Saarland,0
2018,10 bis unter 15 Jahre,Weiblich,Sachsen,0
2018,10 bis unter 15 Jahre,Weiblich,Sachsen-Anhalt,0
2018,10 bis unter 15 Jahre,Weiblich,Schleswig-Holstein,0
2018,10 bis unter 15 Jahre,Weiblich,Thüringen,0
2018,15 bis unter 20 Jahre,Männlich,Deutschland,62
2018,15 bis unter 20 Jahre,Männlich,Baden-Württemberg,0
2018,15 bis unter 20 Jahre,Männlich,Bayern,19
2018,15 bis unter 20 Jahre,Männlich,Berlin,18
2018,15 bis unter 20 Jahre,Männlich,Brandenburg,0
2018,15 bis unter 20 Jahre,Männlich,Bremen,0
2018,15 bis unter 20 Jahre,Männlich,Hamburg,1
2018,15 bis unter 20 Jahre,Männlich,Hessen,10
2018,15 bis unter 20 Jahre,Männlich,Mecklenburg-Vorpommern,0
2018,15 bis unter 20 Jahre,Männlich,Niedersachsen,1
2018,15 bis unter 20 Jahre,Männlich,Nordrhein-Westfalen,12
2018,15 bis unter 20 Jahre,Männlich,Rheinland-Pfalz,0
2018,15 bis unter 20 Jahre,Männlich,Saarland,0
2018,15 bis unter 20 Jahre,Männlich,Sachsen,0
2018,15 bis unter 20 Jahre,Männlich,Sachsen-Anhalt,1
2018,15 bis unter 20 Jahre,Männlich,Schleswig-Holstein,0
2018,15 bis unter 20 Jahre,Männlich,Thüringen,0
2018,15 bis unter 20 Jahre,Weiblich,Deutschland,48
2018,15 bis unter 20 Jahre,Weiblich,Baden-Württemberg,1
2018,15 bis unter 20 Jahre,Weiblich,Bayern,15
2018,15 bis unter 20 Jahre,Weiblich,Berlin,8
2018,15 bis unter 20 Jahre,Weiblich,Brandenburg,0
2018,15 bis unter 20 Jahre,Weiblich,Bremen,0
2018,15 bis unter 20 Jahre,Weiblich,Hamburg,5
2018,15 bis unter 20 Jahre,Weiblich,Hessen,5
2018,15 bis unter 20 Jahre,Weiblich,Mecklenburg-Vorpommern,0
2018,15 bis unter 20 Jahre,Weiblich,Niedersachsen,0
2018,15 bis unter 20 Jahre,Weiblich,Nordrhein-Westfalen,14
2018,15 bis unter 20 Jahre,Weiblich,Rheinland-Pfalz,0
2018,15 bis unter 20 Jahre,Weiblich,Saarland,0
2018,15 bis unter 20 Jahre,Weiblich,Sachsen,0
2018,15 bis unter 20 Jahre,Weiblich,Sachsen-Anhalt,0
2018,15 bis unter 20 Jahre,Weiblich,Schleswig-Holstein,0
2018,15 bis unter 20 Jahre,Weiblich,Thüringen,0
2018,20 bis unter 25 Jahre,Männlich,Deutschland,301
2018,20 bis unter 25 Jahre,Männlich,Baden-Württemberg,0
2018,20 bis unter 25 Jahre,Männlich,Bayern,181
2018,20 bis unter 25 Jahre,Männlich,Berlin,64
2018,20 bis unter 25 Jahre,Männlich,Brandenburg,0
2018,20 bis unter 25 Jahre,Männlich,Bremen,0
2018,20 bis unter 25 Jahre,Männlich,Hamburg,3
2018,20 bis unter 25 Jahre,Männlich,Hessen,21
2018,20 bis unter 25 Jahre,Männlich,Mecklenburg-Vorpommern,0
2018,20 bis unter 25 Jahre,Männlich,Niedersachsen,8
2018,20 bis unter 25 Jahre,Männlich,Nordrhein-Westfalen,24
2018,20 bis unter 25 Jahre,Männlich,Rheinland-Pfalz,0
2018,20 bis unter 25 Jahre,Männlich,Saarland,0
2018,20 bis unter 25 Jahre,Männlich,Sachsen,0
2018,20 bis unter 25 Jahre,Männlich,Sachsen-Anhalt,0
2018,20 bis unter 25 Jahre,Männlich,Schleswig-Holstein,0
2018,20 bis unter 25 Jahre,Männlich,Thüringen,0
2018,20 bis unter 25 Jahre,Weiblich,Deutschland,82
2018,20 bis unter 25 Jahre,Weiblich,Baden-Württemberg,1
2018,20 bis unter 25 Jahre,Weiblich,Bayern,40
2018,20 bis unter 25 Jahre,Weiblich,Berlin,9
2018,20 bis unter 25 Jahre,Weiblich,Brandenburg,0
2018,20 bis unter 25 Jahre,Weiblich,Bremen,0
2018,20 bis unter 25 Jahre,Weiblich,Hamburg,5
2018,20 bis unter 25 Jahre,Weiblich,Hessen,8
2018,20 bis unter 25 Jahre,Weiblich,Mecklenburg-Vorpommern,0
2018,20 bis unter 25 Jahre,Weiblich,Niedersachsen,5
2018,20 bis unter 25 Jahre,Weiblich,Nordrhein-Westfalen,13
2018,20 bis unter 25 Jahre,Weiblich,Rheinland-Pfalz,0
2018,20 bis unter 25 Jahre,Weiblich,Saarland,0
2018,20 bis unter 25 Jahre,Weiblich,Sachsen,1
2018,20 bis unter 25 Jahre,Weiblich,Sachsen-Anhalt,0
2018,20 bis unter 25 Jahre,Weiblich,Schleswig-Holstein,0
2018,20 bis unter 25 Jahre,Weiblich,Thüringen,0
2018,25 bis unter 30 Jahre,Männlich,Deutschland,293
2018,25 bis unter 30 Jahre,Männlich,Baden-Württemberg,0
2018,25 bis unter 30 Jahre,Männlich,Bayern,175
2018,25 bis unter 30 Jahre,Männlich,Berlin,62
2018,25 bis unter 30 Jahre,Männlich,Brandenburg,0
2018,25 bis unter 30 Jahre,Männlich,Bremen,0
2018,25 bis unter 30 Jahre,Männlich,Hamburg,0
2018,25 bis unter 30 Jahre,Männlich,Hessen,30
2018,25 bis unter 30 Jahre,Männlich,Mecklenburg-Vorpommern,0
2018,25 bis unter 30 Jahre,Männlich,Niedersachsen,12
2018,25 bis unter 30 Jahre,Männlich,Nordrhein-Westfalen,13
2018,25 bis unter 30 Jahre,Männlich,Rheinland-Pfalz,0
2018,25 bis unter 30 Jahre,Männlich,Saarland,0
2018,25 bis unter 30 Jahre,Männlich,Sachsen,1
2018,25 bis unter 30 Jahre,Männlich,Sachsen-Anhalt,0
2018,25 bis unter 30 Jahre,Männlich,Schleswig-Holstein,0
2018,25 bis unter 30 Jahre,Männlich,Thüringen,0
2018,25 bis unter 30 Jahre,Weiblich,Deutschland,104
2018,25 bis unter 30 Jahre,Weiblich,Baden-Württemberg,1
2018,25 bis unter 30 Jahre,Weiblich,Bayern,55
2018,25 bis unter 30 Jahre,Weiblich,Berlin,13
2018,25 bis unter 30 Jahre,Weiblich,Brandenburg,0
2018,25 bis unter 30 Jahre,Weiblich,Bremen,0
2018,25 bis unter 30 Jahre,Weiblich,Hamburg,6
2018,25 bis unter 30 Jahre,Weiblich,Hessen,8
2018,25 bis unter 30 Jahre,Weiblich,Mecklenburg-Vorpommern,0
2018,25 bis unter 30 Jahre,Weiblich,Niedersachsen,2
2018,25 bis unter 30 Jahre,Weiblich,Nordrhein-Westfalen,17
2018,25 bis unter 30 Jahre,Weiblich,Rheinland-Pfalz,0
2018,25 bis unter 30 Jahre,Weiblich,Saarland,0
2018,25 bis unter 30 Jahre,Weiblich,Sachsen,1
2018,25 bis unter 30 Jahre,Weiblich,Sachsen-Anhalt,1
2018,25 bis unter 30 Jahre,Weiblich,Schleswig-Holstein,0
2018,25 bis unter 30 Jahre,Weiblich,Thüringen,0
2018,30 bis unter 35 Jahre,Männlich,Deutschland,156
2018,30 bis unter 35 Jahre,Männlich,Baden-Württemberg,0
2018,30 bis unter 35 Jahre,Männlich,Bayern,106
2018,30 bis unter 35 Jahre,Männlich,Berlin,27
2018,30 bis unter 35 Jahre,Männlich,Brandenburg,0
2018,30 bis unter 35 Jahre,Männlich,Bremen,0
2018,30 bis unter 35 Jahre,Männlich,Hamburg,0
2018,30 bis unter 35 Jahre,Männlich,Hessen,11
2018,30 bis unter 35 Jahre,Männlich,Mecklenburg-Vorpommern,0
2018,30 bis unter 35 Jahre,Männlich,Niedersachsen,8
2018,30 bis unter 35 Jahre,Männlich,Nordrhein-Westfalen,4
2018,30 bis unter 35 Jahre,Männlich,Rheinland-Pfalz,0
2018,30 bis unter 35 Jahre,Männlich,Saarland,0
2018,30 bis unter 35 Jahre,Männlich,Sachsen,0
2018,30 bis unter 35 Jahre,Männlich,Sachsen-Anhalt,0
2018,30 bis unter 35 Jahre,Männlich,Schleswig-Holstein,0
2018,30 bis unter 35 Jahre,Männlich,Thüringen,0
2018,30 bis unter 35 Jahre,Weiblich,Deutschland,77
2018,30 bis unter 35 Jahre,Weiblich,Baden-Württemberg,0
2018,30 bis unter 35 Jahre,Weiblich,Bayern,36
2018,30 bis unter 35 Jahre,Weiblich,Berlin,9
2018,30 bis unter 35 Jahre,Weiblich,Brandenburg,0
2018,30 bis unter 35 Jahre,Weiblich,Bremen,0
2018,30 bis unter 35 Jahre,Weiblich,Hamburg,6
2018,30 bis unter 35 Jahre,Weiblich,Hessen,9
2018,30 bis unter 35 Jahre,Weiblich,Mecklenburg-Vorpommern,0
2018,30 bis unter 35 Jahre,Weiblich,Niedersachsen,1
2018,30 bis unter 35 Jahre,Weiblich,Nordrhein-Westfalen,13
2018,30 bis unter 35 Jahre,Weiblich,Rheinland-Pfalz,0
2018,30 bis unter 35 Jahre,Weiblich,Saarland,0
2018,30 bis unter 35 Jahre,Weiblich,Sachsen,1
2018,30 bis unter 35 Jahre,Weiblich,Sachsen-Anhalt,2
2018,30 bis unter 35 Jahre,Weiblich,Schleswig-Holstein,0
2018,30 bis unter 35 Jahre,Weiblich,Thüringen,0
2018,35 bis unter 40 Jahre,Männlich,Deutschland,144
2018,35 bis unter 40 Jahre,Männlich,Baden-Württemberg,0
2018,35 bis unter 40 Jahre,Männlich,Bayern,94
2018,35 bis unter 40 Jahre,Männlich,Berlin,32
2018,35 bis unter 40 Jahre,Männlich,Brandenburg,0
2018,35 bis unter 40 Jahre,Männlich,Bremen,0
2018,35 bis unter 40 Jahre,Männlich,Hamburg,5
2018,35 bis unter 40 Jahre,Männlich,Hessen,4
2018,35 bis unter 40 Jahre,Männlich,Mecklenburg-Vorpommern,0
2018,35 bis unter 40 Jahre,Männlich,Niedersachsen,7
2018,35 bis unter 40 Jahre,Männlich,Nordrhein-Westfalen,2
2018,35 bis unter 40 Jahre,Männlich,Rheinland-Pfalz,0
2018,35 bis unter 40 Jahre,Männlich,Saarland,0
2018,35 bis unter 40 Jahre,Männlich,Sachsen,0
2018,35 bis unter 40 Jahre,Männlich,Sachsen-Anhalt,0
2018,35 bis unter 40 Jahre,Männlich,Schleswig-Holstein,0
2018,35 bis unter 40 Jahre,Männlich,Thüringen,0
2018,35 bis unter 40 Jahre,Weiblich,Deutschland,65
2018,35 bis unter 40 Jahre,Weiblich,Baden-Württemberg,1
2018,35 bis unter 40 Jahre,Weiblich,Bayern,45
2018,35 bis unter 40 Jahre,Weiblich,Berlin,5
2018,35 bis unter 40 Jahre,Weiblich,Brandenburg,0
2018,35 bis unter 40 Jahre,Weiblich,Bremen,0
2018,35 bis unter 40 Jahre,Weiblich,Hamburg,3
2018,35 bis unter 40 Jahre,Weiblich,Hessen,5
2018,35 bis unter 40 Jahre,Weiblich,Mecklenburg-Vorpommern,0
2018,35 bis unter 40 Jahre,Weiblich,Niedersachsen,0
2018,35 bis unter 40 Jahre,Weiblich,Nordrhein-Westfalen,6
2018,35 bis unter 40 Jahre,Weiblich,Rheinland-Pfalz,0
2018,35 bis unter 40 Jahre,Weiblich,Saarland,0
2018,35 bis unter 40 Jahre,Weiblich,Sachsen,0
2018,35 bis unter 40 Jahre,Weiblich,Sachsen-Anhalt,0
2018,35 bis unter 40 Jahre,Weiblich,Schleswig-Holstein,0
2018,35 bis unter 40 Jahre,Weiblich,Thüringen,0
2018,40 bis unter 45 Jahre,Männlich,Deutschland,104
2018,40 bis unter 45 Jahre,Männlich,Baden-Württemberg,0
2018,40 bis unter 45 Jahre,Männlich,Bayern,68
2018,40 bis unter 45 Jahre,Männlich,Berlin,20
2018,40 bis unter 45 Jahre,Männlich,Brandenburg,0
2018,40 bis unter 45 Jahre,Männlich,Bremen,0
2018,40 bis unter 45 Jahre,Männlich,Hamburg,0
2018,40 bis unter 45 Jahre,Männlich,Hessen,7
2018,40 bis unter 45 Jahre,Männlich,Mecklenburg-Vorpommern,0
2018,40 bis unter 45 Jahre,Männlich,Niedersachsen,3
2018,40 bis unter 45 Jahre,Männlich,Nordrhein-Westfalen,6
2018,40 bis unter 45 Jahre,Männlich,Rheinland-Pfalz,0
2018,40 bis unter 45 Jahre,Männlich,Saarland,0
2018,40 bis unter 45 Jahre,Männlich,Sachsen,0
2018,40 bis unter 45 Jahre,Männlich,Sachsen-Anhalt,0
2018,40 bis unter 45 Jahre,Männlich,Schleswig-Holstein,0
2018,40 bis unter 45 Jahre,Männlich,Thüringen,0
2018,40 bis unter 45 Jahre,Weiblich,Deutschland,44
2018,40 bis unter 45 Jahre,Weiblich,Baden-Württemberg,2
2018,40 bis unter 45 Jahre,Weiblich,Bayern,22
2018,40 bis unter 45 Jahre,Weiblich,Berlin,4
2018,40 bis unter 45 Jahre,Weiblich,Brandenburg,0
2018,40 bis unter 45 Jahre,Weiblich,Bremen,0
2018,40 bis unter 45 Jahre,Weiblich,Hamburg,5
2018,40 bis unter 45 Jahre,Weiblich,Hessen,4
2018,40 bis unter 45 Jahre,Weiblich,Mecklenburg-Vorpommern,0
2018,40 bis unter 45 Jahre,Weiblich,Niedersachsen,1
2018,40 bis unter 45 Jahre,Weiblich,Nordrhein-Westfalen,4
2018,40 bis unter 45 Jahre,Weiblich,Rheinland-Pfalz,0
2018,40 bis unter 45 Jahre,Weiblich,Saarland,0
2018,40 bis unter 45 Jahre,Weiblich,Sachsen,1
2018,40 bis unter 45 Jahre,Weiblich,Sachsen-Anhalt,1
2018,40 bis unter 45 Jahre,Weiblich,Schleswig-Holstein,0
2018,40 bis unter 45 Jahre,Weiblich,Thüringen,0
2018,45 bis unter 50 Jahre,Männlich,Deutschland,63
2018,45 bis unter 50 Jahre,Männlich,Baden-Württemberg,0
2018,45 bis unter 50 Jahre,Männlich,Bayern,41
2018,45 bis unter 50 Jahre,Männlich,Berlin,11
2018,45 bis unter 50 Jahre,Männlich,Brandenburg,0
2018,45 bis unter 50 Jahre,Männlich,Bremen,0
2018,45 bis unter 50 Jahre,Männlich,Hamburg,0
2018,45 bis unter 50 Jahre,Männlich,Hessen,5
2018,45 bis unter 50 Jahre,Männlich,Mecklenburg-Vorpommern,0
2018,45 bis unter 50 Jahre,Männlich,Niedersachsen,4
2018,45 bis unter 50 Jahre,Männlich,Nordrhein-Westfalen,1
2018,45 bis unter 50 Jahre,Männlich,Rheinland-Pfalz,0
2018,45 bis unter 50 Jahre,Männlich,Saarland,0
2018,45 bis unter 50 Jahre,Männlich,Sachsen,0
2018,45 bis unter 50 Jahre,Männlich,Sachsen-Anhalt,1
2018,45 bis unter 50 Jahre,Männlich,Schleswig-Holstein,0
2018,45 bis unter 50 Jahre,Männlich,Thüringen,0
2018,45 bis unter 50 Jahre,Weiblich,Deutschland,56
2018,45 bis unter 50 Jahre,Weiblich,Baden-Württemberg,3
2018,45 bis unter 50 Jahre,Weiblich,Bayern,26
2018,45 bis unter 50 Jahre,Weiblich,Berlin,4
2018,45 bis unter 50 Jahre,Weiblich,Brandenburg,0
2018,45 bis unter 50 Jahre,Weiblich,Bremen,0
2018,45 bis unter 50 Jahre,Weiblich,Hamburg,2
2018,45 bis unter 50 Jahre,Weiblich,Hessen,5
2018,45 bis unter 50 Jahre,Weiblich,Mecklenburg-Vorpommern,1
2018,45 bis unter 50 Jahre,Weiblich,Niedersachsen,3
2018,45 bis unter 50 Jahre,Weiblich,Nordrhein-Westfalen,9
2018,45 bis unter 50 Jahre,Weiblich,Rheinland-Pfalz,0
2018,45 bis unter 50 Jahre,Weiblich,Saarland,0
2018,45 bis unter 50 Jahre,Weiblich,Sachsen,0
2018,45 bis unter 50 Jahre,Weiblich,Sachsen-Anhalt,3
2018,45 bis unter 50 Jahre,Weiblich,Schleswig-Holstein,0
2018,45 bis unter 50 Jahre,Weiblich,Thüringen,0
2018,50 bis unter 55 Jahre,Männlich,Deutschland,46
2018,50 bis unter 55 Jahre,Männlich,Baden-Württemberg,0
2018,50 bis unter 55 Jahre,Männlich,Bayern,30
2018,50 bis unter 55 Jahre,Männlich,Berlin,8
2018,50 bis unter 55 Jahre,Männlich,Brandenburg,0
2018,50 bis unter 55 Jahre,Männlich,Bremen,0
2018,50 bis unter 55 Jahre,Männlich,Hamburg,0
2018,50 bis unter 55 Jahre,Männlich,Hessen,2
2018,50 bis unter 55 Jahre,Männlich,Mecklenburg-Vorpommern,0
2018,50 bis unter 55 Jahre,Männlich,Niedersachsen,3
2018,50 bis unter 55 Jahre,Männlich,Nordrhein-Westfalen,3
2018,50 bis unter 55 Jahre,Männlich,Rheinland-Pfalz,0
2018,50 bis unter 55 Jahre,Männlich,Saarland,0
2018,50 bis unter 55 Jahre,Männlich,Sachsen,0
2018,50 bis unter 55 Jahre,Männlich,Sachsen-Anhalt,0
2018,50 bis unter 55 Jahre,Männlich,Schleswig-Holstein,0
2018,50 bis unter 55 Jahre,Männlich,Thüringen,0
2018,50 bis unter 55 Jahre,Weiblich,Deutschland,59
2018,50 bis unter 55 Jahre,Weiblich,Baden-Württemberg,0
2018,50 bis unter 55 Jahre,Weiblich,Bayern,30
2018,50 bis unter 55 Jahre,Weiblich,Berlin,7
2018,50 bis unter 55 Jahre,Weiblich,Brandenburg,0
2018,50 bis unter 55 Jahre,Weiblich,Bremen,0
2018,50 bis unter 55 Jahre,Weiblich,Hamburg,5
2018,50 bis unter 55 Jahre,Weiblich,Hessen,2
2018,50 bis unter 55 Jahre,Weiblich,Mecklenburg-Vorpommern,0
2018,50 bis unter 55 Jahre,Weiblich,Niedersachsen,2
2018,50 bis unter 55 Jahre,Weiblich,Nordrhein-Westfalen,12
2018,50 bis unter 55 Jahre,Weiblich,Rheinland-Pfalz,0
2018,50 bis unter 55 Jahre,Weiblich,Saarland,0
2018,50 bis unter 55 Jahre,Weiblich,Sachsen,0
2018,50 bis unter 55 Jahre,Weiblich,Sachsen-Anhalt,0
2018,50 bis unter 55 Jahre,Weiblich,Schleswig-Holstein,1
2018,50 bis unter 55 Jahre,Weiblich,Thüringen,0
2018,55 bis unter 60 Jahre,Männlich,Deutschland,23
2018,55 bis unter 60 Jahre,Männlich,Baden-Württemberg,0
2018,55 bis unter 60 Jahre,Männlich,Bayern,11
2018,55 bis unter 60 Jahre,Männlich,Berlin,9
2018,55 bis unter 60 Jahre,Männlich,Brandenburg,0
2018,55 bis unter 60 Jahre,Männlich,Bremen,0
2018,55 bis unter 60 Jahre,Männlich,Hamburg,0
2018,55 bis unter 60 Jahre,Männlich,Hessen,3
2018,55 bis unter 60 Jahre,Männlich,Mecklenburg-Vorpommern,0
2018,55 bis unter 60 Jahre,Männlich,Niedersachsen,0
2018,55 bis unter 60 Jahre,Männlich,Nordrhein-Westfalen,0
2018,55 bis unter 60 Jahre,Männlich,Rheinland-Pfalz,0
2018,55 bis unter 60 Jahre,Männlich,Saarland,0
2018,55 bis unter 60 Jahre,Männlich,Sachsen,0
2018,55 bis unter 60 Jahre,Männlich,Sachsen-Anhalt,0
2018,55 bis unter 60 Jahre,Männlich,Schleswig-Holstein,0
2018,55 bis unter 60 Jahre,Männlich,Thüringen,0
2018,55 bis unter 60 Jahre,Weiblich,Deutschland,45
2018,55 bis unter 60 Jahre,Weiblich,Baden-Württemberg,3
2018,55 bis unter 60 Jahre,Weiblich,Bayern,25
2018,55 bis unter 60 Jahre,Weiblich,Berlin,5
2018,55 bis unter 60 Jahre,Weiblich,Brandenburg,0
2018,55 bis unter 60 Jahre,Weiblich,Bremen,0
2018,55 bis unter 60 Jahre,Weiblich,Hamburg,2
2018,55 bis unter 60 Jahre,Weiblich,Hessen,5
2018,55 bis unter 60 Jahre,Weiblich,Mecklenburg-Vorpommern,0
2018,55 bis unter 60 Jahre,Weiblich,Niedersachsen,0
2018,55 bis unter 60 Jahre,Weiblich,Nordrhein-Westfalen,4
2018,55 bis unter 60 Jahre,Weiblich,Rheinland-Pfalz,0
2018,55 bis unter 60 Jahre,Weiblich,Saarland,0
2018,55 bis unter 60 Jahre,Weiblich,Sachsen,0
2018,55 bis unter 60 Jahre,Weiblich,Sachsen-Anhalt,1
2018,55 bis unter 60 Jahre,Weiblich,Schleswig-Holstein,0
2018,55 bis unter 60 Jahre,Weiblich,Thüringen,0
2018,60 bis unter 65 Jahre,Männlich,Deutschland,3
2018,60 bis unter 65 Jahre,Männlich,Baden-Württemberg,0
2018,60 bis unter 65 Jahre,Männlich,Bayern,0
2018,60 bis unter 65 Jahre,Männlich,Berlin,1
2018,60 bis unter 65 Jahre,Männlich,Brandenburg,0
2018,60 bis unter 65 Jahre,Männlich,Bremen,0
2018,60 bis unter 65 Jahre,Männlich,Hamburg,0
2018,60 bis unter 65 Jahre,Männlich,Hessen,2
2018,60 bis unter 65 Jahre,Männlich,Mecklenburg-Vorpommern,0
2018,60 bis unter 65 Jahre,Männlich,Niedersachsen,0
2018,60 bis unter 65 Jahre,Männlich,Nordrhein-Westfalen,0
2018,60 bis unter 65 Jahre,Männlich,Rheinland-Pfalz,0
2018,60 bis unter 65 Jahre,Männlich,Saarland,0
2018,60 bis unter 65 Jahre,Männlich,Sachsen,0
2018,60 bis unter 65 Jahre,Männlich,Sachsen-Anhalt,0
2018,60 bis unter 65 Jahre,Männlich,Schleswig-Holstein,0
2018,60 bis unter 65 Jahre,Männlich,Thüringen,0
2018,60 bis unter 65 Jahre,Weiblich,Deutschland,27
2018,60 bis unter 65 Jahre,Weiblich,Baden-Württemberg,2
2018,60 bis unter 65 Jahre,Weiblich,Bayern,21
2018,60 bis unter 65 Jahre,Weiblich,Berlin,1
2018,60 bis unter 65 Jahre,Weiblich,Brandenburg,0
2018,60 bis unter 65 Jahre,Weiblich,Bremen,0
2018,60 bis unter 65 Jahre,Weiblich,Hamburg,1
2018,60 bis unter 65 Jahre,Weiblich,Hessen,1
2018,60 bis unter 65 Jahre,Weiblich,Mecklenburg-Vorpommern,0
2018,60 bis unter 65 Jahre,Weiblich,Niedersachsen,0
2018,60 bis unter 65 Jahre,Weiblich,Nordrhein-Westfalen,1
2018,60 bis unter 65 Jahre,Weiblich,Rheinland-Pfalz,0
2018,60 bis unter 65 Jahre,Weiblich,Saarland,0
2018,60 bis unter 65 Jahre,Weiblich,Sachsen,0
2018,60 bis unter 65 Jahre,Weiblich,Sachsen-Anhalt,0
2018,60 bis unter 65 Jahre,Weiblich,Schleswig-Holstein,0
2018,60 bis unter 65 Jahre,Weiblich,Thüringen,0
2018,65 bis unter 70 Jahre,Männlich,Deutschland,1
2018,65 bis unter 70 Jahre,Männlich,Baden-Württemberg,0
2018,65 bis unter 70 Jahre,Männlich,Bayern,1
2018,65 bis unter 70 Jahre,Männlich,Berlin,0
2018,65 bis unter 70 Jahre,Männlich,Brandenburg,0
2018,65 bis unter 70 Jahre,Männlich,Bremen,0
2018,65 bis unter 70 Jahre,Männlich,Hamburg,0
2018,65 bis unter 70 Jahre,Männlich,Hessen,0
2018,65 bis unter 70 Jahre,Männlich,Mecklenburg-Vorpommern,0
2018,65 bis unter 70 Jahre,Männlich,Niedersachsen,0
2018,65 bis unter 70 Jahre,Männlich,Nordrhein-Westfalen,0
2018,65 bis unter 70 Jahre,Männlich,Rheinland-Pfalz,0
2018,65 bis unter 70 Jahre,Männlich,Saarland,0
2018,65 bis unter 70 Jahre,Männlich,Sachsen,0
2018,65 bis unter 70 Jahre,Männlich,Sachsen-Anhalt,0
2018,65 bis unter 70 Jahre,Männlich,Schleswig-Holstein,0
2018,65 bis unter 70 Jahre,Männlich,Thüringen,0
2018,65 bis unter 70 Jahre,Weiblich,Deutschland,11
2018,65 bis unter 70 Jahre,Weiblich,Baden-Württemberg,0
2018,65 bis unter 70 Jahre,Weiblich,Bayern,3
2018,65 bis unter 70 Jahre,Weiblich,Berlin,0
2018,65 bis unter 70 Jahre,Weiblich,Brandenburg,0
2018,65 bis unter 70 Jahre,Weiblich,Bremen,0
2018,65 bis unter 70 Jahre,Weiblich,Hamburg,0
2018,65 bis unter 70 Jahre,Weiblich,Hessen,1
2018,65 bis unter 70 Jahre,Weiblich,Mecklenburg-Vorpommern,0
2018,65 bis unter 70 Jahre,Weiblich,Niedersachsen,1
2018,65 bis unter 70 Jahre,Weiblich,Nordrhein-Westfalen,6
2018,65 bis unter 70 Jahre,Weiblich,Rheinland-Pfalz,0
2018,65 bis unter 70 Jahre,Weiblich,Saarland,0
2018,65 bis unter 70 Jahre,Weiblich,Sachsen,0
2018,65 bis unter 70 Jahre,Weiblich,Sachsen-Anhalt,0
2018,65 bis unter 70 Jahre,Weiblich,Schleswig-Holstein,0
2018,65 bis unter 70 Jahre,Weiblich,Thüringen,0
2018,70 bis unter 75 Jahre,Männlich,Deutschland,0
2018,70 bis unter 75 Jahre,Männlich,Baden-Württemberg,0
2018,70 bis unter 75 Jahre,Männlich,Bayern,0
2018,70 bis unter 75 Jahre,Männlich,Berlin,0
2018,70 bis unter 75 Jahre,Männlich,Brandenburg,0
2018,70 bis unter 75 Jahre,Männlich,Bremen,0
2018,70 bis unter 75 Jahre,Männlich,Hamburg,0
2018,70 bis unter 75 Jahre,Männlich,Hessen,0
2018,70 bis unter 75 Jahre,Männlich,Mecklenburg-Vorpommern,0
2018,70 bis unter 75 Jahre,Männlich,Niedersachsen,0
2018,70 bis unter 75 Jahre,Männlich,Nordrhein-Westfalen,0
2018,70 bis unter 75 Jahre,Männlich,Rheinland-Pfalz,0
2018,70 bis unter 75 Jahre,Männlich,Saarland,0
2018,70 bis unter 75 Jahre,Männlich,Sachsen,0
2018,70 bis unter 75 Jahre,Männlich,Sachsen-Anhalt,0
2018,70 bis unter 75 Jahre,Männlich,Schleswig-Holstein,0
2018,70 bis unter 75 Jahre,Männlich,Thüringen,0
2018,70 bis unter 75 Jahre,Weiblich,Deutschland,1
2018,70 bis unter 75 Jahre,Weiblich,Baden-Württemberg,0
2018,70 bis unter 75 Jahre,Weiblich,Bayern,0
2018,70 bis unter 75 Jahre,Weiblich,Berlin,0
2018,70 bis unter 75 Jahre,Weiblich,Brandenburg,0
2018,70 bis unter 75 Jahre,Weiblich,Bremen,0
2018,70 bis unter 75 Jahre,Weiblich,Hamburg,0
2018,70 bis unter 75 Jahre,Weiblich,Hessen,1
2018,70 bis unter 75 Jahre,Weiblich,Mecklenburg-Vorpommern,0
2018,70 bis unter 75 Jahre,Weiblich,Niedersachsen,0
2018,70 bis unter 75 Jahre,Weiblich,Nordrhein-Westfalen,0
2018,70 bis unter 75 Jahre,Weiblich,Rheinland-Pfalz,0
2018,70 bis unter 75 Jahre,Weiblich,Saarland,0
2018,70 bis unter 75 Jahre,Weiblich,Sachsen,0
2018,70 bis unter 75 Jahre,Weiblich,Sachsen-Anhalt,0
2018,70 bis unter 75 Jahre,Weiblich,Schleswig-Holstein,0
2018,70 bis unter 75 Jahre,Weiblich,Thüringen,0
2018,75 bis unter 80 Jahre,Männlich,Deutschland,0
2018,75 bis unter 80 Jahre,Männlich,Baden-Württemberg,0
2018,75 bis unter 80 Jahre,Männlich,Bayern,0
2018,75 bis unter 80 Jahre,Männlich,Berlin,0
2018,75 bis unter 80 Jahre,Männlich,Brandenburg,0
2018,75 bis unter 80 Jahre,Männlich,Bremen,0
2018,75 bis unter 80 Jahre,Männlich,Hamburg,0
2018,75 bis unter 80 Jahre,Männlich,Hessen,0
2018,75 bis unter 80 Jahre,Männlich,Mecklenburg-Vorpommern,0
2018,75 bis unter 80 Jahre,Männlich,Niedersachsen,0
2018,75 bis unter 80 Jahre,Männlich,Nordrhein-Westfalen,0
2018,75 bis unter 80 Jahre,Männlich,Rheinland-Pfalz,0
2018,75 bis unter 80 Jahre,Männlich,Saarland,0
2018,75 bis unter 80 Jahre,Männlich,Sachsen,0
2018,75 bis unter 80 Jahre,Männlich,Sachsen-Anhalt,0
2018,75 bis unter 80 Jahre,Männlich,Schleswig-Holstein,0
2018,75 bis unter 80 Jahre,Männlich,Thüringen,0
2018,75 bis unter 80 Jahre,Weiblich,Deutschland,0
2018,75 bis unter 80 Jahre,Weiblich,Baden-Württemberg,0
2018,75 bis unter 80 Jahre,Weiblich,Bayern,0
2018,75 bis unter 80 Jahre,Weiblich,Berlin,0
2018,75 bis unter 80 Jahre,Weiblich,Brandenburg,0
2018,75 bis unter 80 Jahre,Weiblich,Bremen,0
2018,75 bis unter 80 Jahre,Weiblich,Hamburg,0
2018,75 bis unter 80 Jahre,Weiblich,Hessen,0
2018,75 bis unter 80 Jahre,Weiblich,Mecklenburg-Vorpommern,0
2018,75 bis unter 80 Jahre,Weiblich,Niedersachsen,0
2018,75 bis unter 80 Jahre,Weiblich,Nordrhein-Westfalen,0
2018,75 bis unter 80 Jahre,Weiblich,Rheinland-Pfalz,0
2018,75 bis unter 80 Jahre,Weiblich,Saarland,0
2018,75 bis unter 80 Jahre,Weiblich,Sachsen,0
2018,75 bis unter 80 Jahre,Weiblich,Sachsen-Anhalt,0
2018,75 bis unter 80 Jahre,Weiblich,Schleswig-Holstein,0
2018,75 bis unter 80 Jahre,Weiblich,Thüringen,0
2018,80 bis unter 85 Jahre,Männlich,Deutschland,0
2018,80 bis unter 85 Jahre,Männlich,Baden-Württemberg,0
2018,80 bis unter 85 Jahre,Männlich,Bayern,0
2018,80 bis unter 85 Jahre,Männlich,Berlin,0
2018,80 bis unter 85 Jahre,Männlich,Brandenburg,0
2018,80 bis unter 85 Jahre,Männlich,Bremen,0
2018,80 bis unter 85 Jahre,Männlich,Hamburg,0
2018,80 bis unter 85 Jahre,Männlich,Hessen,0
2018,80 bis unter 85 Jahre,Männlich,Mecklenburg-Vorpommern,0
2018,80 bis unter 85 Jahre,Männlich,Niedersachsen,0
2018,80 bis unter 85 Jahre,Männlich,Nordrhein-Westfalen,0
2018,80 bis unter 85 Jahre,Männlich,Rheinland-Pfalz,0
2018,80 bis unter 85 Jahre,Männlich,Saarland,0
2018,80 bis unter 85 Jahre,Männlich,Sachsen,0
2018,80 bis unter 85 Jahre,Männlich,Sachsen-Anhalt,0
2018,80 bis unter 85 Jahre,Männlich,Schleswig-Holstein,0
2018,80 bis unter 85 Jahre,Männlich,Thüringen,0
2018,80 bis unter 85 Jahre,Weiblich,Deutschland,0
2018,80 bis unter 85 Jahre,Weiblich,Baden-Württemberg,0
2018,80 bis unter 85 Jahre,Weiblich,Bayern,0
2018,80 bis unter 85 Jahre,Weiblich,Berlin,0
2018,80 bis unter 85 Jahre,Weiblich,Brandenburg,0
2018,80 bis unter 85 Jahre,Weiblich,Bremen,0
2018,80 bis unter 85 Jahre,Weiblich,Hamburg,0
2018,80 bis unter 85 Jahre,Weiblich,Hessen,0
2018,80 bis unter 85 Jahre,Weiblich,Mecklenburg-Vorpommern,0
2018,80 bis unter 85 Jahre,Weiblich,Niedersachsen,0
2018,80 bis unter 85 Jahre,Weiblich,Nordrhein-Westfalen,0
2018,80 bis unter 85 Jahre,Weiblich,Rheinland-Pfalz,0
2018,80 bis unter 85 Jahre,Weiblich,Saarland,0
2018,80 bis unter 85 Jahre,Weiblich,Sachsen,0
2018,80 bis unter 85 Jahre,Weiblich,Sachsen-Anhalt,0
2018,80 bis unter 85 Jahre,Weiblich,Schleswig-Holstein,0
2018,80 bis unter 85 Jahre,Weiblich,Thüringen,0
2018,85 bis unter 90 Jahre,Männlich,Deutschland,0
2018,85 bis unter 90 Jahre,Männlich,Baden-Württemberg,0
2018,85 bis unter 90 Jahre,Männlich,Bayern,0
2018,85 bis unter 90 Jahre,Männlich,Berlin,0
2018,85 bis unter 90 Jahre,Männlich,Brandenburg,0
2018,85 bis unter 90 Jahre,Männlich,Bremen,0
2018,85 bis unter 90 Jahre,Männlich,Hamburg,0
2018,85 bis unter 90 Jahre,Männlich,Hessen,0
2018,85 bis unter 90 Jahre,Männlich,Mecklenburg-Vorpommern,0
2018,85 bis unter 90 Jahre,Männlich,Niedersachsen,0
2018,85 bis unter 90 Jahre,Männlich,Nordrhein-Westfalen,0
2018,85 bis unter 90 Jahre,Männlich,Rheinland-Pfalz,0
2018,85 bis unter 90 Jahre,Männlich,Saarland,0
2018,85 bis unter 90 Jahre,Männlich,Sachsen,0
2018,85 bis unter 90 Jahre,Männlich,Sachsen-Anhalt,0
2018,85 bis unter 90 Jahre,Männlich,Schleswig-Holstein,0
2018,85 bis unter 90 Jahre,Männlich,Thüringen,0
2018,85 bis unter 90 Jahre,Weiblich,Deutschland,0
2018,85 bis unter 90 Jahre,Weiblich,Baden-Württemberg,0
2018,85 bis unter 90 Jahre,Weiblich,Bayern,0
2018,85 bis unter 90 Jahre,Weiblich,Berlin,0
2018,85 bis unter 90 Jahre,Weiblich,Brandenburg,0
2018,85 bis unter 90 Jahre,Weiblich,Bremen,0
2018,85 bis unter 90 Jahre,Weiblich,Hamburg,0
2018,85 bis unter 90 Jahre,Weiblich,Hessen,0
2018,85 bis unter 90 Jahre,Weiblich,Mecklenburg-Vorpommern,0
2018,85 bis unter 90 Jahre,Weiblich,Niedersachsen,0
2018,85 bis unter 90 Jahre,Weiblich,Nordrhein-Westfalen,0
2018,85 bis unter 90 Jahre,Weiblich,Rheinland-Pfalz,0
2018,85 bis unter 90 Jahre,Weiblich,Saarland,0
2018,85 bis unter 90 Jahre,Weiblich,Sachsen,0
2018,85 bis unter 90 Jahre,Weiblich,Sachsen-Anhalt,0
2018,85 bis unter 90 Jahre,Weiblich,Schleswig-Holstein,0
2018,85 bis unter 90 Jahre,Weiblich,Thüringen,0
2018,90 bis unter 95 Jahre,Männlich,Deutschland,0
2018,90 bis unter 95 Jahre,Männlich,Baden-Württemberg,0
2018,90 bis unter 95 Jahre,Männlich,Bayern,0
2018,90 bis unter 95 Jahre,Männlich,Berlin,0
2018,90 bis unter 95 Jahre,Männlich,Brandenburg,0
2018,90 bis unter 95 Jahre,Männlich,Bremen,0
2018,90 bis unter 95 Jahre,Männlich,Hamburg,0
2018,90 bis unter 95 Jahre,Männlich,Hessen,0
2018,90 bis unter 95 Jahre,Männlich,Mecklenburg-Vorpommern,0
2018,90 bis unter 95 Jahre,Männlich,Niedersachsen,0
2018,90 bis unter 95 Jahre,Männlich,Nordrhein-Westfalen,0
2018,90 bis unter 95 Jahre,Männlich,Rheinland-Pfalz,0
2018,90 bis unter 95 Jahre,Männlich,Saarland,0
2018,90 bis unter 95 Jahre,Männlich,Sachsen,0
2018,90 bis unter 95 Jahre,Männlich,Sachsen-Anhalt,0
2018,90 bis unter 95 Jahre,Männlich,Schleswig-Holstein,0
2018,90 bis unter 95 Jahre,Männlich,Thüringen,0
2018,90 bis unter 95 Jahre,Weiblich,Deutschland,0
2018,90 bis unter 95 Jahre,Weiblich,Baden-Württemberg,0
2018,90 bis unter 95 Jahre,Weiblich,Bayern,0
2018,90 bis unter 95 Jahre,Weiblich,Berlin,0
2018,90 bis unter 95 Jahre,Weiblich,Brandenburg,0
2018,90 bis unter 95 Jahre,Weiblich,Bremen,0
2018,90 bis unter 95 Jahre,Weiblich,Hamburg,0
2018,90 bis unter 95 Jahre,Weiblich,Hessen,0
2018,90 bis unter 95 Jahre,Weiblich,Mecklenburg-Vorpommern,0
2018,90 bis unter 95 Jahre,Weiblich,Niedersachsen,0
2018,90 bis unter 95 Jahre,Weiblich,Nordrhein-Westfalen,0
2018,90 bis unter 95 Jahre,Weiblich,Rheinland-Pfalz,0
2018,90 bis unter 95 Jahre,Weiblich,Saarland,0
2018,90 bis unter 95 Jahre,Weiblich,Sachsen,0
2018,90 bis unter 95 Jahre,Weiblich,Sachsen-Anhalt,0
2018,90 bis unter 95 Jahre,Weiblich,Schleswig-Holstein,0
2018,90 bis unter 95 Jahre,Weiblich,Thüringen,0
2018,95 Jahre und älter,Männlich,Deutschland,0
2018,95 Jahre und älter,Männlich,Baden-Württemberg,0
2018,95 Jahre und älter,Männlich,Bayern,0
2018,95 Jahre und älter,Männlich,Berlin,0
2018,95 Jahre und älter,Männlich,Brandenburg,0
2018,95 Jahre und älter,Männlich,Bremen,0
2018,95 Jahre und älter,Männlich,Hamburg,0
2018,95 Jahre und älter,Männlich,Hessen,0
2018,95 Jahre und älter,Männlich,Mecklenburg-Vorpommern,0
2018,95 Jahre und älter,Männlich,Niedersachsen,0
2018,95 Jahre und älter,Männlich,Nordrhein-Westfalen,0
2018,95 Jahre und älter,Männlich,Rheinland-Pfalz,0
2018,95 Jahre und älter,Männlich,Saarland,0
2018,95 Jahre und älter,Männlich,Sachsen,0
2018,95 Jahre und älter,Männlich,Sachsen-Anhalt,0
2018,95 Jahre und älter,Männlich,Schleswig-Holstein,0
2018,95 Jahre und älter,Männlich,Thüringen,0
2018,95 Jahre und älter,Weiblich,Deutschland,0
2018,95 Jahre und älter,Weiblich,Baden-Württemberg,0
2018,95 Jahre und älter,Weiblich,Bayern,0
2018,95 Jahre und älter,Weiblich,Berlin,0
2018,95 Jahre und älter,Weiblich,Brandenburg,0
2018,95 Jahre und älter,Weiblich,Bremen,0
2018,95 Jahre und älter,Weiblich,Hamburg,0
2018,95 Jahre und älter,Weiblich,Hessen,0
2018,95 Jahre und älter,Weiblich,Mecklenburg-Vorpommern,0
2018,95 Jahre und älter,Weiblich,Niedersachsen,0
2018,95 Jahre und älter,Weiblich,Nordrhein-Westfalen,0
2018,95 Jahre und älter,Weiblich,Rheinland-Pfalz,0
2018,95 Jahre und älter,Weiblich,Saarland,0
2018,95 Jahre und älter,Weiblich,Sachsen,0
2018,95 Jahre und älter,Weiblich,Sachsen-Anhalt,0
2018,95 Jahre und älter,Weiblich,Schleswig-Holstein,0
2018,95 Jahre und älter,Weiblich,Thüringen,0
2019,Unter 1 Jahr,Männlich,Deutschland,0
2019,Unter 1 Jahr,Männlich,Baden-Württemberg,0
2019,Unter 1 Jahr,Männlich,Bayern,0
2019,Unter 1 Jahr,Männlich,Berlin,0
2019,Unter 1 Jahr,Männlich,Brandenburg,0
2019,Unter 1 Jahr,Männlich,Bremen,0
2019,Unter 1 Jahr,Männlich,Hamburg,0
2019,Unter 1 Jahr,Männlich,Hessen,0
2019,Unter 1 Jahr,Männlich,Mecklenburg-Vorpommern,0
2019,Unter 1 Jahr,Männlich,Niedersachsen,0
2019,Unter 1 Jahr,Männlich,Nordrhein-Westfalen,0
2019,Unter 1 Jahr,Männlich,Rheinland-Pfalz,0
2019,Unter 1 Jahr,Männlich,Saarland,0
2019,Unter 1 Jahr,Männlich,Sachsen,0
2019,Unter 1 Jahr,Männlich,Sachsen-Anhalt,0
2019,Unter 1 Jahr,Männlich,Schleswig-Holstein,0
2019,Unter 1 Jahr,Männlich,Thüringen,0
2019,Unter 1 Jahr,Weiblich,Deutschland,0
2019,Unter 1 Jahr,Weiblich,Baden-Württemberg,0
2019,Unter 1 Jahr,Weiblich,Bayern,0
2019,Unter 1 Jahr,Weiblich,Berlin,0
2019,Unter 1 Jahr,Weiblich,Brandenburg,0
2019,Unter 1 Jahr,Weiblich,Bremen,0
2019,Unter 1 Jahr,Weiblich,Hamburg,0
2019,Unter 1 Jahr,Weiblich,Hessen,0
2019,Unter 1 Jahr,Weiblich,Mecklenburg-Vorpommern,0
2019,Unter 1 Jahr,Weiblich,Niedersachsen,0
2019,Unter 1 Jahr,Weiblich,Nordrhein-Westfalen,0
2019,Unter 1 Jahr,Weiblich,Rheinland-Pfalz,0
2019,Unter 1 Jahr,Weiblich,Saarland,0
2019,Unter 1 Jahr,Weiblich,Sachsen,0
2019,Unter 1 Jahr,Weiblich,Sachsen-Anhalt,0
2019,Unter 1 Jahr,Weiblich,Schleswig-Holstein,0
2019,Unter 1 Jahr,Weiblich,Thüringen,0
2019,1 Jahr bis unter 5 Jahre,Männlich,Deutschland,0
2019,1 Jahr bis unter 5 Jahre,Männlich,Baden-Württemberg,0
2019,1 Jahr bis unter 5 Jahre,Männlich,Bayern,0
2019,1 Jahr bis unter 5 Jahre,Männlich,Berlin,0
2019,1 Jahr bis unter 5 Jahre,Männlich,Brandenburg,0
2019,1 Jahr bis unter 5 Jahre,Männlich,Bremen,0
2019,1 Jahr bis unter 5 Jahre,Männlich,Hamburg,0
2019,1 Jahr bis unter 5 Jahre,Männlich,Hessen,0
2019,1 Jahr bis unter 5 Jahre,Männlich,Mecklenburg-Vorpommern,0
2019,1 Jahr bis unter 5 Jahre,Männlich,Niedersachsen,0
2019,1 Jahr bis unter 5 Jahre,Männlich,Nordrhein-Westfalen,0
2019,1 Jahr bis unter 5 Jahre,Männlich,Rheinland-Pfalz,0
2019,1 Jahr bis unter 5 Jahre,Männlich,Saarland,0
2019,1 Jahr bis unter 5 Jahre,Männlich,Sachsen,0
2019,1 Jahr bis unter 5 Jahre,Männlich,Sachsen-Anhalt,0
2019,1 Jahr bis unter 5 Jahre,Männlich,Schleswig-Holstein,0
2019,1 Jahr bis unter 5 Jahre,Männlich,Thüringen,0
2019,1 Jahr bis unter 5 Jahre,Weiblich,Deutschland,0
2019,1 Jahr bis unter 5 Jahre,Weiblich,Baden-Württemberg,0
2019,1 Jahr bis unter 5 Jahre,Weiblich,Bayern,0
2019,1 Jahr bis unter 5 Jahre,Weiblich,Berlin,0
2019,1 Jahr bis unter 5 Jahre,Weiblich,Brandenburg,0
2019,1 Jahr bis unter 5 Jahre,Weiblich,Bremen,0
2019,1 Jahr bis unter 5 Jahre,Weiblich,Hamburg,0
2019,1 Jahr bis unter 5 Jahre,Weiblich,Hessen,0
2019,1 Jahr bis unter 5 Jahre,Weiblich,Mecklenburg-Vorpommern,0
2019,1 Jahr bis unter 5 Jahre,Weiblich,Niedersachsen,0
2019,1 Jahr bis unter 5 Jahre,Weiblich,Nordrhein-Westfalen,0
2019,1 Jahr bis unter 5 Jahre,Weiblich,Rheinland-Pfalz,0
2019,1 Jahr bis unter 5 Jahre,Weiblich,Saarland,0
2019,1 Jahr bis unter 5 Jahre,Weiblich,Sachsen,0
2019,1 Jahr bis unter 5 Jahre,Weiblich,Sachsen-Anhalt,0
2019,1 Jahr bis unter 5 Jahre,Weiblich,Schleswig-Holstein,0
2019,1 Jahr bis unter 5 Jahre,Weiblich,Thüringen,0
2019,5 bis unter 10 Jahre,Männlich,Deutschland,0
2019,5 bis unter 10 Jahre,Männlich,Baden-Württemberg,0
2019,5 bis unter 10 Jahre,Männlich,Bayern,0
2019,5 bis unter 10 Jahre,Männlich,Berlin,0
2019,5 bis unter 10 Jahre,Männlich,Brandenburg,0
2019,5 bis unter 10 Jahre,Männlich,Bremen,0
2019,5 bis unter 10 Jahre,Männlich,Hamburg,0
2019,5 bis unter 10 Jahre,Männlich,Hessen,0
2019,5 bis unter 10 Jahre,Männlich,Mecklenburg-Vorpommern,0
2019,5 bis unter 10 Jahre,Männlich,Niedersachsen,0
2019,5 bis unter 10 Jahre,Männlich,Nordrhein-Westfalen,0
2019,5 bis unter 10 Jahre,Männlich,Rheinland-Pfalz,0
2019,5 bis unter 10 Jahre,Männlich,Saarland,0
2019,5 bis unter 10 Jahre,Männlich,Sachsen,0
2019,5 bis unter 10 Jahre,Männlich,Sachsen-Anhalt,0
2019,5 bis unter 10 Jahre,Männlich,Schleswig-Holstein,0
2019,5 bis unter 10 Jahre,Männlich,Thüringen,0
2019,5 bis unter 10 Jahre,Weiblich,Deutschland,0
2019,5 bis unter 10 Jahre,Weiblich,Baden-Württemberg,0
2019,5 bis unter 10 Jahre,Weiblich,Bayern,0
2019,5 bis unter 10 Jahre,Weiblich,Berlin,0
2019,5 bis unter 10 Jahre,Weiblich,Brandenburg,0
2019,5 bis unter 10 Jahre,Weiblich,Bremen,0
2019,5 bis unter 10 Jahre,Weiblich,Hamburg,0
2019,5 bis unter 10 Jahre,Weiblich,Hessen,0
2019,5 bis unter 10 Jahre,Weiblich,Mecklenburg-Vorpommern,0
2019,5 bis unter 10 Jahre,Weiblich,Niedersachsen,0
2019,5 bis unter 10 Jahre,Weiblich,Nordrhein-Westfalen,0
2019,5 bis unter 10 Jahre,Weiblich,Rheinland-Pfalz,0
2019,5 bis unter 10 Jahre,Weiblich,Saarland,0
2019,5 bis unter 10 Jahre,Weiblich,Sachsen,0
2019,5 bis unter 10 Jahre,Weiblich,Sachsen-Anhalt,0
2019,5 bis unter 10 Jahre,Weiblich,Schleswig-Holstein,0
2019,5 bis unter 10 Jahre,Weiblich,Thüringen,0
2019,10 bis unter 15 Jahre,Männlich,Deutschland,0
2019,10 bis unter 15 Jahre,Männlich,Baden-Württemberg,0
2019,10 bis unter 15 Jahre,Männlich,Bayern,0
2019,10 bis unter 15 Jahre,Männlich,Berlin,0
2019,10 bis unter 15 Jahre,Männlich,Brandenburg,0
2019,10 bis unter 15 Jahre,Männlich,Bremen,0
2019,10 bis unter 15 Jahre,Männlich,Hamburg,0
2019,10 bis unter 15 Jahre,Männlich,Hessen,0
2019,10 bis unter 15 Jahre,Männlich,Mecklenburg-Vorpommern,0
2019,10 bis unter 15 Jahre,Männlich,Niedersachsen,0
2019,10 bis unter 15 Jahre,Männlich,Nordrhein-Westfalen,0
2019,10 bis unter 15 Jahre,Männlich,Rheinland-Pfalz,0
2019,10 bis unter 15 Jahre,Männlich,Saarland,0
2019,10 bis unter 15 Jahre,Männlich,Sachsen,0
2019,10 bis unter 15 Jahre,Männlich,Sachsen-Anhalt,0
2019,10 bis unter 15 Jahre,Männlich,Schleswig-Holstein,0
2019,10 bis unter 15 Jahre,Männlich,Thüringen,0
2019,10 bis unter 15 Jahre,Weiblich,Deutschland,0
2019,10 bis unter 15 Jahre,Weiblich,Baden-Württemberg,0
2019,10 bis unter 15 Jahre,Weiblich,Bayern,0
2019,10 bis unter 15 Jahre,Weiblich,Berlin,0
2019,10 bis unter 15 Jahre,Weiblich,Brandenburg,0
2019,10 bis unter 15 Jahre,Weiblich,Bremen,0
2019,10 bis unter 15 Jahre,Weiblich,Hamburg,0
2019,10 bis unter 15 Jahre,Weiblich,Hessen,0
2019,10 bis unter 15 Jahre,Weiblich,Mecklenburg-Vorpommern,0
2019,10 bis unter 15 Jahre,Weiblich,Niedersachsen,0
2019,10 bis unter 15 Jahre,Weiblich,Nordrhein-Westfalen,0
2019,10 bis unter 15 Jahre,Weiblich,Rheinland-Pfalz,0
2019,10 bis unter 15 Jahre,Weiblich,Saarland,0
2019,10 bis unter 15 Jahre,Weiblich,Sachsen,0
2019,10 bis unter 15 Jahre,Weiblich,Sachsen-Anhalt,0
2019,10 bis unter 15 Jahre,Weiblich,Schleswig-Holstein,0
2019,10 bis unter 15 Jahre,Weiblich,Thüringen,0
2019,15 bis unter 20 Jahre,Männlich,Deutschland,124
2019,15 bis unter 20 Jahre,Männlich,Baden-Württemberg,0
2019,15 bis unter 20 Jahre,Männlich,Bayern,41
2019,15 bis unter 20 Jahre,Männlich,Berlin,38
2019,15 bis unter 20 Jahre,Männlich,Brandenburg,0
2019,15 bis unter 20 Jahre,Männlich,Bremen,0
2019,15 bis unter 20 Jahre,Männlich,Hamburg,3
2019,15 bis unter 20 Jahre,Männlich,Hessen,16
2019,15 bis unter 20 Jahre,Männlich,Mecklenburg-Vorpommern,0
2019,15 bis unter 20 Jahre,Männlich,Niedersachsen,4
2019,15 bis unter 20 Jahre,Männlich,Nordrhein-Westfalen,22
2019,15 bis unter 20 Jahre,Männlich,Rheinland-Pfalz,0
2019,15 bis unter 20 Jahre,Männlich,Saarland,0
2019,15 bis unter 20 Jahre,Männlich,Sachsen,0
2019,15 bis unter 20 Jahre,Männlich,Sachsen-Anhalt,0
2019,15 bis unter 20 Jahre,Männlich,Schleswig-Holstein,0
2019,15 bis unter 20 Jahre,Männlich,Thüringen,0
2019,15 bis unter 20 Jahre,Weiblich,Deutschland,54
2019,15 bis unter 20 Jahre,Weiblich,Baden-Württemberg,0
2019,15 bis unter 20 Jahre,Weiblich,Bayern,14
2019,15 bis unter 20 Jahre,Weiblich,Berlin,16
2019,15 bis unter 20 Jahre,Weiblich,Brandenburg,0
2019,15 bis unter 20 Jahre,Weiblich,Bremen,0
2019,15 bis unter 20 Jahre,Weiblich,Hamburg,6
2019,15 bis unter 20 Jahre,Weiblich,Hessen,3
2019,15 bis unter 20 Jahre,Weiblich,Mecklenburg-Vorpommern,1
2019,15 bis unter 20 Jahre,Weiblich,Niedersachsen,2
2019,15 bis unter 20 Jahre,Weiblich,Nordrhein-Westfalen,12
2019,15 bis unter 20 Jahre,Weiblich,Rheinland-Pfalz,0
2019,15 bis unter 20 Jahre,Weiblich,Saarland,0
2019,15 bis unter 20 Jahre,Weiblich,Sachsen,0
2019,15 bis unter 20 Jahre,Weiblich,Sachsen-Anhalt,0
2019,15 bis unter 20 Jahre,Weiblich,Schleswig-Holstein,0
2019,15 bis unter 20 Jahre,Weiblich,Thüringen,0
2019,20 bis unter 25 Jahre,Männlich,Deutschland,377
2019,20 bis unter 25 Jahre,Männlich,Baden-Württemberg,2
2019,20 bis unter 25 Jahre,Männlich,Bayern,206
2019,20 bis unter 25 Jahre,Männlich,Berlin,104
2019,20 bis unter 25 Jahre,Männlich,Brandenburg,0
2019,20 bis unter 25 Jahre,Männlich,Bremen,0
2019,20 bis unter 25 Jahre,Männlich,Hamburg,3
2019,20 bis unter 25 Jahre,Männlich,Hessen,22
2019,20 bis unter 25 Jahre,Männlich,Mecklenburg-Vorpommern,0
2019,20 bis unter 25 Jahre,Männlich,Niedersachsen,4
2019,20 bis unter 25 Jahre,Männlich,Nordrhein-Westfalen,36
2019,20 bis unter 25 Jahre,Männlich,Rheinland-Pfalz,0
2019,20 bis unter 25 Jahre,Männlich,Saarland,0
2019,20 bis unter 25 Jahre,Männlich,Sachsen,0
2019,20 bis unter 25 Jahre,Männlich,Sachsen-Anhalt,0
2019,20 bis unter 25 Jahre,Männlich,Schleswig-Holstein,0
2019,20 bis unter 25 Jahre,Männlich,Thüringen,0
2019,20 bis unter 25 Jahre,Weiblich,Deutschland,136
2019,20 bis unter 25 Jahre,Weiblich,Baden-Württemberg,2
2019,20 bis unter 25 Jahre,Weiblich,Bayern,66
2019,20 bis unter 25 Jahre,Weiblich,Berlin,15
2019,20 bis unter 25 Jahre,Weiblich,Brandenburg,0
2019,20 bis unter 25 Jahre,Weiblich,Bremen,0
2019,20 bis unter 25 Jahre,Weiblich,Hamburg,9
2019,20 bis unter 25 Jahre,Weiblich,Hessen,15
2019,20 bis unter 25 Jahre,Weiblich,Mecklenburg-Vorpommern,0
2019,20 bis unter 25 Jahre,Weiblich,Niedersachsen,0
2019,20 bis unter 25 Jahre,Weiblich,Nordrhein-Westfalen,25
2019,20 bis unter 25 Jahre,Weiblich,Rheinland-Pfalz,0
2019,20 bis unter 25 Jahre,Weiblich,Saarland,0
2019,20 bis unter 25 Jahre,Weiblich,Sachsen,1
2019,20 bis unter 25 Jahre,Weiblich,Sachsen-Anhalt,3
2019,20 bis unter 25 Jahre,Weiblich,Schleswig-Holstein,0
2019,20 bis unter 25 Jahre,Weiblich,Thüringen,0
2019,25 bis unter 30 Jahre,Männlich,Deutschland,392
2019,25 bis unter 30 Jahre,Männlich,Baden-Württemberg,1
2019,25 bis unter 30 Jahre,Männlich,Bayern,248
2019,25 bis unter 30 Jahre,Männlich,Berlin,82
2019,25 bis unter 30 Jahre,Männlich,Brandenburg,0
2019,25 bis unter 30 Jahre,Männlich,Bremen,0
2019,25 bis unter 30 Jahre,Männlich,Hamburg,7
2019,25 bis unter 30 Jahre,Männlich,Hessen,26
2019,25 bis unter 30 Jahre,Männlich,Mecklenburg-Vorpommern,0
2019,25 bis unter 30 Jahre,Männlich,Niedersachsen,11
2019,25 bis unter 30 Jahre,Männlich,Nordrhein-Westfalen,16
2019,25 bis unter 30 Jahre,Männlich,Rheinland-Pfalz,0
2019,25 bis unter 30 Jahre,Männlich,Saarland,0
2019,25 bis unter 30 Jahre,Männlich,Sachsen,0
2019,25 bis unter 30 Jahre,Männlich,Sachsen-Anhalt,1
2019,25 bis unter 30 Jahre,Männlich,Schleswig-Holstein,0
2019,25 bis unter 30 Jahre,Männlich,Thüringen,0
2019,25 bis unter 30 Jahre,Weiblich,Deutschland,131
2019,25 bis unter 30 Jahre,Weiblich,Baden-Württemberg,2
2019,25 bis unter 30 Jahre,Weiblich,Bayern,84
2019,25 bis unter 30 Jahre,Weiblich,Berlin,9
2019,25 bis unter 30 Jahre,Weiblich,Brandenburg,0
2019,25 bis unter 30 Jahre,Weiblich,Bremen,0
2019,25 bis unter 30 Jahre,Weiblich,Hamburg,13
2019,25 bis unter 30 Jahre,Weiblich,Hessen,9
2019,25 bis unter 30 Jahre,Weiblich,Mecklenburg-Vorpommern,0
2019,25 bis unter 30 Jahre,Weiblich,Niedersachsen,0
2019,25 bis unter 30 Jahre,Weiblich,Nordrhein-Westfalen,11
2019,25 bis unter 30 Jahre,Weiblich,Rheinland-Pfalz,0
2019,25 bis unter 30 Jahre,Weiblich,Saarland,0
2019,25 bis unter 30 Jahre,Weiblich,Sachsen,1
2019,25 bis unter 30 Jahre,Weiblich,Sachsen-Anhalt,2
2019,25 bis unter 30 Jahre,Weiblich,Schleswig-Holstein,0
2019,25 bis unter 30 Jahre,Weiblich,Thüringen,0
2019,30 bis unter 35 Jahre,Männlich,Deutschland,236
2019,30 bis unter 35 Jahre,Männlich,Baden-Württemberg,0
2019,30 bis unter 35 Jahre,Männlich,Bayern,141
2019,30 bis unter 35 Jahre,Männlich,Berlin,50
2019,30 bis unter 35 Jahre,Männlich,Brandenburg,0
2019,30 bis unter 35 Jahre,Männlich,Bremen,0
2019,30 bis unter 35 Jahre,Männlich,Hamburg,6
2019,30 bis unter 35 Jahre,Männlich,Hessen,17
2019,30 bis unter 35 Jahre,Männlich,Mecklenburg-Vorpommern,0
2019,30 bis unter 35 Jahre,Männlich,Niedersachsen,6
2019,30 bis unter 35 Jahre,Männlich,Nordrhein-Westfalen,14
2019,30 bis unter 35 Jahre,Männlich,Rheinland-Pfalz,0
2019,30 bis unter 35 Jahre,Männlich,Saarland,0
2019,30 bis unter 35 Jahre,Männlich,Sachsen,0
2019,30 bis unter 35 Jahre,Männlich,Sachsen-Anhalt,2
2019,30 bis unter 35 Jahre,Männlich,Schleswig-Holstein,0
2019,30 bis unter 35 Jahre,Männlich,Thüringen,0
2019,30 bis unter 35 Jahre,Weiblich,Deutschland,100
2019,30 bis unter 35 Jahre,Weiblich,Baden-Württemberg,3
2019,30 bis unter 35 Jahre,Weiblich,Bayern,54
2019,30 bis unter 35 Jahre,Weiblich,Berlin,10
2019,30 bis unter 35 Jahre,Weiblich,Brandenburg,0
2019,30 bis unter 35 Jahre,Weiblich,Bremen,0
2019,30 bis unter 35 Jahre,Weiblich,Hamburg,7
2019,30 bis unter 35 Jahre,Weiblich,Hessen,5
2019,30 bis unter 35 Jahre,Weiblich,Mecklenburg-Vorpommern,0
2019,30 bis unter 35 Jahre,Weiblich,Niedersachsen,1
2019,30 bis unter 35 Jahre,Weiblich,Nordrhein-Westfalen,18
2019,30 bis unter 35 Jahre,Weiblich,Rheinland-Pfalz,0
2019,30 bis unter 35 Jahre,Weiblich,Saarland,0
2019,30 bis unter 35 Jahre,Weiblich,Sachsen,0
2019,30 bis unter 35 Jahre,Weiblich,Sachsen-Anhalt,2
2019,30 bis unter 35 Jahre,Weiblich,Schleswig-Holstein,0
2019,30 bis unter 35 Jahre,Weiblich,Thüringen,0
2019,35 bis unter 40 Jahre,Männlich,Deutschland,193
2019,35 bis unter 40 Jahre,Männlich,Baden-Württemberg,0
2019,35 bis unter 40 Jahre,Männlich,Bayern,130
2019,35 bis unter 40 Jahre,Männlich,Berlin,45
2019,35 bis unter 40 Jahre,Männlich,Brandenburg,0
2019,35 bis unter 40 Jahre,Männlich,Bremen,0
2019,35 bis unter 40 Jahre,Männlich,Hamburg,3
2019,35 bis unter 40 Jahre,Männlich,Hessen,5
2019,35 bis unter 40 Jahre,Männlich,Mecklenburg-Vorpommern,0
2019,35 bis unter 40 Jahre,Männlich,Niedersachsen,1
2019,35 bis unter 40 Jahre,Männlich,Nordrhein-Westfalen,9
2019,35 bis unter 40 Jahre,Männlich,Rheinland-Pfalz,0
2019,35 bis unter 40 Jahre,Männlich,Saarland,0
2019,35 bis unter 40 Jahre,Männlich,Sachsen,0
2019,35 bis unter 40 Jahre,Männlich,Sachsen-Anhalt,0
2019,35 bis unter 40 Jahre,Männlich,Schleswig-Holstein,0
2019,35 bis unter 40 Jahre,Männlich,Thüringen,0
2019,35 bis unter 40 Jahre,Weiblich,Deutschland,49
2019,35 bis unter 40 Jahre,Weiblich,Baden-Württemberg,2
2019,35 bis unter 40 Jahre,Weiblich,Bayern,36
2019,35 bis unter 40 Jahre,Weiblich,Berlin,3
2019,35 bis unter 40 Jahre,Weiblich,Brandenburg,0
2019,35 bis unter 40 Jahre,Weiblich,Bremen,0
2019,35 bis unter 40 Jahre,Weiblich,Hamburg,3
2019,35 bis unter 40 Jahre,Weiblich,Hessen,2
2019,35 bis unter 40 Jahre,Weiblich,Mecklenburg-Vorpommern,0
2019,35 bis unter 40 Jahre,Weiblich,Niedersachsen,0
2019,35 bis unter 40 Jahre,Weiblich,Nordrhein-Westfalen,1
2019,35 bis unter 40 Jahre,Weiblich,Rheinland-Pfalz,0
2019,35 bis unter 40 Jahre,Weiblich,Saarland,0
2019,35 bis unter 40 Jahre,Weiblich,Sachsen,0
2019,35 bis unter 40 Jahre,Weiblich,Sachsen-Anhalt,2
2019,35 bis unter 40 Jahre,Weiblich,Schleswig-Holstein,0
2019,35 bis unter 40 Jahre,Weiblich,Thüringen,0
2019,40 bis unter 45 Jahre,Männlich,Deutschland,97
2019,40 bis unter 45 Jahre,Männlich,Baden-Württemberg,1
2019,40 bis unter 45 Jahre,Männlich,Bayern,58
2019,40 bis unter 45 Jahre,Männlich,Berlin,28
2019,40 bis unter 45 Jahre,Männlich,Brandenburg,0
2019,40 bis unter 45 Jahre,Männlich,Bremen,0
2019,40 bis unter 45 Jahre,Männlich,Hamburg,1
2019,40 bis unter 45 Jahre,Männlich,Hessen,3
2019,40 bis unter 45 Jahre,Männlich,Mecklenburg-Vorpommern,0
2019,40 bis unter 45 Jahre,Männlich,Niedersachsen,0
2019,40 bis unter 45 Jahre,Männlich,Nordrhein-Westfalen,6
2019,40 bis unter 45 Jahre,Männlich,Rheinland-Pfalz,0
2019,40 bis unter 45 Jahre,Männlich,Saarland,0
2019,40 bis unter 45 Jahre,Männlich,Sachsen,0
2019,40 bis unter 45 Jahre,Männlich,Sachsen-Anhalt,0
2019,40 bis unter 45 Jahre,Männlich,Schleswig-Holstein,0
2019,40 bis unter 45 Jahre,Männlich,Thüringen,0
2019,40 bis unter 45 Jahre,Weiblich,Deutschland,49
2019,40 bis unter 45 Jahre,Weiblich,Baden-Württemberg,1
2019,40 bis unter 45 Jahre,Weiblich,Bayern,29
2019,40 bis unter 45 Jahre,Weiblich,Berlin,0
2019,40 bis unter 45 Jahre,Weiblich,Brandenburg,0
2019,40 bis unter 45 Jahre,Weiblich,Bremen,0
2019,40 bis unter 45 Jahre,Weiblich,Hamburg,11
2019,40 bis unter 45 Jahre,Weiblich,Hessen,3
2019,40 bis unter 45 Jahre,Weiblich,Mecklenburg-Vorpommern,0
2019,40 bis unter 45 Jahre,Weiblich,Niedersachsen,0
2019,40 bis unter 45 Jahre,Weiblich,Nordrhein-Westfalen,5
2019,40 bis unter 45 Jahre,Weiblich,Rheinland-Pfalz,0
2019,40 bis unter 45 Jahre,Weiblich,Saarland,0
2019,40 bis unter 45 Jahre,Weiblich,Sachsen,0
2019,40 bis unter 45 Jahre,Weiblich,Sachsen-Anhalt,0
2019,40 bis unter 45 Jahre,Weiblich,Schleswig-Holstein,0
2019,40 bis unter 45 Jahre,Weiblich,Thüringen,0
2019,45 bis unter 50 Jahre,Männlich,Deutschland,74
2019,45 bis unter 50 Jahre,Männlich,Baden-Württemberg,0
2019,45 bis unter 50 Jahre,Männlich,Bayern,51
2019,45 bis unter 50 Jahre,Männlich,Berlin,10
2019,45 bis unter 50 Jahre,Männlich,Brandenburg,0
2019,45 bis unter 50 Jahre,Männlich,Bremen,0
2019,45 bis unter 50 Jahre,Männlich,Hamburg,1
2019,45 bis unter 50 Jahre,Männlich,Hessen,4
2019,45 bis unter 50 Jahre,Männlich,Mecklenburg-Vorpommern,0
2019,45 bis unter 50 Jahre,Männlich,Niedersachsen,6
2019,45 bis unter 50 Jahre,Männlich,Nordrhein-Westfalen,1
2019,45 bis unter 50 Jahre,Männlich,Rheinland-Pfalz,0
2019,45 bis unter 50 Jahre,Männlich,Saarland,0
2019,45 bis unter 50 Jahre,Männlich,Sachsen,0
2019,45 bis unter 50 Jahre,Männlich,Sachsen-Anhalt,1
2019,45 bis unter 50 Jahre,Männlich,Schleswig-Holstein,0
2019,45 bis unter 50 Jahre,Männlich,Thüringen,0
2019,45 bis unter 50 Jahre,Weiblich,Deutschland,46
2019,45 bis unter 50 Jahre,Weiblich,Baden-Württemberg,0
2019,45 bis unter 50 Jahre,Weiblich,Bayern,26
2019,45 bis unter 50 Jahre,Weiblich,Berlin,4
2019,45 bis unter 50 Jahre,Weiblich,Brandenburg,0
2019,45 bis unter 50 Jahre,Weiblich,Bremen,0
2019,45 bis unter 50 Jahre,Weiblich,Hamburg,6
2019,45 bis unter 50 Jahre,Weiblich,Hessen,2
2019,45 bis unter 50 Jahre,Weiblich,Mecklenburg-Vorpommern,0
2019,45 bis unter 50 Jahre,Weiblich,Niedersachsen,1
2019,45 bis unter 50 Jahre,Weiblich,Nordrhein-Westfalen,6
2019,45 bis unter 50 Jahre,Weiblich,Rheinland-Pfalz,0
2019,45 bis unter 50 Jahre,Weiblich,Saarland,0
2019,45 bis unter 50 Jahre,Weiblich,Sachsen,1
2019,45 bis unter 50 Jahre,Weiblich,Sachsen-Anhalt,0
2019,45 bis unter 50 Jahre,Weiblich,Schleswig-Holstein,0
2019,45 bis unter 50 Jahre,Weiblich,Thüringen,0
2019,50 bis unter 55 Jahre,Männlich,Deutschland,58
2019,50 bis unter 55 Jahre,Männlich,Baden-Württemberg,0
2019,50 bis unter 55 Jahre,Männlich,Bayern,37
2019,50 bis unter 55 Jahre,Männlich,Berlin,14
2019,50 bis unter 55 Jahre,Männlich,Brandenburg,0
2019,50 bis unter 55 Jahre,Männlich,Bremen,0
2019,50 bis unter 55 Jahre,Männlich,Hamburg,0
2019,50 bis unter 55 Jahre,Männlich,Hessen,4
2019,50 bis unter 55 Jahre,Männlich,Mecklenburg-Vorpommern,0
2019,50 bis unter 55 Jahre,Männlich,Niedersachsen,2
2019,50 bis unter 55 Jahre,Männlich,Nordrhein-Westfalen,1
2019,50 bis unter 55 Jahre,Männlich,Rheinland-Pfalz,0
2019,50 bis unter 55 Jahre,Männlich,Saarland,0
2019,50 bis unter 55 Jahre,Männlich,Sachsen,0
2019,50 bis unter 55 Jahre,Männlich,Sachsen-Anhalt,0
2019,50 bis unter 55 Jahre,Männlich,Schleswig-Holstein,0
2019,50 bis unter 55 Jahre,Männlich,Thüringen,0
2019,50 bis unter 55 Jahre,Weiblich,Deutschland,65
2019,50 bis unter 55 Jahre,Weiblich,Baden-Württemberg,3
2019,50 bis unter 55 Jahre,Weiblich,Bayern,38
2019,50 bis unter 55 Jahre,Weiblich,Berlin,4
2019,50 bis unter 55 Jahre,Weiblich,Brandenburg,0
2019,50 bis unter 55 Jahre,Weiblich,Bremen,0
2019,50 bis unter 55 Jahre,Weiblich,Hamburg,8
2019,50 bis unter 55 Jahre,Weiblich,Hessen,2
2019,50 bis unter 55 Jahre,Weiblich,Mecklenburg-Vorpommern,0
2019,50 bis unter 55 Jahre,Weiblich,Niedersachsen,2
2019,50 bis unter 55 Jahre,Weiblich,Nordrhein-Westfalen,4
2019,50 bis unter 55 Jahre,Weiblich,Rheinland-Pfalz,0
2019,50 bis unter 55 Jahre,Weiblich,Saarland,0
2019,50 bis unter 55 Jahre,Weiblich,Sachsen,0
2019,50 bis unter 55 Jahre,Weiblich,Sachsen-Anhalt,4
2019,50 bis unter 55 Jahre,Weiblich,Schleswig-Holstein,0
2019,50 bis unter 55 Jahre,Weiblich,Thüringen,0
2019,55 bis unter 60 Jahre,Männlich,Deutschland,36
2019,55 bis unter 60 Jahre,Männlich,Baden-Württemberg,0
2019,55 bis unter 60 Jahre,Männlich,Bayern,23
2019,55 bis unter 60 Jahre,Männlich,Berlin,9
2019,55 bis unter 60 Jahre,Männlich,Brandenburg,0
2019,55 bis unter 60 Jahre,Männlich,Bremen,0
2019,55 bis unter 60 Jahre,Männlich,Hamburg,0
2019,55 bis unter 60 Jahre,Männlich,Hessen,0
2019,55 bis unter 60 Jahre,Männlich,Mecklenburg-Vorpommern,0
2019,55 bis unter 60 Jahre,Männlich,Niedersachsen,2
2019,55 bis unter 60 Jahre,Männlich,Nordrhein-Westfalen,1
2019,55 bis unter 60 Jahre,Männlich,Rheinland-Pfalz,0
2019,55 bis unter 60 Jahre,Männlich,Saarland,0
2019,55 bis unter 60 Jahre,Männlich,Sachsen,0
2019,55 bis unter 60 Jahre,Männlich,Sachsen-Anhalt,1
2019,55 bis unter 60 Jahre,Männlich,Schleswig-Holstein,0
2019,55 bis unter 60 Jahre,Männlich,Thüringen,0
2019,55 bis unter 60 Jahre,Weiblich,Deutschland,47
2019,55 bis unter 60 Jahre,Weiblich,Baden-Württemberg,0
2019,55 bis unter 60 Jahre,Weiblich,Bayern,23
2019,55 bis unter 60 Jahre,Weiblich,Berlin,10
2019,55 bis unter 60 Jahre,Weiblich,Brandenburg,0
2019,55 bis unter 60 Jahre,Weiblich,Bremen,0
2019,55 bis unter 60 Jahre,Weiblich,Hamburg,5
2019,55 bis unter 60 Jahre,Weiblich,Hessen,3
2019,55 bis unter 60 Jahre,Weiblich,Mecklenburg-Vorpommern,0
2019,55 bis unter 60 Jahre,Weiblich,Niedersachsen,0
2019,55 bis unter 60 Jahre,Weiblich,Nordrhein-Westfalen,5
2019,55 bis unter 60 Jahre,Weiblich,Rheinland-Pfalz,0
2019,55 bis unter 60 Jahre,Weiblich,Saarland,0
2019,55 bis unter 60 Jahre,Weiblich,Sachsen,0
2019,55 bis unter 60 Jahre,Weiblich,Sachsen-Anhalt,1
2019,55 bis unter 60 Jahre,Weiblich,Schleswig-Holstein,0
2019,55 bis unter 60 Jahre,Weiblich,Thüringen,0
2019,60 bis unter 65 Jahre,Männlich,Deutschland,6
2019,60 bis unter 65 Jahre,Männlich,Baden-Württemberg,0
2019,60 bis unter 65 Jahre,Männlich,Bayern,1
2019,60 bis unter 65 Jahre,Männlich,Berlin,2
2019,60 bis unter 65 Jahre,Männlich,Brandenburg,0
2019,60 bis unter 65 Jahre,Männlich,Bremen,0
2019,60 bis unter 65 Jahre,Männlich,Hamburg,0
2019,60 bis unter 65 Jahre,Männlich,Hessen,1
2019,60 bis unter 65 Jahre,Männlich,Mecklenburg-Vorpommern,0
2019,60 bis unter 65 Jahre,Männlich,Niedersachsen,1
2019,60 bis unter 65 Jahre,Männlich,Nordrhein-Westfalen,1
2019,60 bis unter 65 Jahre,Männlich,Rheinland-Pfalz,0
2019,60 bis unter 65 Jahre,Männlich,Saarland,0
2019,60 bis unter 65 Jahre,Männlich,Sachsen,0
2019,60 bis unter 65 Jahre,Männlich,Sachsen-Anhalt,0
2019,60 bis unter 65 Jahre,Männlich,Schleswig-Holstein,0
2019,60 bis unter 65 Jahre,Männlich,Thüringen,0
2019,60 bis unter 65 Jahre,Weiblich,Deutschland,35
2019,60 bis unter 65 Jahre,Weiblich,Baden-Württemberg,1
2019,60 bis unter 65 Jahre,Weiblich,Bayern,18
2019,60 bis unter 65 Jahre,Weiblich,Berlin,2
2019,60 bis unter 65 Jahre,Weiblich,Brandenburg,0
2019,60 bis unter 65 Jahre,Weiblich,Bremen,0
2019,60 bis unter 65 Jahre,Weiblich,Hamburg,1
2019,60 bis unter 65 Jahre,Weiblich,Hessen,3
2019,60 bis unter 65 Jahre,Weiblich,Mecklenburg-Vorpommern,0
2019,60 bis unter 65 Jahre,Weiblich,Niedersachsen,2
2019,60 bis unter 65 Jahre,Weiblich,Nordrhein-Westfalen,8
2019,60 bis unter 65 Jahre,Weiblich,Rheinland-Pfalz,0
2019,60 bis unter 65 Jahre,Weiblich,Saarland,0
2019,60 bis unter 65 Jahre,Weiblich,Sachsen,0
2019,60 bis unter 65 Jahre,Weiblich,Sachsen-Anhalt,0
2019,60 bis unter 65 Jahre,Weiblich,Schleswig-Holstein,0
2019,60 bis unter 65 Jahre,Weiblich,Thüringen,0
2019,65 bis unter 70 Jahre,Männlich,Deutschland,4
2019,65 bis unter 70 Jahre,Männlich,Baden-Württemberg,0
2019,65 bis unter 70 Jahre,Männlich,Bayern,1
2019,65 bis unter 70 Jahre,Männlich,Berlin,2
2019,65 bis unter 70 Jahre,Männlich,Brandenburg,0
2019,65 bis unter 70 Jahre,Männlich,Bremen,0
2019,65 bis unter 70 Jahre,Männlich,Hamburg,0
2019,65 bis unter 70 Jahre,Männlich,Hessen,0
2019,65 bis unter 70 Jahre,Männlich,Mecklenburg-Vorpommern,0
2019,65 bis unter 70 Jahre,Männlich,Niedersachsen,0
2019,65 bis unter 70 Jahre,Männlich,Nordrhein-Westfalen,1
2019,65 bis unter 70 Jahre,Männlich,Rheinland-Pfalz,0
2019,65 bis unter 70 Jahre,Männlich,Saarland,0
2019,65 bis unter 70 Jahre,Männlich,Sachsen,0
2019,65 bis unter 70 Jahre,Männlich,Sachsen-Anhalt,0
2019,65 bis unter 70 Jahre,Männlich,Schleswig-Holstein,0
2019,65 bis unter 70 Jahre,Männlich,Thüringen,0
2019,65 bis unter 70 Jahre,Weiblich,Deutschland,12
2019,65 bis unter 70 Jahre,Weiblich,Baden-Württemberg,1
2019,65 bis unter 70 Jahre,Weiblich,Bayern,3
2019,65 bis unter 70 Jahre,Weiblich,Berlin,1
2019,65 bis unter 70 Jahre,Weiblich,Brandenburg,0
2019,65 bis unter 70 Jahre,Weiblich,Bremen,0
2019,65 bis unter 70 Jahre,Weiblich,Hamburg,0
2019,65 bis unter 70 Jahre,Weiblich,Hessen,4
2019,65 bis unter 70 Jahre,Weiblich,Mecklenburg-Vorpommern,0
2019,65 bis unter 70 Jahre,Weiblich,Niedersachsen,1
2019,65 bis unter 70 Jahre,Weiblich,Nordrhein-Westfalen,1
2019,65 bis unter 70 Jahre,Weiblich,Rheinland-Pfalz,0
2019,65 bis unter 70 Jahre,Weiblich,Saarland,0
2019,65 bis unter 70 Jahre,Weiblich,Sachsen,0
2019,65 bis unter 70 Jahre,Weiblich,Sachsen-Anhalt,1
2019,65 bis unter 70 Jahre,Weiblich,Schleswig-Holstein,0
2019,65 bis unter 70 Jahre,Weiblich,Thüringen,0
2019,70 bis unter 75 Jahre,Männlich,Deutschland,0
2019,70 bis unter 75 Jahre,Männlich,Baden-Württemberg,0
2019,70 bis unter 75 Jahre,Männlich,Bayern,0
2019,70 bis unter 75 Jahre,Männlich,Berlin,0
2019,70 bis unter 75 Jahre,Männlich,Brandenburg,0
2019,70 bis unter 75 Jahre,Männlich,Bremen,0
2019,70 bis unter 75 Jahre,Männlich,Hamburg,0
2019,70 bis unter 75 Jahre,Männlich,Hessen,0
2019,70 bis unter 75 Jahre,Männlich,Mecklenburg-Vorpommern,0
2019,70 bis unter 75 Jahre,Männlich,Niedersachsen,0
2019,70 bis unter 75 Jahre,Männlich,Nordrhein-Westfalen,0
2019,70 bis unter 75 Jahre,Männlich,Rheinland-Pfalz,0
2019,70 bis unter 75 Jahre,Männlich,Saarland,0
2019,70 bis unter 75 Jahre,Männlich,Sachsen,0
2019,70 bis unter 75 Jahre,Männlich,Sachsen-Anhalt,0
2019,70 bis unter 75 Jahre,Männlich,Schleswig-Holstein,0
2019,70 bis unter 75 Jahre,Männlich,Thüringen,0
2019,70 bis unter 75 Jahre,Weiblich,Deutschland,2
2019,70 bis unter 75 Jahre,Weiblich,Baden-Württemberg,0
2019,70 bis unter 75 Jahre,Weiblich,Bayern,2
2019,70 bis unter 75 Jahre,Weiblich,Berlin,0
2019,70 bis unter 75 Jahre,Weiblich,Brandenburg,0
2019,70 bis unter 75 Jahre,Weiblich,Bremen,0
2019,70 bis unter 75 Jahre,Weiblich,Hamburg,0
2019,70 bis unter 75 Jahre,Weiblich,Hessen,0
2019,70 bis unter 75 Jahre,Weiblich,Mecklenburg-Vorpommern,0
2019,70 bis unter 75 Jahre,Weiblich,Niedersachsen,0
2019,70 bis unter 75 Jahre,Weiblich,Nordrhein-Westfalen,0
2019,70 bis unter 75 Jahre,Weiblich,Rheinland-Pfalz,0
2019,70 bis unter 75 Jahre,Weiblich,Saarland,0
2019,70 bis unter 75 Jahre,Weiblich,Sachsen,0
2019,70 bis unter 75 Jahre,Weiblich,Sachsen-Anhalt,0
2019,70 bis unter 75 Jahre,Weiblich,Schleswig-Holstein,0
2019,70 bis unter 75 Jahre,Weiblich,Thüringen,0
2019,75 bis unter 80 Jahre,Männlich,Deutschland,0
2019,75 bis unter 80 Jahre,Männlich,Baden-Württemberg,0
2019,75 bis unter 80 Jahre,Männlich,Bayern,0
2019,75 bis unter 80 Jahre,Männlich,Berlin,0
2019,75 bis unter 80 Jahre,Männlich,Brandenburg,0
2019,75 bis unter 80 Jahre,Männlich,Bremen,0
2019,75 bis unter 80 Jahre,Männlich,Hamburg,0
2019,75 bis unter 80 Jahre,Männlich,Hessen,0
2019,75 bis unter 80 Jahre,Männlich,Mecklenburg-Vorpommern,0
2019,75 bis unter 80 Jahre,Männlich,Niedersachsen,0
2019,75 bis unter 80 Jahre,Männlich,Nordrhein-Westfalen,0
2019,75 bis unter 80 Jahre,Männlich,Rheinland-Pfalz,0
2019,75 bis unter 80 Jahre,Männlich,Saarland,0
2019,75 bis unter 80 Jahre,Männlich,Sachsen,0
2019,75 bis unter 80 Jahre,Männlich,Sachsen-Anhalt,0
2019,75 bis unter 80 Jahre,Männlich,Schleswig-Holstein,0
2019,75 bis unter 80 Jahre,Männlich,Thüringen,0
2019,75 bis unter 80 Jahre,Weiblich,Deutschland,1
2019,75 bis unter 80 Jahre,Weiblich,Baden-Württemberg,0
2019,75 bis unter 80 Jahre,Weiblich,Bayern,1
2019,75 bis unter 80 Jahre,Weiblich,Berlin,0
2019,75 bis unter 80 Jahre,Weiblich,Brandenburg,0
2019,75 bis unter 80 Jahre,Weiblich,Bremen,0
2019,75 bis unter 80 Jahre,Weiblich,Hamburg,0
2019,75 bis unter 80 Jahre,Weiblich,Hessen,0
2019,75 bis unter 80 Jahre,Weiblich,Mecklenburg-Vorpommern,0
2019,75 bis unter 80 Jahre,Weiblich,Niedersachsen,0
2019,75 bis unter 80 Jahre,Weiblich,Nordrhein-Westfalen,0
2019,75 bis unter 80 Jahre,Weiblich,Rheinland-Pfalz,0
2019,75 bis unter 80 Jahre,Weiblich,Saarland,0
2019,75 bis unter 80 Jahre,Weiblich,Sachsen,0
2019,75 bis unter 80 Jahre,Weiblich,Sachsen-Anhalt,0
2019,75 bis unter 80 Jahre,Weiblich,Schleswig-Holstein,0
2019,75 bis unter 80 Jahre,Weiblich,Thüringen,0
2019,80 bis unter 85 Jahre,Männlich,Deutschland,0
2019,80 bis unter 85 Jahre,Männlich,Baden-Württemberg,0
2019,80 bis unter 85 Jahre,Männlich,Bayern,0
2019,80 bis unter 85 Jahre,Männlich,Berlin,0
2019,80 bis unter 85 Jahre,Männlich,Brandenburg,0
2019,80 bis unter 85 Jahre,Männlich,Bremen,0
2019,80 bis unter 85 Jahre,Männlich,Hamburg,0
2019,80 bis unter 85 Jahre,Männlich,Hessen,0
2019,80 bis unter 85 Jahre,Männlich,Mecklenburg-Vorpommern,0
2019,80 bis unter 85 Jahre,Männlich,Niedersachsen,0
2019,80 bis unter 85 Jahre,Männlich,Nordrhein-Westfalen,0
2019,80 bis unter 85 Jahre,Männlich,Rheinland-Pfalz,0
2019,80 bis unter 85 Jahre,Männlich,Saarland,0
2019,80 bis unter 85 Jahre,Männlich,Sachsen,0
2019,80 bis unter 85 Jahre,Männlich,Sachsen-Anhalt,0
2019,80 bis unter 85 Jahre,Männlich,Schleswig-Holstein,0
2019,80 bis unter 85 Jahre,Männlich,Thüringen,0
2019,80 bis unter 85 Jahre,Weiblich,Deutschland,0
2019,80 bis unter 85 Jahre,Weiblich,Baden-Württemberg,0
2019,80 bis unter 85 Jahre,Weiblich,Bayern,0
2019,80 bis unter 85 Jahre,Weiblich,Berlin,0
2019,80 bis unter 85 Jahre,Weiblich,Brandenburg,0
2019,80 bis unter 85 Jahre,Weiblich,Bremen,0
2019,80 bis unter 85 Jahre,Weiblich,Hamburg,0
2019,80 bis unter 85 Jahre,Weiblich,Hessen,0
2019,80 bis unter 85 Jahre,Weiblich,Mecklenburg-Vorpommern,0
2019,80 bis unter 85 Jahre,Weiblich,Niedersachsen,0
2019,80 bis unter 85 Jahre,Weiblich,Nordrhein-Westfalen,0
2019,80 bis unter 85 Jahre,Weiblich,Rheinland-Pfalz,0
2019,80 bis unter 85 Jahre,Weiblich,Saarland,0
2019,80 bis unter 85 Jahre,Weiblich,Sachsen,0
2019,80 bis unter 85 Jahre,Weiblich,Sachsen-Anhalt,0
2019,80 bis unter 85 Jahre,Weiblich,Schleswig-Holstein,0
2019,80 bis unter 85 Jahre,Weiblich,Thüringen,0
2019,85 bis unter 90 Jahre,Männlich,Deutschland,0
2019,85 bis unter 90 Jahre,Männlich,Baden-Württemberg,0
2019,85 bis unter 90 Jahre,Männlich,Bayern,0
2019,85 bis unter 90 Jahre,Männlich,Berlin,0
2019,85 bis unter 90 Jahre,Männlich,Brandenburg,0
2019,85 bis unter 90 Jahre,Männlich,Bremen,0
2019,85 bis unter 90 Jahre,Männlich,Hamburg,0
2019,85 bis unter 90 Jahre,Männlich,Hessen,0
2019,85 bis unter 90 Jahre,Männlich,Mecklenburg-Vorpommern,0
2019,85 bis unter 90 Jahre,Männlich,Niedersachsen,0
2019,85 bis unter 90 Jahre,Männlich,Nordrhein-Westfalen,0
2019,85 bis unter 90 Jahre,Männlich,Rheinland-Pfalz,0
2019,85 bis unter 90 Jahre,Männlich,Saarland,0
2019,85 bis unter 90 Jahre,Männlich,Sachsen,0
2019,85 bis unter 90 Jahre,Männlich,Sachsen-Anhalt,0
2019,85 bis unter 90 Jahre,Männlich,Schleswig-Holstein,0
2019,85 bis unter 90 Jahre,Männlich,Thüringen,0
2019,85 bis unter 90 Jahre,Weiblich,Deutschland,0
2019,85 bis unter 90 Jahre,Weiblich,Baden-Württemberg,0
2019,85 bis unter 90 Jahre,Weiblich,Bayern,0
2019,85 bis unter 90 Jahre,Weiblich,Berlin,0
2019,85 bis unter 90 Jahre,Weiblich,Brandenburg,0
2019,85 bis unter 90 Jahre,Weiblich,Bremen,0
2019,85 bis unter 90 Jahre,Weiblich,Hamburg,0
2019,85 bis unter 90 Jahre,Weiblich,Hessen,0
2019,85 bis unter 90 Jahre,Weiblich,Mecklenburg-Vorpommern,0
2019,85 bis unter 90 Jahre,Weiblich,Niedersachsen,0
2019,85 bis unter 90 Jahre,Weiblich,Nordrhein-Westfalen,0
2019,85 bis unter 90 Jahre,Weiblich,Rheinland-Pfalz,0
2019,85 bis unter 90 Jahre,Weiblich,Saarland,0
2019,85 bis unter 90 Jahre,Weiblich,Sachsen,0
2019,85 bis unter 90 Jahre,Weiblich,Sachsen-Anhalt,0
2019,85 bis unter 90 Jahre,Weiblich,Schleswig-Holstein,0
2019,85 bis unter 90 Jahre,Weiblich,Thüringen,0
2019,90 bis unter 95 Jahre,Männlich,Deutschland,0
2019,90 bis unter 95 Jahre,Männlich,Baden-Württemberg,0
2019,90 bis unter 95 Jahre,Männlich,Bayern,0
2019,90 bis unter 95 Jahre,Männlich,Berlin,0
2019,90 bis unter 95 Jahre,Männlich,Brandenburg,0
2019,90 bis unter 95 Jahre,Männlich,Bremen,0
2019,90 bis unter 95 Jahre,Männlich,Hamburg,0
2019,90 bis unter 95 Jahre,Männlich,Hessen,0
2019,90 bis unter 95 Jahre,Männlich,Mecklenburg-Vorpommern,0
2019,90 bis unter 95 Jahre,Männlich,Niedersachsen,0
2019,90 bis unter 95 Jahre,Männlich,Nordrhein-Westfalen,0
2019,90 bis unter 95 Jahre,Männlich,Rheinland-Pfalz,0
2019,90 bis unter 95 Jahre,Männlich,Saarland,0
2019,90 bis unter 95 Jahre,Männlich,Sachsen,0
2019,90 bis unter 95 Jahre,Männlich,Sachsen-Anhalt,0
2019,90 bis unter 95 Jahre,Männlich,Schleswig-Holstein,0
2019,90 bis unter 95 Jahre,Männlich,Thüringen,0
2019,90 bis unter 95 Jahre,Weiblich,Deutschland,0
2019,90 bis unter 95 Jahre,Weiblich,Baden-Württemberg,0
2019,90 bis unter 95 Jahre,Weiblich,Bayern,0
2019,90 bis unter 95 Jahre,Weiblich,Berlin,0
2019,90 bis unter 95 Jahre,Weiblich,Brandenburg,0
2019,90 bis unter 95 Jahre,Weiblich,Bremen,0
2019,90 bis unter 95 Jahre,Weiblich,Hamburg,0
2019,90 bis unter 95 Jahre,Weiblich,Hessen,0
2019,90 bis unter 95 Jahre,Weiblich,Mecklenburg-Vorpommern,0
2019,90 bis unter 95 Jahre,Weiblich,Niedersachsen,0
2019,90 bis unter 95 Jahre,Weiblich,Nordrhein-Westfalen,0
2019,90 bis unter 95 Jahre,Weiblich,Rheinland-Pfalz,0
2019,90 bis unter 95 Jahre,Weiblich,Saarland,0
2019,90 bis unter 95 Jahre,Weiblich,Sachsen,0
2019,90 bis unter 95 Jahre,Weiblich,Sachsen-Anhalt,0
2019,90 bis unter 95 Jahre,Weiblich,Schleswig-Holstein,0
2019,90 bis unter 95 Jahre,Weiblich,Thüringen,0
2019,95 Jahre und älter,Männlich,Deutschland,0
2019,95 Jahre und älter,Männlich,Baden-Württemberg,0
2019,95 Jahre und älter,Männlich,Bayern,0
2019,95 Jahre und älter,Männlich,Berlin,0
2019,95 Jahre und älter,Männlich,Brandenburg,0
2019,95 Jahre und älter,Männlich,Bremen,0
2019,95 Jahre und älter,Männlich,Hamburg,0
2019,95 Jahre und älter,Männlich,Hessen,0
2019,95 Jahre und älter,Männlich,Mecklenburg-Vorpommern,0
2019,95 Jahre und älter,Männlich,Niedersachsen,0
2019,95 Jahre und älter,Männlich,Nordrhein-Westfalen,0
2019,95 Jahre und älter,Männlich,Rheinland-Pfalz,0
2019,95 Jahre und älter,Männlich,Saarland,0
2019,95 Jahre und älter,Männlich,Sachsen,0
2019,95 Jahre und älter,Männlich,Sachsen-Anhalt,0
2019,95 Jahre und älter,Männlich,Schleswig-Holstein,0
2019,95 Jahre und älter,Männlich,Thüringen,0
2019,95 Jahre und älter,Weiblich,Deutschland,0
2019,95 Jahre und älter,Weiblich,Baden-Württemberg,0
2019,95 Jahre und älter,Weiblich,Bayern,0
2019,95 Jahre und älter,Weiblich,Berlin,0
2019,95 Jahre und älter,Weiblich,Brandenburg,0
2019,95 Jahre und älter,Weiblich,Bremen,0
2019,95 Jahre und älter,Weiblich,Hamburg,0
2019,95 Jahre und älter,Weiblich,Hessen,0
2019,95 Jahre und älter,Weiblich,Mecklenburg-Vorpommern,0
2019,95 Jahre und älter,Weiblich,Niedersachsen,0
2019,95 Jahre und älter,Weiblich,Nordrhein-Westfalen,0
2019,95 Jahre und älter,Weiblich,Rheinland-Pfalz,0
2019,95 Jahre und älter,Weiblich,Saarland,0
2019,95 Jahre und älter,Weiblich,Sachsen,0
2019,95 Jahre und älter,Weiblich,Sachsen-Anhalt,0
2019,95 Jahre und älter,Weiblich,Schleswig-Holstein,0
2019,95 Jahre und älter,Weiblich,Thüringen,0
2020,Unter 1 Jahr,Männlich,Deutschland,0
2020,Unter 1 Jahr,Männlich,Baden-Württemberg,0
2020,Unter 1 Jahr,Männlich,Bayern,0
2020,Unter 1 Jahr,Männlich,Berlin,0
2020,Unter 1 Jahr,Männlich,Brandenburg,0
2020,Unter 1 Jahr,Männlich,Bremen,0
2020,Unter 1 Jahr,Männlich,Hamburg,0
2020,Unter 1 Jahr,Männlich,Hessen,0
2020,Unter 1 Jahr,Männlich,Mecklenburg-Vorpommern,0
2020,Unter 1 Jahr,Männlich,Niedersachsen,0
2020,Unter 1 Jahr,Männlich,Nordrhein-Westfalen,0
2020,Unter 1 Jahr,Männlich,Rheinland-Pfalz,0
2020,Unter 1 Jahr,Männlich,Saarland,0
2020,Unter 1 Jahr,Männlich,Sachsen,0
2020,Unter 1 Jahr,Männlich,Sachsen-Anhalt,0
2020,Unter 1 Jahr,Männlich,Schleswig-Holstein,0
2020,Unter 1 Jahr,Männlich,Thüringen,0
2020,Unter 1 Jahr,Weiblich,Deutschland,0
2020,Unter 1 Jahr,Weiblich,Baden-Württemberg,0
2020,Unter 1 Jahr,Weiblich,Bayern,0
2020,Unter 1 Jahr,Weiblich,Berlin,0
2020,Unter 1 Jahr,Weiblich,Brandenburg,0
2020,Unter 1 Jahr,Weiblich,Bremen,0
2020,Unter 1 Jahr,Weiblich,Hamburg,0
2020,Unter 1 Jahr,Weiblich,Hessen,0
2020,Unter 1 Jahr,Weiblich,Mecklenburg-Vorpommern,0
2020,Unter 1 Jahr,Weiblich,Niedersachsen,0
2020,Unter 1 Jahr,Weiblich,Nordrhein-Westfalen,0
2020,Unter 1 Jahr,Weiblich,Rheinland-Pfalz,0
2020,Unter 1 Jahr,Weiblich,Saarland,0
2020,Unter 1 Jahr,Weiblich,Sachsen,0
2020,Unter 1 Jahr,Weiblich,Sachsen-Anhalt,0
2020,Unter 1 Jahr,Weiblich,Schleswig-Holstein,0
2020,Unter 1 Jahr,Weiblich,Thüringen,0
2020,1 Jahr bis unter 5 Jahre,Männlich,Deutschland,0
2020,1 Jahr bis unter 5 Jahre,Männlich,Baden-Württemberg,0
2020,1 Jahr bis unter 5 Jahre,Männlich,Bayern,0
2020,1 Jahr bis unter 5 Jahre,Männlich,Berlin,0
2020,1 Jahr bis unter 5 Jahre,Männlich,Brandenburg,0
2020,1 Jahr bis unter 5 Jahre,Männlich,Bremen,0
2020,1 Jahr bis unter 5 Jahre,Männlich,Hamburg,0
2020,1 Jahr bis unter 5 Jahre,Männlich,Hessen,0
2020,1 Jahr bis unter 5 Jahre,Männlich,Mecklenburg-Vorpommern,0
2020,1 Jahr bis unter 5 Jahre,Männlich,Niedersachsen,0
2020,1 Jahr bis unter 5 Jahre,Männlich,Nordrhein-Westfalen,0
2020,1 Jahr bis unter 5 Jahre,Männlich,Rheinland-Pfalz,0
2020,1 Jahr bis unter 5 Jahre,Männlich,Saarland,0
2020,1 Jahr bis unter 5 Jahre,Männlich,Sachsen,0
2020,1 Jahr bis unter 5 Jahre,Männlich,Sachsen-Anhalt,0
2020,1 Jahr bis unter 5 Jahre,Männlich,Schleswig-Holstein,0
2020,1 Jahr bis unter 5 Jahre,Männlich,Thüringen,0
2020,1 Jahr bis unter 5 Jahre,Weiblich,Deutschland,0
2020,1 Jahr bis unter 5 Jahre,Weiblich,Baden-Württemberg,0
2020,1 Jahr bis unter 5 Jahre,Weiblich,Bayern,0
2020,1 Jahr bis unter 5 Jahre,Weiblich,Berlin,0
2020,1 Jahr bis unter 5 Jahre,Weiblich,Brandenburg,0
2020,1 Jahr bis unter 5 Jahre,Weiblich,Bremen,0
2020,1 Jahr bis unter 5 Jahre,Weiblich,Hamburg,0
2020,1 Jahr bis unter 5 Jahre,Weiblich,Hessen,0
2020,1 Jahr bis unter 5 Jahre,Weiblich,Mecklenburg-Vorpommern,0
2020,1 Jahr bis unter 5 Jahre,Weiblich,Niedersachsen,0
2020,1 Jahr bis unter 5 Jahre,Weiblich,Nordrhein-Westfalen,0
2020,1 Jahr bis unter 5 Jahre,Weiblich,Rheinland-Pfalz,0
2020,1 Jahr bis unter 5 Jahre,Weiblich,Saarland,0
2020,1 Jahr bis unter 5 Jahre,Weiblich,Sachsen,0
2020,1 Jahr bis unter 5 Jahre,Weiblich,Sachsen-Anhalt,0
2020,1 Jahr bis unter 5 Jahre,Weiblich,Schleswig-Holstein,0
2020,1 Jahr bis unter 5 Jahre,Weiblich,Thüringen,0
2020,5 bis unter 10 Jahre,Männlich,Deutschland,0
2020,5 bis unter 10 Jahre,Männlich,Baden-Württemberg,0
2020,5 bis unter 10 Jahre,Männlich,Bayern,0
2020,5 bis unter 10 Jahre,Männlich,Berlin,0
2020,5 bis unter 10 Jahre,Männlich,Brandenburg,0
2020,5 bis unter 10 Jahre,Männlich,Bremen,0
2020,5 bis unter 10 Jahre,Männlich,Hamburg,0
2020,5 bis unter 10 Jahre,Männlich,Hessen,0
2020,5 bis unter 10 Jahre,Männlich,Mecklenburg-Vorpommern,0
2020,5 bis unter 10 Jahre,Männlich,Niedersachsen,0
2020,5 bis unter 10 Jahre,Männlich,Nordrhein-Westfalen,0
2020,5 bis unter 10 Jahre,Männlich,Rheinland-Pfalz,0
2020,5 bis unter 10 Jahre,Männlich,Saarland,0
2020,5 bis unter 10 Jahre,Männlich,Sachsen,0
2020,5 bis unter 10 Jahre,Männlich,Sachsen-Anhalt,0
2020,5 bis unter 10 Jahre,Männlich,Schleswig-Holstein,0
2020,5 bis unter 10 Jahre,Männlich,Thüringen,0
2020,5 bis unter 10 Jahre,Weiblich,Deutschland,0
2020,5 bis unter 10 Jahre,Weiblich,Baden-Württemberg,0
2020,5 bis unter 10 Jahre,Weiblich,Bayern,0
2020,5 bis unter 10 Jahre,Weiblich,Berlin,0
2020,5 bis unter 10 Jahre,Weiblich,Brandenburg,0
2020,5 bis unter 10 Jahre,Weiblich,Bremen,0
2020,5 bis unter 10 Jahre,Weiblich,Hamburg,0
2020,5 bis unter 10 Jahre,Weiblich,Hessen,0
2020,5 bis unter 10 Jahre,Weiblich,Mecklenburg-Vorpommern,0
2020,5 bis unter 10 Jahre,Weiblich,Niedersachsen,0
2020,5 bis unter 10 Jahre,Weiblich,Nordrhein-Westfalen,0
2020,5 bis unter 10 Jahre,Weiblich,Rheinland-Pfalz,0
2020,5 bis unter 10 Jahre,Weiblich,Saarland,0
2020,5 bis unter 10 Jahre,Weiblich,Sachsen,0
2020,5 bis unter 10 Jahre,Weiblich,Sachsen-Anhalt,0
2020,5 bis unter 10 Jahre,Weiblich,Schleswig-Holstein,0
2020,5 bis unter 10 Jahre,Weiblich,Thüringen,0
2020,10 bis unter 15 Jahre,Männlich,Deutschland,0
2020,10 bis unter 15 Jahre,Männlich,Baden-Württemberg,0
2020,10 bis unter 15 Jahre,Männlich,Bayern,0
2020,10 bis unter 15 Jahre,Männlich,Berlin,0
2020,10 bis unter 15 Jahre,Männlich,Brandenburg,0
2020,10 bis unter 15 Jahre,Männlich,Bremen,0
2020,10 bis unter 15 Jahre,Männlich,Hamburg,0
2020,10 bis unter 15 Jahre,Männlich,Hessen,0
2020,10 bis unter 15 Jahre,Männlich,Mecklenburg-Vorpommern,0
2020,10 bis unter 15 Jahre,Männlich,Niedersachsen,0
2020,10 bis unter 15 Jahre,Männlich,Nordrhein-Westfalen,0
2020,10 bis unter 15 Jahre,Männlich,Rheinland-Pfalz,0
2020,10 bis unter 15 Jahre,Männlich,Saarland,0
2020,10 bis unter 15 Jahre,Männlich,Sachsen,0
2020,10 bis unter 15 Jahre,Männlich,Sachsen-Anhalt,0
2020,10 bis unter 15 Jahre,Männlich,Schleswig-Holstein,0
2020,10 bis unter 15 Jahre,Männlich,Thüringen,0
2020,10 bis unter 15 Jahre,Weiblich,Deutschland,0
2020,10 bis unter 15 Jahre,Weiblich,Baden-Württemberg,0
2020,10 bis unter 15 Jahre,Weiblich,Bayern,0
2020,10 bis unter 15 Jahre,Weiblich,Berlin,0
2020,10 bis unter 15 Jahre,Weiblich,Brandenburg,0
2020,10 bis unter 15 Jahre,Weiblich,Bremen,0
2020,10 bis unter 15 Jahre,Weiblich,Hamburg,0
2020,10 bis unter 15 Jahre,Weiblich,Hessen,0
2020,10 bis unter 15 Jahre,Weiblich,Mecklenburg-Vorpommern,0
2020,10 bis unter 15 Jahre,Weiblich,Niedersachsen,0
2020,10 bis unter 15 Jahre,Weiblich,Nordrhein-Westfalen,0
2020,10 bis unter 15 Jahre,Weiblich,Rheinland-Pfalz,0
2020,10 bis unter 15 Jahre,Weiblich,Saarland,0
2020,10 bis unter 15 Jahre,Weiblich,Sachsen,0
2020,10 bis unter 15 Jahre,Weiblich,Sachsen-Anhalt,0
2020,10 bis unter 15 Jahre,Weiblich,Schleswig-Holstein,0
2020,10 bis unter 15 Jahre,Weiblich,Thüringen,0
2020,15 bis unter 20 Jahre,Männlich,Deutschland,120
2020,15 bis unter 20 Jahre,Männlich,Baden-Württemberg,0
2020,15 bis unter 20 Jahre,Männlich,Bayern,36
2020,15 bis unter 20 Jahre,Männlich,Berlin,60
2020,15 bis unter 20 Jahre,Männlich,Brandenburg,0
2020,15 bis unter 20 Jahre,Männlich,Bremen,0
2020,15 bis unter 20 Jahre,Männlich,Hamburg,3
2020,15 bis unter 20 Jahre,Männlich,Hessen,10
2020,15 bis unter 20 Jahre,Männlich,Mecklenburg-Vorpommern,0
2020,15 bis unter 20 Jahre,Männlich,Niedersachsen,3
2020,15 bis unter 20 Jahre,Männlich,Nordrhein-Westfalen,7
2020,15 bis unter 20 Jahre,Männlich,Rheinland-Pfalz,0
2020,15 bis unter 20 Jahre,Männlich,Saarland,0
2020,15 bis unter 20 Jahre,Männlich,Sachsen,1
2020,15 bis unter 20 Jahre,Männlich,Sachsen-Anhalt,0
2020,15 bis unter 20 Jahre,Männlich,Schleswig-Holstein,0
2020,15 bis unter 20 Jahre,Männlich,Thüringen,0
2020,15 bis unter 20 Jahre,Weiblich,Deutschland,44
2020,15 bis unter 20 Jahre,Weiblich,Baden-Württemberg,1
2020,15 bis unter 20 Jahre,Weiblich,Bayern,17
2020,15 bis unter 20 Jahre,Weiblich,Berlin,8
2020,15 bis unter 20 Jahre,Weiblich,Brandenburg,0
2020,15 bis unter 20 Jahre,Weiblich,Bremen,0
2020,15 bis unter 20 Jahre,Weiblich,Hamburg,2
2020,15 bis unter 20 Jahre,Weiblich,Hessen,4
2020,15 bis unter 20 Jahre,Weiblich,Mecklenburg-Vorpommern,0
2020,15 bis unter 20 Jahre,Weiblich,Niedersachsen,1
2020,15 bis unter 20 Jahre,Weiblich,Nordrhein-Westfalen,11
2020,15 bis unter 20 Jahre,Weiblich,Rheinland-Pfalz,0
2020,15 bis unter 20 Jahre,Weiblich,Saarland,0
2020,15 bis unter 20 Jahre,Weiblich,Sachsen,0
2020,15 bis unter 20 Jahre,Weiblich,Sachsen-Anhalt,0
2020,15 bis unter 20 Jahre,Weiblich,Schleswig-Holstein,0
2020,15 bis unter 20 Jahre,Weiblich,Thüringen,0
2020,20 bis unter 25 Jahre,Männlich,Deutschland,387
2020,20 bis unter 25 Jahre,Männlich,Baden-Württemberg,1
2020,20 bis unter 25 Jahre,Männlich,Bayern,203
2020,20 bis unter 25 Jahre,Männlich,Berlin,136
2020,20 bis unter 25 Jahre,Männlich,Brandenburg,0
2020,20 bis unter 25 Jahre,Männlich,Bremen,0
2020,20 bis unter 25 Jahre,Männlich,Hamburg,1
2020,20 bis unter 25 Jahre,Männlich,Hessen,24
2020,20 bis unter 25 Jahre,Männlich,Mecklenburg-Vorpommern,0
2020,20 bis unter 25 Jahre,Männlich,Niedersachsen,1
2020,20 bis unter 25 Jahre,Männlich,Nordrhein-Westfalen,20
2020,20 bis unter 25 Jahre,Männlich,Rheinland-Pfalz,0
2020,20 bis unter 25 Jahre,Männlich,Saarland,0
2020,20 bis unter 25 Jahre,Männlich,Sachsen,1
2020,20 bis unter 25 Jahre,Männlich,Sachsen-Anhalt,0
2020,20 bis unter 25 Jahre,Männlich,Schleswig-Holstein,0
2020,20 bis unter 25 Jahre,Männlich,Thüringen,0
2020,20 bis unter 25 Jahre,Weiblich,Deutschland,133
2020,20 bis unter 25 Jahre,Weiblich,Baden-Württemberg,2
2020,20 bis unter 25 Jahre,Weiblich,Bayern,69
2020,20 bis unter 25 Jahre,Weiblich,Berlin,16
2020,20 bis unter 25 Jahre,Weiblich,Brandenburg,0
2020,20 bis unter 25 Jahre,Weiblich,Bremen,0
2020,20 bis unter 25 Jahre,Weiblich,Hamburg,13
2020,20 bis unter 25 Jahre,Weiblich,Hessen,10
2020,20 bis unter 25 Jahre,Weiblich,Mecklenburg-Vorpommern,0
2020,20 bis unter 25 Jahre,Weiblich,Niedersachsen,1
2020,20 bis unter 25 Jahre,Weiblich,Nordrhein-Westfalen,19
2020,20 bis unter 25 Jahre,Weiblich,Rheinland-Pfalz,0
2020,20 bis unter 25 Jahre,Weiblich,Saarland,0
2020,20 bis unter 25 Jahre,Weiblich,Sachsen,3
2020,20 bis unter 25 Jahre,Weiblich,Sachsen-Anhalt,0
2020,20 bis unter 25 Jahre,Weiblich,Schleswig-Holstein,0
2020,20 bis unter 25 Jahre,Weiblich,Thüringen,0
2020,25 bis unter 30 Jahre,Männlich,Deutschland,364
2020,25 bis unter 30 Jahre,Männlich,Baden-Württemberg,5
2020,25 bis unter 30 Jahre,Männlich,Bayern,217
2020,25 bis unter 30 Jahre,Männlich,Berlin,81
2020,25 bis unter 30 Jahre,Männlich,Brandenburg,0
2020,25 bis unter 30 Jahre,Männlich,Bremen,0
2020,25 bis unter 30 Jahre,Männlich,Hamburg,8
2020,25 bis unter 30 Jahre,Männlich,Hessen,29
2020,25 bis unter 30 Jahre,Männlich,Mecklenburg-Vorpommern,0
2020,25 bis unter 30 Jahre,Männlich,Niedersachsen,3
2020,25 bis unter 30 Jahre,Männlich,Nordrhein-Westfalen,20
2020,25 bis unter 30 Jahre,Männlich,Rheinland-Pfalz,0
2020,25 bis unter 30 Jahre,Männlich,Saarland,0
2020,25 bis unter 30 Jahre,Männlich,Sachsen,1
2020,25 bis unter 30 Jahre,Männlich,Sachsen-Anhalt,0
2020,25 bis unter 30 Jahre,Männlich,Schleswig-Holstein,0
2020,25 bis unter 30 Jahre,Männlich,Thüringen,0
2020,25 bis unter 30 Jahre,Weiblich,Deutschland,113
2020,25 bis unter 30 Jahre,Weiblich,Baden-Württemberg,3
2020,25 bis unter 30 Jahre,Weiblich,Bayern,61
2020,25 bis unter 30 Jahre,Weiblich,Berlin,13
2020,25 bis unter 30 Jahre,Weiblich,Brandenburg,0
2020,25 bis unter 30 Jahre,Weiblich,Bremen,0
2020,25 bis unter 30 Jahre,Weiblich,Hamburg,9
2020,25 bis unter 30 Jahre,Weiblich,Hessen,6
2020,25 bis unter 30 Jahre,Weiblich,Mecklenburg-Vorpommern,0
2020,25 bis unter 30 Jahre,Weiblich,Niedersachsen,0
2020,25 bis unter 30 Jahre,Weiblich,Nordrhein-Westfalen,16
2020,25 bis unter 30 Jahre,Weiblich,Rheinland-Pfalz,0
2020,25 bis unter 30 Jahre,Weiblich,Saarland,0
2020,25 bis unter 30 Jahre,Weiblich,Sachsen,5
2020,25 bis unter 30 Jahre,Weiblich,Sachsen-Anhalt,0
2020,25 bis unter 30 Jahre,Weiblich,Schleswig-Holstein,0
2020,25 bis unter 30 Jahre,Weiblich,Thüringen,0
2020,30 bis unter 35 Jahre,Männlich,Deutschland,210
2020,30 bis unter 35 Jahre,Männlich,Baden-Württemberg,6
2020,30 bis unter 35 Jahre,Männlich,Bayern,129
2020,30 bis unter 35 Jahre,Männlich,Berlin,48
2020,30 bis unter 35 Jahre,Männlich,Brandenburg,0
2020,30 bis unter 35 Jahre,Männlich,Bremen,0
2020,30 bis unter 35 Jahre,Männlich,Hamburg,8
2020,30 bis unter 35 Jahre,Männlich,Hessen,9
2020,30 bis unter 35 Jahre,Männlich,Mecklenburg-Vorpommern,0
2020,30 bis unter 35 Jahre,Männlich,Niedersachsen,1
2020,30 bis unter 35 Jahre,Männlich,Nordrhein-Westfalen,9
2020,30 bis unter 35 Jahre,Männlich,Rheinland-Pfalz,0
2020,30 bis unter 35 Jahre,Männlich,Saarland,0
2020,30 bis unter 35 Jahre,Männlich,Sachsen,0
2020,30 bis unter 35 Jahre,Männlich,Sachsen-Anhalt,0
2020,30 bis unter 35 Jahre,Männlich,Schleswig-Holstein,0
2020,30 bis unter 35 Jahre,Männlich,Thüringen,0
2020,30 bis unter 35 Jahre,Weiblich,Deutschland,86
2020,30 bis unter 35 Jahre,Weiblich,Baden-Württemberg,5
2020,30 bis unter 35 Jahre,Weiblich,Bayern,46
2020,30 bis unter 35 Jahre,Weiblich,Berlin,10
2020,30 bis unter 35 Jahre,Weiblich,Brandenburg,0
2020,30 bis unter 35 Jahre,Weiblich,Bremen,0
2020,30 bis unter 35 Jahre,Weiblich,Hamburg,6
2020,30 bis unter 35 Jahre,Weiblich,Hessen,8
2020,30 bis unter 35 Jahre,Weiblich,Mecklenburg-Vorpommern,0
2020,30 bis unter 35 Jahre,Weiblich,Niedersachsen,1
2020,30 bis unter 35 Jahre,Weiblich,Nordrhein-Westfalen,10
2020,30 bis unter 35 Jahre,Weiblich,Rheinland-Pfalz,0
2020,30 bis unter 35 Jahre,Weiblich,Saarland,0
2020,30 bis unter 35 Jahre,Weiblich,Sachsen,0
2020,30 bis unter 35 Jahre,Weiblich,Sachsen-Anhalt,0
2020,30 bis unter 35 Jahre,Weiblich,Schleswig-Holstein,0
2020,30 bis unter 35 Jahre,Weiblich,Thüringen,0
2020,35 bis unter 40 Jahre,Männlich,Deutschland,162
2020,35 bis unter 40 Jahre,Männlich,Baden-Württemberg,2
2020,35 bis unter 40 Jahre,Männlich,Bayern,95
2020,35 bis unter 40 Jahre,Männlich,Berlin,39
2020,35 bis unter 40 Jahre,Männlich,Brandenburg,0
2020,35 bis unter 40 Jahre,Männlich,Bremen,0
2020,35 bis unter 40 Jahre,Männlich,Hamburg,3
2020,35 bis unter 40 Jahre,Männlich,Hessen,14
2020,35 bis unter 40 Jahre,Männlich,Mecklenburg-Vorpommern,0
2020,35 bis unter 40 Jahre,Männlich,Niedersachsen,0
2020,35 bis unter 40 Jahre,Männlich,Nordrhein-Westfalen,6
2020,35 bis unter 40 Jahre,Männlich,Rheinland-Pfalz,0
2020,35 bis unter 40 Jahre,Männlich,Saarland,0
2020,35 bis unter 40 Jahre,Männlich,Sachsen,1
2020,35 bis unter 40 Jahre,Männlich,Sachsen-Anhalt,2
2020,35 bis unter 40 Jahre,Männlich,Schleswig-Holstein,0
2020,35 bis unter 40 Jahre,Männlich,Thüringen,0
2020,35 bis unter 40 Jahre,Weiblich,Deutschland,53
2020,35 bis unter 40 Jahre,Weiblich,Baden-Württemberg,3
2020,35 bis unter 40 Jahre,Weiblich,Bayern,33
2020,35 bis unter 40 Jahre,Weiblich,Berlin,3
2020,35 bis unter 40 Jahre,Weiblich,Brandenburg,0
2020,35 bis unter 40 Jahre,Weiblich,Bremen,0
2020,35 bis unter 40 Jahre,Weiblich,Hamburg,5
2020,35 bis unter 40 Jahre,Weiblich,Hessen,2
2020,35 bis unter 40 Jahre,Weiblich,Mecklenburg-Vorpommern,0
2020,35 bis unter 40 Jahre,Weiblich,Niedersachsen,0
2020,35 bis unter 40 Jahre,Weiblich,Nordrhein-Westfalen,6
2020,35 bis unter 40 Jahre,Weiblich,Rheinland-Pfalz,0
2020,35 bis unter 40 Jahre,Weiblich,Saarland,0
2020,35 bis unter 40 Jahre,Weiblich,Sachsen,1
2020,35 bis unter 40 Jahre,Weiblich,Sachsen-Anhalt,0
2020,35 bis unter 40 Jahre,Weiblich,Schleswig-Holstein,0
2020,35 bis unter 40 Jahre,Weiblich,Thüringen,0
2020,40 bis unter 45 Jahre,Männlich,Deutschland,97
2020,40 bis unter 45 Jahre,Männlich,Baden-Württemberg,0
2020,40 bis unter 45 Jahre,Männlich,Bayern,58
2020,40 bis unter 45 Jahre,Männlich,Berlin,22
2020,40 bis unter 45 Jahre,Männlich,Brandenburg,0
2020,40 bis unter 45 Jahre,Männlich,Bremen,0
2020,40 bis unter 45 Jahre,Männlich,Hamburg,2
2020,40 bis unter 45 Jahre,Männlich,Hessen,6
2020,40 bis unter 45 Jahre,Männlich,Mecklenburg-Vorpommern,0
2020,40 bis unter 45 Jahre,Männlich,Niedersachsen,0
2020,40 bis unter 45 Jahre,Männlich,Nordrhein-Westfalen,8
2020,40 bis unter 45 Jahre,Männlich,Rheinland-Pfalz,0
2020,40 bis unter 45 Jahre,Männlich,Saarland,0
2020,40 bis unter 45 Jahre,Männlich,Sachsen,0
2020,40 bis unter 45 Jahre,Männlich,Sachsen-Anhalt,1
2020,40 bis unter 45 Jahre,Männlich,Schleswig-Holstein,0
2020,40 bis unter 45 Jahre,Männlich,Thüringen,0
2020,40 bis unter 45 Jahre,Weiblich,Deutschland,54
2020,40 bis unter 45 Jahre,Weiblich,Baden-Württemberg,1
2020,40 bis unter 45 Jahre,Weiblich,Bayern,28
2020,40 bis unter 45 Jahre,Weiblich,Berlin,3
2020,40 bis unter 45 Jahre,Weiblich,Brandenburg,0
2020,40 bis unter 45 Jahre,Weiblich,Bremen,0
2020,40 bis unter 45 Jahre,Weiblich,Hamburg,6
2020,40 bis unter 45 Jahre,Weiblich,Hessen,6
2020,40 bis unter 45 Jahre,Weiblich,Mecklenburg-Vorpommern,0
2020,40 bis unter 45 Jahre,Weiblich,Niedersachsen,0
2020,40 bis unter 45 Jahre,Weiblich,Nordrhein-Westfalen,7
2020,40 bis unter 45 Jahre,Weiblich,Rheinland-Pfalz,0
2020,40 bis unter 45 Jahre,Weiblich,Saarland,0
2020,40 bis unter 45 Jahre,Weiblich,Sachsen,2
2020,40 bis unter 45 Jahre,Weiblich,Sachsen-Anhalt,1
2020,40 bis unter 45 Jahre,Weiblich,Schleswig-Holstein,0
2020,40 bis unter 45 Jahre,Weiblich,Thüringen,0
2020,45 bis unter 50 Jahre,Männlich,Deutschland,47
2020,45 bis unter 50 Jahre,Männlich,Baden-Württemberg,0
2020,45 bis unter 50 Jahre,Männlich,Bayern,24
2020,45 bis unter 50 Jahre,Männlich,Berlin,9
2020,45 bis unter 50 Jahre,Männlich,Brandenburg,0
2020,45 bis unter 50 Jahre,Männlich,Bremen,0
2020,45 bis unter 50 Jahre,Männlich,Hamburg,3
2020,45 bis unter 50 Jahre,Männlich,Hessen,8
2020,45 bis unter 50 Jahre,Männlich,Mecklenburg-Vorpommern,0
2020,45 bis unter 50 Jahre,Männlich,Niedersachsen,0
2020,45 bis unter 50 Jahre,Männlich,Nordrhein-Westfalen,2
2020,45 bis unter 50 Jahre,Männlich,Rheinland-Pfalz,0
2020,45 bis unter 50 Jahre,Männlich,Saarland,0
2020,45 bis unter 50 Jahre,Männlich,Sachsen,0
2020,45 bis unter 50 Jahre,Männlich,Sachsen-Anhalt,1
2020,45 bis unter 50 Jahre,Männlich,Schleswig-Holstein,0
2020,45 bis unter 50 Jahre,Männlich,Thüringen,0
2020,45 bis unter 50 Jahre,Weiblich,Deutschland,47
2020,45 bis unter 50 Jahre,Weiblich,Baden-Württemberg,1
2020,45 bis unter 50 Jahre,Weiblich,Bayern,26
2020,45 bis unter 50 Jahre,Weiblich,Berlin,3
2020,45 bis unter 50 Jahre,Weiblich,Brandenburg,0
2020,45 bis unter 50 Jahre,Weiblich,Bremen,0
2020,45 bis unter 50 Jahre,Weiblich,Hamburg,10
2020,45 bis unter 50 Jahre,Weiblich,Hessen,2
2020,45 bis unter 50 Jahre,Weiblich,Mecklenburg-Vorpommern,0
2020,45 bis unter 50 Jahre,Weiblich,Niedersachsen,1
2020,45 bis unter 50 Jahre,Weiblich,Nordrhein-Westfalen,2
2020,45 bis unter 50 Jahre,Weiblich,Rheinland-Pfalz,0
2020,45 bis unter 50 Jahre,Weiblich,Saarland,0
2020,45 bis unter 50 Jahre,Weiblich,Sachsen,1
2020,45 bis unter 50 Jahre,Weiblich,Sachsen-Anhalt,1
2020,45 bis unter 50 Jahre,Weiblich,Schleswig-Holstein,0
2020,45 bis unter 50 Jahre,Weiblich,Thüringen,0
2020,50 bis unter 55 Jahre,Männlich,Deutschland,37
2020,50 bis unter 55 Jahre,Männlich,Baden-Württemberg,0
2020,50 bis unter 55 Jahre,Männlich,Bayern,29
2020,50 bis unter 55 Jahre,Männlich,Berlin,4
2020,50 bis unter 55 Jahre,Männlich,Brandenburg,0
2020,50 bis unter 55 Jahre,Männlich,Bremen,0
2020,50 bis unter 55 Jahre,Männlich,Hamburg,0
2020,50 bis unter 55 Jahre,Männlich,Hessen,1
2020,50 bis unter 55 Jahre,Männlich,Mecklenburg-Vorpommern,0
2020,50 bis unter 55 Jahre,Männlich,Niedersachsen,0
2020,50 bis unter 55 Jahre,Männlich,Nordrhein-Westfalen,3
2020,50 bis unter 55 Jahre,Männlich,Rheinland-Pfalz,0
2020,50 bis unter 55 Jahre,Männlich,Saarland,0
2020,50 bis unter 55 Jahre,Männlich,Sachsen,0
2020,50 bis unter 55 Jahre,Männlich,Sachsen-Anhalt,0
2020,50 bis unter 55 Jahre,Männlich,Schleswig-Holstein,0
2020,50 bis unter 55 Jahre,Männlich,Thüringen,0
2020,50 bis unter 55 Jahre,Weiblich,Deutschland,72
2020,50 bis unter 55 Jahre,Weiblich,Baden-Württemberg,5
2020,50 bis unter 55 Jahre,Weiblich,Bayern,34
2020,50 bis unter 55 Jahre,Weiblich,Berlin,11
2020,50 bis unter 55 Jahre,Weiblich,Brandenburg,0
2020,50 bis unter 55 Jahre,Weiblich,Bremen,0
2020,50 bis unter 55 Jahre,Weiblich,Hamburg,7
2020,50 bis unter 55 Jahre,Weiblich,Hessen,4
2020,50 bis unter 55 Jahre,Weiblich,Mecklenburg-Vorpommern,0
2020,50 bis unter 55 Jahre,Weiblich,Niedersachsen,0
2020,50 bis unter 55 Jahre,Weiblich,Nordrhein-Westfalen,9
2020,50 bis unter 55 Jahre,Weiblich,Rheinland-Pfalz,0
2020,50 bis unter 55 Jahre,Weiblich,Saarland,0
2020,50 bis unter 55 Jahre,Weiblich,Sachsen,0
2020,50 bis unter 55 Jahre,Weiblich,Sachsen-Anhalt,2
2020,50 bis unter 55 Jahre,Weiblich,Schleswig-Holstein,0
2020,50 bis unter 55 Jahre,Weiblich,Thüringen,0
2020,55 bis unter 60 Jahre,Männlich,Deutschland,22
2020,55 bis unter 60 Jahre,Männlich,Baden-Württemberg,0
2020,55 bis unter 60 Jahre,Männlich,Bayern,8
2020,55 bis unter 60 Jahre,Männlich,Berlin,4
2020,55 bis unter 60 Jahre,Männlich,Brandenburg,0
2020,55 bis unter 60 Jahre,Männlich,Bremen,0
2020,55 bis unter 60 Jahre,Männlich,Hamburg,3
2020,55 bis unter 60 Jahre,Männlich,Hessen,4
2020,55 bis unter 60 Jahre,Männlich,Mecklenburg-Vorpommern,0
2020,55 bis unter 60 Jahre,Männlich,Niedersachsen,2
2020,55 bis unter 60 Jahre,Männlich,Nordrhein-Westfalen,1
2020,55 bis unter 60 Jahre,Männlich,Rheinland-Pfalz,0
2020,55 bis unter 60 Jahre,Männlich,Saarland,0
2020,55 bis unter 60 Jahre,Männlich,Sachsen,0
2020,55 bis unter 60 Jahre,Männlich,Sachsen-Anhalt,0
2020,55 bis unter 60 Jahre,Männlich,Schleswig-Holstein,0
2020,55 bis unter 60 Jahre,Männlich,Thüringen,0
2020,55 bis unter 60 Jahre,Weiblich,Deutschland,44
2020,55 bis unter 60 Jahre,Weiblich,Baden-Württemberg,3
2020,55 bis unter 60 Jahre,Weiblich,Bayern,21
2020,55 bis unter 60 Jahre,Weiblich,Berlin,1
2020,55 bis unter 60 Jahre,Weiblich,Brandenburg,0
2020,55 bis unter 60 Jahre,Weiblich,Bremen,0
2020,55 bis unter 60 Jahre,Weiblich,Hamburg,3
2020,55 bis unter 60 Jahre,Weiblich,Hessen,4
2020,55 bis unter 60 Jahre,Weiblich,Mecklenburg-Vorpommern,0
2020,55 bis unter 60 Jahre,Weiblich,Niedersachsen,0
2020,55 bis unter 60 Jahre,Weiblich,Nordrhein-Westfalen,9
2020,55 bis unter 60 Jahre,Weiblich,Rheinland-Pfalz,0
2020,55 bis unter 60 Jahre,Weiblich,Saarland,0
2020,55 bis unter 60 Jahre,Weiblich,Sachsen,3
2020,55 bis unter 60 Jahre,Weiblich,Sachsen-Anhalt,0
2020,55 bis unter 60 Jahre,Weiblich,Schleswig-Holstein,0
2020,55 bis unter 60 Jahre,Weiblich,Thüringen,0
2020,60 bis unter 65 Jahre,Männlich,Deutschland,11
2020,60 bis unter 65 Jahre,Männlich,Baden-Württemberg,0
2020,60 bis unter 65 Jahre,Männlich,Bayern,5
2020,60 bis unter 65 Jahre,Männlich,Berlin,2
2020,60 bis unter 65 Jahre,Männlich,Brandenburg,0
2020,60 bis unter 65 Jahre,Männlich,Bremen,0
2020,60 bis unter 65 Jahre,Männlich,Hamburg,1
2020,60 bis unter 65 Jahre,Männlich,Hessen,2
2020,60 bis unter 65 Jahre,Männlich,Mecklenburg-Vorpommern,0
2020,60 bis unter 65 Jahre,Männlich,Niedersachsen,0
2020,60 bis unter 65 Jahre,Männlich,Nordrhein-Westfalen,1
2020,60 bis unter 65 Jahre,Männlich,Rheinland-Pfalz,0
2020,60 bis unter 65 Jahre,Männlich,Saarland,0
2020,60 bis unter 65 Jahre,Männlich,Sachsen,0
2020,60 bis unter 65 Jahre,Männlich,Sachsen-Anhalt,0
2020,60 bis unter 65 Jahre,Männlich,Schleswig-Holstein,0
2020,60 bis unter 65 Jahre,Männlich,Thüringen,0
2020,60 bis unter 65 Jahre,Weiblich,Deutschland,29
2020,60 bis unter 65 Jahre,Weiblich,Baden-Württemberg,3
2020,60 bis unter 65 Jahre,Weiblich,Bayern,14
2020,60 bis unter 65 Jahre,Weiblich,Berlin,0
2020,60 bis unter 65 Jahre,Weiblich,Brandenburg,0
2020,60 bis unter 65 Jahre,Weiblich,Bremen,0
2020,60 bis unter 65 Jahre,Weiblich,Hamburg,4
2020,60 bis unter 65 Jahre,Weiblich,Hessen,1
2020,60 bis unter 65 Jahre,Weiblich,Mecklenburg-Vorpommern,0
2020,60 bis unter 65 Jahre,Weiblich,Niedersachsen,0
2020,60 bis unter 65 Jahre,Weiblich,Nordrhein-Westfalen,5
2020,60 bis unter 65 Jahre,Weiblich,Rheinland-Pfalz,0
2020,60 bis unter 65 Jahre,Weiblich,Saarland,0
2020,60 bis unter 65 Jahre,Weiblich,Sachsen,2
2020,60 bis unter 65 Jahre,Weiblich,Sachsen-Anhalt,0
2020,60 bis unter 65 Jahre,Weiblich,Schleswig-Holstein,0
2020,60 bis unter 65 Jahre,Weiblich,Thüringen,0
2020,65 bis unter 70 Jahre,Männlich,Deutschland,3
2020,65 bis unter 70 Jahre,Männlich,Baden-Württemberg,0
2020,65 bis unter 70 Jahre,Männlich,Bayern,0
2020,65 bis unter 70 Jahre,Männlich,Berlin,0
2020,65 bis unter 70 Jahre,Männlich,Brandenburg,0
2020,65 bis unter 70 Jahre,Männlich,Bremen,0
2020,65 bis unter 70 Jahre,Männlich,Hamburg,0
2020,65 bis unter 70 Jahre,Männlich,Hessen,1
2020,65 bis unter 70 Jahre,Männlich,Mecklenburg-Vorpommern,0
2020,65 bis unter 70 Jahre,Männlich,Niedersachsen,0
2020,65 bis unter 70 Jahre,Männlich,Nordrhein-Westfalen,2
2020,65 bis unter 70 Jahre,Männlich,Rheinland-Pfalz,0
2020,65 bis unter 70 Jahre,Männlich,Saarland,0
2020,65 bis unter 70 Jahre,Männlich,Sachsen,0
2020,65 bis unter 70 Jahre,Männlich,Sachsen-Anhalt,0
2020,65 bis unter 70 Jahre,Männlich,Schleswig-Holstein,0
2020,65 bis unter 70 Jahre,Männlich,Thüringen,0
2020,65 bis unter 70 Jahre,Weiblich,Deutschland,14
2020,65 bis unter 70 Jahre,Weiblich,Baden-Württemberg,2
2020,65 bis unter 70 Jahre,Weiblich,Bayern,2
2020,65 bis unter 70 Jahre,Weiblich,Berlin,0
2020,65 bis unter 70 Jahre,Weiblich,Brandenburg,0
2020,65 bis unter 70 Jahre,Weiblich,Bremen,0
2020,65 bis unter 70 Jahre,Weiblich,Hamburg,0
2020,65 bis unter 70 Jahre,Weiblich,Hessen,3
2020,65 bis unter 70 Jahre,Weiblich,Mecklenburg-Vorpommern,0
2020,65 bis unter 70 Jahre,Weiblich,Niedersachsen,1
2020,65 bis unter 70 Jahre,Weiblich,Nordrhein-Westfalen,5
2020,65 bis unter 70 Jahre,Weiblich,Rheinland-Pfalz,0
2020,65 bis unter 70 Jahre,Weiblich,Saarland,0
2020,65 bis unter 70 Jahre,Weiblich,Sachsen,1
2020,65 bis unter 70 Jahre,Weiblich,Sachsen-Anhalt,0
2020,65 bis unter 70 Jahre,Weiblich,Schleswig-Holstein,0
2020,65 bis unter 70 Jahre,Weiblich,Thüringen,0
2020,70 bis unter 75 Jahre,Männlich,Deutschland,1
2020,70 bis unter 75 Jahre,Männlich,Baden-Württemberg,0
2020,70 bis unter 75 Jahre,Männlich,Bayern,1
2020,70 bis unter 75 Jahre,Männlich,Berlin,0
2020,70 bis unter 75 Jahre,Männlich,Brandenburg,0
2020,70 bis unter 75 Jahre,Männlich,Bremen,0
2020,70 bis unter 75 Jahre,Männlich,Hamburg,0
2020,70 bis unter 75 Jahre,Männlich,Hessen,0
2020,70 bis unter 75 Jahre,Männlich,Mecklenburg-Vorpommern,0
2020,70 bis unter 75 Jahre,Männlich,Niedersachsen,0
2020,70 bis unter 75 Jahre,Männlich,Nordrhein-Westfalen,0
2020,70 bis unter 75 Jahre,Männlich,Rheinland-Pfalz,0
2020,70 bis unter 75 Jahre,Männlich,Saarland,0
2020,70 bis unter 75 Jahre,Männlich,Sachsen,0
2020,70 bis unter 75 Jahre,Männlich,Sachsen-Anhalt,0
2020,70 bis unter 75 Jahre,Männlich,Schleswig-Holstein,0
2020,70 bis unter 75 Jahre,Männlich,Thüringen,0
2020,70 bis unter 75 Jahre,Weiblich,Deutschland,3
2020,70 bis unter 75 Jahre,Weiblich,Baden-Württemberg,0
2020,70 bis unter 75 Jahre,Weiblich,Bayern,0
2020,70 bis unter 75 Jahre,Weiblich,Berlin,2
2020,70 bis unter 75 Jahre,Weiblich,Brandenburg,0
2020,70 bis unter 75 Jahre,Weiblich,Bremen,0
2020,70 bis unter 75 Jahre,Weiblich,Hamburg,0
2020,70 bis unter 75 Jahre,Weiblich,Hessen,1
2020,70 bis unter 75 Jahre,Weiblich,Mecklenburg-Vorpommern,0
2020,70 bis unter 75 Jahre,Weiblich,Niedersachsen,0
2020,70 bis unter 75 Jahre,Weiblich,Nordrhein-Westfalen,0
2020,70 bis unter 75 Jahre,Weiblich,Rheinland-Pfalz,0
2020,70 bis unter 75 Jahre,Weiblich,Saarland,0
2020,70 bis unter 75 Jahre,Weiblich,Sachsen,0
2020,70 bis unter 75 Jahre,Weiblich,Sachsen-Anhalt,0
2020,70 bis unter 75 Jahre,Weiblich,Schleswig-Holstein,0
2020,70 bis unter 75 Jahre,Weiblich,Thüringen,0
2020,75 bis unter 80 Jahre,Männlich,Deutschland,1
2020,75 bis unter 80 Jahre,Männlich,Baden-Württemberg,0
2020,75 bis unter 80 Jahre,Männlich,Bayern,1
2020,75 bis unter 80 Jahre,Männlich,Berlin,0
2020,75 bis unter 80 Jahre,Männlich,Brandenburg,0
2020,75 bis unter 80 Jahre,Männlich,Bremen,0
2020,75 bis unter 80 Jahre,Männlich,Hamburg,0
2020,75 bis unter 80 Jahre,Männlich,Hessen,0
2020,75 bis unter 80 Jahre,Männlich,Mecklenburg-Vorpommern,0
2020,75 bis unter 80 Jahre,Männlich,Niedersachsen,0
2020,75 bis unter 80 Jahre,Männlich,Nordrhein-Westfalen,0
2020,75 bis unter 80 Jahre,Männlich,Rheinland-Pfalz,0
2020,75 bis unter 80 Jahre,Männlich,Saarland,0
2020,75 bis unter 80 Jahre,Männlich,Sachsen,0
2020,75 bis unter 80 Jahre,Männlich,Sachsen-Anhalt,0
2020,75 bis unter 80 Jahre,Männlich,Schleswig-Holstein,0
2020,75 bis unter 80 Jahre,Männlich,Thüringen,0
2020,75 bis unter 80 Jahre,Weiblich,Deutschland,1
2020,75 bis unter 80 Jahre,Weiblich,Baden-Württemberg,0
2020,75 bis unter 80 Jahre,Weiblich,Bayern,1
2020,75 bis unter 80 Jahre,Weiblich,Berlin,0
2020,75 bis unter 80 Jahre,Weiblich,Brandenburg,0
2020,75 bis unter 80 Jahre,Weiblich,Bremen,0
2020,75 bis unter 80 Jahre,Weiblich,Hamburg,0
2020,75 bis unter 80 Jahre,Weiblich,Hessen,0
2020,75 bis unter 80 Jahre,Weiblich,Mecklenburg-Vorpommern,0
2020,75 bis unter 80 Jahre,Weiblich,Niedersachsen,0
2020,75 bis unter 80 Jahre,Weiblich,Nordrhein-Westfalen,0
2020,75 bis unter 80 Jahre,Weiblich,Rheinland-Pfalz,0
2020,75 bis unter 80 Jahre,Weiblich,Saarland,0
2020,75 bis unter 80 Jahre,Weiblich,Sachsen,0
2020,75 bis unter 80 Jahre,Weiblich,Sachsen-Anhalt,0
2020,75 bis unter 80 Jahre,Weiblich,Schleswig-Holstein,0
2020,75 bis unter 80 Jahre,Weiblich,Thüringen,0
2020,80 bis unter 85 Jahre,Männlich,Deutschland,0
2020,80 bis unter 85 Jahre,Männlich,Baden-Württemberg,0
2020,80 bis unter 85 Jahre,Männlich,Bayern,0
2020,80 bis unter 85 Jahre,Männlich,Berlin,0
2020,80 bis unter 85 Jahre,Männlich,Brandenburg,0
2020,80 bis unter 85 Jahre,Männlich,Bremen,0
2020,80 bis unter 85 Jahre,Männlich,Hamburg,0
2020,80 bis unter 85 Jahre,Männlich,Hessen,0
2020,80 bis unter 85 Jahre,Männlich,Mecklenburg-Vorpommern,0
2020,80 bis unter 85 Jahre,Männlich,Niedersachsen,0
2020,80 bis unter 85 Jahre,Männlich,Nordrhein-Westfalen,0
2020,80 bis unter 85 Jahre,Männlich,Rheinland-Pfalz,0
2020,80 bis unter 85 Jahre,Männlich,Saarland,0
2020,80 bis unter 85 Jahre,Männlich,Sachsen,0
2020,80 bis unter 85 Jahre,Männlich,Sachsen-Anhalt,0
2020,80 bis unter 85 Jahre,Männlich,Schleswig-Holstein,0
2020,80 bis unter 85 Jahre,Männlich,Thüringen,0
2020,80 bis unter 85 Jahre,Weiblich,Deutschland,0
2020,80 bis unter 85 Jahre,Weiblich,Baden-Württemberg,0
2020,80 bis unter 85 Jahre,Weiblich,Bayern,0
2020,80 bis unter 85 Jahre,Weiblich,Berlin,0
2020,80 bis unter 85 Jahre,Weiblich,Brandenburg,0
2020,80 bis unter 85 Jahre,Weiblich,Bremen,0
2020,80 bis unter 85 Jahre,Weiblich,Hamburg,0
2020,80 bis unter 85 Jahre,Weiblich,Hessen,0
2020,80 bis unter 85 Jahre,Weiblich,Mecklenburg-Vorpommern,0
2020,80 bis unter 85 Jahre,Weiblich,Niedersachsen,0
2020,80 bis unter 85 Jahre,Weiblich,Nordrhein-Westfalen,0
2020,80 bis unter 85 Jahre,Weiblich,Rheinland-Pfalz,0
2020,80 bis unter 85 Jahre,Weiblich,Saarland,0
2020,80 bis unter 85 Jahre,Weiblich,Sachsen,0
2020,80 bis unter 85 Jahre,Weiblich,Sachsen-Anhalt,0
2020,80 bis unter 85 Jahre,Weiblich,Schleswig-Holstein,0
2020,80 bis unter 85 Jahre,Weiblich,Thüringen,0
2020,85 bis unter 90 Jahre,Männlich,Deutschland,0
2020,85 bis unter 90 Jahre,Männlich,Baden-Württemberg,0
2020,85 bis unter 90 Jahre,Männlich,Bayern,0
2020,85 bis unter 90 Jahre,Männlich,Berlin,0
2020,85 bis unter 90 Jahre,Männlich,Brandenburg,0
2020,85 bis unter 90 Jahre,Männlich,Bremen,0
2020,85 bis unter 90 Jahre,Männlich,Hamburg,0
2020,85 bis unter 90 Jahre,Männlich,Hessen,0
2020,85 bis unter 90 Jahre,Männlich,Mecklenburg-Vorpommern,0
2020,85 bis unter 90 Jahre,Männlich,Niedersachsen,0
2020,85 bis unter 90 Jahre,Männlich,Nordrhein-Westfalen,0
2020,85 bis unter 90 Jahre,Männlich,Rheinland-Pfalz,0
2020,85 bis unter 90 Jahre,Männlich,Saarland,0
2020,85 bis unter 90 Jahre,Männlich,Sachsen,0
2020,85 bis unter 90 Jahre,Männlich,Sachsen-Anhalt,0
2020,85 bis unter 90 Jahre,Männlich,Schleswig-Holstein,0
2020,85 bis unter 90 Jahre,Männlich,Thüringen,0
2020,85 bis unter 90 Jahre,Weiblich,Deutschland,0
2020,85 bis unter 90 Jahre,Weiblich,Baden-Württemberg,0
2020,85 bis unter 90 Jahre,Weiblich,Bayern,0
2020,85 bis unter 90 Jahre,Weiblich,Berlin,0
2020,85 bis unter 90 Jahre,Weiblich,Brandenburg,0
2020,85 bis unter 90 Jahre,Weiblich,Bremen,0
2020,85 bis unter 90 Jahre,Weiblich,Hamburg,0
2020,85 bis unter 90 Jahre,Weiblich,Hessen,0
2020,85 bis unter 90 Jahre,Weiblich,Mecklenburg-Vorpommern,0
2020,85 bis unter 90 Jahre,Weiblich,Niedersachsen,0
2020,85 bis unter 90 Jahre,Weiblich,Nordrhein-Westfalen,0
2020,85 bis unter 90 Jahre,Weiblich,Rheinland-Pfalz,0
2020,85 bis unter 90 Jahre,Weiblich,Saarland,0
2020,85 bis unter 90 Jahre,Weiblich,Sachsen,0
2020,85 bis unter 90 Jahre,Weiblich,Sachsen-Anhalt,0
2020,85 bis unter 90 Jahre,Weiblich,Schleswig-Holstein,0
2020,85 bis unter 90 Jahre,Weiblich,Thüringen,0
2020,90 bis unter 95 Jahre,Männlich,Deutschland,0
2020,90 bis unter 95 Jahre,Männlich,Baden-Württemberg,0
2020,90 bis unter 95 Jahre,Männlich,Bayern,0
2020,90 bis unter 95 Jahre,Männlich,Berlin,0
2020,90 bis unter 95 Jahre,Männlich,Brandenburg,0
2020,90 bis unter 95 Jahre,Männlich,Bremen,0
2020,90 bis unter 95 Jahre,Männlich,Hamburg,0
2020,90 bis unter 95 Jahre,Männlich,Hessen,0
2020,90 bis unter 95 Jahre,Männlich,Mecklenburg-Vorpommern,0
2020,90 bis unter 95 Jahre,Männlich,Niedersachsen,0
2020,90 bis unter 95 Jahre,Männlich,Nordrhein-Westfalen,0
2020,90 bis unter 95 Jahre,Männlich,Rheinland-Pfalz,0
2020,90 bis unter 95 Jahre,Männlich,Saarland,0
2020,90 bis unter 95 Jahre,Männlich,Sachsen,0
2020,90 bis unter 95 Jahre,Männlich,Sachsen-Anhalt,0
2020,90 bis unter 95 Jahre,Männlich,Schleswig-Holstein,0
2020,90 bis unter 95 Jahre,Männlich,Thüringen,0
2020,90 bis unter 95 Jahre,Weiblich,Deutschland,0
2020,90 bis unter 95 Jahre,Weiblich,Baden-Württemberg,0
2020,90 bis unter 95 Jahre,Weiblich,Bayern,0
2020,90 bis unter 95 Jahre,Weiblich,Berlin,0
2020,90 bis unter 95 Jahre,Weiblich,Brandenburg,0
2020,90 bis unter 95 Jahre,Weiblich,Bremen,0
2020,90 bis unter 95 Jahre,Weiblich,Hamburg,0
2020,90 bis unter 95 Jahre,Weiblich,Hessen,0
2020,90 bis unter 95 Jahre,Weiblich,Mecklenburg-Vorpommern,0
2020,90 bis unter 95 Jahre,Weiblich,Niedersachsen,0
2020,90 bis unter 95 Jahre,Weiblich,Nordrhein-Westfalen,0
2020,90 bis unter 95 Jahre,Weiblich,Rheinland-Pfalz,0
2020,90 bis unter 95 Jahre,Weiblich,Saarland,0
2020,90 bis unter 95 Jahre,Weiblich,Sachsen,0
2020,90 bis unter 95 Jahre,Weiblich,Sachsen-Anhalt,0
2020,90 bis unter 95 Jahre,Weiblich,Schleswig-Holstein,0
2020,90 bis unter 95 Jahre,Weiblich,Thüringen,0
2020,95 Jahre und älter,Männlich,Deutschland,0
2020,95 Jahre und älter,Männlich,Baden-Württemberg,0
2020,95 Jahre und älter,Männlich,Bayern,0
2020,95 Jahre und älter,Männlich,Berlin,0
2020,95 Jahre und älter,Männlich,Brandenburg,0
2020,95 Jahre und älter,Männlich,Bremen,0
2020,95 Jahre und älter,Männlich,Hamburg,0
2020,95 Jahre und älter,Männlich,Hessen,0
2020,95 Jahre und älter,Männlich,Mecklenburg-Vorpommern,0
2020,95 Jahre und älter,Männlich,Niedersachsen,0
2020,95 Jahre und älter,Männlich,Nordrhein-Westfalen,0
2020,95 Jahre und älter,Männlich,Rheinland-Pfalz,0
2020,95 Jahre und älter,Männlich,Saarland,0
2020,95 Jahre und älter,Männlich,Sachsen,0
2020,95 Jahre und älter,Männlich,Sachsen-Anhalt,0
2020,95 Jahre und älter,Männlich,Schleswig-Holstein,0
2020,95 Jahre und älter,Männlich,Thüringen,0
2020,95 Jahre und älter,Weiblich,Deutschland,0
2020,95 Jahre und älter,Weiblich,Baden-Württemberg,0
2020,95 Jahre und älter,Weiblich,Bayern,0
2020,95 Jahre und älter,Weiblich,Berlin,0
2020,95 Jahre und älter,Weiblich,Brandenburg,0
2020,95 Jahre und älter,Weiblich,Bremen,0
2020,95 Jahre und älter,Weiblich,Hamburg,0
2020,95 Jahre und älter,Weiblich,Hessen,0
2020,95 Jahre und älter,Weiblich,Mecklenburg-Vorpommern,0
2020,95 Jahre und älter,Weiblich,Niedersachsen,0
2020,95 Jahre und älter,Weiblich,Nordrhein-Westfalen,0
2020,95 Jahre und älter,Weiblich,Rheinland-Pfalz,0
2020,95 Jahre und älter,Weiblich,Saarland,0
2020,95 Jahre und älter,Weiblich,Sachsen,0
2020,95 Jahre und älter,Weiblich,Sachsen-Anhalt,0
2020,95 Jahre und älter,Weiblich,Schleswig-Holstein,0
2020,95 Jahre und älter,Weiblich,Thüringen,0
2021,Unter 1 Jahr,Männlich,Deutschland,0
2021,Unter 1 Jahr,Männlich,Baden-Württemberg,0
2021,Unter 1 Jahr,Männlich,Bayern,0
2021,Unter 1 Jahr,Männlich,Berlin,0
2021,Unter 1 Jahr,Männlich,Brandenburg,0
2021,Unter 1 Jahr,Männlich,Bremen,0
2021,Unter 1 Jahr,Männlich,Hamburg,0
2021,Unter 1 Jahr,Männlich,Hessen,0
2021,Unter 1 Jahr,Männlich,Mecklenburg-Vorpommern,0
2021,Unter 1 Jahr,Männlich,Niedersachsen,0
2021,Unter 1 Jahr,Männlich,Nordrhein-Westfalen,0
2021,Unter 1 Jahr,Männlich,Rheinland-Pfalz,0
2021,Unter 1 Jahr,Männlich,Saarland,0
2021,Unter 1 Jahr,Männlich,Sachsen,0
2021,Unter 1 Jahr,Männlich,Sachsen-Anhalt,0
2021,Unter 1 Jahr,Männlich,Schleswig-Holstein,0
2021,Unter 1 Jahr,Männlich,Thüringen,0
2021,Unter 1 Jahr,Weiblich,Deutschland,0
2021,Unter 1 Jahr,Weiblich,Baden-Württemberg,0
2021,Unter 1 Jahr,Weiblich,Bayern,0
2021,Unter 1 Jahr,Weiblich,Berlin,0
2021,Unter 1 Jahr,Weiblich,Brandenburg,0
2021,Unter 1 Jahr,Weiblich,Bremen,0
2021,Unter 1 Jahr,Weiblich,Hamburg,0
2021,Unter 1 Jahr,Weiblich,Hessen,0
2021,Unter 1 Jahr,Weiblich,Mecklenburg-Vorpommern,0
2021,Unter 1 Jahr,Weiblich,Niedersachsen,0
2021,Unter 1 Jahr,Weiblich,Nordrhein-Westfalen,0
2021,Unter 1 Jahr,Weiblich,Rheinland-Pfalz,0
2021,Unter 1 Jahr,Weiblich,Saarland,0
2021,Unter 1 Jahr,Weiblich,Sachsen,0
2021,Unter 1 Jahr,Weiblich,Sachsen-Anhalt,0
2021,Unter 1 Jahr,Weiblich,Schleswig-Holstein,0
2021,Unter 1 Jahr,Weiblich,Thüringen,0
2021,1 Jahr bis unter 5 Jahre,Männlich,Deutschland,0
2021,1 Jahr bis unter 5 Jahre,Männlich,Baden-Württemberg,0
2021,1 Jahr bis unter 5 Jahre,Männlich,Bayern,0
2021,1 Jahr bis unter 5 Jahre,Männlich,Berlin,0
2021,1 Jahr bis unter 5 Jahre,Männlich,Brandenburg,0
2021,1 Jahr bis unter 5 Jahre,Männlich,Bremen,0
2021,1 Jahr bis unter 5 Jahre,Männlich,Hamburg,0
2021,1 Jahr bis unter 5 Jahre,Männlich,Hessen,0
2021,1 Jahr bis unter 5 Jahre,Männlich,Mecklenburg-Vorpommern,0
2021,1 Jahr bis unter 5 Jahre,Männlich,Niedersachsen,0
2021,1 Jahr bis unter 5 Jahre,Männlich,Nordrhein-Westfalen,0
2021,1 Jahr bis unter 5 Jahre,Männlich,Rheinland-Pfalz,0
2021,1 Jahr bis unter 5 Jahre,Männlich,Saarland,0
2021,1 Jahr bis unter 5 Jahre,Männlich,Sachsen,0
2021,1 Jahr bis unter 5 Jahre,Männlich,Sachsen-Anhalt,0
2021,1 Jahr bis unter 5 Jahre,Männlich,Schleswig-Holstein,0
2021,1 Jahr bis unter 5 Jahre,Männlich,Thüringen,0
2021,1 Jahr bis unter 5 Jahre,Weiblich,Deutschland,0
2021,1 Jahr bis unter 5 Jahre,Weiblich,Baden-Württemberg,0
2021,1 Jahr bis unter 5 Jahre,Weiblich,Bayern,0
2021,1 Jahr bis unter 5 Jahre,Weiblich,Berlin,0
2021,1 Jahr bis unter 5 Jahre,Weiblich,Brandenburg,0
2021,1 Jahr bis unter 5 Jahre,Weiblich,Bremen,0
2021,1 Jahr bis unter 5 Jahre,Weiblich,Hamburg,0
2021,1 Jahr bis unter 5 Jahre,Weiblich,Hessen,0
2021,1 Jahr bis unter 5 Jahre,Weiblich,Mecklenburg-Vorpommern,0
2021,1 Jahr bis unter 5 Jahre,Weiblich,Niedersachsen,0
2021,1 Jahr bis unter 5 Jahre,Weiblich,Nordrhein-Westfalen,0
2021,1 Jahr bis unter 5 Jahre,Weiblich,Rheinland-Pfalz,0
2021,1 Jahr bis unter 5 Jahre,Weiblich,Saarland,0
2021,1 Jahr bis unter 5 Jahre,Weiblich,Sachsen,0
2021,1 Jahr bis unter 5 Jahre,Weiblich,Sachsen-Anhalt,0
2021,1 Jahr bis unter 5 Jahre,Weiblich,Schleswig-Holstein,0
2021,1 Jahr bis unter 5 Jahre,Weiblich,Thüringen,0
2021,5 bis unter 10 Jahre,Männlich,Deutschland,0
2021,5 bis unter 10 Jahre,Männlich,Baden-Württemberg,0
2021,5 bis unter 10 Jahre,Männlich,Bayern,0
2021,5 bis unter 10 Jahre,Männlich,Berlin,0
2021,5 bis unter 10 Jahre,Männlich,Brandenburg,0
2021,5 bis unter 10 Jahre,Männlich,Bremen,0
2021,5 bis unter 10 Jahre,Männlich,Hamburg,0
2021,5 bis unter 10 Jahre,Männlich,Hessen,0
2021,5 bis unter 10 Jahre,Männlich,Mecklenburg-Vorpommern,0
2021,5 bis unter 10 Jahre,Männlich,Niedersachsen,0
2021,5 bis unter 10 Jahre,Männlich,Nordrhein-Westfalen,0
2021,5 bis unter 10 Jahre,Männlich,Rheinland-Pfalz,0
2021,5 bis unter 10 Jahre,Männlich,Saarland,0
2021,5 bis unter 10 Jahre,Männlich,Sachsen,0
2021,5 bis unter 10 Jahre,Männlich,Sachsen-Anhalt,0
2021,5 bis unter 10 Jahre,Männlich,Schleswig-Holstein,0
2021,5 bis unter 10 Jahre,Männlich,Thüringen,0
2021,5 bis unter 10 Jahre,Weiblich,Deutschland,0
2021,5 bis unter 10 Jahre,Weiblich,Baden-Württemberg,0
2021,5 bis unter 10 Jahre,Weiblich,Bayern,0
2021,5 bis unter 10 Jahre,Weiblich,Berlin,0
2021,5 bis unter 10 Jahre,Weiblich,Brandenburg,0
2021,5 bis unter 10 Jahre,Weiblich,Bremen,0
2021,5 bis unter 10 Jahre,Weiblich,Hamburg,0
2021,5 bis unter 10 Jahre,Weiblich,Hessen,0
2021,5 bis unter 10 Jahre,Weiblich,Mecklenburg-Vorpommern,0
2021,5 bis unter 10 Jahre,Weiblich,Niedersachsen,0
2021,5 bis unter 10 Jahre,Weiblich,Nordrhein-Westfalen,0
2021,5 bis unter 10 Jahre,Weiblich,Rheinland-Pfalz,0
2021,5 bis unter 10 Jahre,Weiblich,Saarland,0
2021,5 bis unter 10 Jahre,Weiblich,Sachsen,0
2021,5 bis unter 10 Jahre,Weiblich,Sachsen-Anhalt,0
2021,5 bis unter 10 Jahre,Weiblich,Schleswig-Holstein,0
2021,5 bis unter 10 Jahre,Weiblich,Thüringen,0
2021,10 bis unter 15 Jahre,Männlich,Deutschland,0
2021,10 bis unter 15 Jahre,Männlich,Baden-Württemberg,0
2021,10 bis unter 15 Jahre,Männlich,Bayern,0
2021,10 bis unter 15 Jahre,Männlich,Berlin,0
2021,10 bis unter 15 Jahre,Männlich,Brandenburg,0
2021,10 bis unter 15 Jahre,Männlich,Bremen,0
2021,10 bis unter 15 Jahre,Männlich,Hamburg,0
2021,10 bis unter 15 Jahre,Männlich,Hessen,0
2021,10 bis unter 15 Jahre,Männlich,Mecklenburg-Vorpommern,0
2021,10 bis unter 15 Jahre,Männlich,Niedersachsen,0
2021,10 bis unter 15 Jahre,Männlich,Nordrhein-Westfalen,0
2021,10 bis unter 15 Jahre,Männlich,Rheinland-Pfalz,0
2021,10 bis unter 15 Jahre,Männlich,Saarland,0
2021,10 bis unter 15 Jahre,Männlich,Sachsen,0
2021,10 bis unter 15 Jahre,Männlich,Sachsen-Anhalt,0
2021,10 bis unter 15 Jahre,Männlich,Schleswig-Holstein,0
2021,10 bis unter 15 Jahre,Männlich,Thüringen,0
2021,10 bis unter 15 Jahre,Weiblich,Deutschland,0
2021,10 bis unter 15 Jahre,Weiblich,Baden-Württemberg,0
2021,10 bis unter 15 Jahre,Weiblich,Bayern,0
2021,10 bis unter 15 Jahre,Weiblich,Berlin,0
2021,10 bis unter 15 Jahre,Weiblich,Brandenburg,0
2021,10 bis unter 15 Jahre,Weiblich,Bremen,0
2021,10 bis unter 15 Jahre,Weiblich,Hamburg,0
2021,10 bis unter 15 Jahre,Weiblich,Hessen,0
2021,10 bis unter 15 Jahre,Weiblich,Mecklenburg-Vorpommern,0
2021,10 bis unter 15 Jahre,Weiblich,Niedersachsen,0
2021,10 bis unter 15 Jahre,Weiblich,Nordrhein-Westfalen,0
2021,10 bis unter 15 Jahre,Weiblich,Rheinland-Pfalz,0
2021,10 bis unter 15 Jahre,Weiblich,Saarland,0
2021,10 bis unter 15 Jahre,Weiblich,Sachsen,0
2021,10 bis unter 15 Jahre,Weiblich,Sachsen-Anhalt,0
2021,10 bis unter 15 Jahre,Weiblich,Schleswig-Holstein,0
2021,10 bis unter 15 Jahre,Weiblich,Thüringen,0
2021,15 bis unter 20 Jahre,Männlich,Deutschland,137
2021,15 bis unter 20 Jahre,Männlich,Baden-Württemberg,0
2021,15 bis unter 20 Jahre,Männlich,Bayern,56
2021,15 bis unter 20 Jahre,Männlich,Berlin,48
2021,15 bis unter 20 Jahre,Männlich,Brandenburg,0
2021,15 bis unter 20 Jahre,Männlich,Bremen,0
2021,15 bis unter 20 Jahre,Männlich,Hamburg,1
2021,15 bis unter 20 Jahre,Männlich,Hessen,13
2021,15 bis unter 20 Jahre,Männlich,Mecklenburg-Vorpommern,0
2021,15 bis unter 20 Jahre,Männlich,Niedersachsen,0
2021,15 bis unter 20 Jahre,Männlich,Nordrhein-Westfalen,14
2021,15 bis unter 20 Jahre,Männlich,Rheinland-Pfalz,0
2021,15 bis unter 20 Jahre,Männlich,Saarland,0
2021,15 bis unter 20 Jahre,Männlich,Sachsen,4
2021,15 bis unter 20 Jahre,Männlich,Sachsen-Anhalt,0
2021,15 bis unter 20 Jahre,Männlich,Schleswig-Holstein,0
2021,15 bis unter 20 Jahre,Männlich,Thüringen,1
2021,15 bis unter 20 Jahre,Weiblich,Deutschland,53
2021,15 bis unter 20 Jahre,Weiblich,Baden-Württemberg,0
2021,15 bis unter 20 Jahre,Weiblich,Bayern,13
2021,15 bis unter 20 Jahre,Weiblich,Berlin,8
2021,15 bis unter 20 Jahre,Weiblich,Brandenburg,0
2021,15 bis unter 20 Jahre,Weiblich,Bremen,0
2021,15 bis unter 20 Jahre,Weiblich,Hamburg,6
2021,15 bis unter 20 Jahre,Weiblich,Hessen,10
2021,15 bis unter 20 Jahre,Weiblich,Mecklenburg-Vorpommern,0
2021,15 bis unter 20 Jahre,Weiblich,Niedersachsen,0
2021,15 bis unter 20 Jahre,Weiblich,Nordrhein-Westfalen,16
2021,15 bis unter 20 Jahre,Weiblich,Rheinland-Pfalz,0
2021,15 bis unter 20 Jahre,Weiblich,Saarland,0
2021,15 bis unter 20 Jahre,Weiblich,Sachsen,0
2021,15 bis unter 20 Jahre,Weiblich,Sachsen-Anhalt,0
2021,15 bis unter 20 Jahre,Weiblich,Schleswig-Holstein,0
2021,15 bis unter 20 Jahre,Weiblich,Thüringen,0
2021,20 bis unter 25 Jahre,Männlich,Deutschland,542
2021,20 bis unter 25 Jahre,Männlich,Baden-Württemberg,5
2021,20 bis unter 25 Jahre,Männlich,Bayern,288
2021,20 bis unter 25 Jahre,Männlich,Berlin,155
2021,20 bis unter 25 Jahre,Männlich,Brandenburg,0
2021,20 bis unter 25 Jahre,Männlich,Bremen,0
2021,20 bis unter 25 Jahre,Männlich,Hamburg,21
2021,20 bis unter 25 Jahre,Männlich,Hessen,23
2021,20 bis unter 25 Jahre,Männlich,Mecklenburg-Vorpommern,0
2021,20 bis unter 25 Jahre,Männlich,Niedersachsen,1
2021,20 bis unter 25 Jahre,Männlich,Nordrhein-Westfalen,42
2021,20 bis unter 25 Jahre,Männlich,Rheinland-Pfalz,0
2021,20 bis unter 25 Jahre,Männlich,Saarland,0
2021,20 bis unter 25 Jahre,Männlich,Sachsen,6
2021,20 bis unter 25 Jahre,Männlich,Sachsen-Anhalt,1
2021,20 bis unter 25 Jahre,Männlich,Schleswig-Holstein,0
2021,20 bis unter 25 Jahre,Männlich,Thüringen,0
2021,20 bis unter 25 Jahre,Weiblich,Deutschland,185
2021,20 bis unter 25 Jahre,Weiblich,Baden-Württemberg,6
2021,20 bis unter 25 Jahre,Weiblich,Bayern,78
2021,20 bis unter 25 Jahre,Weiblich,Berlin,22
2021,20 bis unter 25 Jahre,Weiblich,Brandenburg,0
2021,20 bis unter 25 Jahre,Weiblich,Bremen,0
2021,20 bis unter 25 Jahre,Weiblich,Hamburg,18
2021,20 bis unter 25 Jahre,Weiblich,Hessen,8
2021,20 bis unter 25 Jahre,Weiblich,Mecklenburg-Vorpommern,0
2021,20 bis unter 25 Jahre,Weiblich,Niedersachsen,4
2021,20 bis unter 25 Jahre,Weiblich,Nordrhein-Westfalen,45
2021,20 bis unter 25 Jahre,Weiblich,Rheinland-Pfalz,0
2021,20 bis unter 25 Jahre,Weiblich,Saarland,0
2021,20 bis unter 25 Jahre,Weiblich,Sachsen,4
2021,20 bis unter 25 Jahre,Weiblich,Sachsen-Anhalt,0
2021,20 bis unter 25 Jahre,Weiblich,Schleswig-Holstein,0
2021,20 bis unter 25 Jahre,Weiblich,Thüringen,0
2021,25 bis unter 30 Jahre,Männlich,Deutschland,414
2021,25 bis unter 30 Jahre,Männlich,Baden-Württemberg,2
2021,25 bis unter 30 Jahre,Männlich,Bayern,231
2021,25 bis unter 30 Jahre,Männlich,Berlin,99
2021,25 bis unter 30 Jahre,Männlich,Brandenburg,0
2021,25 bis unter 30 Jahre,Männlich,Bremen,0
2021,25 bis unter 30 Jahre,Männlich,Hamburg,22
2021,25 bis unter 30 Jahre,Männlich,Hessen,15
2021,25 bis unter 30 Jahre,Männlich,Mecklenburg-Vorpommern,0
2021,25 bis unter 30 Jahre,Männlich,Niedersachsen,0
2021,25 bis unter 30 Jahre,Männlich,Nordrhein-Westfalen,43
2021,25 bis unter 30 Jahre,Männlich,Rheinland-Pfalz,0
2021,25 bis unter 30 Jahre,Männlich,Saarland,0
2021,25 bis unter 30 Jahre,Männlich,Sachsen,2
2021,25 bis unter 30 Jahre,Männlich,Sachsen-Anhalt,0
2021,25 bis unter 30 Jahre,Männlich,Schleswig-Holstein,0
2021,25 bis unter 30 Jahre,Männlich,Thüringen,0
2021,25 bis unter 30 Jahre,Weiblich,Deutschland,178
2021,25 bis unter 30 Jahre,Weiblich,Baden-Württemberg,4
2021,25 bis unter 30 Jahre,Weiblich,Bayern,77
2021,25 bis unter 30 Jahre,Weiblich,Berlin,18
2021,25 bis unter 30 Jahre,Weiblich,Brandenburg,0
2021,25 bis unter 30 Jahre,Weiblich,Bremen,0
2021,25 bis unter 30 Jahre,Weiblich,Hamburg,16
2021,25 bis unter 30 Jahre,Weiblich,Hessen,9
2021,25 bis unter 30 Jahre,Weiblich,Mecklenburg-Vorpommern,0
2021,25 bis unter 30 Jahre,Weiblich,Niedersachsen,1
2021,25 bis unter 30 Jahre,Weiblich,Nordrhein-Westfalen,46
2021,25 bis unter 30 Jahre,Weiblich,Rheinland-Pfalz,0
2021,25 bis unter 30 Jahre,Weiblich,Saarland,0
2021,25 bis unter 30 Jahre,Weiblich,Sachsen,6
2021,25 bis unter 30 Jahre,Weiblich,Sachsen-Anhalt,1
2021,25 bis unter 30 Jahre,Weiblich,Schleswig-Holstein,0
2021,25 bis unter 30 Jahre,Weiblich,Thüringen,0
2021,30 bis unter 35 Jahre,Männlich,Deutschland,230
2021,30 bis unter 35 Jahre,Männlich,Baden-Württemberg,1
2021,30 bis unter 35 Jahre,Männlich,Bayern,136
2021,30 bis unter 35 Jahre,Männlich,Berlin,54
2021,30 bis unter 35 Jahre,Männlich,Brandenburg,0
2021,30 bis unter 35 Jahre,Männlich,Bremen,0
2021,30 bis unter 35 Jahre,Männlich,Hamburg,12
2021,30 bis unter 35 Jahre,Männlich,Hessen,10
2021,30 bis unter 35 Jahre,Männlich,Mecklenburg-Vorpommern,0
2021,30 bis unter 35 Jahre,Männlich,Niedersachsen,0
2021,30 bis unter 35 Jahre,Männlich,Nordrhein-Westfalen,16
2021,30 bis unter 35 Jahre,Männlich,Rheinland-Pfalz,0
2021,30 bis unter 35 Jahre,Männlich,Saarland,0
2021,30 bis unter 35 Jahre,Männlich,Sachsen,1
2021,30 bis unter 35 Jahre,Männlich,Sachsen-Anhalt,0
2021,30 bis unter 35 Jahre,Männlich,Schleswig-Holstein,0
2021,30 bis unter 35 Jahre,Männlich,Thüringen,0
2021,30 bis unter 35 Jahre,Weiblich,Deutschland,135
2021,30 bis unter 35 Jahre,Weiblich,Baden-Württemberg,6
2021,30 bis unter 35 Jahre,Weiblich,Bayern,62
2021,30 bis unter 35 Jahre,Weiblich,Berlin,15
2021,30 bis unter 35 Jahre,Weiblich,Brandenburg,0
2021,30 bis unter 35 Jahre,Weiblich,Bremen,0
2021,30 bis unter 35 Jahre,Weiblich,Hamburg,5
2021,30 bis unter 35 Jahre,Weiblich,Hessen,8
2021,30 bis unter 35 Jahre,Weiblich,Mecklenburg-Vorpommern,0
2021,30 bis unter 35 Jahre,Weiblich,Niedersachsen,0
2021,30 bis unter 35 Jahre,Weiblich,Nordrhein-Westfalen,34
2021,30 bis unter 35 Jahre,Weiblich,Rheinland-Pfalz,0
2021,30 bis unter 35 Jahre,Weiblich,Saarland,0
2021,30 bis unter 35 Jahre,Weiblich,Sachsen,4
2021,30 bis unter 35 Jahre,Weiblich,Sachsen-Anhalt,1
2021,30 bis unter 35 Jahre,Weiblich,Schleswig-Holstein,0
2021,30 bis unter 35 Jahre,Weiblich,Thüringen,0
2021,35 bis unter 40 Jahre,Männlich,Deutschland,141
2021,35 bis unter 40 Jahre,Männlich,Baden-Württemberg,1
2021,35 bis unter 40 Jahre,Männlich,Bayern,91
2021,35 bis unter 40 Jahre,Männlich,Berlin,30
2021,35 bis unter 40 Jahre,Männlich,Brandenburg,0
2021,35 bis unter 40 Jahre,Männlich,Bremen,0
2021,35 bis unter 40 Jahre,Männlich,Hamburg,5
2021,35 bis unter 40 Jahre,Männlich,Hessen,7
2021,35 bis unter 40 Jahre,Männlich,Mecklenburg-Vorpommern,0
2021,35 bis unter 40 Jahre,Männlich,Niedersachsen,0
2021,35 bis unter 40 Jahre,Männlich,Nordrhein-Westfalen,4
2021,35 bis unter 40 Jahre,Männlich,Rheinland-Pfalz,0
2021,35 bis unter 40 Jahre,Männlich,Saarland,0
2021,35 bis unter 40 Jahre,Männlich,Sachsen,3
2021,35 bis unter 40 Jahre,Männlich,Sachsen-Anhalt,0
2021,35 bis unter 40 Jahre,Männlich,Schleswig-Holstein,0
2021,35 bis unter 40 Jahre,Männlich,Thüringen,0
2021,35 bis unter 40 Jahre,Weiblich,Deutschland,63
2021,35 bis unter 40 Jahre,Weiblich,Baden-Württemberg,3
2021,35 bis unter 40 Jahre,Weiblich,Bayern,29
2021,35 bis unter 40 Jahre,Weiblich,Berlin,10
2021,35 bis unter 40 Jahre,Weiblich,Brandenburg,0
2021,35 bis unter 40 Jahre,Weiblich,Bremen,0
2021,35 bis unter 40 Jahre,Weiblich,Hamburg,8
2021,35 bis unter 40 Jahre,Weiblich,Hessen,0
2021,35 bis unter 40 Jahre,Weiblich,Mecklenburg-Vorpommern,0
2021,35 bis unter 40 Jahre,Weiblich,Niedersachsen,0
2021,35 bis unter 40 Jahre,Weiblich,Nordrhein-Westfalen,12
2021,35 bis unter 40 Jahre,Weiblich,Rheinland-Pfalz,0
2021,35 bis unter 40 Jahre,Weiblich,Saarland,0
2021,35 bis unter 40 Jahre,Weiblich,Sachsen,1
2021,35 bis unter 40 Jahre,Weiblich,Sachsen-Anhalt,0
2021,35 bis unter 40 Jahre,Weiblich,Schleswig-Holstein,0
2021,35 bis unter 40 Jahre,Weiblich,Thüringen,0
2021,40 bis unter 45 Jahre,Männlich,Deutschland,110
2021,40 bis unter 45 Jahre,Männlich,Baden-Württemberg,1
2021,40 bis unter 45 Jahre,Männlich,Bayern,65
2021,40 bis unter 45 Jahre,Männlich,Berlin,19
2021,40 bis unter 45 Jahre,Männlich,Brandenburg,0
2021,40 bis unter 45 Jahre,Männlich,Bremen,0
2021,40 bis unter 45 Jahre,Männlich,Hamburg,5
2021,40 bis unter 45 Jahre,Männlich,Hessen,8
2021,40 bis unter 45 Jahre,Männlich,Mecklenburg-Vorpommern,0
2021,40 bis unter 45 Jahre,Männlich,Niedersachsen,1
2021,40 bis unter 45 Jahre,Männlich,Nordrhein-Westfalen,11
2021,40 bis unter 45 Jahre,Männlich,Rheinland-Pfalz,0
2021,40 bis unter 45 Jahre,Männlich,Saarland,0
2021,40 bis unter 45 Jahre,Männlich,Sachsen,0
2021,40 bis unter 45 Jahre,Männlich,Sachsen-Anhalt,0
2021,40 bis unter 45 Jahre,Männlich,Schleswig-Holstein,0
2021,40 bis unter 45 Jahre,Männlich,Thüringen,0
2021,40 bis unter 45 Jahre,Weiblich,Deutschland,64
2021,40 bis unter 45 Jahre,Weiblich,Baden-Württemberg,1
2021,40 bis unter 45 Jahre,Weiblich,Bayern,25
2021,40 bis unter 45 Jahre,Weiblich,Berlin,5
2021,40 bis unter 45 Jahre,Weiblich,Brandenburg,0
2021,40 bis unter 45 Jahre,Weiblich,Bremen,0
2021,40 bis unter 45 Jahre,Weiblich,Hamburg,10
2021,40 bis unter 45 Jahre,Weiblich,Hessen,4
2021,40 bis unter 45 Jahre,Weiblich,Mecklenburg-Vorpommern,0
2021,40 bis unter 45 Jahre,Weiblich,Niedersachsen,1
2021,40 bis unter 45 Jahre,Weiblich,Nordrhein-Westfalen,14
2021,40 bis unter 45 Jahre,Weiblich,Rheinland-Pfalz,0
2021,40 bis unter 45 Jahre,Weiblich,Saarland,0
2021,40 bis unter 45 Jahre,Weiblich,Sachsen,4
2021,40 bis unter 45 Jahre,Weiblich,Sachsen-Anhalt,0
2021,40 bis unter 45 Jahre,Weiblich,Schleswig-Holstein,0
2021,40 bis unter 45 Jahre,Weiblich,Thüringen,0
2021,45 bis unter 50 Jahre,Männlich,Deutschland,73
2021,45 bis unter 50 Jahre,Männlich,Baden-Württemberg,0
2021,45 bis unter 50 Jahre,Männlich,Bayern,37
2021,45 bis unter 50 Jahre,Männlich,Berlin,11
2021,45 bis unter 50 Jahre,Männlich,Brandenburg,0
2021,45 bis unter 50 Jahre,Männlich,Bremen,0
2021,45 bis unter 50 Jahre,Männlich,Hamburg,8
2021,45 bis unter 50 Jahre,Männlich,Hessen,5
2021,45 bis unter 50 Jahre,Männlich,Mecklenburg-Vorpommern,0
2021,45 bis unter 50 Jahre,Männlich,Niedersachsen,0
2021,45 bis unter 50 Jahre,Männlich,Nordrhein-Westfalen,12
2021,45 bis unter 50 Jahre,Männlich,Rheinland-Pfalz,0
2021,45 bis unter 50 Jahre,Männlich,Saarland,0
2021,45 bis unter 50 Jahre,Männlich,Sachsen,0
2021,45 bis unter 50 Jahre,Männlich,Sachsen-Anhalt,0
2021,45 bis unter 50 Jahre,Männlich,Schleswig-Holstein,0
2021,45 bis unter 50 Jahre,Männlich,Thüringen,0
2021,45 bis unter 50 Jahre,Weiblich,Deutschland,54
2021,45 bis unter 50 Jahre,Weiblich,Baden-Württemberg,3
2021,45 bis unter 50 Jahre,Weiblich,Bayern,24
2021,45 bis unter 50 Jahre,Weiblich,Berlin,2
2021,45 bis unter 50 Jahre,Weiblich,Brandenburg,0
2021,45 bis unter 50 Jahre,Weiblich,Bremen,0
2021,45 bis unter 50 Jahre,Weiblich,Hamburg,7
2021,45 bis unter 50 Jahre,Weiblich,Hessen,0
2021,45 bis unter 50 Jahre,Weiblich,Mecklenburg-Vorpommern,0
2021,45 bis unter 50 Jahre,Weiblich,Niedersachsen,0
2021,45 bis unter 50 Jahre,Weiblich,Nordrhein-Westfalen,18
2021,45 bis unter 50 Jahre,Weiblich,Rheinland-Pfalz,0
2021,45 bis unter 50 Jahre,Weiblich,Saarland,0
2021,45 bis unter 50 Jahre,Weiblich,Sachsen,0
2021,45 bis unter 50 Jahre,Weiblich,Sachsen-Anhalt,0
2021,45 bis unter 50 Jahre,Weiblich,Schleswig-Holstein,0
2021,45 bis unter 50 Jahre,Weiblich,Thüringen,0
2021,50 bis unter 55 Jahre,Männlich,Deutschland,37
2021,50 bis unter 55 Jahre,Männlich,Baden-Württemberg,0
2021,50 bis unter 55 Jahre,Männlich,Bayern,24
2021,50 bis unter 55 Jahre,Männlich,Berlin,3
2021,50 bis unter 55 Jahre,Männlich,Brandenburg,0
2021,50 bis unter 55 Jahre,Männlich,Bremen,0
2021,50 bis unter 55 Jahre,Männlich,Hamburg,1
2021,50 bis unter 55 Jahre,Männlich,Hessen,0
2021,50 bis unter 55 Jahre,Männlich,Mecklenburg-Vorpommern,0
2021,50 bis unter 55 Jahre,Männlich,Niedersachsen,0
2021,50 bis unter 55 Jahre,Männlich,Nordrhein-Westfalen,9
2021,50 bis unter 55 Jahre,Männlich,Rheinland-Pfalz,0
2021,50 bis unter 55 Jahre,Männlich,Saarland,0
2021,50 bis unter 55 Jahre,Männlich,Sachsen,0
2021,50 bis unter 55 Jahre,Männlich,Sachsen-Anhalt,0
2021,50 bis unter 55 Jahre,Männlich,Schleswig-Holstein,0
2021,50 bis unter 55 Jahre,Männlich,Thüringen,0
2021,50 bis unter 55 Jahre,Weiblich,Deutschland,69
2021,50 bis unter 55 Jahre,Weiblich,Baden-Württemberg,3
2021,50 bis unter 55 Jahre,Weiblich,Bayern,29
2021,50 bis unter 55 Jahre,Weiblich,Berlin,3
2021,50 bis unter 55 Jahre,Weiblich,Brandenburg,0
2021,50 bis unter 55 Jahre,Weiblich,Bremen,0
2021,50 bis unter 55 Jahre,Weiblich,Hamburg,6
2021,50 bis unter 55 Jahre,Weiblich,Hessen,3
2021,50 bis unter 55 Jahre,Weiblich,Mecklenburg-Vorpommern,0
2021,50 bis unter 55 Jahre,Weiblich,Niedersachsen,0
2021,50 bis unter 55 Jahre,Weiblich,Nordrhein-Westfalen,22
2021,50 bis unter 55 Jahre,Weiblich,Rheinland-Pfalz,0
2021,50 bis unter 55 Jahre,Weiblich,Saarland,0
2021,50 bis unter 55 Jahre,Weiblich,Sachsen,3
2021,50 bis unter 55 Jahre,Weiblich,Sachsen-Anhalt,0
2021,50 bis unter 55 Jahre,Weiblich,Schleswig-Holstein,0
2021,50 bis unter 55 Jahre,Weiblich,Thüringen,0
2021,55 bis unter 60 Jahre,Männlich,Deutschland,22
2021,55 bis unter 60 Jahre,Männlich,Baden-Württemberg,1
2021,55 bis unter 60 Jahre,Männlich,Bayern,8
2021,55 bis unter 60 Jahre,Männlich,Berlin,6
2021,55 bis unter 60 Jahre,Männlich,Brandenburg,0
2021,55 bis unter 60 Jahre,Männlich,Bremen,0
2021,55 bis unter 60 Jahre,Männlich,Hamburg,0
2021,55 bis unter 60 Jahre,Männlich,Hessen,3
2021,55 bis unter 60 Jahre,Männlich,Mecklenburg-Vorpommern,0
2021,55 bis unter 60 Jahre,Männlich,Niedersachsen,0
2021,55 bis unter 60 Jahre,Männlich,Nordrhein-Westfalen,3
2021,55 bis unter 60 Jahre,Männlich,Rheinland-Pfalz,0
2021,55 bis unter 60 Jahre,Männlich,Saarland,0
2021,55 bis unter 60 Jahre,Männlich,Sachsen,0
2021,55 bis unter 60 Jahre,Männlich,Sachsen-Anhalt,1
2021,55 bis unter 60 Jahre,Männlich,Schleswig-Holstein,0
2021,55 bis unter 60 Jahre,Männlich,Thüringen,0
2021,55 bis unter 60 Jahre,Weiblich,Deutschland,47
2021,55 bis unter 60 Jahre,Weiblich,Baden-Württemberg,3
2021,55 bis unter 60 Jahre,Weiblich,Bayern,20
2021,55 bis unter 60 Jahre,Weiblich,Berlin,4
2021,55 bis unter 60 Jahre,Weiblich,Brandenburg,0
2021,55 bis unter 60 Jahre,Weiblich,Bremen,0
2021,55 bis unter 60 Jahre,Weiblich,Hamburg,5
2021,55 bis unter 60 Jahre,Weiblich,Hessen,2
2021,55 bis unter 60 Jahre,Weiblich,Mecklenburg-Vorpommern,0
2021,55 bis unter 60 Jahre,Weiblich,Niedersachsen,0
2021,55 bis unter 60 Jahre,Weiblich,Nordrhein-Westfalen,10
2021,55 bis unter 60 Jahre,Weiblich,Rheinland-Pfalz,0
2021,55 bis unter 60 Jahre,Weiblich,Saarland,0
2021,55 bis unter 60 Jahre,Weiblich,Sachsen,3
2021,55 bis unter 60 Jahre,Weiblich,Sachsen-Anhalt,0
2021,55 bis unter 60 Jahre,Weiblich,Schleswig-Holstein,0
2021,55 bis unter 60 Jahre,Weiblich,Thüringen,0
2021,60 bis unter 65 Jahre,Männlich,Deutschland,8
2021,60 bis unter 65 Jahre,Männlich,Baden-Württemberg,0
2021,60 bis unter 65 Jahre,Männlich,Bayern,4
2021,60 bis unter 65 Jahre,Männlich,Berlin,0
2021,60 bis unter 65 Jahre,Männlich,Brandenburg,0
2021,60 bis unter 65 Jahre,Männlich,Bremen,0
2021,60 bis unter 65 Jahre,Männlich,Hamburg,1
2021,60 bis unter 65 Jahre,Männlich,Hessen,2
2021,60 bis unter 65 Jahre,Männlich,Mecklenburg-Vorpommern,0
2021,60 bis unter 65 Jahre,Männlich,Niedersachsen,0
2021,60 bis unter 65 Jahre,Männlich,Nordrhein-Westfalen,1
2021,60 bis unter 65 Jahre,Männlich,Rheinland-Pfalz,0
2021,60 bis unter 65 Jahre,Männlich,Saarland,0
2021,60 bis unter 65 Jahre,Männlich,Sachsen,0
2021,60 bis unter 65 Jahre,Männlich,Sachsen-Anhalt,0
2021,60 bis unter 65 Jahre,Männlich,Schleswig-Holstein,0
2021,60 bis unter 65 Jahre,Männlich,Thüringen,0
2021,60 bis unter 65 Jahre,Weiblich,Deutschland,20
2021,60 bis unter 65 Jahre,Weiblich,Baden-Württemberg,1
2021,60 bis unter 65 Jahre,Weiblich,Bayern,6
2021,60 bis unter 65 Jahre,Weiblich,Berlin,0
2021,60 bis unter 65 Jahre,Weiblich,Brandenburg,0
2021,60 bis unter 65 Jahre,Weiblich,Bremen,0
2021,60 bis unter 65 Jahre,Weiblich,Hamburg,3
2021,60 bis unter 65 Jahre,Weiblich,Hessen,1
2021,60 bis unter 65 Jahre,Weiblich,Mecklenburg-Vorpommern,0
2021,60 bis unter 65 Jahre,Weiblich,Niedersachsen,0
2021,60 bis unter 65 Jahre,Weiblich,Nordrhein-Westfalen,8
2021,60 bis unter 65 Jahre,Weiblich,Rheinland-Pfalz,0
2021,60 bis unter 65 Jahre,Weiblich,Saarland,0
2021,60 bis unter 65 Jahre,Weiblich,Sachsen,1
2021,60 bis unter 65 Jahre,Weiblich,Sachsen-Anhalt,0
2021,60 bis unter 65 Jahre,Weiblich,Schleswig-Holstein,0
2021,60 bis unter 65 Jahre,Weiblich,Thüringen,0
2021,65 bis unter 70 Jahre,Männlich,Deutschland,2
2021,65 bis unter 70 Jahre,Männlich,Baden-Württemberg,0
2021,65 bis unter 70 Jahre,Männlich,Bayern,1
2021,65 bis unter 70 Jahre,Männlich,Berlin,0
2021,65 bis unter 70 Jahre,Männlich,Brandenburg,0
2021,65 bis unter 70 Jahre,Männlich,Bremen,0
2021,65 bis unter 70 Jahre,Männlich,Hamburg,0
2021,65 bis unter 70 Jahre,Männlich,Hessen,1
2021,65 bis unter 70 Jahre,Männlich,Mecklenburg-Vorpommern,0
2021,65 bis unter 70 Jahre,Männlich,Niedersachsen,0
2021,65 bis unter 70 Jahre,Männlich,Nordrhein-Westfalen,0
2021,65 bis unter 70 Jahre,Männlich,Rheinland-Pfalz,0
2021,65 bis unter 70 Jahre,Männlich,Saarland,0
2021,65 bis unter 70 Jahre,Männlich,Sachsen,0
2021,65 bis unter 70 Jahre,Männlich,Sachsen-Anhalt,0
2021,65 bis unter 70 Jahre,Männlich,Schleswig-Holstein,0
2021,65 bis unter 70 Jahre,Männlich,Thüringen,0
2021,65 bis unter 70 Jahre,Weiblich,Deutschland,9
2021,65 bis unter 70 Jahre,Weiblich,Baden-Württemberg,0
2021,65 bis unter 70 Jahre,Weiblich,Bayern,2
2021,65 bis unter 70 Jahre,Weiblich,Berlin,0
2021,65 bis unter 70 Jahre,Weiblich,Brandenburg,0
2021,65 bis unter 70 Jahre,Weiblich,Bremen,0
2021,65 bis unter 70 Jahre,Weiblich,Hamburg,3
2021,65 bis unter 70 Jahre,Weiblich,Hessen,0
2021,65 bis unter 70 Jahre,Weiblich,Mecklenburg-Vorpommern,0
2021,65 bis unter 70 Jahre,Weiblich,Niedersachsen,0
2021,65 bis unter 70 Jahre,Weiblich,Nordrhein-Westfalen,3
2021,65 bis unter 70 Jahre,Weiblich,Rheinland-Pfalz,0
2021,65 bis unter 70 Jahre,Weiblich,Saarland,0
2021,65 bis unter 70 Jahre,Weiblich,Sachsen,1
2021,65 bis unter 70 Jahre,Weiblich,Sachsen-Anhalt,0
2021,65 bis unter 70 Jahre,Weiblich,Schleswig-Holstein,0
2021,65 bis unter 70 Jahre,Weiblich,Thüringen,0
2021,70 bis unter 75 Jahre,Männlich,Deutschland,2
2021,70 bis unter 75 Jahre,Männlich,Baden-Württemberg,0
2021,70 bis unter 75 Jahre,Männlich,Bayern,2
2021,70 bis unter 75 Jahre,Männlich,Berlin,0
2021,70 bis unter 75 Jahre,Männlich,Brandenburg,0
2021,70 bis unter 75 Jahre,Männlich,Bremen,0
2021,70 bis unter 75 Jahre,Männlich,Hamburg,0
2021,70 bis unter 75 Jahre,Männlich,Hessen,0
2021,70 bis unter 75 Jahre,Männlich,Mecklenburg-Vorpommern,0
2021,70 bis unter 75 Jahre,Männlich,Niedersachsen,0
2021,70 bis unter 75 Jahre,Männlich,Nordrhein-Westfalen,0
2021,70 bis unter 75 Jahre,Männlich,Rheinland-Pfalz,0
2021,70 bis unter 75 Jahre,Männlich,Saarland,0
2021,70 bis unter 75 Jahre,Männlich,Sachsen,0
2021,70 bis unter 75 Jahre,Männlich,Sachsen-Anhalt,0
2021,70 bis unter 75 Jahre,Männlich,Schleswig-Holstein,0
2021,70 bis unter 75 Jahre,Männlich,Thüringen,0
2021,70 bis unter 75 Jahre,Weiblich,Deutschland,2
2021,70 bis unter 75 Jahre,Weiblich,Baden-Württemberg,1
2021,70 bis unter 75 Jahre,Weiblich,Bayern,1
2021,70 bis unter 75 Jahre,Weiblich,Berlin,0
2021,70 bis unter 75 Jahre,Weiblich,Brandenburg,0
2021,70 bis unter 75 Jahre,Weiblich,Bremen,0
2021,70 bis unter 75 Jahre,Weiblich,Hamburg,0
2021,70 bis unter 75 Jahre,Weiblich,Hessen,0
2021,70 bis unter 75 Jahre,Weiblich,Mecklenburg-Vorpommern,0
2021,70 bis unter 75 Jahre,Weiblich,Niedersachsen,0
2021,70 bis unter 75 Jahre,Weiblich,Nordrhein-Westfalen,0
2021,70 bis unter 75 Jahre,Weiblich,Rheinland-Pfalz,0
2021,70 bis unter 75 Jahre,Weiblich,Saarland,0
2021,70 bis unter 75 Jahre,Weiblich,Sachsen,0
2021,70 bis unter 75 Jahre,Weiblich,Sachsen-Anhalt,0
2021,70 bis unter 75 Jahre,Weiblich,Schleswig-Holstein,0
2021,70 bis unter 75 Jahre,Weiblich,Thüringen,0
2021,75 bis unter 80 Jahre,Männlich,Deutschland,1
2021,75 bis unter 80 Jahre,Männlich,Baden-Württemberg,0
2021,75 bis unter 80 Jahre,Männlich,Bayern,0
2021,75 bis unter 80 Jahre,Männlich,Berlin,0
2021,75 bis unter 80 Jahre,Männlich,Brandenburg,0
2021,75 bis unter 80 Jahre,Männlich,Bremen,0
2021,75 bis unter 80 Jahre,Männlich,Hamburg,0
2021,75 bis unter 80 Jahre,Männlich,Hessen,0
2021,75 bis unter 80 Jahre,Männlich,Mecklenburg-Vorpommern,0
2021,75 bis unter 80 Jahre,Männlich,Niedersachsen,0
2021,75 bis unter 80 Jahre,Männlich,Nordrhein-Westfalen,1
2021,75 bis unter 80 Jahre,Männlich,Rheinland-Pfalz,0
2021,75 bis unter 80 Jahre,Männlich,Saarland,0
2021,75 bis unter 80 Jahre,Männlich,Sachsen,0
2021,75 bis unter 80 Jahre,Männlich,Sachsen-Anhalt,0
2021,75 bis unter 80 Jahre,Männlich,Schleswig-Holstein,0
2021,75 bis unter 80 Jahre,Männlich,Thüringen,0
2021,75 bis unter 80 Jahre,Weiblich,Deutschland,0
2021,75 bis unter 80 Jahre,Weiblich,Baden-Württemberg,0
2021,75 bis unter 80 Jahre,Weiblich,Bayern,0
2021,75 bis unter 80 Jahre,Weiblich,Berlin,0
2021,75 bis unter 80 Jahre,Weiblich,Brandenburg,0
2021,75 bis unter 80 Jahre,Weiblich,Bremen,0
2021,75 bis unter 80 Jahre,Weiblich,Hamburg,0
2021,75 bis unter 80 Jahre,Weiblich,Hessen,0
2021,75 bis unter 80 Jahre,Weiblich,Mecklenburg-Vorpommern,0
2021,75 bis unter 80 Jahre,Weiblich,Niedersachsen,0
2021,75 bis unter 80 Jahre,Weiblich,Nordrhein-Westfalen,0
2021,75 bis unter 80 Jahre,Weiblich,Rheinland-Pfalz,0
2021,75 bis unter 80 Jahre,Weiblich,Saarland,0
2021,75 bis unter 80 Jahre,Weiblich,Sachsen,0
2021,75 bis unter 80 Jahre,Weiblich,Sachsen-Anhalt,0
2021,75 bis unter 80 Jahre,Weiblich,Schleswig-Holstein,0
2021,75 bis unter 80 Jahre,Weiblich,Thüringen,0
2021,80 bis unter 85 Jahre,Männlich,Deutschland,0
2021,80 bis unter 85 Jahre,Männlich,Baden-Württemberg,0
2021,80 bis unter 85 Jahre,Männlich,Bayern,0
2021,80 bis unter 85 Jahre,Männlich,Berlin,0
2021,80 bis unter 85 Jahre,Männlich,Brandenburg,0
2021,80 bis unter 85 Jahre,Männlich,Bremen,0
2021,80 bis unter 85 Jahre,Männlich,Hamburg,0
2021,80 bis unter 85 Jahre,Männlich,Hessen,0
2021,80 bis unter 85 Jahre,Männlich,Mecklenburg-Vorpommern,0
2021,80 bis unter 85 Jahre,Männlich,Niedersachsen,0
2021,80 bis unter 85 Jahre,Männlich,Nordrhein-Westfalen,0
2021,80 bis unter 85 Jahre,Männlich,Rheinland-Pfalz,0
2021,80 bis unter 85 Jahre,Männlich,Saarland,0
2021,80 bis unter 85 Jahre,Männlich,Sachsen,0
2021,80 bis unter 85 Jahre,Männlich,Sachsen-Anhalt,0
2021,80 bis unter 85 Jahre,Männlich,Schleswig-Holstein,0
2021,80 bis unter 85 Jahre,Männlich,Thüringen,0
2021,80 bis unter 85 Jahre,Weiblich,Deutschland,0
2021,80 bis unter 85 Jahre,Weiblich,Baden-Württemberg,0
2021,80 bis unter 85 Jahre,Weiblich,Bayern,0
2021,80 bis unter 85 Jahre,Weiblich,Berlin,0
2021,80 bis unter 85 Jahre,Weiblich,Brandenburg,0
2021,80 bis unter 85 Jahre,Weiblich,Bremen,0
2021,80 bis unter 85 Jahre,Weiblich,Hamburg,0
2021,80 bis unter 85 Jahre,Weiblich,Hessen,0
2021,80 bis unter 85 Jahre,Weiblich,Mecklenburg-Vorpommern,0
2021,80 bis unter 85 Jahre,Weiblich,Niedersachsen,0
2021,80 bis unter 85 Jahre,Weiblich,Nordrhein-Westfalen,0
2021,80 bis unter 85 Jahre,Weiblich,Rheinland-Pfalz,0
2021,80 bis unter 85 Jahre,Weiblich,Saarland,0
2021,80 bis unter 85 Jahre,Weiblich,Sachsen,0
2021,80 bis unter 85 Jahre,Weiblich,Sachsen-Anhalt,0
2021,80 bis unter 85 Jahre,Weiblich,Schleswig-Holstein,0
2021,80 bis unter 85 Jahre,Weiblich,Thüringen,0
2021,85 bis unter 90 Jahre,Männlich,Deutschland,0
2021,85 bis unter 90 Jahre,Männlich,Baden-Württemberg,0
2021,85 bis unter 90 Jahre,Männlich,Bayern,0
2021,85 bis unter 90 Jahre,Männlich,Berlin,0
2021,85 bis unter 90 Jahre,Männlich,Brandenburg,0
2021,85 bis unter 90 Jahre,Männlich,Bremen,0
2021,85 bis unter 90 Jahre,Männlich,Hamburg,0
2021,85 bis unter 90 Jahre,Männlich,Hessen,0
2021,85 bis unter 90 Jahre,Männlich,Mecklenburg-Vorpommern,0
2021,85 bis unter 90 Jahre,Männlich,Niedersachsen,0
2021,85 bis unter 90 Jahre,Männlich,Nordrhein-Westfalen,0
2021,85 bis unter 90 Jahre,Männlich,Rheinland-Pfalz,0
2021,85 bis unter 90 Jahre,Männlich,Saarland,0
2021,85 bis unter 90 Jahre,Männlich,Sachsen,0
2021,85 bis unter 90 Jahre,Männlich,Sachsen-Anhalt,0
2021,85 bis unter 90 Jahre,Männlich,Schleswig-Holstein,0
2021,85 bis unter 90 Jahre,Männlich,Thüringen,0
2021,85 bis unter 90 Jahre,Weiblich,Deutschland,0
2021,85 bis unter 90 Jahre,Weiblich,Baden-Württemberg,0
2021,85 bis unter 90 Jahre,Weiblich,Bayern,0
2021,85 bis unter 90 Jahre,Weiblich,Berlin,0
2021,85 bis unter 90 Jahre,Weiblich,Brandenburg,0
2021,85 bis unter 90 Jahre,Weiblich,Bremen,0
2021,85 bis unter 90 Jahre,Weiblich,Hamburg,0
2021,85 bis unter 90 Jahre,Weiblich,Hessen,0
2021,85 bis unter 90 Jahre,Weiblich,Mecklenburg-Vorpommern,0
2021,85 bis unter 90 Jahre,Weiblich,Niedersachsen,0
2021,85 bis unter 90 Jahre,Weiblich,Nordrhein-Westfalen,0
2021,85 bis unter 90 Jahre,Weiblich,Rheinland-Pfalz,0
2021,85 bis unter 90 Jahre,Weiblich,Saarland,0
2021,85 bis unter 90 Jahre,Weiblich,Sachsen,0
2021,85 bis unter 90 Jahre,Weiblich,Sachsen-Anhalt,0
2021,85 bis unter 90 Jahre,Weiblich,Schleswig-Holstein,0
2021,85 bis unter 90 Jahre,Weiblich,Thüringen,0
2021,90 bis unter 95 Jahre,Männlich,Deutschland,0
2021,90 bis unter 95 Jahre,Männlich,Baden-Württemberg,0
2021,90 bis unter 95 Jahre,Männlich,Bayern,0
2021,90 bis unter 95 Jahre,Männlich,Berlin,0
2021,90 bis unter 95 Jahre,Männlich,Brandenburg,0
2021,90 bis unter 95 Jahre,Männlich,Bremen,0
2021,90 bis unter 95 Jahre,Männlich,Hamburg,0
2021,90 bis unter 95 Jahre,Männlich,Hessen,0
2021,90 bis unter 95 Jahre,Männlich,Mecklenburg-Vorpommern,0
2021,90 bis unter 95 Jahre,Männlich,Niedersachsen,0
2021,90 bis unter 95 Jahre,Männlich,Nordrhein-Westfalen,0
2021,90 bis unter 95 Jahre,Männlich,Rheinland-Pfalz,0
2021,90 bis unter 95 Jahre,Männlich,Saarland,0
2021,90 bis unter 95 Jahre,Männlich,Sachsen,0
2021,90 bis unter 95 Jahre,Männlich,Sachsen-Anhalt,0
2021,90 bis unter 95 Jahre,Männlich,Schleswig-Holstein,0
2021,90 bis unter 95 Jahre,Männlich,Thüringen,0
2021,90 bis unter 95 Jahre,Weiblich,Deutschland,0
2021,90 bis unter 95 Jahre,Weiblich,Baden-Württemberg,0
2021,90 bis unter 95 Jahre,Weiblich,Bayern,0
2021,90 bis unter 95 Jahre,Weiblich,Berlin,0
2021,90 bis unter 95 Jahre,Weiblich,Brandenburg,0
2021,90 bis unter 95 Jahre,Weiblich,Bremen,0
2021,90 bis unter 95 Jahre,Weiblich,Hamburg,0
2021,90 bis unter 95 Jahre,Weiblich,Hessen,0
2021,90 bis unter 95 Jahre,Weiblich,Mecklenburg-Vorpommern,0
2021,90 bis unter 95 Jahre,Weiblich,Niedersachsen,0
2021,90 bis unter 95 Jahre,Weiblich,Nordrhein-Westfalen,0
2021,90 bis unter 95 Jahre,Weiblich,Rheinland-Pfalz,0
2021,90 bis unter 95 Jahre,Weiblich,Saarland,0
2021,90 bis unter 95 Jahre,Weiblich,Sachsen,0
2021,90 bis unter 95 Jahre,Weiblich,Sachsen-Anhalt,0
2021,90 bis unter 95 Jahre,Weiblich,Schleswig-Holstein,0
2021,90 bis unter 95 Jahre,Weiblich,Thüringen,0
2021,95 Jahre und älter,Männlich,Deutschland,0
2021,95 Jahre und älter,Männlich,Baden-Württemberg,0
2021,95 Jahre und älter,Männlich,Bayern,0
2021,95 Jahre und älter,Männlich,Berlin,0
2021,95 Jahre und älter,Männlich,Brandenburg,0
2021,95 Jahre und älter,Männlich,Bremen,0
2021,95 Jahre und älter,Männlich,Hamburg,0
2021,95 Jahre und älter,Männlich,Hessen,0
2021,95 Jahre und älter,Männlich,Mecklenburg-Vorpommern,0
2021,95 Jahre und älter,Männlich,Niedersachsen,0
2021,95 Jahre und älter,Männlich,Nordrhein-Westfalen,0
2021,95 Jahre und älter,Männlich,Rheinland-Pfalz,0
2021,95 Jahre und älter,Männlich,Saarland,0
2021,95 Jahre und älter,Männlich,Sachsen,0
2021,95 Jahre und älter,Männlich,Sachsen-Anhalt,0
2021,95 Jahre und älter,Männlich,Schleswig-Holstein,0
2021,95 Jahre und älter,Männlich,Thüringen,0
2021,95 Jahre und älter,Weiblich,Deutschland,0
2021,95 Jahre und älter,Weiblich,Baden-Württemberg,0
2021,95 Jahre und älter,Weiblich,Bayern,0
2021,95 Jahre und älter,Weiblich,Berlin,0
2021,95 Jahre und älter,Weiblich,Brandenburg,0
2021,95 Jahre und älter,Weiblich,Bremen,0
2021,95 Jahre und älter,Weiblich,Hamburg,0
2021,95 Jahre und älter,Weiblich,Hessen,0
2021,95 Jahre und älter,Weiblich,Mecklenburg-Vorpommern,0
2021,95 Jahre und älter,Weiblich,Niedersachsen,0
2021,95 Jahre und älter,Weiblich,Nordrhein-Westfalen,0
2021,95 Jahre und älter,Weiblich,Rheinland-Pfalz,0
2021,95 Jahre und älter,Weiblich,Saarland,0
2021,95 Jahre und älter,Weiblich,Sachsen,0
2021,95 Jahre und älter,Weiblich,Sachsen-Anhalt,0
2021,95 Jahre und älter,Weiblich,Schleswig-Holstein,0
2021,95 Jahre und älter,Weiblich,Thüringen,0
2022,Unter 1 Jahr,Männlich,Deutschland,0
2022,Unter 1 Jahr,Männlich,Baden-Württemberg,0
2022,Unter 1 Jahr,Männlich,Bayern,0
2022,Unter 1 Jahr,Männlich,Berlin,0
2022,Unter 1 Jahr,Männlich,Brandenburg,0
2022,Unter 1 Jahr,Männlich,Bremen,0
2022,Unter 1 Jahr,Männlich,Hamburg,0
2022,Unter 1 Jahr,Männlich,Hessen,0
2022,Unter 1 Jahr,Männlich,Mecklenburg-Vorpommern,0
2022,Unter 1 Jahr,Männlich,Niedersachsen,0
2022,Unter 1 Jahr,Männlich,Nordrhein-Westfalen,0
2022,Unter 1 Jahr,Männlich,Rheinland-Pfalz,0
2022,Unter 1 Jahr,Männlich,Saarland,0
2022,Unter 1 Jahr,Männlich,Sachsen,0
2022,Unter 1 Jahr,Männlich,Sachsen-Anhalt,0
2022,Unter 1 Jahr,Männlich,Schleswig-Holstein,0
2022,Unter 1 Jahr,Männlich,Thüringen,0
2022,Unter 1 Jahr,Weiblich,Deutschland,0
2022,Unter 1 Jahr,Weiblich,Baden-Württemberg,0
2022,Unter 1 Jahr,Weiblich,Bayern,0
2022,Unter 1 Jahr,Weiblich,Berlin,0
2022,Unter 1 Jahr,Weiblich,Brandenburg,0
2022,Unter 1 Jahr,Weiblich,Bremen,0
2022,Unter 1 Jahr,Weiblich,Hamburg,0
2022,Unter 1 Jahr,Weiblich,Hessen,0
2022,Unter 1 Jahr,Weiblich,Mecklenburg-Vorpommern,0
2022,Unter 1 Jahr,Weiblich,Niedersachsen,0
2022,Unter 1 Jahr,Weiblich,Nordrhein-Westfalen,0
2022,Unter 1 Jahr,Weiblich,Rheinland-Pfalz,0
2022,Unter 1 Jahr,Weiblich,Saarland,0
2022,Unter 1 Jahr,Weiblich,Sachsen,0
2022,Unter 1 Jahr,Weiblich,Sachsen-Anhalt,0
2022,Unter 1 Jahr,Weiblich,Schleswig-Holstein,0
2022,Unter 1 Jahr,Weiblich,Thüringen,0
2022,1 Jahr bis unter 5 Jahre,Männlich,Deutschland,0
2022,1 Jahr bis unter 5 Jahre,Männlich,Baden-Württemberg,0
2022,1 Jahr bis unter 5 Jahre,Männlich,Bayern,0
2022,1 Jahr bis unter 5 Jahre,Männlich,Berlin,0
2022,1 Jahr bis unter 5 Jahre,Männlich,Brandenburg,0
2022,1 Jahr bis unter 5 Jahre,Männlich,Bremen,0
2022,1 Jahr bis unter 5 Jahre,Männlich,Hamburg,0
2022,1 Jahr bis unter 5 Jahre,Männlich,Hessen,0
2022,1 Jahr bis unter 5 Jahre,Männlich,Mecklenburg-Vorpommern,0
2022,1 Jahr bis unter 5 Jahre,Männlich,Niedersachsen,0
2022,1 Jahr bis unter 5 Jahre,Männlich,Nordrhein-Westfalen,0
2022,1 Jahr bis unter 5 Jahre,Männlich,Rheinland-Pfalz,0
2022,1 Jahr bis unter 5 Jahre,Männlich,Saarland,0
2022,1 Jahr bis unter 5 Jahre,Männlich,Sachsen,0
2022,1 Jahr bis unter 5 Jahre,Männlich,Sachsen-Anhalt,0
2022,1 Jahr bis unter 5 Jahre,Männlich,Schleswig-Holstein,0
2022,1 Jahr bis unter 5 Jahre,Männlich,Thüringen,0
2022,1 Jahr bis unter 5 Jahre,Weiblich,Deutschland,0
2022,1 Jahr bis unter 5 Jahre,Weiblich,Baden-Württemberg,0
2022,1 Jahr bis unter 5 Jahre,Weiblich,Bayern,0
2022,1 Jahr bis unter 5 Jahre,Weiblich,Berlin,0
2022,1 Jahr bis unter 5 Jahre,Weiblich,Brandenburg,0
2022,1 Jahr bis unter 5 Jahre,Weiblich,Bremen,0
2022,1 Jahr bis unter 5 Jahre,Weiblich,Hamburg,0
2022,1 Jahr bis unter 5 Jahre,Weiblich,Hessen,0
2022,1 Jahr bis unter 5 Jahre,Weiblich,Mecklenburg-Vorpommern,0
2022,1 Jahr bis unter 5 Jahre,Weiblich,Niedersachsen,0
2022,1 Jahr bis unter 5 Jahre,Weiblich,Nordrhein-Westfalen,0
2022,1 Jahr bis unter 5 Jahre,Weiblich,Rheinland-Pfalz,0
2022,1 Jahr bis unter 5 Jahre,Weiblich,Saarland,0
2022,1 Jahr bis unter 5 Jahre,Weiblich,Sachsen,0
2022,1 Jahr bis unter 5 Jahre,Weiblich,Sachsen-Anhalt,0
2022,1 Jahr bis unter 5 Jahre,Weiblich,Schleswig-Holstein,0
2022,1 Jahr bis unter 5 Jahre,Weiblich,Thüringen,0
2022,5 bis unter 10 Jahre,Männlich,Deutschland,0
2022,5 bis unter 10 Jahre,Männlich,Baden-Württemberg,0
2022,5 bis unter 10 Jahre,Männlich,Bayern,0
2022,5 bis unter 10 Jahre,Männlich,Berlin,0
2022,5 bis unter 10 Jahre,Männlich,Brandenburg,0
2022,5 bis unter 10 Jahre,Männlich,Bremen,0
2022,5 bis unter 10 Jahre,Männlich,Hamburg,0
2022,5 bis unter 10 Jahre,Männlich,Hessen,0
2022,5 bis unter 10 Jahre,Männlich,Mecklenburg-Vorpommern,0
2022,5 bis unter 10 Jahre,Männlich,Niedersachsen,0
2022,5 bis unter 10 Jahre,Männlich,Nordrhein-Westfalen,0
2022,5 bis unter 10 Jahre,Männlich,Rheinland-Pfalz,0
2022,5 bis unter 10 Jahre,Männlich,Saarland,0
2022,5 bis unter 10 Jahre,Männlich,Sachsen,0
2022,5 bis unter 10 Jahre,Männlich,Sachsen-Anhalt,0
2022,5 bis unter 10 Jahre,Männlich,Schleswig-Holstein,0
2022,5 bis unter 10 Jahre,Männlich,Thüringen,0
2022,5 bis unter 10 Jahre,Weiblich,Deutschland,0
2022,5 bis unter 10 Jahre,Weiblich,Baden-Württemberg,0
2022,5 bis unter 10 Jahre,Weiblich,Bayern,0
2022,5 bis unter 10 Jahre,Weiblich,Berlin,0
2022,5 bis unter 10 Jahre,Weiblich,Brandenburg,0
2022,5 bis unter 10 Jahre,Weiblich,Bremen,0
2022,5 bis unter 10 Jahre,Weiblich,Hamburg,0
2022,5 bis unter 10 Jahre,Weiblich,Hessen,0
2022,5 bis unter 10 Jahre,Weiblich,Mecklenburg-Vorpommern,0
2022,5 bis unter 10 Jahre,Weiblich,Niedersachsen,0
2022,5 bis unter 10 Jahre,Weiblich,Nordrhein-Westfalen,0
2022,5 bis unter 10 Jahre,Weiblich,Rheinland-Pfalz,0
2022,5 bis unter 10 Jahre,Weiblich,Saarland,0
2022,5 bis unter 10 Jahre,Weiblich,Sachsen,0
2022,5 bis unter 10 Jahre,Weiblich,Sachsen-Anhalt,0
2022,5 bis unter 10 Jahre,Weiblich,Schleswig-Holstein,0
2022,5 bis unter 10 Jahre,Weiblich,Thüringen,0
2022,10 bis unter 15 Jahre,Männlich,Deutschland,0
2022,10 bis unter 15 Jahre,Männlich,Baden-Württemberg,0
2022,10 bis unter 15 Jahre,Männlich,Bayern,0
2022,10 bis unter 15 Jahre,Männlich,Berlin,0
2022,10 bis unter 15 Jahre,Männlich,Brandenburg,0
2022,10 bis unter 15 Jahre,Männlich,Bremen,0
2022,10 bis unter 15 Jahre,Männlich,Hamburg,0
2022,10 bis unter 15 Jahre,Männlich,Hessen,0
2022,10 bis unter 15 Jahre,Männlich,Mecklenburg-Vorpommern,0
2022,10 bis unter 15 Jahre,Männlich,Niedersachsen,0
2022,10 bis unter 15 Jahre,Männlich,Nordrhein-Westfalen,0
2022,10 bis unter 15 Jahre,Männlich,Rheinland-Pfalz,0
2022,10 bis unter 15 Jahre,Männlich,Saarland,0
2022,10 bis unter 15 Jahre,Männlich,Sachsen,0
2022,10 bis unter 15 Jahre,Männlich,Sachsen-Anhalt,0
2022,10 bis unter 15 Jahre,Männlich,Schleswig-Holstein,0
2022,10 bis unter 15 Jahre,Männlich,Thüringen,0
2022,10 bis unter 15 Jahre,Weiblich,Deutschland,0
2022,10 bis unter 15 Jahre,Weiblich,Baden-Württemberg,0
2022,10 bis unter 15 Jahre,Weiblich,Bayern,0
2022,10 bis unter 15 Jahre,Weiblich,Berlin,0
2022,10 bis unter 15 Jahre,Weiblich,Brandenburg,0
2022,10 bis unter 15 Jahre,Weiblich,Bremen,0
2022,10 bis unter 15 Jahre,Weiblich,Hamburg,0
2022,10 bis unter 15 Jahre,Weiblich,Hessen,0
2022,10 bis unter 15 Jahre,Weiblich,Mecklenburg-Vorpommern,0
2022,10 bis unter 15 Jahre,Weiblich,Niedersachsen,0
2022,10 bis unter 15 Jahre,Weiblich,Nordrhein-Westfalen,0
2022,10 bis unter 15 Jahre,Weiblich,Rheinland-Pfalz,0
2022,10 bis unter 15 Jahre,Weiblich,Saarland,0
2022,10 bis unter 15 Jahre,Weiblich,Sachsen,0
2022,10 bis unter 15 Jahre,Weiblich,Sachsen-Anhalt,0
2022,10 bis unter 15 Jahre,Weiblich,Schleswig-Holstein,0
2022,10 bis unter 15 Jahre,Weiblich,Thüringen,0
2022,15 bis unter 20 Jahre,Männlich,Deutschland,112
2022,15 bis unter 20 Jahre,Männlich,Baden-Württemberg,4
2022,15 bis unter 20 Jahre,Männlich,Bayern,43
2022,15 bis unter 20 Jahre,Männlich,Berlin,50
2022,15 bis unter 20 Jahre,Männlich,Brandenburg,0
2022,15 bis unter 20 Jahre,Männlich,Bremen,0
2022,15 bis unter 20 Jahre,Männlich,Hamburg,6
2022,15 bis unter 20 Jahre,Männlich,Hessen,7
2022,15 bis unter 20 Jahre,Männlich,Mecklenburg-Vorpommern,0
2022,15 bis unter 20 Jahre,Männlich,Niedersachsen,0
2022,15 bis unter 20 Jahre,Männlich,Nordrhein-Westfalen,2
2022,15 bis unter 20 Jahre,Männlich,Rheinland-Pfalz,0
2022,15 bis unter 20 Jahre,Männlich,Saarland,0
2022,15 bis unter 20 Jahre,Männlich,Sachsen,0
2022,15 bis unter 20 Jahre,Männlich,Sachsen-Anhalt,0
2022,15 bis unter 20 Jahre,Männlich,Schleswig-Holstein,0
2022,15 bis unter 20 Jahre,Männlich,Thüringen,0
2022,15 bis unter 20 Jahre,Weiblich,Deutschland,50
2022,15 bis unter 20 Jahre,Weiblich,Baden-Württemberg,0
2022,15 bis unter 20 Jahre,Weiblich,Bayern,14
2022,15 bis unter 20 Jahre,Weiblich,Berlin,11
2022,15 bis unter 20 Jahre,Weiblich,Brandenburg,0
2022,15 bis unter 20 Jahre,Weiblich,Bremen,0
2022,15 bis unter 20 Jahre,Weiblich,Hamburg,6
2022,15 bis unter 20 Jahre,Weiblich,Hessen,10
2022,15 bis unter 20 Jahre,Weiblich,Mecklenburg-Vorpommern,0
2022,15 bis unter 20 Jahre,Weiblich,Niedersachsen,1
2022,15 bis unter 20 Jahre,Weiblich,Nordrhein-Westfalen,8
2022,15 bis unter 20 Jahre,Weiblich,Rheinland-Pfalz,0
2022,15 bis unter 20 Jahre,Weiblich,Saarland,0
2022,15 bis unter 20 Jahre,Weiblich,Sachsen,0
2022,15 bis unter 20 Jahre,Weiblich,Sachsen-Anhalt,0
2022,15 bis unter 20 Jahre,Weiblich,Schleswig-Holstein,0
2022,15 bis unter 20 Jahre,Weiblich,Thüringen,0
2022,20 bis unter 25 Jahre,Männlich,Deutschland,484
2022,20 bis unter 25 Jahre,Männlich,Baden-Württemberg,11
2022,20 bis unter 25 Jahre,Männlich,Bayern,256
2022,20 bis unter 25 Jahre,Männlich,Berlin,145
2022,20 bis unter 25 Jahre,Männlich,Brandenburg,0
2022,20 bis unter 25 Jahre,Männlich,Bremen,0
2022,20 bis unter 25 Jahre,Männlich,Hamburg,23
2022,20 bis unter 25 Jahre,Männlich,Hessen,26
2022,20 bis unter 25 Jahre,Männlich,Mecklenburg-Vorpommern,0
2022,20 bis unter 25 Jahre,Männlich,Niedersachsen,0
2022,20 bis unter 25 Jahre,Männlich,Nordrhein-Westfalen,20
2022,20 bis unter 25 Jahre,Männlich,Rheinland-Pfalz,1
2022,20 bis unter 25 Jahre,Männlich,Saarland,0
2022,20 bis unter 25 Jahre,Männlich,Sachsen,2
2022,20 bis unter 25 Jahre,Männlich,Sachsen-Anhalt,0
2022,20 bis unter 25 Jahre,Männlich,Schleswig-Holstein,0
2022,20 bis unter 25 Jahre,Männlich,Thüringen,0
2022,20 bis unter 25 Jahre,Weiblich,Deutschland,190
2022,20 bis unter 25 Jahre,Weiblich,Baden-Württemberg,6
2022,20 bis unter 25 Jahre,Weiblich,Bayern,84
2022,20 bis unter 25 Jahre,Weiblich,Berlin,25
2022,20 bis unter 25 Jahre,Weiblich,Brandenburg,0
2022,20 bis unter 25 Jahre,Weiblich,Bremen,0
2022,20 bis unter 25 Jahre,Weiblich,Hamburg,19
2022,20 bis unter 25 Jahre,Weiblich,Hessen,15
2022,20 bis unter 25 Jahre,Weiblich,Mecklenburg-Vorpommern,0
2022,20 bis unter 25 Jahre,Weiblich,Niedersachsen,0
2022,20 bis unter 25 Jahre,Weiblich,Nordrhein-Westfalen,36
2022,20 bis unter 25 Jahre,Weiblich,Rheinland-Pfalz,0
2022,20 bis unter 25 Jahre,Weiblich,Saarland,0
2022,20 bis unter 25 Jahre,Weiblich,Sachsen,5
2022,20 bis unter 25 Jahre,Weiblich,Sachsen-Anhalt,0
2022,20 bis unter 25 Jahre,Weiblich,Schleswig-Holstein,0
2022,20 bis unter 25 Jahre,Weiblich,Thüringen,0
2022,25 bis unter 30 Jahre,Männlich,Deutschland,421
2022,25 bis unter 30 Jahre,Männlich,Baden-Württemberg,5
2022,25 bis unter 30 Jahre,Männlich,Bayern,259
2022,25 bis unter 30 Jahre,Männlich,Berlin,79
2022,25 bis unter 30 Jahre,Männlich,Brandenburg,0
2022,25 bis unter 30 Jahre,Männlich,Bremen,0
2022,25 bis unter 30 Jahre,Männlich,Hamburg,19
2022,25 bis unter 30 Jahre,Männlich,Hessen,12
2022,25 bis unter 30 Jahre,Männlich,Mecklenburg-Vorpommern,0
2022,25 bis unter 30 Jahre,Männlich,Niedersachsen,0
2022,25 bis unter 30 Jahre,Männlich,Nordrhein-Westfalen,42
2022,25 bis unter 30 Jahre,Männlich,Rheinland-Pfalz,0
2022,25 bis unter 30 Jahre,Männlich,Saarland,0
2022,25 bis unter 30 Jahre,Männlich,Sachsen,4
2022,25 bis unter 30 Jahre,Männlich,Sachsen-Anhalt,1
2022,25 bis unter 30 Jahre,Männlich,Schleswig-Holstein,0
2022,25 bis unter 30 Jahre,Männlich,Thüringen,0
2022,25 bis unter 30 Jahre,Weiblich,Deutschland,213
2022,25 bis unter 30 Jahre,Weiblich,Baden-Württemberg,3
2022,25 bis unter 30 Jahre,Weiblich,Bayern,115
2022,25 bis unter 30 Jahre,Weiblich,Berlin,23
2022,25 bis unter 30 Jahre,Weiblich,Brandenburg,0
2022,25 bis unter 30 Jahre,Weiblich,Bremen,0
2022,25 bis unter 30 Jahre,Weiblich,Hamburg,23
2022,25 bis unter 30 Jahre,Weiblich,Hessen,8
2022,25 bis unter 30 Jahre,Weiblich,Mecklenburg-Vorpommern,0
2022,25 bis unter 30 Jahre,Weiblich,Niedersachsen,0
2022,25 bis unter 30 Jahre,Weiblich,Nordrhein-Westfalen,30
2022,25 bis unter 30 Jahre,Weiblich,Rheinland-Pfalz,0
2022,25 bis unter 30 Jahre,Weiblich,Saarland,0
2022,25 bis unter 30 Jahre,Weiblich,Sachsen,9
2022,25 bis unter 30 Jahre,Weiblich,Sachsen-Anhalt,2
2022,25 bis unter 30 Jahre,Weiblich,Schleswig-Holstein,0
2022,25 bis unter 30 Jahre,Weiblich,Thüringen,0
2022,30 bis unter 35 Jahre,Männlich,Deutschland,265
2022,30 bis unter 35 Jahre,Männlich,Baden-Württemberg,1
2022,30 bis unter 35 Jahre,Männlich,Bayern,154
2022,30 bis unter 35 Jahre,Männlich,Berlin,53
2022,30 bis unter 35 Jahre,Männlich,Brandenburg,0
2022,30 bis unter 35 Jahre,Männlich,Bremen,0
2022,30 bis unter 35 Jahre,Männlich,Hamburg,16
2022,30 bis unter 35 Jahre,Männlich,Hessen,19
2022,30 bis unter 35 Jahre,Männlich,Mecklenburg-Vorpommern,0
2022,30 bis unter 35 Jahre,Männlich,Niedersachsen,1
2022,30 bis unter 35 Jahre,Männlich,Nordrhein-Westfalen,19
2022,30 bis unter 35 Jahre,Männlich,Rheinland-Pfalz,1
2022,30 bis unter 35 Jahre,Männlich,Saarland,0
2022,30 bis unter 35 Jahre,Männlich,Sachsen,1
2022,30 bis unter 35 Jahre,Männlich,Sachsen-Anhalt,0
2022,30 bis unter 35 Jahre,Männlich,Schleswig-Holstein,0
2022,30 bis unter 35 Jahre,Männlich,Thüringen,0
2022,30 bis unter 35 Jahre,Weiblich,Deutschland,116
2022,30 bis unter 35 Jahre,Weiblich,Baden-Württemberg,4
2022,30 bis unter 35 Jahre,Weiblich,Bayern,68
2022,30 bis unter 35 Jahre,Weiblich,Berlin,9
2022,30 bis unter 35 Jahre,Weiblich,Brandenburg,0
2022,30 bis unter 35 Jahre,Weiblich,Bremen,0
2022,30 bis unter 35 Jahre,Weiblich,Hamburg,7
2022,30 bis unter 35 Jahre,Weiblich,Hessen,5
2022,30 bis unter 35 Jahre,Weiblich,Mecklenburg-Vorpommern,0
2022,30 bis unter 35 Jahre,Weiblich,Niedersachsen,0
2022,30 bis unter 35 Jahre,Weiblich,Nordrhein-Westfalen,18
2022,30 bis unter 35 Jahre,Weiblich,Rheinland-Pfalz,0
2022,30 bis unter 35 Jahre,Weiblich,Saarland,0
2022,30 bis unter 35 Jahre,Weiblich,Sachsen,3
2022,30 bis unter 35 Jahre,Weiblich,Sachsen-Anhalt,2
2022,30 bis unter 35 Jahre,Weiblich,Schleswig-Holstein,0
2022,30 bis unter 35 Jahre,Weiblich,Thüringen,0
2022,35 bis unter 40 Jahre,Männlich,Deutschland,133
2022,35 bis unter 40 Jahre,Männlich,Baden-Württemberg,0
2022,35 bis unter 40 Jahre,Männlich,Bayern,89
2022,35 bis unter 40 Jahre,Männlich,Berlin,27
2022,35 bis unter 40 Jahre,Männlich,Brandenburg,0
2022,35 bis unter 40 Jahre,Männlich,Bremen,0
2022,35 bis unter 40 Jahre,Männlich,Hamburg,3
2022,35 bis unter 40 Jahre,Männlich,Hessen,5
2022,35 bis unter 40 Jahre,Männlich,Mecklenburg-Vorpommern,0
2022,35 bis unter 40 Jahre,Männlich,Niedersachsen,0
2022,35 bis unter 40 Jahre,Männlich,Nordrhein-Westfalen,6
2022,35 bis unter 40 Jahre,Männlich,Rheinland-Pfalz,0
2022,35 bis unter 40 Jahre,Männlich,Saarland,0
2022,35 bis unter 40 Jahre,Männlich,Sachsen,3
2022,35 bis unter 40 Jahre,Männlich,Sachsen-Anhalt,0
2022,35 bis unter 40 Jahre,Männlich,Schleswig-Holstein,0
2022,35 bis unter 40 Jahre,Männlich,Thüringen,0
2022,35 bis unter 40 Jahre,Weiblich,Deutschland,91
2022,35 bis unter 40 Jahre,Weiblich,Baden-Württemberg,4
2022,35 bis unter 40 Jahre,Weiblich,Bayern,52
2022,35 bis unter 40 Jahre,Weiblich,Berlin,5
2022,35 bis unter 40 Jahre,Weiblich,Brandenburg,0
2022,35 bis unter 40 Jahre,Weiblich,Bremen,0
2022,35 bis unter 40 Jahre,Weiblich,Hamburg,17
2022,35 bis unter 40 Jahre,Weiblich,Hessen,1
2022,35 bis unter 40 Jahre,Weiblich,Mecklenburg-Vorpommern,0
2022,35 bis unter 40 Jahre,Weiblich,Niedersachsen,0
2022,35 bis unter 40 Jahre,Weiblich,Nordrhein-Westfalen,10
2022,35 bis unter 40 Jahre,Weiblich,Rheinland-Pfalz,0
2022,35 bis unter 40 Jahre,Weiblich,Saarland,0
2022,35 bis unter 40 Jahre,Weiblich,Sachsen,2
2022,35 bis unter 40 Jahre,Weiblich,Sachsen-Anhalt,0
2022,35 bis unter 40 Jahre,Weiblich,Schleswig-Holstein,0
2022,35 bis unter 40 Jahre,Weiblich,Thüringen,0
2022,40 bis unter 45 Jahre,Männlich,Deutschland,120
2022,40 bis unter 45 Jahre,Männlich,Baden-Württemberg,0
2022,40 bis unter 45 Jahre,Männlich,Bayern,69
2022,40 bis unter 45 Jahre,Männlich,Berlin,31
2022,40 bis unter 45 Jahre,Männlich,Brandenburg,0
2022,40 bis unter 45 Jahre,Männlich,Bremen,0
2022,40 bis unter 45 Jahre,Männlich,Hamburg,8
2022,40 bis unter 45 Jahre,Männlich,Hessen,6
2022,40 bis unter 45 Jahre,Männlich,Mecklenburg-Vorpommern,0
2022,40 bis unter 45 Jahre,Männlich,Niedersachsen,0
2022,40 bis unter 45 Jahre,Männlich,Nordrhein-Westfalen,6
2022,40 bis unter 45 Jahre,Männlich,Rheinland-Pfalz,0
2022,40 bis unter 45 Jahre,Männlich,Saarland,0
2022,40 bis unter 45 Jahre,Männlich,Sachsen,0
2022,40 bis unter 45 Jahre,Männlich,Sachsen-Anhalt,0
2022,40 bis unter 45 Jahre,Männlich,Schleswig-Holstein,0
2022,40 bis unter 45 Jahre,Männlich,Thüringen,0
2022,40 bis unter 45 Jahre,Weiblich,Deutschland,71
2022,40 bis unter 45 Jahre,Weiblich,Baden-Württemberg,4
2022,40 bis unter 45 Jahre,Weiblich,Bayern,35
2022,40 bis unter 45 Jahre,Weiblich,Berlin,2
2022,40 bis unter 45 Jahre,Weiblich,Brandenburg,0
2022,40 bis unter 45 Jahre,Weiblich,Bremen,0
2022,40 bis unter 45 Jahre,Weiblich,Hamburg,10
2022,40 bis unter 45 Jahre,Weiblich,Hessen,1
2022,40 bis unter 45 Jahre,Weiblich,Mecklenburg-Vorpommern,0
2022,40 bis unter 45 Jahre,Weiblich,Niedersachsen,0
2022,40 bis unter 45 Jahre,Weiblich,Nordrhein-Westfalen,13
2022,40 bis unter 45 Jahre,Weiblich,Rheinland-Pfalz,0
2022,40 bis unter 45 Jahre,Weiblich,Saarland,0
2022,40 bis unter 45 Jahre,Weiblich,Sachsen,3
2022,40 bis unter 45 Jahre,Weiblich,Sachsen-Anhalt,3
2022,40 bis unter 45 Jahre,Weiblich,Schleswig-Holstein,0
2022,40 bis unter 45 Jahre,Weiblich,Thüringen,0
2022,45 bis unter 50 Jahre,Männlich,Deutschland,46
2022,45 bis unter 50 Jahre,Männlich,Baden-Württemberg,0
2022,45 bis unter 50 Jahre,Männlich,Bayern,21
2022,45 bis unter 50 Jahre,Männlich,Berlin,7
2022,45 bis unter 50 Jahre,Männlich,Brandenburg,0
2022,45 bis unter 50 Jahre,Männlich,Bremen,0
2022,45 bis unter 50 Jahre,Männlich,Hamburg,4
2022,45 bis unter 50 Jahre,Männlich,Hessen,6
2022,45 bis unter 50 Jahre,Männlich,Mecklenburg-Vorpommern,0
2022,45 bis unter 50 Jahre,Männlich,Niedersachsen,0
2022,45 bis unter 50 Jahre,Männlich,Nordrhein-Westfalen,8
2022,45 bis unter 50 Jahre,Männlich,Rheinland-Pfalz,0
2022,45 bis unter 50 Jahre,Männlich,Saarland,0
2022,45 bis unter 50 Jahre,Männlich,Sachsen,0
2022,45 bis unter 50 Jahre,Männlich,Sachsen-Anhalt,0
2022,45 bis unter 50 Jahre,Männlich,Schleswig-Holstein,0
2022,45 bis unter 50 Jahre,Männlich,Thüringen,0
2022,45 bis unter 50 Jahre,Weiblich,Deutschland,59
2022,45 bis unter 50 Jahre,Weiblich,Baden-Württemberg,5
2022,45 bis unter 50 Jahre,Weiblich,Bayern,21
2022,45 bis unter 50 Jahre,Weiblich,Berlin,2
2022,45 bis unter 50 Jahre,Weiblich,Brandenburg,0
2022,45 bis unter 50 Jahre,Weiblich,Bremen,0
2022,45 bis unter 50 Jahre,Weiblich,Hamburg,15
2022,45 bis unter 50 Jahre,Weiblich,Hessen,2
2022,45 bis unter 50 Jahre,Weiblich,Mecklenburg-Vorpommern,0
2022,45 bis unter 50 Jahre,Weiblich,Niedersachsen,0
2022,45 bis unter 50 Jahre,Weiblich,Nordrhein-Westfalen,11
2022,45 bis unter 50 Jahre,Weiblich,Rheinland-Pfalz,0
2022,45 bis unter 50 Jahre,Weiblich,Saarland,0
2022,45 bis unter 50 Jahre,Weiblich,Sachsen,1
2022,45 bis unter 50 Jahre,Weiblich,Sachsen-Anhalt,2
2022,45 bis unter 50 Jahre,Weiblich,Schleswig-Holstein,0
2022,45 bis unter 50 Jahre,Weiblich,Thüringen,0
2022,50 bis unter 55 Jahre,Männlich,Deutschland,38
2022,50 bis unter 55 Jahre,Männlich,Baden-Württemberg,1
2022,50 bis unter 55 Jahre,Männlich,Bayern,15
2022,50 bis unter 55 Jahre,Männlich,Berlin,10
2022,50 bis unter 55 Jahre,Männlich,Brandenburg,0
2022,50 bis unter 55 Jahre,Männlich,Bremen,0
2022,50 bis unter 55 Jahre,Männlich,Hamburg,5
2022,50 bis unter 55 Jahre,Männlich,Hessen,1
2022,50 bis unter 55 Jahre,Männlich,Mecklenburg-Vorpommern,0
2022,50 bis unter 55 Jahre,Männlich,Niedersachsen,0
2022,50 bis unter 55 Jahre,Männlich,Nordrhein-Westfalen,5
2022,50 bis unter 55 Jahre,Männlich,Rheinland-Pfalz,0
2022,50 bis unter 55 Jahre,Männlich,Saarland,0
2022,50 bis unter 55 Jahre,Männlich,Sachsen,1
2022,50 bis unter 55 Jahre,Männlich,Sachsen-Anhalt,0
2022,50 bis unter 55 Jahre,Männlich,Schleswig-Holstein,0
2022,50 bis unter 55 Jahre,Männlich,Thüringen,0
2022,50 bis unter 55 Jahre,Weiblich,Deutschland,56
2022,50 bis unter 55 Jahre,Weiblich,Baden-Württemberg,3
2022,50 bis unter 55 Jahre,Weiblich,Bayern,16
2022,50 bis unter 55 Jahre,Weiblich,Berlin,1
2022,50 bis unter 55 Jahre,Weiblich,Brandenburg,0
2022,50 bis unter 55 Jahre,Weiblich,Bremen,0
2022,50 bis unter 55 Jahre,Weiblich,Hamburg,5
2022,50 bis unter 55 Jahre,Weiblich,Hessen,1
2022,50 bis unter 55 Jahre,Weiblich,Mecklenburg-Vorpommern,0
2022,50 bis unter 55 Jahre,Weiblich,Niedersachsen,0
2022,50 bis unter 55 Jahre,Weiblich,Nordrhein-Westfalen,25
2022,50 bis unter 55 Jahre,Weiblich,Rheinland-Pfalz,0
2022,50 bis unter 55 Jahre,Weiblich,Saarland,0
2022,50 bis unter 55 Jahre,Weiblich,Sachsen,4
2022,50 bis unter 55 Jahre,Weiblich,Sachsen-Anhalt,1
2022,50 bis unter 55 Jahre,Weiblich,Schleswig-Holstein,0
2022,50 bis unter 55 Jahre,Weiblich,Thüringen,0
2022,55 bis unter 60 Jahre,Männlich,Deutschland,27
2022,55 bis unter 60 Jahre,Männlich,Baden-Württemberg,0
2022,55 bis unter 60 Jahre,Männlich,Bayern,13
2022,55 bis unter 60 Jahre,Männlich,Berlin,3
2022,55 bis unter 60 Jahre,Männlich,Brandenburg,0
2022,55 bis unter 60 Jahre,Männlich,Bremen,0
2022,55 bis unter 60 Jahre,Männlich,Hamburg,2
2022,55 bis unter 60 Jahre,Männlich,Hessen,2
2022,55 bis unter 60 Jahre,Männlich,Mecklenburg-Vorpommern,0
2022,55 bis unter 60 Jahre,Männlich,Niedersachsen,0
2022,55 bis unter 60 Jahre,Männlich,Nordrhein-Westfalen,6
2022,55 bis unter 60 Jahre,Männlich,Rheinland-Pfalz,0
2022,55 bis unter 60 Jahre,Männlich,Saarland,0
2022,55 bis unter 60 Jahre,Männlich,Sachsen,1
2022,55 bis unter 60 Jahre,Männlich,Sachsen-Anhalt,0
2022,55 bis unter 60 Jahre,Männlich,Schleswig-Holstein,0
2022,55 bis unter 60 Jahre,Männlich,Thüringen,0
2022,55 bis unter 60 Jahre,Weiblich,Deutschland,55
2022,55 bis unter 60 Jahre,Weiblich,Baden-Württemberg,4
2022,55 bis unter 60 Jahre,Weiblich,Bayern,18
2022,55 bis unter 60 Jahre,Weiblich,Berlin,3
2022,55 bis unter 60 Jahre,Weiblich,Brandenburg,0
2022,55 bis unter 60 Jahre,Weiblich,Bremen,0
2022,55 bis unter 60 Jahre,Weiblich,Hamburg,8
2022,55 bis unter 60 Jahre,Weiblich,Hessen,1
2022,55 bis unter 60 Jahre,Weiblich,Mecklenburg-Vorpommern,0
2022,55 bis unter 60 Jahre,Weiblich,Niedersachsen,0
2022,55 bis unter 60 Jahre,Weiblich,Nordrhein-Westfalen,18
2022,55 bis unter 60 Jahre,Weiblich,Rheinland-Pfalz,0
2022,55 bis unter 60 Jahre,Weiblich,Saarland,0
2022,55 bis unter 60 Jahre,Weiblich,Sachsen,3
2022,55 bis unter 60 Jahre,Weiblich,Sachsen-Anhalt,0
2022,55 bis unter 60 Jahre,Weiblich,Schleswig-Holstein,0
2022,55 bis unter 60 Jahre,Weiblich,Thüringen,0
2022,60 bis unter 65 Jahre,Männlich,Deutschland,13
2022,60 bis unter 65 Jahre,Männlich,Baden-Württemberg,0
2022,60 bis unter 65 Jahre,Männlich,Bayern,8
2022,60 bis unter 65 Jahre,Männlich,Berlin,3
2022,60 bis unter 65 Jahre,Männlich,Brandenburg,0
2022,60 bis unter 65 Jahre,Männlich,Bremen,0
2022,60 bis unter 65 Jahre,Männlich,Hamburg,1
2022,60 bis unter 65 Jahre,Männlich,Hessen,1
2022,60 bis unter 65 Jahre,Männlich,Mecklenburg-Vorpommern,0
2022,60 bis unter 65 Jahre,Männlich,Niedersachsen,0
2022,60 bis unter 65 Jahre,Männlich,Nordrhein-Westfalen,0
2022,60 bis unter 65 Jahre,Männlich,Rheinland-Pfalz,0
2022,60 bis unter 65 Jahre,Männlich,Saarland,0
2022,60 bis unter 65 Jahre,Männlich,Sachsen,0
2022,60 bis unter 65 Jahre,Männlich,Sachsen-Anhalt,0
2022,60 bis unter 65 Jahre,Männlich,Schleswig-Holstein,0
2022,60 bis unter 65 Jahre,Männlich,Thüringen,0
2022,60 bis unter 65 Jahre,Weiblich,Deutschland,18
2022,60 bis unter 65 Jahre,Weiblich,Baden-Württemberg,1
2022,60 bis unter 65 Jahre,Weiblich,Bayern,7
2022,60 bis unter 65 Jahre,Weiblich,Berlin,0
2022,60 bis unter 65 Jahre,Weiblich,Brandenburg,0
2022,60 bis unter 65 Jahre,Weiblich,Bremen,0
2022,60 bis unter 65 Jahre,Weiblich,Hamburg,4
2022,60 bis unter 65 Jahre,Weiblich,Hessen,0
2022,60 bis unter 65 Jahre,Weiblich,Mecklenburg-Vorpommern,0
2022,60 bis unter 65 Jahre,Weiblich,Niedersachsen,0
2022,60 bis unter 65 Jahre,Weiblich,Nordrhein-Westfalen,4
2022,60 bis unter 65 Jahre,Weiblich,Rheinland-Pfalz,0
2022,60 bis unter 65 Jahre,Weiblich,Saarland,0
2022,60 bis unter 65 Jahre,Weiblich,Sachsen,1
2022,60 bis unter 65 Jahre,Weiblich,Sachsen-Anhalt,1
2022,60 bis unter 65 Jahre,Weiblich,Schleswig-Holstein,0
2022,60 bis unter 65 Jahre,Weiblich,Thüringen,0
2022,65 bis unter 70 Jahre,Männlich,Deutschland,7
2022,65 bis unter 70 Jahre,Männlich,Baden-Württemberg,0
2022,65 bis unter 70 Jahre,Männlich,Bayern,0
2022,65 bis unter 70 Jahre,Männlich,Berlin,2
2022,65 bis unter 70 Jahre,Männlich,Brandenburg,0
2022,65 bis unter 70 Jahre,Männlich,Bremen,0
2022,65 bis unter 70 Jahre,Männlich,Hamburg,3
2022,65 bis unter 70 Jahre,Männlich,Hessen,0
2022,65 bis unter 70 Jahre,Männlich,Mecklenburg-Vorpommern,0
2022,65 bis unter 70 Jahre,Männlich,Niedersachsen,0
2022,65 bis unter 70 Jahre,Männlich,Nordrhein-Westfalen,2
2022,65 bis unter 70 Jahre,Männlich,Rheinland-Pfalz,0
2022,65 bis unter 70 Jahre,Männlich,Saarland,0
2022,65 bis unter 70 Jahre,Männlich,Sachsen,0
2022,65 bis unter 70 Jahre,Männlich,Sachsen-Anhalt,0
2022,65 bis unter 70 Jahre,Männlich,Schleswig-Holstein,0
2022,65 bis unter 70 Jahre,Männlich,Thüringen,0
2022,65 bis unter 70 Jahre,Weiblich,Deutschland,12
2022,65 bis unter 70 Jahre,Weiblich,Baden-Württemberg,0
2022,65 bis unter 70 Jahre,Weiblich,Bayern,5
2022,65 bis unter 70 Jahre,Weiblich,Berlin,0
2022,65 bis unter 70 Jahre,Weiblich,Brandenburg,0
2022,65 bis unter 70 Jahre,Weiblich,Bremen,0
2022,65 bis unter 70 Jahre,Weiblich,Hamburg,3
2022,65 bis unter 70 Jahre,Weiblich,Hessen,2
2022,65 bis unter 70 Jahre,Weiblich,Mecklenburg-Vorpommern,0
2022,65 bis unter 70 Jahre,Weiblich,Niedersachsen,0
2022,65 bis unter 70 Jahre,Weiblich,Nordrhein-Westfalen,1
2022,65 bis unter 70 Jahre,Weiblich,Rheinland-Pfalz,0
2022,65 bis unter 70 Jahre,Weiblich,Saarland,0
2022,65 bis unter 70 Jahre,Weiblich,Sachsen,0
2022,65 bis unter 70 Jahre,Weiblich,Sachsen-Anhalt,1
2022,65 bis unter 70 Jahre,Weiblich,Schleswig-Holstein,0
2022,65 bis unter 70 Jahre,Weiblich,Thüringen,0
2022,70 bis unter 75 Jahre,Männlich,Deutschland,1
2022,70 bis unter 75 Jahre,Männlich,Baden-Württemberg,0
2022,70 bis unter 75 Jahre,Männlich,Bayern,1
2022,70 bis unter 75 Jahre,Männlich,Berlin,0
2022,70 bis unter 75 Jahre,Männlich,Brandenburg,0
2022,70 bis unter 75 Jahre,Männlich,Bremen,0
2022,70 bis unter 75 Jahre,Männlich,Hamburg,0
2022,70 bis unter 75 Jahre,Männlich,Hessen,0
2022,70 bis unter 75 Jahre,Männlich,Mecklenburg-Vorpommern,0
2022,70 bis unter 75 Jahre,Männlich,Niedersachsen,0
2022,70 bis unter 75 Jahre,Männlich,Nordrhein-Westfalen,0
2022,70 bis unter 75 Jahre,Männlich,Rheinland-Pfalz,0
2022,70 bis unter 75 Jahre,Männlich,Saarland,0
2022,70 bis unter 75 Jahre,Männlich,Sachsen,0
2022,70 bis unter 75 Jahre,Männlich,Sachsen-Anhalt,0
2022,70 bis unter 75 Jahre,Männlich,Schleswig-Holstein,0
2022,70 bis unter 75 Jahre,Männlich,Thüringen,0
2022,70 bis unter 75 Jahre,Weiblich,Deutschland,2
2022,70 bis unter 75 Jahre,Weiblich,Baden-Württemberg,0
2022,70 bis unter 75 Jahre,Weiblich,Bayern,0
2022,70 bis unter 75 Jahre,Weiblich,Berlin,0
2022,70 bis unter 75 Jahre,Weiblich,Brandenburg,0
2022,70 bis unter 75 Jahre,Weiblich,Bremen,0
2022,70 bis unter 75 Jahre,Weiblich,Hamburg,2
2022,70 bis unter 75 Jahre,Weiblich,Hessen,0
2022,70 bis unter 75 Jahre,Weiblich,Mecklenburg-Vorpommern,0
2022,70 bis unter 75 Jahre,Weiblich,Niedersachsen,0
2022,70 bis unter 75 Jahre,Weiblich,Nordrhein-Westfalen,0
2022,70 bis unter 75 Jahre,Weiblich,Rheinland-Pfalz,0
2022,70 bis unter 75 Jahre,Weiblich,Saarland,0
2022,70 bis unter 75 Jahre,Weiblich,Sachsen,0
2022,70 bis unter 75 Jahre,Weiblich,Sachsen-Anhalt,0
2022,70 bis unter 75 Jahre,Weiblich,Schleswig-Holstein,0
2022,70 bis unter 75 Jahre,Weiblich,Thüringen,0
2022,75 bis unter 80 Jahre,Männlich,Deutschland,0
2022,75 bis unter 80 Jahre,Männlich,Baden-Württemberg,0
2022,75 bis unter 80 Jahre,Männlich,Bayern,0
2022,75 bis unter 80 Jahre,Männlich,Berlin,0
2022,75 bis unter 80 Jahre,Männlich,Brandenburg,0
2022,75 bis unter 80 Jahre,Männlich,Bremen,0
2022,75 bis unter 80 Jahre,Männlich,Hamburg,0
2022,75 bis unter 80 Jahre,Männlich,Hessen,0
2022,75 bis unter 80 Jahre,Männlich,Mecklenburg-Vorpommern,0
2022,75 bis unter 80 Jahre,Männlich,Niedersachsen,0
2022,75 bis unter 80 Jahre,Männlich,Nordrhein-Westfalen,0
2022,75 bis unter 80 Jahre,Männlich,Rheinland-Pfalz,0
2022,75 bis unter 80 Jahre,Männlich,Saarland,0
2022,75 bis unter 80 Jahre,Männlich,Sachsen,0
2022,75 bis unter 80 Jahre,Männlich,Sachsen-Anhalt,0
2022,75 bis unter 80 Jahre,Männlich,Schleswig-Holstein,0
2022,75 bis unter 80 Jahre,Männlich,Thüringen,0
2022,75 bis unter 80 Jahre,Weiblich,Deutschland,0
2022,75 bis unter 80 Jahre,Weiblich,Baden-Württemberg,0
2022,75 bis unter 80 Jahre,Weiblich,Bayern,0
2022,75 bis unter 80 Jahre,Weiblich,Berlin,0
2022,75 bis unter 80 Jahre,Weiblich,Brandenburg,0
2022,75 bis unter 80 Jahre,Weiblich,Bremen,0
2022,75 bis unter 80 Jahre,Weiblich,Hamburg,0
2022,75 bis unter 80 Jahre,Weiblich,Hessen,0
2022,75 bis unter 80 Jahre,Weiblich,Mecklenburg-Vorpommern,0
2022,75 bis unter 80 Jahre,Weiblich,Niedersachsen,0
2022,75 bis unter 80 Jahre,Weiblich,Nordrhein-Westfalen,0
2022,75 bis unter 80 Jahre,Weiblich,Rheinland-Pfalz,0
2022,75 bis unter 80 Jahre,Weiblich,Saarland,0
2022,75 bis unter 80 Jahre,Weiblich,Sachsen,0
2022,75 bis unter 80 Jahre,Weiblich,Sachsen-Anhalt,0
2022,75 bis unter 80 Jahre,Weiblich,Schleswig-Holstein,0
2022,75 bis unter 80 Jahre,Weiblich,Thüringen,0
2022,80 bis unter 85 Jahre,Männlich,Deutschland,0
2022,80 bis unter 85 Jahre,Männlich,Baden-Württemberg,0
2022,80 bis unter 85 Jahre,Männlich,Bayern,0
2022,80 bis unter 85 Jahre,Männlich,Berlin,0
2022,80 bis unter 85 Jahre,Männlich,Brandenburg,0
2022,80 bis unter 85 Jahre,Männlich,Bremen,0
2022,80 bis unter 85 Jahre,Männlich,Hamburg,0
2022,80 bis unter 85 Jahre,Männlich,Hessen,0
2022,80 bis unter 85 Jahre,Männlich,Mecklenburg-Vorpommern,0
2022,80 bis unter 85 Jahre,Männlich,Niedersachsen,0
2022,80 bis unter 85 Jahre,Männlich,Nordrhein-Westfalen,0
2022,80 bis unter 85 Jahre,Männlich,Rheinland-Pfalz,0
2022,80 bis unter 85 Jahre,Männlich,Saarland,0
2022,80 bis unter 85 Jahre,Männlich,Sachsen,0
2022,80 bis unter 85 Jahre,Männlich,Sachsen-Anhalt,0
2022,80 bis unter 85 Jahre,Männlich,Schleswig-Holstein,0
2022,80 bis unter 85 Jahre,Männlich,Thüringen,0
2022,80 bis unter 85 Jahre,Weiblich,Deutschland,0
2022,80 bis unter 85 Jahre,Weiblich,Baden-Württemberg,0
2022,80 bis unter 85 Jahre,Weiblich,Bayern,0
2022,80 bis unter 85 Jahre,Weiblich,Berlin,0
2022,80 bis unter 85 Jahre,Weiblich,Brandenburg,0
2022,80 bis unter 85 Jahre,Weiblich,Bremen,0
2022,80 bis unter 85 Jahre,Weiblich,Hamburg,0
2022,80 bis unter 85 Jahre,Weiblich,Hessen,0
2022,80 bis unter 85 Jahre,Weiblich,Mecklenburg-Vorpommern,0
2022,80 bis unter 85 Jahre,Weiblich,Niedersachsen,0
2022,80 bis unter 85 Jahre,Weiblich,Nordrhein-Westfalen,0
2022,80 bis unter 85 Jahre,Weiblich,Rheinland-Pfalz,0
2022,80 bis unter 85 Jahre,Weiblich,Saarland,0
2022,80 bis unter 85 Jahre,Weiblich,Sachsen,0
2022,80 bis unter 85 Jahre,Weiblich,Sachsen-Anhalt,0
2022,80 bis unter 85 Jahre,Weiblich,Schleswig-Holstein,0
2022,80 bis unter 85 Jahre,Weiblich,Thüringen,0
2022,85 bis unter 90 Jahre,Männlich,Deutschland,0
2022,85 bis unter 90 Jahre,Männlich,Baden-Württemberg,0
2022,85 bis unter 90 Jahre,Männlich,Bayern,0
2022,85 bis unter 90 Jahre,Männlich,Berlin,0
2022,85 bis unter 90 Jahre,Männlich,Brandenburg,0
2022,85 bis unter 90 Jahre,Männlich,Bremen,0
2022,85 bis unter 90 Jahre,Männlich,Hamburg,0
2022,85 bis unter 90 Jahre,Männlich,Hessen,0
2022,85 bis unter 90 Jahre,Männlich,Mecklenburg-Vorpommern,0
2022,85 bis unter 90 Jahre,Männlich,Niedersachsen,0
2022,85 bis unter 90 Jahre,Männlich,Nordrhein-Westfalen,0
2022,85 bis unter 90 Jahre,Männlich,Rheinland-Pfalz,0
2022,85 bis unter 90 Jahre,Männlich,Saarland,0
2022,85 bis unter 90 Jahre,Männlich,Sachsen,0
2022,85 bis unter 90 Jahre,Männlich,Sachsen-Anhalt,0
2022,85 bis unter 90 Jahre,Männlich,Schleswig-Holstein,0
2022,85 bis unter 90 Jahre,Männlich,Thüringen,0
2022,85 bis unter 90 Jahre,Weiblich,Deutschland,0
2022,85 bis unter 90 Jahre,Weiblich,Baden-Württemberg,0
2022,85 bis unter 90 Jahre,Weiblich,Bayern,0
2022,85 bis unter 90 Jahre,Weiblich,Berlin,0
2022,85 bis unter 90 Jahre,Weiblich,Brandenburg,0
2022,85 bis unter 90 Jahre,Weiblich,Bremen,0
2022,85 bis unter 90 Jahre,Weiblich,Hamburg,0
2022,85 bis unter 90 Jahre,Weiblich,Hessen,0
2022,85 bis unter 90 Jahre,Weiblich,Mecklenburg-Vorpommern,0
2022,85 bis unter 90 Jahre,Weiblich,Niedersachsen,0
2022,85 bis unter 90 Jahre,Weiblich,Nordrhein-Westfalen,0
2022,85 bis unter 90 Jahre,Weiblich,Rheinland-Pfalz,0
2022,85 bis unter 90 Jahre,Weiblich,Saarland,0
2022,85 bis unter 90 Jahre,Weiblich,Sachsen,0
2022,85 bis unter 90 Jahre,Weiblich,Sachsen-Anhalt,0
2022,85 bis unter 90 Jahre,Weiblich,Schleswig-Holstein,0
2022,85 bis unter 90 Jahre,Weiblich,Thüringen,0
2022,90 bis unter 95 Jahre,Männlich,Deutschland,0
2022,90 bis unter 95 Jahre,Männlich,Baden-Württemberg,0
2022,90 bis unter 95 Jahre,Männlich,Bayern,0
2022,90 bis unter 95 Jahre,Männlich,Berlin,0
2022,90 bis unter 95 Jahre,Männlich,Brandenburg,0
2022,90 bis unter 95 Jahre,Männlich,Bremen,0
2022,90 bis unter 95 Jahre,Männlich,Hamburg,0
2022,90 bis unter 95 Jahre,Männlich,Hessen,0
2022,90 bis unter 95 Jahre,Männlich,Mecklenburg-Vorpommern,0
2022,90 bis unter 95 Jahre,Männlich,Niedersachsen,0
2022,90 bis unter 95 Jahre,Männlich,Nordrhein-Westfalen,0
2022,90 bis unter 95 Jahre,Männlich,Rheinland-Pfalz,0
2022,90 bis unter 95 Jahre,Männlich,Saarland,0
2022,90 bis unter 95 Jahre,Männlich,Sachsen,0
2022,90 bis unter 95 Jahre,Männlich,Sachsen-Anhalt,0
2022,90 bis unter 95 Jahre,Männlich,Schleswig-Holstein,0
2022,90 bis unter 95 Jahre,Männlich,Thüringen,0
2022,90 bis unter 95 Jahre,Weiblich,Deutschland,0
2022,90 bis unter 95 Jahre,Weiblich,Baden-Württemberg,0
2022,90 bis unter 95 Jahre,Weiblich,Bayern,0
2022,90 bis unter 95 Jahre,Weiblich,Berlin,0
2022,90 bis unter 95 Jahre,Weiblich,Brandenburg,0
2022,90 bis unter 95 Jahre,Weiblich,Bremen,0
2022,90 bis unter 95 Jahre,Weiblich,Hamburg,0
2022,90 bis unter 95 Jahre,Weiblich,Hessen,0
2022,90 bis unter 95 Jahre,Weiblich,Mecklenburg-Vorpommern,0
2022,90 bis unter 95 Jahre,Weiblich,Niedersachsen,0
2022,90 bis unter 95 Jahre,Weiblich,Nordrhein-Westfalen,0
2022,90 bis unter 95 Jahre,Weiblich,Rheinland-Pfalz,0
2022,90 bis unter 95 Jahre,Weiblich,Saarland,0
2022,90 bis unter 95 Jahre,Weiblich,Sachsen,0
2022,90 bis unter 95 Jahre,Weiblich,Sachsen-Anhalt,0
2022,90 bis unter 95 Jahre,Weiblich,Schleswig-Holstein,0
2022,90 bis unter 95 Jahre,Weiblich,Thüringen,0
2022,95 Jahre und älter,Männlich,Deutschland,0
2022,95 Jahre und älter,Männlich,Baden-Württemberg,0
2022,95 Jahre und älter,Männlich,Bayern,0
2022,95 Jahre und älter,Männlich,Berlin,0
2022,95 Jahre und älter,Männlich,Brandenburg,0
2022,95 Jahre und älter,Männlich,Bremen,0
2022,95 Jahre und älter,Männlich,Hamburg,0
2022,95 Jahre und älter,Männlich,Hessen,0
2022,95 Jahre und älter,Männlich,Mecklenburg-Vorpommern,0
2022,95 Jahre und älter,Männlich,Niedersachsen,0
2022,95 Jahre und älter,Männlich,Nordrhein-Westfalen,0
2022,95 Jahre und älter,Männlich,Rheinland-Pfalz,0
2022,95 Jahre und älter,Männlich,Saarland,0
2022,95 Jahre und älter,Männlich,Sachsen,0
2022,95 Jahre und älter,Männlich,Sachsen-Anhalt,0
2022,95 Jahre und älter,Männlich,Schleswig-Holstein,0
2022,95 Jahre und älter,Männlich,Thüringen,0
2022,95 Jahre und älter,Weiblich,Deutschland,0
2022,95 Jahre und älter,Weiblich,Baden-Württemberg,0
2022,95 Jahre und älter,Weiblich,Bayern,0
2022,95 Jahre und älter,Weiblich,Berlin,0
2022,95 Jahre und älter,Weiblich,Brandenburg,0
2022,95 Jahre und älter,Weiblich,Bremen,0
2022,95 Jahre und älter,Weiblich,Hamburg,0
2022,95 Jahre und älter,Weiblich,Hessen,0
2022,95 Jahre und älter,Weiblich,Mecklenburg-Vorpommern,0
2022,95 Jahre und älter,Weiblich,Niedersachsen,0
2022,95 Jahre und älter,Weiblich,Nordrhein-Westfalen,0
2022,95 Jahre und älter,Weiblich,Rheinland-Pfalz,0
2022,95 Jahre und älter,Weiblich,Saarland,0
2022,95 Jahre und älter,Weiblich,Sachsen,0
2022,95 Jahre und älter,Weiblich,Sachsen-Anhalt,0
2022,95 Jahre und älter,Weiblich,Schleswig-Holstein,0
2022,95 Jahre und älter,Weiblich,Thüringen,0
2023,Unter 1 Jahr,Männlich,Deutschland,0
2023,Unter 1 Jahr,Männlich,Baden-Württemberg,0
2023,Unter 1 Jahr,Männlich,Bayern,0
2023,Unter 1 Jahr,Männlich,Berlin,0
2023,Unter 1 Jahr,Männlich,Brandenburg,0
2023,Unter 1 Jahr,Männlich,Bremen,0
2023,Unter 1 Jahr,Männlich,Hamburg,0
2023,Unter 1 Jahr,Männlich,Hessen,0
2023,Unter 1 Jahr,Männlich,Mecklenburg-Vorpommern,0
2023,Unter 1 Jahr,Männlich,Niedersachsen,0
2023,Unter 1 Jahr,Männlich,Nordrhein-Westfalen,0
2023,Unter 1 Jahr,Männlich,Rheinland-Pfalz,0
2023,Unter 1 Jahr,Männlich,Saarland,0
2023,Unter 1 Jahr,Männlich,Sachsen,0
2023,Unter 1 Jahr,Männlich,Sachsen-Anhalt,0
2023,Unter 1 Jahr,Männlich,Schleswig-Holstein,0
2023,Unter 1 Jahr,Männlich,Thüringen,0
2023,Unter 1 Jahr,Weiblich,Deutschland,0
2023,Unter 1 Jahr,Weiblich,Baden-Württemberg,0
2023,Unter 1 Jahr,Weiblich,Bayern,0
2023,Unter 1 Jahr,Weiblich,Berlin,0
2023,Unter 1 Jahr,Weiblich,Brandenburg,0
2023,Unter 1 Jahr,Weiblich,Bremen,0
2023,Unter 1 Jahr,Weiblich,Hamburg,0
2023,Unter 1 Jahr,Weiblich,Hessen,0
2023,Unter 1 Jahr,Weiblich,Mecklenburg-Vorpommern,0
2023,Unter 1 Jahr,Weiblich,Niedersachsen,0
2023,Unter 1 Jahr,Weiblich,Nordrhein-Westfalen,0
2023,Unter 1 Jahr,Weiblich,Rheinland-Pfalz,0
2023,Unter 1 Jahr,Weiblich,Saarland,0
2023,Unter 1 Jahr,Weiblich,Sachsen,0
2023,Unter 1 Jahr,Weiblich,Sachsen-Anhalt,0
2023,Unter 1 Jahr,Weiblich,Schleswig-Holstein,0
2023,Unter 1 Jahr,Weiblich,Thüringen,0
2023,1 Jahr bis unter 5 Jahre,Männlich,Deutschland,0
2023,1 Jahr bis unter 5 Jahre,Männlich,Baden-Württemberg,0
2023,1 Jahr bis unter 5 Jahre,Männlich,Bayern,0
2023,1 Jahr bis unter 5 Jahre,Männlich,Berlin,0
2023,1 Jahr bis unter 5 Jahre,Männlich,Brandenburg,0
2023,1 Jahr bis unter 5 Jahre,Männlich,Bremen,0
2023,1 Jahr bis unter 5 Jahre,Männlich,Hamburg,0
2023,1 Jahr bis unter 5 Jahre,Männlich,Hessen,0
2023,1 Jahr bis unter 5 Jahre,Männlich,Mecklenburg-Vorpommern,0
2023,1 Jahr bis unter 5 Jahre,Männlich,Niedersachsen,0
2023,1 Jahr bis unter 5 Jahre,Männlich,Nordrhein-Westfalen,0
2023,1 Jahr bis unter 5 Jahre,Männlich,Rheinland-Pfalz,0
2023,1 Jahr bis unter 5 Jahre,Männlich,Saarland,0
2023,1 Jahr bis unter 5 Jahre,Männlich,Sachsen,0
2023,1 Jahr bis unter 5 Jahre,Männlich,Sachsen-Anhalt,0
2023,1 Jahr bis unter 5 Jahre,Männlich,Schleswig-Holstein,0
2023,1 Jahr bis unter 5 Jahre,Männlich,Thüringen,0
2023,1 Jahr bis unter 5 Jahre,Weiblich,Deutschland,0
2023,1 Jahr bis unter 5 Jahre,Weiblich,Baden-Württemberg,0
2023,1 Jahr bis unter 5 Jahre,Weiblich,Bayern,0
2023,1 Jahr bis unter 5 Jahre,Weiblich,Berlin,0
2023,1 Jahr bis unter 5 Jahre,Weiblich,Brandenburg,0
2023,1 Jahr bis unter 5 Jahre,Weiblich,Bremen,0
2023,1 Jahr bis unter 5 Jahre,Weiblich,Hamburg,0
2023,1 Jahr bis unter 5 Jahre,Weiblich,Hessen,0
2023,1 Jahr bis unter 5 Jahre,Weiblich,Mecklenburg-Vorpommern,0
2023,1 Jahr bis unter 5 Jahre,Weiblich,Niedersachsen,0
2023,1 Jahr bis unter 5 Jahre,Weiblich,Nordrhein-Westfalen,0
2023,1 Jahr bis unter 5 Jahre,Weiblich,Rheinland-Pfalz,0
2023,1 Jahr bis unter 5 Jahre,Weiblich,Saarland,0
2023,1 Jahr bis unter 5 Jahre,Weiblich,Sachsen,0
2023,1 Jahr bis unter 5 Jahre,Weiblich,Sachsen-Anhalt,0
2023,1 Jahr bis unter 5 Jahre,Weiblich,Schleswig-Holstein,0
2023,1 Jahr bis unter 5 Jahre,Weiblich,Thüringen,0
2023,5 bis unter 10 Jahre,Männlich,Deutschland,0
2023,5 bis unter 10 Jahre,Männlich,Baden-Württemberg,0
2023,5 bis unter 10 Jahre,Männlich,Bayern,0
2023,5 bis unter 10 Jahre,Männlich,Berlin,0
2023,5 bis unter 10 Jahre,Männlich,Brandenburg,0
2023,5 bis unter 10 Jahre,Männlich,Bremen,0
2023,5 bis unter 10 Jahre,Männlich,Hamburg,0
2023,5 bis unter 10 Jahre,Männlich,Hessen,0
2023,5 bis unter 10 Jahre,Männlich,Mecklenburg-Vorpommern,0
2023,5 bis unter 10 Jahre,Männlich,Niedersachsen,0
2023,5 bis unter 10 Jahre,Männlich,Nordrhein-Westfalen,0
2023,5 bis unter 10 Jahre,Männlich,Rheinland-Pfalz,0
2023,5 bis unter 10 Jahre,Männlich,Saarland,0
2023,5 bis unter 10 Jahre,Männlich,Sachsen,0
2023,5 bis unter 10 Jahre,Männlich,Sachsen-Anhalt,0
2023,5 bis unter 10 Jahre,Männlich,Schleswig-Holstein,0
2023,5 bis unter 10 Jahre,Männlich,Thüringen,0
2023,5 bis unter 10 Jahre,Weiblich,Deutschland,0
2023,5 bis unter 10 Jahre,Weiblich,Baden-Württemberg,0
2023,5 bis unter 10 Jahre,Weiblich,Bayern,0
2023,5 bis unter 10 Jahre,Weiblich,Berlin,0
2023,5 bis unter 10 Jahre,Weiblich,Brandenburg,0
2023,5 bis unter 10 Jahre,Weiblich,Bremen,0
2023,5 bis unter 10 Jahre,Weiblich,Hamburg,0
2023,5 bis unter 10 Jahre,Weiblich,Hessen,0
2023,5 bis unter 10 Jahre,Weiblich,Mecklenburg-Vorpommern,0
2023,5 bis unter 10 Jahre,Weiblich,Niedersachsen,0
2023,5 bis unter 10 Jahre,Weiblich,Nordrhein-Westfalen,0
2023,5 bis unter 10 Jahre,Weiblich,Rheinland-Pfalz,0
2023,5 bis unter 10 Jahre,Weiblich,Saarland,0
2023,5 bis unter 10 Jahre,Weiblich,Sachsen,0
2023,5 bis unter 10 Jahre,Weiblich,Sachsen-Anhalt,0
2023,5 bis unter 10 Jahre,Weiblich,Schleswig-Holstein,0
2023,5 bis unter 10 Jahre,Weiblich,Thüringen,0
2023,10 bis unter 15 Jahre,Männlich,Deutschland,0
2023,10 bis unter 15 Jahre,Männlich,Baden-Württemberg,0
2023,10 bis unter 15 Jahre,Männlich,Bayern,0
2023,10 bis unter 15 Jahre,Männlich,Berlin,0
2023,10 bis unter 15 Jahre,Männlich,Brandenburg,0
2023,10 bis unter 15 Jahre,Männlich,Bremen,0
2023,10 bis unter 15 Jahre,Männlich,Hamburg,0
2023,10 bis unter 15 Jahre,Männlich,Hessen,0
2023,10 bis unter 15 Jahre,Männlich,Mecklenburg-Vorpommern,0
2023,10 bis unter 15 Jahre,Männlich,Niedersachsen,0
2023,10 bis unter 15 Jahre,Männlich,Nordrhein-Westfalen,0
2023,10 bis unter 15 Jahre,Männlich,Rheinland-Pfalz,0
2023,10 bis unter 15 Jahre,Männlich,Saarland,0
2023,10 bis unter 15 Jahre,Männlich,Sachsen,0
2023,10 bis unter 15 Jahre,Männlich,Sachsen-Anhalt,0
2023,10 bis unter 15 Jahre,Männlich,Schleswig-Holstein,0
2023,10 bis unter 15 Jahre,Männlich,Thüringen,0
2023,10 bis unter 15 Jahre,Weiblich,Deutschland,0
2023,10 bis unter 15 Jahre,Weiblich,Baden-Württemberg,0
2023,10 bis unter 15 Jahre,Weiblich,Bayern,0
2023,10 bis unter 15 Jahre,Weiblich,Berlin,0
2023,10 bis unter 15 Jahre,Weiblich,Brandenburg,0
2023,10 bis unter 15 Jahre,Weiblich,Bremen,0
2023,10 bis unter 15 Jahre,Weiblich,Hamburg,0
2023,10 bis unter 15 Jahre,Weiblich,Hessen,0
2023,10 bis unter 15 Jahre,Weiblich,Mecklenburg-Vorpommern,0
2023,10 bis unter 15 Jahre,Weiblich,Niedersachsen,0
2023,10 bis unter 15 Jahre,Weiblich,Nordrhein-Westfalen,0
2023,10 bis unter 15 Jahre,Weiblich,Rheinland-Pfalz,0
2023,10 bis unter 15 Jahre,Weiblich,Saarland,0
2023,10 bis unter 15 Jahre,Weiblich,Sachsen,0
2023,10 bis unter 15 Jahre,Weiblich,Sachsen-Anhalt,0
2023,10 bis unter 15 Jahre,Weiblich,Schleswig-Holstein,0
2023,10 bis unter 15 Jahre,Weiblich,Thüringen,0
2023,15 bis unter 20 Jahre,Männlich,Deutschland,103
2023,15 bis unter 20 Jahre,Männlich,Baden-Württemberg,1
2023,15 bis unter 20 Jahre,Männlich,Bayern,36
2023,15 bis unter 20 Jahre,Männlich,Berlin,37
2023,15 bis unter 20 Jahre,Männlich,Brandenburg,0
2023,15 bis unter 20 Jahre,Männlich,Bremen,0
2023,15 bis unter 20 Jahre,Männlich,Hamburg,3
2023,15 bis unter 20 Jahre,Männlich,Hessen,22
2023,15 bis unter 20 Jahre,Männlich,Mecklenburg-Vorpommern,0
2023,15 bis unter 20 Jahre,Männlich,Niedersachsen,0
2023,15 bis unter 20 Jahre,Männlich,Nordrhein-Westfalen,2
2023,15 bis unter 20 Jahre,Männlich,Rheinland-Pfalz,0
2023,15 bis unter 20 Jahre,Männlich,Saarland,0
2023,15 bis unter 20 Jahre,Männlich,Sachsen,2
2023,15 bis unter 20 Jahre,Männlich,Sachsen-Anhalt,0
2023,15 bis unter 20 Jahre,Männlich,Schleswig-Holstein,0
2023,15 bis unter 20 Jahre,Männlich,Thüringen,0
2023,15 bis unter 20 Jahre,Weiblich,Deutschland,78
2023,15 bis unter 20 Jahre,Weiblich,Baden-Württemberg,1
2023,15 bis unter 20 Jahre,Weiblich,Bayern,18
2023,15 bis unter 20 Jahre,Weiblich,Berlin,26
2023,15 bis unter 20 Jahre,Weiblich,Brandenburg,0
2023,15 bis unter 20 Jahre,Weiblich,Bremen,0
2023,15 bis unter 20 Jahre,Weiblich,Hamburg,8
2023,15 bis unter 20 Jahre,Weiblich,Hessen,11
2023,15 bis unter 20 Jahre,Weiblich,Mecklenburg-Vorpommern,0
2023,15 bis unter 20 Jahre,Weiblich,Niedersachsen,0
2023,15 bis unter 20 Jahre,Weiblich,Nordrhein-Westfalen,12
2023,15 bis unter 20 Jahre,Weiblich,Rheinland-Pfalz,0
2023,15 bis unter 20 Jahre,Weiblich,Saarland,0
2023,15 bis unter 20 Jahre,Weiblich,Sachsen,0
2023,15 bis unter 20 Jahre,Weiblich,Sachsen-Anhalt,0
2023,15 bis unter 20 Jahre,Weiblich,Schleswig-Holstein,2
2023,15 bis unter 20 Jahre,Weiblich,Thüringen,0
2023,20 bis unter 25 Jahre,Männlich,Deutschland,557
2023,20 bis unter 25 Jahre,Männlich,Baden-Württemberg,6
2023,20 bis unter 25 Jahre,Männlich,Bayern,285
2023,20 bis unter 25 Jahre,Männlich,Berlin,177
2023,20 bis unter 25 Jahre,Männlich,Brandenburg,0
2023,20 bis unter 25 Jahre,Männlich,Bremen,0
2023,20 bis unter 25 Jahre,Männlich,Hamburg,22
2023,20 bis unter 25 Jahre,Männlich,Hessen,35
2023,20 bis unter 25 Jahre,Männlich,Mecklenburg-Vorpommern,0
2023,20 bis unter 25 Jahre,Männlich,Niedersachsen,0
2023,20 bis unter 25 Jahre,Männlich,Nordrhein-Westfalen,22
2023,20 bis unter 25 Jahre,Männlich,Rheinland-Pfalz,0
2023,20 bis unter 25 Jahre,Männlich,Saarland,0
2023,20 bis unter 25 Jahre,Männlich,Sachsen,6
2023,20 bis unter 25 Jahre,Männlich,Sachsen-Anhalt,1
2023,20 bis unter 25 Jahre,Männlich,Schleswig-Holstein,3
2023,20 bis unter 25 Jahre,Männlich,Thüringen,0
2023,20 bis unter 25 Jahre,Weiblich,Deutschland,285
2023,20 bis unter 25 Jahre,Weiblich,Baden-Württemberg,11
2023,20 bis unter 25 Jahre,Weiblich,Bayern,145
2023,20 bis unter 25 Jahre,Weiblich,Berlin,40
2023,20 bis unter 25 Jahre,Weiblich,Brandenburg,0
2023,20 bis unter 25 Jahre,Weiblich,Bremen,0
2023,20 bis unter 25 Jahre,Weiblich,Hamburg,20
2023,20 bis unter 25 Jahre,Weiblich,Hessen,21
2023,20 bis unter 25 Jahre,Weiblich,Mecklenburg-Vorpommern,0
2023,20 bis unter 25 Jahre,Weiblich,Niedersachsen,1
2023,20 bis unter 25 Jahre,Weiblich,Nordrhein-Westfalen,34
2023,20 bis unter 25 Jahre,Weiblich,Rheinland-Pfalz,0
2023,20 bis unter 25 Jahre,Weiblich,Saarland,0
2023,20 bis unter 25 Jahre,Weiblich,Sachsen,9
2023,20 bis unter 25 Jahre,Weiblich,Sachsen-Anhalt,2
2023,20 bis unter 25 Jahre,Weiblich,Schleswig-Holstein,2
2023,20 bis unter 25 Jahre,Weiblich,Thüringen,0
2023,25 bis unter 30 Jahre,Männlich,Deutschland,454
2023,25 bis unter 30 Jahre,Männlich,Baden-Württemberg,3
2023,25 bis unter 30 Jahre,Männlich,Bayern,284
2023,25 bis unter 30 Jahre,Männlich,Berlin,96
2023,25 bis unter 30 Jahre,Männlich,Brandenburg,0
2023,25 bis unter 30 Jahre,Männlich,Bremen,0
2023,25 bis unter 30 Jahre,Männlich,Hamburg,10
2023,25 bis unter 30 Jahre,Männlich,Hessen,20
2023,25 bis unter 30 Jahre,Männlich,Mecklenburg-Vorpommern,0
2023,25 bis unter 30 Jahre,Männlich,Niedersachsen,0
2023,25 bis unter 30 Jahre,Männlich,Nordrhein-Westfalen,30
2023,25 bis unter 30 Jahre,Männlich,Rheinland-Pfalz,0
2023,25 bis unter 30 Jahre,Männlich,Saarland,0
2023,25 bis unter 30 Jahre,Männlich,Sachsen,9
2023,25 bis unter 30 Jahre,Männlich,Sachsen-Anhalt,0
2023,25 bis unter 30 Jahre,Männlich,Schleswig-Holstein,2
2023,25 bis unter 30 Jahre,Männlich,Thüringen,0
2023,25 bis unter 30 Jahre,Weiblich,Deutschland,266
2023,25 bis unter 30 Jahre,Weiblich,Baden-Württemberg,11
2023,25 bis unter 30 Jahre,Weiblich,Bayern,159
2023,25 bis unter 30 Jahre,Weiblich,Berlin,30
2023,25 bis unter 30 Jahre,Weiblich,Brandenburg,0
2023,25 bis unter 30 Jahre,Weiblich,Bremen,0
2023,25 bis unter 30 Jahre,Weiblich,Hamburg,17
2023,25 bis unter 30 Jahre,Weiblich,Hessen,10
2023,25 bis unter 30 Jahre,Weiblich,Mecklenburg-Vorpommern,0
2023,25 bis unter 30 Jahre,Weiblich,Niedersachsen,0
2023,25 bis unter 30 Jahre,Weiblich,Nordrhein-Westfalen,32
2023,25 bis unter 30 Jahre,Weiblich,Rheinland-Pfalz,0
2023,25 bis unter 30 Jahre,Weiblich,Saarland,0
2023,25 bis unter 30 Jahre,Weiblich,Sachsen,5
2023,25 bis unter 30 Jahre,Weiblich,Sachsen-Anhalt,1
2023,25 bis unter 30 Jahre,Weiblich,Schleswig-Holstein,1
2023,25 bis unter 30 Jahre,Weiblich,Thüringen,0
2023,30 bis unter 35 Jahre,Männlich,Deutschland,289
2023,30 bis unter 35 Jahre,Männlich,Baden-Württemberg,2
2023,30 bis unter 35 Jahre,Männlich,Bayern,168
2023,30 bis unter 35 Jahre,Männlich,Berlin,65
2023,30 bis unter 35 Jahre,Männlich,Brandenburg,0
2023,30 bis unter 35 Jahre,Männlich,Bremen,0
2023,30 bis unter 35 Jahre,Männlich,Hamburg,10
2023,30 bis unter 35 Jahre,Männlich,Hessen,18
2023,30 bis unter 35 Jahre,Männlich,Mecklenburg-Vorpommern,0
2023,30 bis unter 35 Jahre,Männlich,Niedersachsen,0
2023,30 bis unter 35 Jahre,Männlich,Nordrhein-Westfalen,21
2023,30 bis unter 35 Jahre,Männlich,Rheinland-Pfalz,0
2023,30 bis unter 35 Jahre,Männlich,Saarland,0
2023,30 bis unter 35 Jahre,Männlich,Sachsen,0
2023,30 bis unter 35 Jahre,Männlich,Sachsen-Anhalt,1
2023,30 bis unter 35 Jahre,Männlich,Schleswig-Holstein,4
2023,30 bis unter 35 Jahre,Männlich,Thüringen,0
2023,30 bis unter 35 Jahre,Weiblich,Deutschland,156
2023,30 bis unter 35 Jahre,Weiblich,Baden-Württemberg,9
2023,30 bis unter 35 Jahre,Weiblich,Bayern,87
2023,30 bis unter 35 Jahre,Weiblich,Berlin,10
2023,30 bis unter 35 Jahre,Weiblich,Brandenburg,0
2023,30 bis unter 35 Jahre,Weiblich,Bremen,0
2023,30 bis unter 35 Jahre,Weiblich,Hamburg,23
2023,30 bis unter 35 Jahre,Weiblich,Hessen,2
2023,30 bis unter 35 Jahre,Weiblich,Mecklenburg-Vorpommern,0
2023,30 bis unter 35 Jahre,Weiblich,Niedersachsen,0
2023,30 bis unter 35 Jahre,Weiblich,Nordrhein-Westfalen,22
2023,30 bis unter 35 Jahre,Weiblich,Rheinland-Pfalz,0
2023,30 bis unter 35 Jahre,Weiblich,Saarland,0
2023,30 bis unter 35 Jahre,Weiblich,Sachsen,2
2023,30 bis unter 35 Jahre,Weiblich,Sachsen-Anhalt,0
2023,30 bis unter 35 Jahre,Weiblich,Schleswig-Holstein,1
2023,30 bis unter 35 Jahre,Weiblich,Thüringen,0
2023,35 bis unter 40 Jahre,Männlich,Deutschland,164
2023,35 bis unter 40 Jahre,Männlich,Baden-Württemberg,0
2023,35 bis unter 40 Jahre,Männlich,Bayern,100
2023,35 bis unter 40 Jahre,Männlich,Berlin,35
2023,35 bis unter 40 Jahre,Männlich,Brandenburg,0
2023,35 bis unter 40 Jahre,Männlich,Bremen,0
2023,35 bis unter 40 Jahre,Männlich,Hamburg,3
2023,35 bis unter 40 Jahre,Männlich,Hessen,11
2023,35 bis unter 40 Jahre,Männlich,Mecklenburg-Vorpommern,0
2023,35 bis unter 40 Jahre,Männlich,Niedersachsen,0
2023,35 bis unter 40 Jahre,Männlich,Nordrhein-Westfalen,7
2023,35 bis unter 40 Jahre,Männlich,Rheinland-Pfalz,0
2023,35 bis unter 40 Jahre,Männlich,Saarland,0
2023,35 bis unter 40 Jahre,Männlich,Sachsen,5
2023,35 bis unter 40 Jahre,Männlich,Sachsen-Anhalt,1
2023,35 bis unter 40 Jahre,Männlich,Schleswig-Holstein,2
2023,35 bis unter 40 Jahre,Männlich,Thüringen,0
2023,35 bis unter 40 Jahre,Weiblich,Deutschland,108
2023,35 bis unter 40 Jahre,Weiblich,Baden-Württemberg,7
2023,35 bis unter 40 Jahre,Weiblich,Bayern,60
2023,35 bis unter 40 Jahre,Weiblich,Berlin,6
2023,35 bis unter 40 Jahre,Weiblich,Brandenburg,0
2023,35 bis unter 40 Jahre,Weiblich,Bremen,0
2023,35 bis unter 40 Jahre,Weiblich,Hamburg,10
2023,35 bis unter 40 Jahre,Weiblich,Hessen,4
2023,35 bis unter 40 Jahre,Weiblich,Mecklenburg-Vorpommern,0
2023,35 bis unter 40 Jahre,Weiblich,Niedersachsen,1
2023,35 bis unter 40 Jahre,Weiblich,Nordrhein-Westfalen,16
2023,35 bis unter 40 Jahre,Weiblich,Rheinland-Pfalz,0
2023,35 bis unter 40 Jahre,Weiblich,Saarland,0
2023,35 bis unter 40 Jahre,Weiblich,Sachsen,2
2023,35 bis unter 40 Jahre,Weiblich,Sachsen-Anhalt,1
2023,35 bis unter 40 Jahre,Weiblich,Schleswig-Holstein,1
2023,35 bis unter 40 Jahre,Weiblich,Thüringen,0
2023,40 bis unter 45 Jahre,Männlich,Deutschland,106
2023,40 bis unter 45 Jahre,Männlich,Baden-Württemberg,2
2023,40 bis unter 45 Jahre,Männlich,Bayern,66
2023,40 bis unter 45 Jahre,Männlich,Berlin,22
2023,40 bis unter 45 Jahre,Männlich,Brandenburg,0
2023,40 bis unter 45 Jahre,Männlich,Bremen,0
2023,40 bis unter 45 Jahre,Männlich,Hamburg,4
2023,40 bis unter 45 Jahre,Männlich,Hessen,5
2023,40 bis unter 45 Jahre,Männlich,Mecklenburg-Vorpommern,0
2023,40 bis unter 45 Jahre,Männlich,Niedersachsen,0
2023,40 bis unter 45 Jahre,Männlich,Nordrhein-Westfalen,7
2023,40 bis unter 45 Jahre,Männlich,Rheinland-Pfalz,0
2023,40 bis unter 45 Jahre,Männlich,Saarland,0
2023,40 bis unter 45 Jahre,Männlich,Sachsen,0
2023,40 bis unter 45 Jahre,Männlich,Sachsen-Anhalt,0
2023,40 bis unter 45 Jahre,Männlich,Schleswig-Holstein,0
2023,40 bis unter 45 Jahre,Männlich,Thüringen,0
2023,40 bis unter 45 Jahre,Weiblich,Deutschland,90
2023,40 bis unter 45 Jahre,Weiblich,Baden-Württemberg,9
2023,40 bis unter 45 Jahre,Weiblich,Bayern,44
2023,40 bis unter 45 Jahre,Weiblich,Berlin,5
2023,40 bis unter 45 Jahre,Weiblich,Brandenburg,0
2023,40 bis unter 45 Jahre,Weiblich,Bremen,0
2023,40 bis unter 45 Jahre,Weiblich,Hamburg,7
2023,40 bis unter 45 Jahre,Weiblich,Hessen,3
2023,40 bis unter 45 Jahre,Weiblich,Mecklenburg-Vorpommern,0
2023,40 bis unter 45 Jahre,Weiblich,Niedersachsen,0
2023,40 bis unter 45 Jahre,Weiblich,Nordrhein-Westfalen,15
2023,40 bis unter 45 Jahre,Weiblich,Rheinland-Pfalz,0
2023,40 bis unter 45 Jahre,Weiblich,Saarland,0
2023,40 bis unter 45 Jahre,Weiblich,Sachsen,4
2023,40 bis unter 45 Jahre,Weiblich,Sachsen-Anhalt,1
2023,40 bis unter 45 Jahre,Weiblich,Schleswig-Holstein,2
2023,40 bis unter 45 Jahre,Weiblich,Thüringen,0
2023,45 bis unter 50 Jahre,Männlich,Deutschland,63
2023,45 bis unter 50 Jahre,Männlich,Baden-Württemberg,0
2023,45 bis unter 50 Jahre,Männlich,Bayern,35
2023,45 bis unter 50 Jahre,Männlich,Berlin,15
2023,45 bis unter 50 Jahre,Männlich,Brandenburg,0
2023,45 bis unter 50 Jahre,Männlich,Bremen,0
2023,45 bis unter 50 Jahre,Männlich,Hamburg,2
2023,45 bis unter 50 Jahre,Männlich,Hessen,5
2023,45 bis unter 50 Jahre,Männlich,Mecklenburg-Vorpommern,0
2023,45 bis unter 50 Jahre,Männlich,Niedersachsen,0
2023,45 bis unter 50 Jahre,Männlich,Nordrhein-Westfalen,4
2023,45 bis unter 50 Jahre,Männlich,Rheinland-Pfalz,0
2023,45 bis unter 50 Jahre,Männlich,Saarland,0
2023,45 bis unter 50 Jahre,Männlich,Sachsen,2
2023,45 bis unter 50 Jahre,Männlich,Sachsen-Anhalt,0
2023,45 bis unter 50 Jahre,Männlich,Schleswig-Holstein,0
2023,45 bis unter 50 Jahre,Männlich,Thüringen,0
2023,45 bis unter 50 Jahre,Weiblich,Deutschland,72
2023,45 bis unter 50 Jahre,Weiblich,Baden-Württemberg,6
2023,45 bis unter 50 Jahre,Weiblich,Bayern,29
2023,45 bis unter 50 Jahre,Weiblich,Berlin,3
2023,45 bis unter 50 Jahre,Weiblich,Brandenburg,0
2023,45 bis unter 50 Jahre,Weiblich,Bremen,0
2023,45 bis unter 50 Jahre,Weiblich,Hamburg,10
2023,45 bis unter 50 Jahre,Weiblich,Hessen,9
2023,45 bis unter 50 Jahre,Weiblich,Mecklenburg-Vorpommern,0
2023,45 bis unter 50 Jahre,Weiblich,Niedersachsen,0
2023,45 bis unter 50 Jahre,Weiblich,Nordrhein-Westfalen,12
2023,45 bis unter 50 Jahre,Weiblich,Rheinland-Pfalz,0
2023,45 bis unter 50 Jahre,Weiblich,Saarland,0
2023,45 bis unter 50 Jahre,Weiblich,Sachsen,0
2023,45 bis unter 50 Jahre,Weiblich,Sachsen-Anhalt,0
2023,45 bis unter 50 Jahre,Weiblich,Schleswig-Holstein,3
2023,45 bis unter 50 Jahre,Weiblich,Thüringen,0
2023,50 bis unter 55 Jahre,Männlich,Deutschland,47
2023,50 bis unter 55 Jahre,Männlich,Baden-Württemberg,1
2023,50 bis unter 55 Jahre,Männlich,Bayern,26
2023,50 bis unter 55 Jahre,Männlich,Berlin,10
2023,50 bis unter 55 Jahre,Männlich,Brandenburg,0
2023,50 bis unter 55 Jahre,Männlich,Bremen,0
2023,50 bis unter 55 Jahre,Männlich,Hamburg,2
2023,50 bis unter 55 Jahre,Männlich,Hessen,4
2023,50 bis unter 55 Jahre,Männlich,Mecklenburg-Vorpommern,0
2023,50 bis unter 55 Jahre,Männlich,Niedersachsen,0
2023,50 bis unter 55 Jahre,Männlich,Nordrhein-Westfalen,4
2023,50 bis unter 55 Jahre,Männlich,Rheinland-Pfalz,0
2023,50 bis unter 55 Jahre,Männlich,Saarland,0
2023,50 bis unter 55 Jahre,Männlich,Sachsen,0
2023,50 bis unter 55 Jahre,Männlich,Sachsen-Anhalt,0
2023,50 bis unter 55 Jahre,Männlich,Schleswig-Holstein,0
2023,50 bis unter 55 Jahre,Männlich,Thüringen,0
2023,50 bis unter 55 Jahre,Weiblich,Deutschland,66
2023,50 bis unter 55 Jahre,Weiblich,Baden-Württemberg,5
2023,50 bis unter 55 Jahre,Weiblich,Bayern,31
2023,50 bis unter 55 Jahre,Weiblich,Berlin,0
2023,50 bis unter 55 Jahre,Weiblich,Brandenburg,0
2023,50 bis unter 55 Jahre,Weiblich,Bremen,0
2023,50 bis unter 55 Jahre,Weiblich,Hamburg,8
2023,50 bis unter 55 Jahre,Weiblich,Hessen,2
2023,50 bis unter 55 Jahre,Weiblich,Mecklenburg-Vorpommern,0
2023,50 bis unter 55 Jahre,Weiblich,Niedersachsen,0
2023,50 bis unter 55 Jahre,Weiblich,Nordrhein-Westfalen,14
2023,50 bis unter 55 Jahre,Weiblich,Rheinland-Pfalz,0
2023,50 bis unter 55 Jahre,Weiblich,Saarland,0
2023,50 bis unter 55 Jahre,Weiblich,Sachsen,1
2023,50 bis unter 55 Jahre,Weiblich,Sachsen-Anhalt,3
2023,50 bis unter 55 Jahre,Weiblich,Schleswig-Holstein,2
2023,50 bis unter 55 Jahre,Weiblich,Thüringen,0
2023,55 bis unter 60 Jahre,Männlich,Deutschland,35
2023,55 bis unter 60 Jahre,Männlich,Baden-Württemberg,0
2023,55 bis unter 60 Jahre,Männlich,Bayern,9
2023,55 bis unter 60 Jahre,Männlich,Berlin,10
2023,55 bis unter 60 Jahre,Männlich,Brandenburg,0
2023,55 bis unter 60 Jahre,Männlich,Bremen,0
2023,55 bis unter 60 Jahre,Männlich,Hamburg,1
2023,55 bis unter 60 Jahre,Männlich,Hessen,10
2023,55 bis unter 60 Jahre,Männlich,Mecklenburg-Vorpommern,0
2023,55 bis unter 60 Jahre,Männlich,Niedersachsen,0
2023,55 bis unter 60 Jahre,Männlich,Nordrhein-Westfalen,4
2023,55 bis unter 60 Jahre,Männlich,Rheinland-Pfalz,0
2023,55 bis unter 60 Jahre,Männlich,Saarland,0
2023,55 bis unter 60 Jahre,Männlich,Sachsen,1
2023,55 bis unter 60 Jahre,Männlich,Sachsen-Anhalt,0
2023,55 bis unter 60 Jahre,Männlich,Schleswig-Holstein,0
2023,55 bis unter 60 Jahre,Männlich,Thüringen,0
2023,55 bis unter 60 Jahre,Weiblich,Deutschland,69
2023,55 bis unter 60 Jahre,Weiblich,Baden-Württemberg,6
2023,55 bis unter 60 Jahre,Weiblich,Bayern,29
2023,55 bis unter 60 Jahre,Weiblich,Berlin,4
2023,55 bis unter 60 Jahre,Weiblich,Brandenburg,0
2023,55 bis unter 60 Jahre,Weiblich,Bremen,0
2023,55 bis unter 60 Jahre,Weiblich,Hamburg,9
2023,55 bis unter 60 Jahre,Weiblich,Hessen,3
2023,55 bis unter 60 Jahre,Weiblich,Mecklenburg-Vorpommern,0
2023,55 bis unter 60 Jahre,Weiblich,Niedersachsen,1
2023,55 bis unter 60 Jahre,Weiblich,Nordrhein-Westfalen,11
2023,55 bis unter 60 Jahre,Weiblich,Rheinland-Pfalz,0
2023,55 bis unter 60 Jahre,Weiblich,Saarland,0
2023,55 bis unter 60 Jahre,Weiblich,Sachsen,3
2023,55 bis unter 60 Jahre,Weiblich,Sachsen-Anhalt,2
2023,55 bis unter 60 Jahre,Weiblich,Schleswig-Holstein,1
2023,55 bis unter 60 Jahre,Weiblich,Thüringen,0
2023,60 bis unter 65 Jahre,Männlich,Deutschland,10
2023,60 bis unter 65 Jahre,Männlich,Baden-Württemberg,0
2023,60 bis unter 65 Jahre,Männlich,Bayern,6
2023,60 bis unter 65 Jahre,Männlich,Berlin,2
2023,60 bis unter 65 Jahre,Männlich,Brandenburg,0
2023,60 bis unter 65 Jahre,Männlich,Bremen,0
2023,60 bis unter 65 Jahre,Männlich,Hamburg,0
2023,60 bis unter 65 Jahre,Männlich,Hessen,1
2023,60 bis unter 65 Jahre,Männlich,Mecklenburg-Vorpommern,0
2023,60 bis unter 65 Jahre,Männlich,Niedersachsen,0
2023,60 bis unter 65 Jahre,Männlich,Nordrhein-Westfalen,1
2023,60 bis unter 65 Jahre,Männlich,Rheinland-Pfalz,0
2023,60 bis unter 65 Jahre,Männlich,Saarland,0
2023,60 bis unter 65 Jahre,Männlich,Sachsen,0
2023,60 bis unter 65 Jahre,Männlich,Sachsen-Anhalt,0
2023,60 bis unter 65 Jahre,Männlich,Schleswig-Holstein,0
2023,60 bis unter 65 Jahre,Männlich,Thüringen,0
2023,60 bis unter 65 Jahre,Weiblich,Deutschland,32
2023,60 bis unter 65 Jahre,Weiblich,Baden-Württemberg,0
2023,60 bis unter 65 Jahre,Weiblich,Bayern,11
2023,60 bis unter 65 Jahre,Weiblich,Berlin,2
2023,60 bis unter 65 Jahre,Weiblich,Brandenburg,0
2023,60 bis unter 65 Jahre,Weiblich,Bremen,0
2023,60 bis unter 65 Jahre,Weiblich,Hamburg,5
2023,60 bis unter 65 Jahre,Weiblich,Hessen,1
2023,60 bis unter 65 Jahre,Weiblich,Mecklenburg-Vorpommern,0
2023,60 bis unter 65 Jahre,Weiblich,Niedersachsen,0
2023,60 bis unter 65 Jahre,Weiblich,Nordrhein-Westfalen,8
2023,60 bis unter 65 Jahre,Weiblich,Rheinland-Pfalz,0
2023,60 bis unter 65 Jahre,Weiblich,Saarland,0
2023,60 bis unter 65 Jahre,Weiblich,Sachsen,3
2023,60 bis unter 65 Jahre,Weiblich,Sachsen-Anhalt,2
2023,60 bis unter 65 Jahre,Weiblich,Schleswig-Holstein,0
2023,60 bis unter 65 Jahre,Weiblich,Thüringen,0
2023,65 bis unter 70 Jahre,Männlich,Deutschland,5
2023,65 bis unter 70 Jahre,Männlich,Baden-Württemberg,0
2023,65 bis unter 70 Jahre,Männlich,Bayern,2
2023,65 bis unter 70 Jahre,Männlich,Berlin,0
2023,65 bis unter 70 Jahre,Männlich,Brandenburg,0
2023,65 bis unter 70 Jahre,Männlich,Bremen,0
2023,65 bis unter 70 Jahre,Männlich,Hamburg,2
2023,65 bis unter 70 Jahre,Männlich,Hessen,1
2023,65 bis unter 70 Jahre,Männlich,Mecklenburg-Vorpommern,0
2023,65 bis unter 70 Jahre,Männlich,Niedersachsen,0
2023,65 bis unter 70 Jahre,Männlich,Nordrhein-Westfalen,0
2023,65 bis unter 70 Jahre,Männlich,Rheinland-Pfalz,0
2023,65 bis unter 70 Jahre,Männlich,Saarland,0
2023,65 bis unter 70 Jahre,Männlich,Sachsen,0
2023,65 bis unter 70 Jahre,Männlich,Sachsen-Anhalt,0
2023,65 bis unter 70 Jahre,Männlich,Schleswig-Holstein,0
2023,65 bis unter 70 Jahre,Männlich,Thüringen,0
2023,65 bis unter 70 Jahre,Weiblich,Deutschland,15
2023,65 bis unter 70 Jahre,Weiblich,Baden-Württemberg,0
2023,65 bis unter 70 Jahre,Weiblich,Bayern,2
2023,65 bis unter 70 Jahre,Weiblich,Berlin,0
2023,65 bis unter 70 Jahre,Weiblich,Brandenburg,0
2023,65 bis unter 70 Jahre,Weiblich,Bremen,0
2023,65 bis unter 70 Jahre,Weiblich,Hamburg,2
2023,65 bis unter 70 Jahre,Weiblich,Hessen,0
2023,65 bis unter 70 Jahre,Weiblich,Mecklenburg-Vorpommern,0
2023,65 bis unter 70 Jahre,Weiblich,Niedersachsen,0
2023,65 bis unter 70 Jahre,Weiblich,Nordrhein-Westfalen,7
2023,65 bis unter 70 Jahre,Weiblich,Rheinland-Pfalz,0
2023,65 bis unter 70 Jahre,Weiblich,Saarland,0
2023,65 bis unter 70 Jahre,Weiblich,Sachsen,3
2023,65 bis unter 70 Jahre,Weiblich,Sachsen-Anhalt,0
2023,65 bis unter 70 Jahre,Weiblich,Schleswig-Holstein,1
2023,65 bis unter 70 Jahre,Weiblich,Thüringen,0
2023,70 bis unter 75 Jahre,Männlich,Deutschland,1
2023,70 bis unter 75 Jahre,Männlich,Baden-Württemberg,0
2023,70 bis unter 75 Jahre,Männlich,Bayern,1
2023,70 bis unter 75 Jahre,Männlich,Berlin,0
2023,70 bis unter 75 Jahre,Männlich,Brandenburg,0
2023,70 bis unter 75 Jahre,Männlich,Bremen,0
2023,70 bis unter 75 Jahre,Männlich,Hamburg,0
2023,70 bis unter 75 Jahre,Männlich,Hessen,0
2023,70 bis unter 75 Jahre,Männlich,Mecklenburg-Vorpommern,0
2023,70 bis unter 75 Jahre,Männlich,Niedersachsen,0
2023,70 bis unter 75 Jahre,Männlich,Nordrhein-Westfalen,0
2023,70 bis unter 75 Jahre,Männlich,Rheinland-Pfalz,0
2023,70 bis unter 75 Jahre,Männlich,Saarland,0
2023,70 bis unter 75 Jahre,Männlich,Sachsen,0
2023,70 bis unter 75 Jahre,Männlich,Sachsen-Anhalt,0
2023,70 bis unter 75 Jahre,Männlich,Schleswig-Holstein,0
2023,70 bis unter 75 Jahre,Männlich,Thüringen,0
2023,70 bis unter 75 Jahre,Weiblich,Deutschland,4
2023,70 bis unter 75 Jahre,Weiblich,Baden-Württemberg,0
2023,70 bis unter 75 Jahre,Weiblich,Bayern,3
2023,70 bis unter 75 Jahre,Weiblich,Berlin,0
2023,70 bis unter 75 Jahre,Weiblich,Brandenburg,0
2023,70 bis unter 75 Jahre,Weiblich,Bremen,0
2023,70 bis unter 75 Jahre,Weiblich,Hamburg,0
2023,70 bis unter 75 Jahre,Weiblich,Hessen,1
2023,70 bis unter 75 Jahre,Weiblich,Mecklenburg-Vorpommern,0
2023,70 bis unter 75 Jahre,Weiblich,Niedersachsen,0
2023,70 bis unter 75 Jahre,Weiblich,Nordrhein-Westfalen,0
2023,70 bis unter 75 Jahre,Weiblich,Rheinland-Pfalz,0
2023,70 bis unter 75 Jahre,Weiblich,Saarland,0
2023,70 bis unter 75 Jahre,Weiblich,Sachsen,0
2023,70 bis unter 75 Jahre,Weiblich,Sachsen-Anhalt,0
2023,70 bis unter 75 Jahre,Weiblich,Schleswig-Holstein,0
2023,70 bis unter 75 Jahre,Weiblich,Thüringen,0
2023,75 bis unter 80 Jahre,Männlich,Deutschland,0
2023,75 bis unter 80 Jahre,Männlich,Baden-Württemberg,0
2023,75 bis unter 80 Jahre,Männlich,Bayern,0
2023,75 bis unter 80 Jahre,Männlich,Berlin,0
2023,75 bis unter 80 Jahre,Männlich,Brandenburg,0
2023,75 bis unter 80 Jahre,Männlich,Bremen,0
2023,75 bis unter 80 Jahre,Männlich,Hamburg,0
2023,75 bis unter 80 Jahre,Männlich,Hessen,0
2023,75 bis unter 80 Jahre,Männlich,Mecklenburg-Vorpommern,0
2023,75 bis unter 80 Jahre,Männlich,Niedersachsen,0
2023,75 bis unter 80 Jahre,Männlich,Nordrhein-Westfalen,0
2023,75 bis unter 80 Jahre,Männlich,Rheinland-Pfalz,0
2023,75 bis unter 80 Jahre,Männlich,Saarland,0
2023,75 bis unter 80 Jahre,Männlich,Sachsen,0
2023,75 bis unter 80 Jahre,Männlich,Sachsen-Anhalt,0
2023,75 bis unter 80 Jahre,Männlich,Schleswig-Holstein,0
2023,75 bis unter 80 Jahre,Männlich,Thüringen,0
2023,75 bis unter 80 Jahre,Weiblich,Deutschland,0
2023,75 bis unter 80 Jahre,Weiblich,Baden-Württemberg,0
2023,75 bis unter 80 Jahre,Weiblich,Bayern,0
2023,75 bis unter 80 Jahre,Weiblich,Berlin,0
2023,75 bis unter 80 Jahre,Weiblich,Brandenburg,0
2023,75 bis unter 80 Jahre,Weiblich,Bremen,0
2023,75 bis unter 80 Jahre,Weiblich,Hamburg,0
2023,75 bis unter 80 Jahre,Weiblich,Hessen,0
2023,75 bis unter 80 Jahre,Weiblich,Mecklenburg-Vorpommern,0
2023,75 bis unter 80 Jahre,Weiblich,Niedersachsen,0
2023,75 bis unter 80 Jahre,Weiblich,Nordrhein-Westfalen,0
2023,75 bis unter 80 Jahre,Weiblich,Rheinland-Pfalz,0
2023,75 bis unter 80 Jahre,Weiblich,Saarland,0
2023,75 bis unter 80 Jahre,Weiblich,Sachsen,0
2023,75 bis unter 80 Jahre,Weiblich,Sachsen-Anhalt,0
2023,75 bis unter 80 Jahre,Weiblich,Schleswig-Holstein,0
2023,75 bis unter 80 Jahre,Weiblich,Thüringen,0
2023,80 bis unter 85 Jahre,Männlich,Deutschland,0
2023,80 bis unter 85 Jahre,Männlich,Baden-Württemberg,0
2023,80 bis unter 85 Jahre,Männlich,Bayern,0
2023,80 bis unter 85 Jahre,Männlich,Berlin,0
2023,80 bis unter 85 Jahre,Männlich,Brandenburg,0
2023,80 bis unter 85 Jahre,Männlich,Bremen,0
2023,80 bis unter 85 Jahre,Männlich,Hamburg,0
2023,80 bis unter 85 Jahre,Männlich,Hessen,0
2023,80 bis unter 85 Jahre,Männlich,Mecklenburg-Vorpommern,0
2023,80 bis unter 85 Jahre,Männlich,Niedersachsen,0
2023,80 bis unter 85 Jahre,Männlich,Nordrhein-Westfalen,0
2023,80 bis unter 85 Jahre,Männlich,Rheinland-Pfalz,0
2023,80 bis unter 85 Jahre,Männlich,Saarland,0
2023,80 bis unter 85 Jahre,Männlich,Sachsen,0
2023,80 bis unter 85 Jahre,Männlich,Sachsen-Anhalt,0
2023,80 bis unter 85 Jahre,Männlich,Schleswig-Holstein,0
2023,80 bis unter 85 Jahre,Männlich,Thüringen,0
2023,80 bis unter 85 Jahre,Weiblich,Deutschland,0
2023,80 bis unter 85 Jahre,Weiblich,Baden-Württemberg,0
2023,80 bis unter 85 Jahre,Weiblich,Bayern,0
2023,80 bis unter 85 Jahre,Weiblich,Berlin,0
2023,80 bis unter 85 Jahre,Weiblich,Brandenburg,0
2023,80 bis unter 85 Jahre,Weiblich,Bremen,0
2023,80 bis unter 85 Jahre,Weiblich,Hamburg,0
2023,80 bis unter 85 Jahre,Weiblich,Hessen,0
2023,80 bis unter 85 Jahre,Weiblich,Mecklenburg-Vorpommern,0
2023,80 bis unter 85 Jahre,Weiblich,Niedersachsen,0
2023,80 bis unter 85 Jahre,Weiblich,Nordrhein-Westfalen,0
2023,80 bis unter 85 Jahre,Weiblich,Rheinland-Pfalz,0
2023,80 bis unter 85 Jahre,Weiblich,Saarland,0
2023,80 bis unter 85 Jahre,Weiblich,Sachsen,0
2023,80 bis unter 85 Jahre,Weiblich,Sachsen-Anhalt,0
2023,80 bis unter 85 Jahre,Weiblich,Schleswig-Holstein,0
2023,80 bis unter 85 Jahre,Weiblich,Thüringen,0
2023,85 bis unter 90 Jahre,Männlich,Deutschland,0
2023,85 bis unter 90 Jahre,Männlich,Baden-Württemberg,0
2023,85 bis unter 90 Jahre,Männlich,Bayern,0
2023,85 bis unter 90 Jahre,Männlich,Berlin,0
2023,85 bis unter 90 Jahre,Männlich,Brandenburg,0
2023,85 bis unter 90 Jahre,Männlich,Bremen,0
2023,85 bis unter 90 Jahre,Männlich,Hamburg,0
2023,85 bis unter 90 Jahre,Männlich,Hessen,0
2023,85 bis unter 90 Jahre,Männlich,Mecklenburg-Vorpommern,0
2023,85 bis unter 90 Jahre,Männlich,Niedersachsen,0
2023,85 bis unter 90 Jahre,Männlich,Nordrhein-Westfalen,0
2023,85 bis unter 90 Jahre,Männlich,Rheinland-Pfalz,0
2023,85 bis unter 90 Jahre,Männlich,Saarland,0
2023,85 bis unter 90 Jahre,Männlich,Sachsen,0
2023,85 bis unter 90 Jahre,Männlich,Sachsen-Anhalt,0
2023,85 bis unter 90 Jahre,Männlich,Schleswig-Holstein,0
2023,85 bis unter 90 Jahre,Männlich,Thüringen,0
2023,85 bis unter 90 Jahre,Weiblich,Deutschland,0
2023,85 bis unter 90 Jahre,Weiblich,Baden-Württemberg,0
2023,85 bis unter 90 Jahre,Weiblich,Bayern,0
2023,85 bis unter 90 Jahre,Weiblich,Berlin,0
2023,85 bis unter 90 Jahre,Weiblich,Brandenburg,0
2023,85 bis unter 90 Jahre,Weiblich,Bremen,0
2023,85 bis unter 90 Jahre,Weiblich,Hamburg,0
2023,85 bis unter 90 Jahre,Weiblich,Hessen,0
2023,85 bis unter 90 Jahre,Weiblich,Mecklenburg-Vorpommern,0
2023,85 bis unter 90 Jahre,Weiblich,Niedersachsen,0
2023,85 bis unter 90 Jahre,Weiblich,Nordrhein-Westfalen,0
2023,85 bis unter 90 Jahre,Weiblich,Rheinland-Pfalz,0
2023,85 bis unter 90 Jahre,Weiblich,Saarland,0
2023,85 bis unter 90 Jahre,Weiblich,Sachsen,0
2023,85 bis unter 90 Jahre,Weiblich,Sachsen-Anhalt,0
2023,85 bis unter 90 Jahre,Weiblich,Schleswig-Holstein,0
2023,85 bis unter 90 Jahre,Weiblich,Thüringen,0
2023,90 bis unter 95 Jahre,Männlich,Deutschland,0
2023,90 bis unter 95 Jahre,Männlich,Baden-Württemberg,0
2023,90 bis unter 95 Jahre,Männlich,Bayern,0
2023,90 bis unter 95 Jahre,Männlich,Berlin,0
2023,90 bis unter 95 Jahre,Männlich,Brandenburg,0
2023,90 bis unter 95 Jahre,Männlich,Bremen,0
2023,90 bis unter 95 Jahre,Männlich,Hamburg,0
2023,90 bis unter 95 Jahre,Männlich,Hessen,0
2023,90 bis unter 95 Jahre,Männlich,Mecklenburg-Vorpommern,0
2023,90 bis unter 95 Jahre,Männlich,Niedersachsen,0
2023,90 bis unter 95 Jahre,Männlich,Nordrhein-Westfalen,0
2023,90 bis unter 95 Jahre,Männlich,Rheinland-Pfalz,0
2023,90 bis unter 95 Jahre,Männlich,Saarland,0
2023,90 bis unter 95 Jahre,Männlich,Sachsen,0
2023,90 bis unter 95 Jahre,Männlich,Sachsen-Anhalt,0
2023,90 bis unter 95 Jahre,Männlich,Schleswig-Holstein,0
2023,90 bis unter 95 Jahre,Männlich,Thüringen,0
2023,90 bis unter 95 Jahre,Weiblich,Deutschland,0
2023,90 bis unter 95 Jahre,Weiblich,Baden-Württemberg,0
2023,90 bis unter 95 Jahre,Weiblich,Bayern,0
2023,90 bis unter 95 Jahre,Weiblich,Berlin,0
2023,90 bis unter 95 Jahre,Weiblich,Brandenburg,0
2023,90 bis unter 95 Jahre,Weiblich,Bremen,0
2023,90 bis unter 95 Jahre,Weiblich,Hamburg,0
2023,90 bis unter 95 Jahre,Weiblich,Hessen,0
2023,90 bis unter 95 Jahre,Weiblich,Mecklenburg-Vorpommern,0
2023,90 bis unter 95 Jahre,Weiblich,Niedersachsen,0
2023,90 bis unter 95 Jahre,Weiblich,Nordrhein-Westfalen,0
2023,90 bis unter 95 Jahre,Weiblich,Rheinland-Pfalz,0
2023,90 bis unter 95 Jahre,Weiblich,Saarland,0
2023,90 bis unter 95 Jahre,Weiblich,Sachsen,0
2023,90 bis unter 95 Jahre,Weiblich,Sachsen-Anhalt,0
2023,90 bis unter 95 Jahre,Weiblich,Schleswig-Holstein,0
2023,90 bis unter 95 Jahre,Weiblich,Thüringen,0
2023,95 Jahre und älter,Männlich,Deutschland,0
2023,95 Jahre und älter,Männlich,Baden-Württemberg,0
2023,95 Jahre und älter,Männlich,Bayern,0
2023,95 Jahre und älter,Männlich,Berlin,0
2023,95 Jahre und älter,Männlich,Brandenburg,0
2023,95 Jahre und älter,Männlich,Bremen,0
2023,95 Jahre und älter,Männlich,Hamburg,0
2023,95 Jahre und älter,Männlich,Hessen,0
2023,95 Jahre und älter,Männlich,Mecklenburg-Vorpommern,0
2023,95 Jahre und älter,Männlich,Niedersachsen,0
2023,95 Jahre und älter,Männlich,Nordrhein-Westfalen,0
2023,95 Jahre und älter,Männlich,Rheinland-Pfalz,0
2023,95 Jahre und älter,Männlich,Saarland,0
2023,95 Jahre und älter,Männlich,Sachsen,0
2023,95 Jahre und älter,Männlich,Sachsen-Anhalt,0
2023,95 Jahre und älter,Männlich,Schleswig-Holstein,0
2023,95 Jahre und älter,Männlich,Thüringen,0
2023,95 Jahre und älter,Weiblich,Deutschland,0
2023,95 Jahre und älter,Weiblich,Baden-Württemberg,0
2023,95 Jahre und älter,Weiblich,Bayern,0
2023,95 Jahre und älter,Weiblich,Berlin,0
2023,95 Jahre und älter,Weiblich,Brandenburg,0
2023,95 Jahre und älter,Weiblich,Bremen,0
2023,95 Jahre und älter,Weiblich,Hamburg,0
2023,95 Jahre und älter,Weiblich,Hessen,0
2023,95 Jahre und älter,Weiblich,Mecklenburg-Vorpommern,0
2023,95 Jahre und älter,Weiblich,Niedersachsen,0
2023,95 Jahre und älter,Weiblich,Nordrhein-Westfalen,0
2023,95 Jahre und älter,Weiblich,Rheinland-Pfalz,0
2023,95 Jahre und älter,Weiblich,Saarland,0
2023,95 Jahre und älter,Weiblich,Sachsen,0
2023,95 Jahre und älter,Weiblich,Sachsen-Anhalt,0
2023,95 Jahre und älter,Weiblich,Schleswig-Holstein,0
2023,95 Jahre und älter,Weiblich,Thüringen,0
2024,Unter 1 Jahr,Männlich,Deutschland,0
2024,Unter 1 Jahr,Männlich,Baden-Württemberg,0
2024,Unter 1 Jahr,Männlich,Bayern,0
2024,Unter 1 Jahr,Männlich,Berlin,0
2024,Unter 1 Jahr,Männlich,Brandenburg,0
2024,Unter 1 Jahr,Männlich,Bremen,0
2024,Unter 1 Jahr,Männlich,Hamburg,0
2024,Unter 1 Jahr,Männlich,Hessen,0
2024,Unter 1 Jahr,Männlich,Mecklenburg-Vorpommern,0
2024,Unter 1 Jahr,Männlich,Niedersachsen,0
2024,Unter 1 Jahr,Männlich,Nordrhein-Westfalen,0
2024,Unter 1 Jahr,Männlich,Rheinland-Pfalz,0
2024,Unter 1 Jahr,Männlich,Saarland,0
2024,Unter 1 Jahr,Männlich,Sachsen,0
2024,Unter 1 Jahr,Männlich,Sachsen-Anhalt,0
2024,Unter 1 Jahr,Männlich,Schleswig-Holstein,0
2024,Unter 1 Jahr,Männlich,Thüringen,0
2024,Unter 1 Jahr,Weiblich,Deutschland,0
2024,Unter 1 Jahr,Weiblich,Baden-Württemberg,0
2024,Unter 1 Jahr,Weiblich,Bayern,0
2024,Unter 1 Jahr,Weiblich,Berlin,0
2024,Unter 1 Jahr,Weiblich,Brandenburg,0
2024,Unter 1 Jahr,Weiblich,Bremen,0
2024,Unter 1 Jahr,Weiblich,Hamburg,0
2024,Unter 1 Jahr,Weiblich,Hessen,0
2024,Unter 1 Jahr,Weiblich,Mecklenburg-Vorpommern,0
2024,Unter 1 Jahr,Weiblich,Niedersachsen,0
2024,Unter 1 Jahr,Weiblich,Nordrhein-Westfalen,0
2024,Unter 1 Jahr,Weiblich,Rheinland-Pfalz,0
2024,Unter 1 Jahr,Weiblich,Saarland,0
2024,Unter 1 Jahr,Weiblich,Sachsen,0
2024,Unter 1 Jahr,Weiblich,Sachsen-Anhalt,0
2024,Unter 1 Jahr,Weiblich,Schleswig-Holstein,0
2024,Unter 1 Jahr,Weiblich,Thüringen,0
2024,1 Jahr bis unter 5 Jahre,Männlich,Deutschland,0
2024,1 Jahr bis unter 5 Jahre,Männlich,Baden-Württemberg,0
2024,1 Jahr bis unter 5 Jahre,Männlich,Bayern,0
2024,1 Jahr bis unter 5 Jahre,Männlich,Berlin,0
2024,1 Jahr bis unter 5 Jahre,Männlich,Brandenburg,0
2024,1 Jahr bis unter 5 Jahre,Männlich,Bremen,0
2024,1 Jahr bis unter 5 Jahre,Männlich,Hamburg,0
2024,1 Jahr bis unter 5 Jahre,Männlich,Hessen,0
2024,1 Jahr bis unter 5 Jahre,Männlich,Mecklenburg-Vorpommern,0
2024,1 Jahr bis unter 5 Jahre,Männlich,Niedersachsen,0
2024,1 Jahr bis unter 5 Jahre,Männlich,Nordrhein-Westfalen,0
2024,1 Jahr bis unter 5 Jahre,Männlich,Rheinland-Pfalz,0
2024,1 Jahr bis unter 5 Jahre,Männlich,Saarland,0
2024,1 Jahr bis unter 5 Jahre,Männlich,Sachsen,0
2024,1 Jahr bis unter 5 Jahre,Männlich,Sachsen-Anhalt,0
2024,1 Jahr bis unter 5 Jahre,Männlich,Schleswig-Holstein,0
2024,1 Jahr bis unter 5 Jahre,Männlich,Thüringen,0
2024,1 Jahr bis unter 5 Jahre,Weiblich,Deutschland,0
2024,1 Jahr bis unter 5 Jahre,Weiblich,Baden-Württemberg,0
2024,1 Jahr bis unter 5 Jahre,Weiblich,Bayern,0
2024,1 Jahr bis unter 5 Jahre,Weiblich,Berlin,0
2024,1 Jahr bis unter 5 Jahre,Weiblich,Brandenburg,0
2024,1 Jahr bis unter 5 Jahre,Weiblich,Bremen,0
2024,1 Jahr bis unter 5 Jahre,Weiblich,Hamburg,0
2024,1 Jahr bis unter 5 Jahre,Weiblich,Hessen,0
2024,1 Jahr bis unter 5 Jahre,Weiblich,Mecklenburg-Vorpommern,0
2024,1 Jahr bis unter 5 Jahre,Weiblich,Niedersachsen,0
2024,1 Jahr bis unter 5 Jahre,Weiblich,Nordrhein-Westfalen,0
2024,1 Jahr bis unter 5 Jahre,Weiblich,Rheinland-Pfalz,0
2024,1 Jahr bis unter 5 Jahre,Weiblich,Saarland,0
2024,1 Jahr bis unter 5 Jahre,Weiblich,Sachsen,0
2024,1 Jahr bis unter 5 Jahre,Weiblich,Sachsen-Anhalt,0
2024,1 Jahr bis unter 5 Jahre,Weiblich,Schleswig-Holstein,0
2024,1 Jahr bis unter 5 Jahre,Weiblich,Thüringen,0
2024,5 bis unter 10 Jahre,Männlich,Deutschland,0
2024,5 bis unter 10 Jahre,Männlich,Baden-Württemberg,0
2024,5 bis unter 10 Jahre,Männlich,Bayern,0
2024,5 bis unter 10 Jahre,Männlich,Berlin,0
2024,5 bis unter 10 Jahre,Männlich,Brandenburg,0
2024,5 bis unter 10 Jahre,Männlich,Bremen,0
2024,5 bis unter 10 Jahre,Männlich,Hamburg,0
2024,5 bis unter 10 Jahre,Männlich,Hessen,0
2024,5 bis unter 10 Jahre,Männlich,Mecklenburg-Vorpommern,0
2024,5 bis unter 10 Jahre,Männlich,Niedersachsen,0
2024,5 bis unter 10 Jahre,Männlich,Nordrhein-Westfalen,0
2024,5 bis unter 10 Jahre,Männlich,Rheinland-Pfalz,0
2024,5 bis unter 10 Jahre,Männlich,Saarland,0
2024,5 bis unter 10 Jahre,Männlich,Sachsen,0
2024,5 bis unter 10 Jahre,Männlich,Sachsen-Anhalt,0
2024,5 bis unter 10 Jahre,Männlich,Schleswig-Holstein,0
2024,5 bis unter 10 Jahre,Männlich,Thüringen,0
2024,5 bis unter 10 Jahre,Weiblich,Deutschland,0
2024,5 bis unter 10 Jahre,Weiblich,Baden-Württemberg,0
2024,5 bis unter 10 Jahre,Weiblich,Bayern,0
2024,5 bis unter 10 Jahre,Weiblich,Berlin,0
2024,5 bis unter 10 Jahre,Weiblich,Brandenburg,0
2024,5 bis unter 10 Jahre,Weiblich,Bremen,0
2024,5 bis unter 10 Jahre,Weiblich,Hamburg,0
2024,5 bis unter 10 Jahre,Weiblich,Hessen,0
2024,5 bis unter 10 Jahre,Weiblich,Mecklenburg-Vorpommern,0
2024,5 bis unter 10 Jahre,Weiblich,Niedersachsen,0
2024,5 bis unter 10 Jahre,Weiblich,Nordrhein-Westfalen,0
2024,5 bis unter 10 Jahre,Weiblich,Rheinland-Pfalz,0
2024,5 bis unter 10 Jahre,Weiblich,Saarland,0
2024,5 bis unter 10 Jahre,Weiblich,Sachsen,0
2024,5 bis unter 10 Jahre,Weiblich,Sachsen-Anhalt,0
2024,5 bis unter 10 Jahre,Weiblich,Schleswig-Holstein,0
2024,5 bis unter 10 Jahre,Weiblich,Thüringen,0
2024,10 bis unter 15 Jahre,Männlich,Deutschland,0
2024,10 bis unter 15 Jahre,Männlich,Baden-Württemberg,0
2024,10 bis unter 15 Jahre,Männlich,Bayern,0
2024,10 bis unter 15 Jahre,Männlich,Berlin,0
2024,10 bis unter 15 Jahre,Männlich,Brandenburg,0
2024,10 bis unter 15 Jahre,Männlich,Bremen,0
2024,10 bis unter 15 Jahre,Männlich,Hamburg,0
2024,10 bis unter 15 Jahre,Männlich,Hessen,0
2024,10 bis unter 15 Jahre,Männlich,Mecklenburg-Vorpommern,0
2024,10 bis unter 15 Jahre,Männlich,Niedersachsen,0
2024,10 bis unter 15 Jahre,Männlich,Nordrhein-Westfalen,0
2024,10 bis unter 15 Jahre,Männlich,Rheinland-Pfalz,0
2024,10 bis unter 15 Jahre,Männlich,Saarland,0
2024,10 bis unter 15 Jahre,Männlich,Sachsen,0
2024,10 bis unter 15 Jahre,Männlich,Sachsen-Anhalt,0
2024,10 bis unter 15 Jahre,Männlich,Schleswig-Holstein,0
2024,10 bis unter 15 Jahre,Männlich,Thüringen,0
2024,10 bis unter 15 Jahre,Weiblich,Deutschland,0
2024,10 bis unter 15 Jahre,Weiblich,Baden-Württemberg,0
2024,10 bis unter 15 Jahre,Weiblich,Bayern,0
2024,10 bis unter 15 Jahre,Weiblich,Berlin,0
2024,10 bis unter 15 Jahre,Weiblich,Brandenburg,0
2024,10 bis unter 15 Jahre,Weiblich,Bremen,0
2024,10 bis unter 15 Jahre,Weiblich,Hamburg,0
2024,10 bis unter 15 Jahre,Weiblich,Hessen,0
2024,10 bis unter 15 Jahre,Weiblich,Mecklenburg-Vorpommern,0
2024,10 bis unter 15 Jahre,Weiblich,Niedersachsen,0
2024,10 bis unter 15 Jahre,Weiblich,Nordrhein-Westfalen,0
2024,10 bis unter 15 Jahre,Weiblich,Rheinland-Pfalz,0
2024,10 bis unter 15 Jahre,Weiblich,Saarland,0
2024,10 bis unter 15 Jahre,Weiblich,Sachsen,0
2024,10 bis unter 15 Jahre,Weiblich,Sachsen-Anhalt,0
2024,10 bis unter 15 Jahre,Weiblich,Schleswig-Holstein,0
2024,10 bis unter 15 Jahre,Weiblich,Thüringen,0
2024,15 bis unter 20 Jahre,Männlich,Deutschland,88
2024,15 bis unter 20 Jahre,Männlich,Baden-Württemberg,2
2024,15 bis unter 20 Jahre,Männlich,Bayern,34
2024,15 bis unter 20 Jahre,Männlich,Berlin,35
2024,15 bis unter 20 Jahre,Männlich,Brandenburg,0
2024,15 bis unter 20 Jahre,Männlich,Bremen,0
2024,15 bis unter 20 Jahre,Männlich,Hamburg,2
2024,15 bis unter 20 Jahre,Männlich,Hessen,10
2024,15 bis unter 20 Jahre,Männlich,Mecklenburg-Vorpommern,0
2024,15 bis unter 20 Jahre,Männlich,Niedersachsen,0
2024,15 bis unter 20 Jahre,Männlich,Nordrhein-Westfalen,5
2024,15 bis unter 20 Jahre,Männlich,Rheinland-Pfalz,0
2024,15 bis unter 20 Jahre,Männlich,Saarland,0
2024,15 bis unter 20 Jahre,Männlich,Sachsen,0
2024,15 bis unter 20 Jahre,Männlich,Sachsen-Anhalt,0
2024,15 bis unter 20 Jahre,Männlich,Schleswig-Holstein,0
2024,15 bis unter 20 Jahre,Männlich,Thüringen,0
2024,15 bis unter 20 Jahre,Weiblich,Deutschland,94
2024,15 bis unter 20 Jahre,Weiblich,Baden-Württemberg,3
2024,15 bis unter 20 Jahre,Weiblich,Bayern,27
2024,15 bis unter 20 Jahre,Weiblich,Berlin,37
2024,15 bis unter 20 Jahre,Weiblich,Brandenburg,0
2024,15 bis unter 20 Jahre,Weiblich,Bremen,0
2024,15 bis unter 20 Jahre,Weiblich,Hamburg,2
2024,15 bis unter 20 Jahre,Weiblich,Hessen,13
2024,15 bis unter 20 Jahre,Weiblich,Mecklenburg-Vorpommern,0
2024,15 bis unter 20 Jahre,Weiblich,Niedersachsen,0
2024,15 bis unter 20 Jahre,Weiblich,Nordrhein-Westfalen,7
2024,15 bis unter 20 Jahre,Weiblich,Rheinland-Pfalz,0
2024,15 bis unter 20 Jahre,Weiblich,Saarland,0
2024,15 bis unter 20 Jahre,Weiblich,Sachsen,1
2024,15 bis unter 20 Jahre,Weiblich,Sachsen-Anhalt,0
2024,15 bis unter 20 Jahre,Weiblich,Schleswig-Holstein,4
2024,15 bis unter 20 Jahre,Weiblich,Thüringen,0
2024,20 bis unter 25 Jahre,Männlich,Deutschland,550
2024,20 bis unter 25 Jahre,Männlich,Baden-Württemberg,15
2024,20 bis unter 25 Jahre,Männlich,Bayern,276
2024,20 bis unter 25 Jahre,Männlich,Berlin,165
2024,20 bis unter 25 Jahre,Männlich,Brandenburg,0
2024,20 bis unter 25 Jahre,Männlich,Bremen,0
2024,20 bis unter 25 Jahre,Männlich,Hamburg,22
2024,20 bis unter 25 Jahre,Männlich,Hessen,25
2024,20 bis unter 25 Jahre,Männlich,Mecklenburg-Vorpommern,0
2024,20 bis unter 25 Jahre,Männlich,Niedersachsen,1
2024,20 bis unter 25 Jahre,Männlich,Nordrhein-Westfalen,30
2024,20 bis unter 25 Jahre,Männlich,Rheinland-Pfalz,0
2024,20 bis unter 25 Jahre,Männlich,Saarland,0
2024,20 bis unter 25 Jahre,Männlich,Sachsen,4
2024,20 bis unter 25 Jahre,Männlich,Sachsen-Anhalt,1
2024,20 bis unter 25 Jahre,Männlich,Schleswig-Holstein,11
2024,20 bis unter 25 Jahre,Männlich,Thüringen,0
2024,20 bis unter 25 Jahre,Weiblich,Deutschland,343
2024,20 bis unter 25 Jahre,Weiblich,Baden-Württemberg,17
2024,20 bis unter 25 Jahre,Weiblich,Bayern,163
2024,20 bis unter 25 Jahre,Weiblich,Berlin,79
2024,20 bis unter 25 Jahre,Weiblich,Brandenburg,0
2024,20 bis unter 25 Jahre,Weiblich,Bremen,0
2024,20 bis unter 25 Jahre,Weiblich,Hamburg,19
2024,20 bis unter 25 Jahre,Weiblich,Hessen,19
2024,20 bis unter 25 Jahre,Weiblich,Mecklenburg-Vorpommern,0
2024,20 bis unter 25 Jahre,Weiblich,Niedersachsen,0
2024,20 bis unter 25 Jahre,Weiblich,Nordrhein-Westfalen,34
2024,20 bis unter 25 Jahre,Weiblich,Rheinland-Pfalz,0
2024,20 bis unter 25 Jahre,Weiblich,Saarland,0
2024,20 bis unter 25 Jahre,Weiblich,Sachsen,5
2024,20 bis unter 25 Jahre,Weiblich,Sachsen-Anhalt,0
2024,20 bis unter 25 Jahre,Weiblich,Schleswig-Holstein,7
2024,20 bis unter 25 Jahre,Weiblich,Thüringen,0
2024,25 bis unter 30 Jahre,Männlich,Deutschland,555
2024,25 bis unter 30 Jahre,Männlich,Baden-Württemberg,2
2024,25 bis unter 30 Jahre,Männlich,Bayern,315
2024,25 bis unter 30 Jahre,Männlich,Berlin,136
2024,25 bis unter 30 Jahre,Männlich,Brandenburg,0
2024,25 bis unter 30 Jahre,Männlich,Bremen,1
2024,25 bis unter 30 Jahre,Männlich,Hamburg,13
2024,25 bis unter 30 Jahre,Männlich,Hessen,26
2024,25 bis unter 30 Jahre,Männlich,Mecklenburg-Vorpommern,0
2024,25 bis unter 30 Jahre,Männlich,Niedersachsen,0
2024,25 bis unter 30 Jahre,Männlich,Nordrhein-Westfalen,51
2024,25 bis unter 30 Jahre,Männlich,Rheinland-Pfalz,0
2024,25 bis unter 30 Jahre,Männlich,Saarland,0
2024,25 bis unter 30 Jahre,Männlich,Sachsen,2
2024,25 bis unter 30 Jahre,Männlich,Sachsen-Anhalt,0
2024,25 bis unter 30 Jahre,Männlich,Schleswig-Holstein,9
2024,25 bis unter 30 Jahre,Männlich,Thüringen,0
2024,25 bis unter 30 Jahre,Weiblich,Deutschland,387
2024,25 bis unter 30 Jahre,Weiblich,Baden-Württemberg,18
2024,25 bis unter 30 Jahre,Weiblich,Bayern,216
2024,25 bis unter 30 Jahre,Weiblich,Berlin,49
2024,25 bis unter 30 Jahre,Weiblich,Brandenburg,0
2024,25 bis unter 30 Jahre,Weiblich,Bremen,0
2024,25 bis unter 30 Jahre,Weiblich,Hamburg,26
2024,25 bis unter 30 Jahre,Weiblich,Hessen,13
2024,25 bis unter 30 Jahre,Weiblich,Mecklenburg-Vorpommern,0
2024,25 bis unter 30 Jahre,Weiblich,Niedersachsen,0
2024,25 bis unter 30 Jahre,Weiblich,Nordrhein-Westfalen,50
2024,25 bis unter 30 Jahre,Weiblich,Rheinland-Pfalz,0
2024,25 bis unter 30 Jahre,Weiblich,Saarland,0
2024,25 bis unter 30 Jahre,Weiblich,Sachsen,2
2024,25 bis unter 30 Jahre,Weiblich,Sachsen-Anhalt,0
2024,25 bis unter 30 Jahre,Weiblich,Schleswig-Holstein,13
2024,25 bis unter 30 Jahre,Weiblich,Thüringen,0
2024,30 bis unter 35 Jahre,Männlich,Deutschland,340
2024,30 bis unter 35 Jahre,Männlich,Baden-Württemberg,7
2024,30 bis unter 35 Jahre,Männlich,Bayern,192
2024,30 bis unter 35 Jahre,Männlich,Berlin,78
2024,30 bis unter 35 Jahre,Männlich,Brandenburg,0
2024,30 bis unter 35 Jahre,Männlich,Bremen,0
2024,30 bis unter 35 Jahre,Männlich,Hamburg,17
2024,30 bis unter 35 Jahre,Männlich,Hessen,18
2024,30 bis unter 35 Jahre,Männlich,Mecklenburg-Vorpommern,0
2024,30 bis unter 35 Jahre,Männlich,Niedersachsen,0
2024,30 bis unter 35 Jahre,Männlich,Nordrhein-Westfalen,27
2024,30 bis unter 35 Jahre,Männlich,Rheinland-Pfalz,0
2024,30 bis unter 35 Jahre,Männlich,Saarland,0
2024,30 bis unter 35 Jahre,Männlich,Sachsen,0
2024,30 bis unter 35 Jahre,Männlich,Sachsen-Anhalt,0
2024,30 bis unter 35 Jahre,Männlich,Schleswig-Holstein,1
2024,30 bis unter 35 Jahre,Männlich,Thüringen,0
2024,30 bis unter 35 Jahre,Weiblich,Deutschland,203
2024,30 bis unter 35 Jahre,Weiblich,Baden-Württemberg,19
2024,30 bis unter 35 Jahre,Weiblich,Bayern,106
2024,30 bis unter 35 Jahre,Weiblich,Berlin,28
2024,30 bis unter 35 Jahre,Weiblich,Brandenburg,0
2024,30 bis unter 35 Jahre,Weiblich,Bremen,0
2024,30 bis unter 35 Jahre,Weiblich,Hamburg,10
2024,30 bis unter 35 Jahre,Weiblich,Hessen,7
2024,30 bis unter 35 Jahre,Weiblich,Mecklenburg-Vorpommern,0
2024,30 bis unter 35 Jahre,Weiblich,Niedersachsen,0
2024,30 bis unter 35 Jahre,Weiblich,Nordrhein-Westfalen,25
2024,30 bis unter 35 Jahre,Weiblich,Rheinland-Pfalz,0
2024,30 bis unter 35 Jahre,Weiblich,Saarland,0
2024,30 bis unter 35 Jahre,Weiblich,Sachsen,3
2024,30 bis unter 35 Jahre,Weiblich,Sachsen-Anhalt,0
2024,30 bis unter 35 Jahre,Weiblich,Schleswig-Holstein,5
2024,30 bis unter 35 Jahre,Weiblich,Thüringen,0
2024,35 bis unter 40 Jahre,Männlich,Deutschland,172
2024,35 bis unter 40 Jahre,Männlich,Baden-Württemberg,2
2024,35 bis unter 40 Jahre,Männlich,Bayern,95
2024,35 bis unter 40 Jahre,Männlich,Berlin,43
2024,35 bis unter 40 Jahre,Männlich,Brandenburg,0
2024,35 bis unter 40 Jahre,Männlich,Bremen,0
2024,35 bis unter 40 Jahre,Männlich,Hamburg,5
2024,35 bis unter 40 Jahre,Männlich,Hessen,15
2024,35 bis unter 40 Jahre,Männlich,Mecklenburg-Vorpommern,0
2024,35 bis unter 40 Jahre,Männlich,Niedersachsen,0
2024,35 bis unter 40 Jahre,Männlich,Nordrhein-Westfalen,8
2024,35 bis unter 40 Jahre,Männlich,Rheinland-Pfalz,0
2024,35 bis unter 40 Jahre,Männlich,Saarland,0
2024,35 bis unter 40 Jahre,Männlich,Sachsen,1
2024,35 bis unter 40 Jahre,Männlich,Sachsen-Anhalt,0
2024,35 bis unter 40 Jahre,Männlich,Schleswig-Holstein,3
2024,35 bis unter 40 Jahre,Männlich,Thüringen,0
2024,35 bis unter 40 Jahre,Weiblich,Deutschland,149
2024,35 bis unter 40 Jahre,Weiblich,Baden-Württemberg,18
2024,35 bis unter 40 Jahre,Weiblich,Bayern,64
2024,35 bis unter 40 Jahre,Weiblich,Berlin,18
2024,35 bis unter 40 Jahre,Weiblich,Brandenburg,0
2024,35 bis unter 40 Jahre,Weiblich,Bremen,0
2024,35 bis unter 40 Jahre,Weiblich,Hamburg,14
2024,35 bis unter 40 Jahre,Weiblich,Hessen,8
2024,35 bis unter 40 Jahre,Weiblich,Mecklenburg-Vorpommern,0
2024,35 bis unter 40 Jahre,Weiblich,Niedersachsen,0
2024,35 bis unter 40 Jahre,Weiblich,Nordrhein-Westfalen,22
2024,35 bis unter 40 Jahre,Weiblich,Rheinland-Pfalz,0
2024,35 bis unter 40 Jahre,Weiblich,Saarland,0
2024,35 bis unter 40 Jahre,Weiblich,Sachsen,1
2024,35 bis unter 40 Jahre,Weiblich,Sachsen-Anhalt,0
2024,35 bis unter 40 Jahre,Weiblich,Schleswig-Holstein,4
2024,35 bis unter 40 Jahre,Weiblich,Thüringen,0
2024,40 bis unter 45 Jahre,Männlich,Deutschland,120
2024,40 bis unter 45 Jahre,Männlich,Baden-Württemberg,4
2024,40 bis unter 45 Jahre,Männlich,Bayern,61
2024,40 bis unter 45 Jahre,Männlich,Berlin,22
2024,40 bis unter 45 Jahre,Männlich,Brandenburg,0
2024,40 bis unter 45 Jahre,Männlich,Bremen,0
2024,40 bis unter 45 Jahre,Männlich,Hamburg,3
2024,40 bis unter 45 Jahre,Männlich,Hessen,7
2024,40 bis unter 45 Jahre,Männlich,Mecklenburg-Vorpommern,0
2024,40 bis unter 45 Jahre,Männlich,Niedersachsen,0
2024,40 bis unter 45 Jahre,Männlich,Nordrhein-Westfalen,20
2024,40 bis unter 45 Jahre,Männlich,Rheinland-Pfalz,0
2024,40 bis unter 45 Jahre,Männlich,Saarland,0
2024,40 bis unter 45 Jahre,Männlich,Sachsen,3
2024,40 bis unter 45 Jahre,Männlich,Sachsen-Anhalt,0
2024,40 bis unter 45 Jahre,Männlich,Schleswig-Holstein,0
2024,40 bis unter 45 Jahre,Männlich,Thüringen,0
2024,40 bis unter 45 Jahre,Weiblich,Deutschland,101
2024,40 bis unter 45 Jahre,Weiblich,Baden-Württemberg,6
2024,40 bis unter 45 Jahre,Weiblich,Bayern,46
2024,40 bis unter 45 Jahre,Weiblich,Berlin,9
2024,40 bis unter 45 Jahre,Weiblich,Brandenburg,0
2024,40 bis unter 45 Jahre,Weiblich,Bremen,0
2024,40 bis unter 45 Jahre,Weiblich,Hamburg,9
2024,40 bis unter 45 Jahre,Weiblich,Hessen,3
2024,40 bis unter 45 Jahre,Weiblich,Mecklenburg-Vorpommern,0
2024,40 bis unter 45 Jahre,Weiblich,Niedersachsen,0
2024,40 bis unter 45 Jahre,Weiblich,Nordrhein-Westfalen,15
2024,40 bis unter 45 Jahre,Weiblich,Rheinland-Pfalz,0
2024,40 bis unter 45 Jahre,Weiblich,Saarland,0
2024,40 bis unter 45 Jahre,Weiblich,Sachsen,6
2024,40 bis unter 45 Jahre,Weiblich,Sachsen-Anhalt,0
2024,40 bis unter 45 Jahre,Weiblich,Schleswig-Holstein,7
2024,40 bis unter 45 Jahre,Weiblich,Thüringen,0
2024,45 bis unter 50 Jahre,Männlich,Deutschland,67
2024,45 bis unter 50 Jahre,Männlich,Baden-Württemberg,0
2024,45 bis unter 50 Jahre,Männlich,Bayern,34
2024,45 bis unter 50 Jahre,Männlich,Berlin,15
2024,45 bis unter 50 Jahre,Männlich,Brandenburg,0
2024,45 bis unter 50 Jahre,Männlich,Bremen,0
2024,45 bis unter 50 Jahre,Männlich,Hamburg,2
2024,45 bis unter 50 Jahre,Männlich,Hessen,4
2024,45 bis unter 50 Jahre,Männlich,Mecklenburg-Vorpommern,0
2024,45 bis unter 50 Jahre,Männlich,Niedersachsen,0
2024,45 bis unter 50 Jahre,Männlich,Nordrhein-Westfalen,12
2024,45 bis unter 50 Jahre,Männlich,Rheinland-Pfalz,0
2024,45 bis unter 50 Jahre,Männlich,Saarland,0
2024,45 bis unter 50 Jahre,Männlich,Sachsen,0
2024,45 bis unter 50 Jahre,Männlich,Sachsen-Anhalt,0
2024,45 bis unter 50 Jahre,Männlich,Schleswig-Holstein,0
2024,45 bis unter 50 Jahre,Männlich,Thüringen,0
2024,45 bis unter 50 Jahre,Weiblich,Deutschland,75
2024,45 bis unter 50 Jahre,Weiblich,Baden-Württemberg,2
2024,45 bis unter 50 Jahre,Weiblich,Bayern,33
2024,45 bis unter 50 Jahre,Weiblich,Berlin,5
2024,45 bis unter 50 Jahre,Weiblich,Brandenburg,0
2024,45 bis unter 50 Jahre,Weiblich,Bremen,0
2024,45 bis unter 50 Jahre,Weiblich,Hamburg,5
2024,45 bis unter 50 Jahre,Weiblich,Hessen,4
2024,45 bis unter 50 Jahre,Weiblich,Mecklenburg-Vorpommern,0
2024,45 bis unter 50 Jahre,Weiblich,Niedersachsen,0
2024,45 bis unter 50 Jahre,Weiblich,Nordrhein-Westfalen,19
2024,45 bis unter 50 Jahre,Weiblich,Rheinland-Pfalz,0
2024,45 bis unter 50 Jahre,Weiblich,Saarland,0
2024,45 bis unter 50 Jahre,Weiblich,Sachsen,2
2024,45 bis unter 50 Jahre,Weiblich,Sachsen-Anhalt,0
2024,45 bis unter 50 Jahre,Weiblich,Schleswig-Holstein,5
2024,45 bis unter 50 Jahre,Weiblich,Thüringen,0
2024,50 bis unter 55 Jahre,Männlich,Deutschland,47
2024,50 bis unter 55 Jahre,Männlich,Baden-Württemberg,0
2024,50 bis unter 55 Jahre,Männlich,Bayern,22
2024,50 bis unter 55 Jahre,Männlich,Berlin,6
2024,50 bis unter 55 Jahre,Männlich,Brandenburg,0
2024,50 bis unter 55 Jahre,Männlich,Bremen,0
2024,50 bis unter 55 Jahre,Männlich,Hamburg,2
2024,50 bis unter 55 Jahre,Männlich,Hessen,5
2024,50 bis unter 55 Jahre,Männlich,Mecklenburg-Vorpommern,0
2024,50 bis unter 55 Jahre,Männlich,Niedersachsen,0
2024,50 bis unter 55 Jahre,Männlich,Nordrhein-Westfalen,10
2024,50 bis unter 55 Jahre,Männlich,Rheinland-Pfalz,0
2024,50 bis unter 55 Jahre,Männlich,Saarland,0
2024,50 bis unter 55 Jahre,Männlich,Sachsen,0
2024,50 bis unter 55 Jahre,Männlich,Sachsen-Anhalt,0
2024,50 bis unter 55 Jahre,Männlich,Schleswig-Holstein,2
2024,50 bis unter 55 Jahre,Männlich,Thüringen,0
2024,50 bis unter 55 Jahre,Weiblich,Deutschland,62
2024,50 bis unter 55 Jahre,Weiblich,Baden-Württemberg,13
2024,50 bis unter 55 Jahre,Weiblich,Bayern,23
2024,50 bis unter 55 Jahre,Weiblich,Berlin,1
2024,50 bis unter 55 Jahre,Weiblich,Brandenburg,0
2024,50 bis unter 55 Jahre,Weiblich,Bremen,0
2024,50 bis unter 55 Jahre,Weiblich,Hamburg,6
2024,50 bis unter 55 Jahre,Weiblich,Hessen,5
2024,50 bis unter 55 Jahre,Weiblich,Mecklenburg-Vorpommern,0
2024,50 bis unter 55 Jahre,Weiblich,Niedersachsen,0
2024,50 bis unter 55 Jahre,Weiblich,Nordrhein-Westfalen,7
2024,50 bis unter 55 Jahre,Weiblich,Rheinland-Pfalz,0
2024,50 bis unter 55 Jahre,Weiblich,Saarland,0
2024,50 bis unter 55 Jahre,Weiblich,Sachsen,2
2024,50 bis unter 55 Jahre,Weiblich,Sachsen-Anhalt,0
2024,50 bis unter 55 Jahre,Weiblich,Schleswig-Holstein,5
2024,50 bis unter 55 Jahre,Weiblich,Thüringen,0
2024,55 bis unter 60 Jahre,Männlich,Deutschland,35
2024,55 bis unter 60 Jahre,Männlich,Baden-Württemberg,0
2024,55 bis unter 60 Jahre,Männlich,Bayern,10
2024,55 bis unter 60 Jahre,Männlich,Berlin,11
2024,55 bis unter 60 Jahre,Männlich,Brandenburg,0
2024,55 bis unter 60 Jahre,Männlich,Bremen,0
2024,55 bis unter 60 Jahre,Männlich,Hamburg,1
2024,55 bis unter 60 Jahre,Männlich,Hessen,6
2024,55 bis unter 60 Jahre,Männlich,Mecklenburg-Vorpommern,0
2024,55 bis unter 60 Jahre,Männlich,Niedersachsen,0
2024,55 bis unter 60 Jahre,Männlich,Nordrhein-Westfalen,5
2024,55 bis unter 60 Jahre,Männlich,Rheinland-Pfalz,0
2024,55 bis unter 60 Jahre,Männlich,Saarland,0
2024,55 bis unter 60 Jahre,Männlich,Sachsen,0
2024,55 bis unter 60 Jahre,Männlich,Sachsen-Anhalt,0
2024,55 bis unter 60 Jahre,Männlich,Schleswig-Holstein,2
2024,55 bis unter 60 Jahre,Männlich,Thüringen,0
2024,55 bis unter 60 Jahre,Weiblich,Deutschland,60
2024,55 bis unter 60 Jahre,Weiblich,Baden-Württemberg,6
2024,55 bis unter 60 Jahre,Weiblich,Bayern,31
2024,55 bis unter 60 Jahre,Weiblich,Berlin,2
2024,55 bis unter 60 Jahre,Weiblich,Brandenburg,0
2024,55 bis unter 60 Jahre,Weiblich,Bremen,0
2024,55 bis unter 60 Jahre,Weiblich,Hamburg,3
2024,55 bis unter 60 Jahre,Weiblich,Hessen,3
2024,55 bis unter 60 Jahre,Weiblich,Mecklenburg-Vorpommern,0
2024,55 bis unter 60 Jahre,Weiblich,Niedersachsen,0
2024,55 bis unter 60 Jahre,Weiblich,Nordrhein-Westfalen,6
2024,55 bis unter 60 Jahre,Weiblich,Rheinland-Pfalz,0
2024,55 bis unter 60 Jahre,Weiblich,Saarland,0
2024,55 bis unter 60 Jahre,Weiblich,Sachsen,1
2024,55 bis unter 60 Jahre,Weiblich,Sachsen-Anhalt,0
2024,55 bis unter 60 Jahre,Weiblich,Schleswig-Holstein,8
2024,55 bis unter 60 Jahre,Weiblich,Thüringen,0
2024,60 bis unter 65 Jahre,Männlich,Deutschland,19
2024,60 bis unter 65 Jahre,Männlich,Baden-Württemberg,0
2024,60 bis unter 65 Jahre,Männlich,Bayern,8
2024,60 bis unter 65 Jahre,Männlich,Berlin,3
2024,60 bis unter 65 Jahre,Männlich,Brandenburg,0
2024,60 bis unter 65 Jahre,Männlich,Bremen,0
2024,60 bis unter 65 Jahre,Männlich,Hamburg,2
2024,60 bis unter 65 Jahre,Männlich,Hessen,3
2024,60 bis unter 65 Jahre,Männlich,Mecklenburg-Vorpommern,0
2024,60 bis unter 65 Jahre,Männlich,Niedersachsen,0
2024,60 bis unter 65 Jahre,Männlich,Nordrhein-Westfalen,2
2024,60 bis unter 65 Jahre,Männlich,Rheinland-Pfalz,0
2024,60 bis unter 65 Jahre,Männlich,Saarland,0
2024,60 bis unter 65 Jahre,Männlich,Sachsen,1
2024,60 bis unter 65 Jahre,Männlich,Sachsen-Anhalt,0
2024,60 bis unter 65 Jahre,Männlich,Schleswig-Holstein,0
2024,60 bis unter 65 Jahre,Männlich,Thüringen,0
2024,60 bis unter 65 Jahre,Weiblich,Deutschland,32
2024,60 bis unter 65 Jahre,Weiblich,Baden-Württemberg,4
2024,60 bis unter 65 Jahre,Weiblich,Bayern,8
2024,60 bis unter 65 Jahre,Weiblich,Berlin,0
2024,60 bis unter 65 Jahre,Weiblich,Brandenburg,0
2024,60 bis unter 65 Jahre,Weiblich,Bremen,0
2024,60 bis unter 65 Jahre,Weiblich,Hamburg,3
2024,60 bis unter 65 Jahre,Weiblich,Hessen,4
2024,60 bis unter 65 Jahre,Weiblich,Mecklenburg-Vorpommern,0
2024,60 bis unter 65 Jahre,Weiblich,Niedersachsen,0
2024,60 bis unter 65 Jahre,Weiblich,Nordrhein-Westfalen,7
2024,60 bis unter 65 Jahre,Weiblich,Rheinland-Pfalz,0
2024,60 bis unter 65 Jahre,Weiblich,Saarland,0
2024,60 bis unter 65 Jahre,Weiblich,Sachsen,4
2024,60 bis unter 65 Jahre,Weiblich,Sachsen-Anhalt,0
2024,60 bis unter 65 Jahre,Weiblich,Schleswig-Holstein,2
2024,60 bis unter 65 Jahre,Weiblich,Thüringen,0
2024,65 bis unter 70 Jahre,Männlich,Deutschland,1
2024,65 bis unter 70 Jahre,Männlich,Baden-Württemberg,0
2024,65 bis unter 70 Jahre,Männlich,Bayern,0
2024,65 bis unter 70 Jahre,Männlich,Berlin,0
2024,65 bis unter 70 Jahre,Männlich,Brandenburg,0
2024,65 bis unter 70 Jahre,Männlich,Bremen,0
2024,65 bis unter 70 Jahre,Männlich,Hamburg,0
2024,65 bis unter 70 Jahre,Männlich,Hessen,0
2024,65 bis unter 70 Jahre,Männlich,Mecklenburg-Vorpommern,0
2024,65 bis unter 70 Jahre,Männlich,Niedersachsen,0
2024,65 bis unter 70 Jahre,Männlich,Nordrhein-Westfalen,1
2024,65 bis unter 70 Jahre,Männlich,Rheinland-Pfalz,0
2024,65 bis unter 70 Jahre,Männlich,Saarland,0
2024,65 bis unter 70 Jahre,Männlich,Sachsen,0
2024,65 bis unter 70 Jahre,Männlich,Sachsen-Anhalt,0
2024,65 bis unter 70 Jahre,Männlich,Schleswig-Holstein,0
2024,65 bis unter 70 Jahre,Männlich,Thüringen,0
2024,65 bis unter 70 Jahre,Weiblich,Deutschland,10
2024,65 bis unter 70 Jahre,Weiblich,Baden-Württemberg,0
2024,65 bis unter 70 Jahre,Weiblich,Bayern,5
2024,65 bis unter 70 Jahre,Weiblich,Berlin,0
2024,65 bis unter 70 Jahre,Weiblich,Brandenburg,0
2024,65 bis unter 70 Jahre,Weiblich,Bremen,0
2024,65 bis unter 70 Jahre,Weiblich,Hamburg,2
2024,65 bis unter 70 Jahre,Weiblich,Hessen,1
2024,65 bis unter 70 Jahre,Weiblich,Mecklenburg-Vorpommern,0
2024,65 bis unter 70 Jahre,Weiblich,Niedersachsen,0
2024,65 bis unter 70 Jahre,Weiblich,Nordrhein-Westfalen,1
2024,65 bis unter 70 Jahre,Weiblich,Rheinland-Pfalz,0
2024,65 bis unter 70 Jahre,Weiblich,Saarland,0
2024,65 bis unter 70 Jahre,Weiblich,Sachsen,0
2024,65 bis unter 70 Jahre,Weiblich,Sachsen-Anhalt,0
2024,65 bis unter 70 Jahre,Weiblich,Schleswig-Holstein,1
2024,65 bis unter 70 Jahre,Weiblich,Thüringen,0
2024,70 bis unter 75 Jahre,Männlich,Deutschland,4
2024,70 bis unter 75 Jahre,Männlich,Baden-Württemberg,0
2024,70 bis unter 75 Jahre,Männlich,Bayern,3
2024,70 bis unter 75 Jahre,Männlich,Berlin,0
2024,70 bis unter 75 Jahre,Männlich,Brandenburg,0
2024,70 bis unter 75 Jahre,Männlich,Bremen,0
2024,70 bis unter 75 Jahre,Männlich,Hamburg,0
2024,70 bis unter 75 Jahre,Männlich,Hessen,0
2024,70 bis unter 75 Jahre,Männlich,Mecklenburg-Vorpommern,0
2024,70 bis unter 75 Jahre,Männlich,Niedersachsen,0
2024,70 bis unter 75 Jahre,Männlich,Nordrhein-Westfalen,1
2024,70 bis unter 75 Jahre,Männlich,Rheinland-Pfalz,0
2024,70 bis unter 75 Jahre,Männlich,Saarland,0
2024,70 bis unter 75 Jahre,Männlich,Sachsen,0
2024,70 bis unter 75 Jahre,Männlich,Sachsen-Anhalt,0
2024,70 bis unter 75 Jahre,Männlich,Schleswig-Holstein,0
2024,70 bis unter 75 Jahre,Männlich,Thüringen,0
2024,70 bis unter 75 Jahre,Weiblich,Deutschland,4
2024,70 bis unter 75 Jahre,Weiblich,Baden-Württemberg,0
2024,70 bis unter 75 Jahre,Weiblich,Bayern,2
2024,70 bis unter 75 Jahre,Weiblich,Berlin,0
2024,70 bis unter 75 Jahre,Weiblich,Brandenburg,0
2024,70 bis unter 75 Jahre,Weiblich,Bremen,0
2024,70 bis unter 75 Jahre,Weiblich,Hamburg,1
2024,70 bis unter 75 Jahre,Weiblich,Hessen,0
2024,70 bis unter 75 Jahre,Weiblich,Mecklenburg-Vorpommern,0
2024,70 bis unter 75 Jahre,Weiblich,Niedersachsen,0
2024,70 bis unter 75 Jahre,Weiblich,Nordrhein-Westfalen,1
2024,70 bis unter 75 Jahre,Weiblich,Rheinland-Pfalz,0
2024,70 bis unter 75 Jahre,Weiblich,Saarland,0
2024,70 bis unter 75 Jahre,Weiblich,Sachsen,0
2024,70 bis unter 75 Jahre,Weiblich,Sachsen-Anhalt,0
2024,70 bis unter 75 Jahre,Weiblich,Schleswig-Holstein,0
2024,70 bis unter 75 Jahre,Weiblich,Thüringen,0
2024,75 bis unter 80 Jahre,Männlich,Deutschland,1
2024,75 bis unter 80 Jahre,Männlich,Baden-Württemberg,0
2024,75 bis unter 80 Jahre,Männlich,Bayern,0
2024,75 bis unter 80 Jahre,Männlich,Berlin,0
2024,75 bis unter 80 Jahre,Männlich,Brandenburg,0
2024,75 bis unter 80 Jahre,Männlich,Bremen,0
2024,75 bis unter 80 Jahre,Männlich,Hamburg,0
2024,75 bis unter 80 Jahre,Männlich,Hessen,0
2024,75 bis unter 80 Jahre,Männlich,Mecklenburg-Vorpommern,0
2024,75 bis unter 80 Jahre,Männlich,Niedersachsen,0
2024,75 bis unter 80 Jahre,Männlich,Nordrhein-Westfalen,1
2024,75 bis unter 80 Jahre,Männlich,Rheinland-Pfalz,0
2024,75 bis unter 80 Jahre,Männlich,Saarland,0
2024,75 bis unter 80 Jahre,Männlich,Sachsen,0
2024,75 bis unter 80 Jahre,Männlich,Sachsen-Anhalt,0
2024,75 bis unter 80 Jahre,Männlich,Schleswig-Holstein,0
2024,75 bis unter 80 Jahre,Männlich,Thüringen,0
2024,75 bis unter 80 Jahre,Weiblich,Deutschland,0
2024,75 bis unter 80 Jahre,Weiblich,Baden-Württemberg,0
2024,75 bis unter 80 Jahre,Weiblich,Bayern,0
2024,75 bis unter 80 Jahre,Weiblich,Berlin,0
2024,75 bis unter 80 Jahre,Weiblich,Brandenburg,0
2024,75 bis unter 80 Jahre,Weiblich,Bremen,0
2024,75 bis unter 80 Jahre,Weiblich,Hamburg,0
2024,75 bis unter 80 Jahre,Weiblich,Hessen,0
2024,75 bis unter 80 Jahre,Weiblich,Mecklenburg-Vorpommern,0
2024,75 bis unter 80 Jahre,Weiblich,Niedersachsen,0
2024,75 bis unter 80 Jahre,Weiblich,Nordrhein-Westfalen,0
2024,75 bis unter 80 Jahre,Weiblich,Rheinland-Pfalz,0
2024,75 bis unter 80 Jahre,Weiblich,Saarland,0
2024,75 bis unter 80 Jahre,Weiblich,Sachsen,0
2024,75 bis unter 80 Jahre,Weiblich,Sachsen-Anhalt,0
2024,75 bis unter 80 Jahre,Weiblich,Schleswig-Holstein,0
2024,75 bis unter 80 Jahre,Weiblich,Thüringen,0
2024,80 bis unter 85 Jahre,Männlich,Deutschland,1
2024,80 bis unter 85 Jahre,Männlich,Baden-Württemberg,0
2024,80 bis unter 85 Jahre,Männlich,Bayern,1
2024,80 bis unter 85 Jahre,Männlich,Berlin,0
2024,80 bis unter 85 Jahre,Männlich,Brandenburg,0
2024,80 bis unter 85 Jahre,Männlich,Bremen,0
2024,80 bis unter 85 Jahre,Männlich,Hamburg,0
2024,80 bis unter 85 Jahre,Männlich,Hessen,0
2024,80 bis unter 85 Jahre,Männlich,Mecklenburg-Vorpommern,0
2024,80 bis unter 85 Jahre,Männlich,Niedersachsen,0
2024,80 bis unter 85 Jahre,Männlich,Nordrhein-Westfalen,0
2024,80 bis unter 85 Jahre,Männlich,Rheinland-Pfalz,0
2024,80 bis unter 85 Jahre,Männlich,Saarland,0
2024,80 bis unter 85 Jahre,Männlich,Sachsen,0
2024,80 bis unter 85 Jahre,Männlich,Sachsen-Anhalt,0
2024,80 bis unter 85 Jahre,Männlich,Schleswig-Holstein,0
2024,80 bis unter 85 Jahre,Männlich,Thüringen,0
2024,80 bis unter 85 Jahre,Weiblich,Deutschland,0
2024,80 bis unter 85 Jahre,Weiblich,Baden-Württemberg,0
2024,80 bis unter 85 Jahre,Weiblich,Bayern,0
2024,80 bis unter 85 Jahre,Weiblich,Berlin,0
2024,80 bis unter 85 Jahre,Weiblich,Brandenburg,0
2024,80 bis unter 85 Jahre,Weiblich,Bremen,0
2024,80 bis unter 85 Jahre,Weiblich,Hamburg,0
2024,80 bis unter 85 Jahre,Weiblich,Hessen,0
2024,80 bis unter 85 Jahre,Weiblich,Mecklenburg-Vorpommern,0
2024,80 bis unter 85 Jahre,Weiblich,Niedersachsen,0
2024,80 bis unter 85 Jahre,Weiblich,Nordrhein-Westfalen,0
2024,80 bis unter 85 Jahre,Weiblich,Rheinland-Pfalz,0
2024,80 bis unter 85 Jahre,Weiblich,Saarland,0
2024,80 bis unter 85 Jahre,Weiblich,Sachsen,0
2024,80 bis unter 85 Jahre,Weiblich,Sachsen-Anhalt,0
2024,80 bis unter 85 Jahre,Weiblich,Schleswig-Holstein,0
2024,80 bis unter 85 Jahre,Weiblich,Thüringen,0
2024,85 bis unter 90 Jahre,Männlich,Deutschland,0
2024,85 bis unter 90 Jahre,Männlich,Baden-Württemberg,0
2024,85 bis unter 90 Jahre,Männlich,Bayern,0
2024,85 bis unter 90 Jahre,Männlich,Berlin,0
2024,85 bis unter 90 Jahre,Männlich,Brandenburg,0
2024,85 bis unter 90 Jahre,Männlich,Bremen,0
2024,85 bis unter 90 Jahre,Männlich,Hamburg,0
2024,85 bis unter 90 Jahre,Männlich,Hessen,0
2024,85 bis unter 90 Jahre,Männlich,Mecklenburg-Vorpommern,0
2024,85 bis unter 90 Jahre,Männlich,Niedersachsen,0
2024,85 bis unter 90 Jahre,Männlich,Nordrhein-Westfalen,0
2024,85 bis unter 90 Jahre,Männlich,Rheinland-Pfalz,0
2024,85 bis unter 90 Jahre,Männlich,Saarland,0
2024,85 bis unter 90 Jahre,Männlich,Sachsen,0
2024,85 bis unter 90 Jahre,Männlich,Sachsen-Anhalt,0
2024,85 bis unter 90 Jahre,Männlich,Schleswig-Holstein,0
2024,85 bis unter 90 Jahre,Männlich,Thüringen,0
2024,85 bis unter 90 Jahre,Weiblich,Deutschland,0
2024,85 bis unter 90 Jahre,Weiblich,Baden-Württemberg,0
2024,85 bis unter 90 Jahre,Weiblich,Bayern,0
2024,85 bis unter 90 Jahre,Weiblich,Berlin,0
2024,85 bis unter 90 Jahre,Weiblich,Brandenburg,0
2024,85 bis unter 90 Jahre,Weiblich,Bremen,0
2024,85 bis unter 90 Jahre,Weiblich,Hamburg,0
2024,85 bis unter 90 Jahre,Weiblich,Hessen,0
2024,85 bis unter 90 Jahre,Weiblich,Mecklenburg-Vorpommern,0
2024,85 bis unter 90 Jahre,Weiblich,Niedersachsen,0
2024,85 bis unter 90 Jahre,Weiblich,Nordrhein-Westfalen,0
2024,85 bis unter 90 Jahre,Weiblich,Rheinland-Pfalz,0
2024,85 bis unter 90 Jahre,Weiblich,Saarland,0
2024,85 bis unter 90 Jahre,Weiblich,Sachsen,0
2024,85 bis unter 90 Jahre,Weiblich,Sachsen-Anhalt,0
2024,85 bis unter 90 Jahre,Weiblich,Schleswig-Holstein,0
2024,85 bis unter 90 Jahre,Weiblich,Thüringen,0
2024,90 bis unter 95 Jahre,Männlich,Deutschland,0
2024,90 bis unter 95 Jahre,Männlich,Baden-Württemberg,0
2024,90 bis unter 95 Jahre,Männlich,Bayern,0
2024,90 bis unter 95 Jahre,Männlich,Berlin,0
2024,90 bis unter 95 Jahre,Männlich,Brandenburg,0
2024,90 bis unter 95 Jahre,Männlich,Bremen,0
2024,90 bis unter 95 Jahre,Männlich,Hamburg,0
2024,90 bis unter 95 Jahre,Männlich,Hessen,0
2024,90 bis unter 95 Jahre,Männlich,Mecklenburg-Vorpommern,0
2024,90 bis unter 95 Jahre,Männlich,Niedersachsen,0
2024,90 bis unter 95 Jahre,Männlich,Nordrhein-Westfalen,0
2024,90 bis unter 95 Jahre,Männlich,Rheinland-Pfalz,0
2024,90 bis unter 95 Jahre,Männlich,Saarland,0
2024,90 bis unter 95 Jahre,Männlich,Sachsen,0
2024,90 bis unter 95 Jahre,Männlich,Sachsen-Anhalt,0
2024,90 bis unter 95 Jahre,Männlich,Schleswig-Holstein,0
2024,90 bis unter 95 Jahre,Männlich,Thüringen,0
2024,90 bis unter 95 Jahre,Weiblich,Deutschland,0
2024,90 bis unter 95 Jahre,Weiblich,Baden-Württemberg,0
2024,90 bis unter 95 Jahre,Weiblich,Bayern,0
2024,90 bis unter 95 Jahre,Weiblich,Berlin,0
2024,90 bis unter 95 Jahre,Weiblich,Brandenburg,0
2024,90 bis unter 95 Jahre,Weiblich,Bremen,0
2024,90 bis unter 95 Jahre,Weiblich,Hamburg,0
2024,90 bis unter 95 Jahre,Weiblich,Hessen,0
2024,90 bis unter 95 Jahre,Weiblich,Mecklenburg-Vorpommern,0
2024,90 bis unter 95 Jahre,Weiblich,Niedersachsen,0
2024,90 bis unter 95 Jahre,Weiblich,Nordrhein-Westfalen,0
2024,90 bis unter 95 Jahre,Weiblich,Rheinland-Pfalz,0
2024,90 bis unter 95 Jahre,Weiblich,Saarland,0
2024,90 bis unter 95 Jahre,Weiblich,Sachsen,0
2024,90 bis unter 95 Jahre,Weiblich,Sachsen-Anhalt,0
2024,90 bis unter 95 Jahre,Weiblich,Schleswig-Holstein,0
2024,90 bis unter 95 Jahre,Weiblich,Thüringen,0
2024,95 Jahre und älter,Männlich,Deutschland,0
2024,95 Jahre und älter,Männlich,Baden-Württemberg,0
2024,95 Jahre und älter,Männlich,Bayern,0
2024,95 Jahre und älter,Männlich,Berlin,0
2024,95 Jahre und älter,Männlich,Brandenburg,0
2024,95 Jahre und älter,Männlich,Bremen,0
2024,95 Jahre und älter,Männlich,Hamburg,0
2024,95 Jahre und älter,Männlich,Hessen,0
2024,95 Jahre und älter,Männlich,Mecklenburg-Vorpommern,0
2024,95 Jahre und älter,Männlich,Niedersachsen,0
2024,95 Jahre und älter,Männlich,Nordrhein-Westfalen,0
2024,95 Jahre und älter,Männlich,Rheinland-Pfalz,0
2024,95 Jahre und älter,Männlich,Saarland,0
2024,95 Jahre und älter,Männlich,Sachsen,0
2024,95 Jahre und älter,Männlich,Sachsen-Anhalt,0
2024,95 Jahre und älter,Männlich,Schleswig-Holstein,0
2024,95 Jahre und älter,Männlich,Thüringen,0
2024,95 Jahre und älter,Weiblich,Deutschland,0
2024,95 Jahre und älter,Weiblich,Baden-Württemberg,0
2024,95 Jahre und älter,Weiblich,Bayern,0
2024,95 Jahre und älter,Weiblich,Berlin,0
2024,95 Jahre und älter,Weiblich,Brandenburg,0
2024,95 Jahre und älter,Weiblich,Bremen,0
2024,95 Jahre und älter,Weiblich,Hamburg,0
2024,95 Jahre und älter,Weiblich,Hessen,0
2024,95 Jahre und älter,Weiblich,Mecklenburg-Vorpommern,0
2024,95 Jahre und älter,Weiblich,Niedersachsen,0
2024,95 Jahre und älter,Weiblich,Nordrhein-Westfalen,0
2024,95 Jahre und älter,Weiblich,Rheinland-Pfalz,0
2024,95 Jahre und älter,Weiblich,Saarland,0
2024,95 Jahre und älter,Weiblich,Sachsen,0
2024,95 Jahre und älter,Weiblich,Sachsen-Anhalt,0
2024,95 Jahre und älter,Weiblich,Schleswig-Holstein,0
2024,95 Jahre und älter,Weiblich,Thüringen,0
