Jahr,Sitz des Krankenhauses (Land),Geschlecht,Attribute,Value
2005,Deutschland,m,insgesamt,335
2005,Deutschland,m,unter 1,1
2005,Deutschland,m,1-4,1
2005,Deutschland,m,5-9,1
2005,Deutschland,m,10-14,0
2005,Deutschland,m,15-17,3
2005,Deutschland,m,18-19,4
2005,Deutschland,m,20-24,43
2005,Deutschland,m,25-29,84
2005,Deutschland,m,30-34,74
2005,Deutschland,m,35-39,55
2005,Deutschland,m,40-44,31
2005,Deutschland,m,45-49,28
2005,Deutschland,m,50-54,6
2005,Deutschland,m,55-59,3
2005,Deutschland,m,60-64,0
2005,Deutschland,m,65-69,0
2005,Deutschland,m,70-74,0
2005,Deutschland,m,75-79,0
2005,Deutschland,m,80-84,1
2005,Deutschland,m,85-89,0
2005,Deutschland,w,insgesamt,294
2005,Deutschland,w,unter 1,1
2005,Deutschland,w,1-4,0
2005,Deutschland,w,5-9,0
2005,Deutschland,w,10-14,4
2005,Deutschland,w,15-17,3
2005,Deutschland,w,18-19,5
2005,Deutschland,w,20-24,23
2005,Deutschland,w,25-29,25
2005,Deutschland,w,30-34,28
2005,Deutschland,w,35-39,55
2005,Deutschland,w,40-44,60
2005,Deutschland,w,45-49,45
2005,Deutschland,w,50-54,22
2005,Deutschland,w,55-59,10
2005,Deutschland,w,60-64,8
2005,Deutschland,w,65-69,5
2005,Deutschland,w,70-74,0
2005,Deutschland,w,75-79,0
2005,Deutschland,w,80-84,0
2005,Deutschland,w,85-89,0
2005,Baden-Württemberg,m,insgesamt,12
2005,Baden-Württemberg,m,unter 1,0
2005,Baden-Württemberg,m,1-4,0
2005,Baden-Württemberg,m,5-9,0
2005,Baden-Württemberg,m,10-14,0
2005,Baden-Württemberg,m,15-17,0
2005,Baden-Württemberg,m,18-19,1
2005,Baden-Württemberg,m,20-24,0
2005,Baden-Württemberg,m,25-29,4
2005,Baden-Württemberg,m,30-34,5
2005,Baden-Württemberg,m,35-39,0
2005,Baden-Württemberg,m,40-44,0
2005,Baden-Württemberg,m,45-49,2
2005,Baden-Württemberg,m,50-54,0
2005,Baden-Württemberg,m,55-59,0
2005,Baden-Württemberg,m,60-64,0
2005,Baden-Württemberg,m,65-69,0
2005,Baden-Württemberg,m,70-74,0
2005,Baden-Württemberg,m,75-79,0
2005,Baden-Württemberg,m,80-84,0
2005,Baden-Württemberg,m,85-89,0
2005,Baden-Württemberg,w,insgesamt,3
2005,Baden-Württemberg,w,unter 1,1
2005,Baden-Württemberg,w,1-4,0
2005,Baden-Württemberg,w,5-9,0
2005,Baden-Württemberg,w,10-14,0
2005,Baden-Württemberg,w,15-17,0
2005,Baden-Württemberg,w,18-19,0
2005,Baden-Württemberg,w,20-24,1
2005,Baden-Württemberg,w,25-29,0
2005,Baden-Württemberg,w,30-34,0
2005,Baden-Württemberg,w,35-39,1
2005,Baden-Württemberg,w,40-44,0
2005,Baden-Württemberg,w,45-49,0
2005,Baden-Württemberg,w,50-54,0
2005,Baden-Württemberg,w,55-59,0
2005,Baden-Württemberg,w,60-64,0
2005,Baden-Württemberg,w,65-69,0
2005,Baden-Württemberg,w,70-74,0
2005,Baden-Württemberg,w,75-79,0
2005,Baden-Württemberg,w,80-84,0
2005,Baden-Württemberg,w,85-89,0
2005,Bayern,m,insgesamt,128
2005,Bayern,m,unter 1,1
2005,Bayern,m,1-4,1
2005,Bayern,m,5-9,0
2005,Bayern,m,10-14,0
2005,Bayern,m,15-17,2
2005,Bayern,m,18-19,0
2005,Bayern,m,20-24,15
2005,Bayern,m,25-29,34
2005,Bayern,m,30-34,27
2005,Bayern,m,35-39,27
2005,Bayern,m,40-44,9
2005,Bayern,m,45-49,10
2005,Bayern,m,50-54,2
2005,Bayern,m,55-59,0
2005,Bayern,m,60-64,0
2005,Bayern,m,65-69,0
2005,Bayern,m,70-74,0
2005,Bayern,m,75-79,0
2005,Bayern,m,80-84,0
2005,Bayern,m,85-89,0
2005,Bayern,w,insgesamt,112
2005,Bayern,w,unter 1,0
2005,Bayern,w,1-4,0
2005,Bayern,w,5-9,0
2005,Bayern,w,10-14,0
2005,Bayern,w,15-17,1
2005,Bayern,w,18-19,1
2005,Bayern,w,20-24,16
2005,Bayern,w,25-29,11
2005,Bayern,w,30-34,13
2005,Bayern,w,35-39,19
2005,Bayern,w,40-44,19
2005,Bayern,w,45-49,16
2005,Bayern,w,50-54,8
2005,Bayern,w,55-59,4
2005,Bayern,w,60-64,2
2005,Bayern,w,65-69,2
2005,Bayern,w,70-74,0
2005,Bayern,w,75-79,0
2005,Bayern,w,80-84,0
2005,Bayern,w,85-89,0
2005,Berlin,m,insgesamt,16
2005,Berlin,m,unter 1,0
2005,Berlin,m,1-4,0
2005,Berlin,m,5-9,0
2005,Berlin,m,10-14,0
2005,Berlin,m,15-17,0
2005,Berlin,m,18-19,0
2005,Berlin,m,20-24,2
2005,Berlin,m,25-29,1
2005,Berlin,m,30-34,6
2005,Berlin,m,35-39,2
2005,Berlin,m,40-44,3
2005,Berlin,m,45-49,1
2005,Berlin,m,50-54,1
2005,Berlin,m,55-59,0
2005,Berlin,m,60-64,0
2005,Berlin,m,65-69,0
2005,Berlin,m,70-74,0
2005,Berlin,m,75-79,0
2005,Berlin,m,80-84,0
2005,Berlin,m,85-89,0
2005,Berlin,w,insgesamt,26
2005,Berlin,w,unter 1,0
2005,Berlin,w,1-4,0
2005,Berlin,w,5-9,0
2005,Berlin,w,10-14,1
2005,Berlin,w,15-17,1
2005,Berlin,w,18-19,0
2005,Berlin,w,20-24,0
2005,Berlin,w,25-29,2
2005,Berlin,w,30-34,2
2005,Berlin,w,35-39,4
2005,Berlin,w,40-44,6
2005,Berlin,w,45-49,4
2005,Berlin,w,50-54,2
2005,Berlin,w,55-59,2
2005,Berlin,w,60-64,1
2005,Berlin,w,65-69,1
2005,Berlin,w,70-74,0
2005,Berlin,w,75-79,0
2005,Berlin,w,80-84,0
2005,Berlin,w,85-89,0
2005,Brandenburg,m,insgesamt,3
2005,Brandenburg,m,unter 1,0
2005,Brandenburg,m,1-4,0
2005,Brandenburg,m,5-9,0
2005,Brandenburg,m,10-14,0
2005,Brandenburg,m,15-17,0
2005,Brandenburg,m,18-19,0
2005,Brandenburg,m,20-24,0
2005,Brandenburg,m,25-29,1
2005,Brandenburg,m,30-34,1
2005,Brandenburg,m,35-39,1
2005,Brandenburg,m,40-44,0
2005,Brandenburg,m,45-49,0
2005,Brandenburg,m,50-54,0
2005,Brandenburg,m,55-59,0
2005,Brandenburg,m,60-64,0
2005,Brandenburg,m,65-69,0
2005,Brandenburg,m,70-74,0
2005,Brandenburg,m,75-79,0
2005,Brandenburg,m,80-84,0
2005,Brandenburg,m,85-89,0
2005,Bremen,m,insgesamt,3
2005,Bremen,m,unter 1,0
2005,Bremen,m,1-4,0
2005,Bremen,m,5-9,0
2005,Bremen,m,10-14,0
2005,Bremen,m,15-17,0
2005,Bremen,m,18-19,0
2005,Bremen,m,20-24,0
2005,Bremen,m,25-29,0
2005,Bremen,m,30-34,0
2005,Bremen,m,35-39,1
2005,Bremen,m,40-44,2
2005,Bremen,m,45-49,0
2005,Bremen,m,50-54,0
2005,Bremen,m,55-59,0
2005,Bremen,m,60-64,0
2005,Bremen,m,65-69,0
2005,Bremen,m,70-74,0
2005,Bremen,m,75-79,0
2005,Bremen,m,80-84,0
2005,Bremen,m,85-89,0
2005,Bremen,w,insgesamt,0
2005,Bremen,w,unter 1,0
2005,Bremen,w,1-4,0
2005,Bremen,w,5-9,0
2005,Bremen,w,10-14,0
2005,Bremen,w,15-17,0
2005,Bremen,w,18-19,0
2005,Bremen,w,20-24,0
2005,Bremen,w,25-29,0
2005,Bremen,w,30-34,0
2005,Bremen,w,35-39,
2005,Bremen,w,40-44,
2005,Bremen,w,45-49,0
2005,Bremen,w,50-54,0
2005,Bremen,w,55-59,0
2005,Bremen,w,60-64,0
2005,Bremen,w,65-69,0
2005,Bremen,w,70-74,0
2005,Bremen,w,75-79,0
2005,Bremen,w,80-84,0
2005,Bremen,w,85-89,0
2005,Hamburg,m,insgesamt,2
2005,Hamburg,m,unter 1,0
2005,Hamburg,m,1-4,0
2005,Hamburg,m,5-9,0
2005,Hamburg,m,10-14,0
2005,Hamburg,m,15-17,0
2005,Hamburg,m,18-19,0
2005,Hamburg,m,20-24,0
2005,Hamburg,m,25-29,1
2005,Hamburg,m,30-34,0
2005,Hamburg,m,35-39,0
2005,Hamburg,m,40-44,1
2005,Hamburg,m,45-49,0
2005,Hamburg,m,50-54,0
2005,Hamburg,m,55-59,0
2005,Hamburg,m,60-64,0
2005,Hamburg,m,65-69,0
2005,Hamburg,m,70-74,0
2005,Hamburg,m,75-79,0
2005,Hamburg,m,80-84,0
2005,Hamburg,m,85-89,0
2005,Hamburg,w,insgesamt,1
2005,Hamburg,w,unter 1,0
2005,Hamburg,w,1-4,0
2005,Hamburg,w,5-9,0
2005,Hamburg,w,10-14,0
2005,Hamburg,w,15-17,0
2005,Hamburg,w,18-19,0
2005,Hamburg,w,20-24,0
2005,Hamburg,w,25-29,0
2005,Hamburg,w,30-34,0
2005,Hamburg,w,35-39,1
2005,Hamburg,w,40-44,0
2005,Hamburg,w,45-49,0
2005,Hamburg,w,50-54,0
2005,Hamburg,w,55-59,0
2005,Hamburg,w,60-64,0
2005,Hamburg,w,65-69,0
2005,Hamburg,w,70-74,0
2005,Hamburg,w,75-79,0
2005,Hamburg,w,80-84,0
2005,Hamburg,w,85-89,0
2005,Hessen,m,insgesamt,75
2005,Hessen,m,unter 1,0
2005,Hessen,m,1-4,0
2005,Hessen,m,5-9,0
2005,Hessen,m,10-14,0
2005,Hessen,m,15-17,0
2005,Hessen,m,18-19,0
2005,Hessen,m,20-24,6
2005,Hessen,m,25-29,23
2005,Hessen,m,30-34,17
2005,Hessen,m,35-39,13
2005,Hessen,m,40-44,9
2005,Hessen,m,45-49,4
2005,Hessen,m,50-54,0
2005,Hessen,m,55-59,3
2005,Hessen,m,60-64,0
2005,Hessen,m,65-69,0
2005,Hessen,m,70-74,0
2005,Hessen,m,75-79,0
2005,Hessen,m,80-84,0
2005,Hessen,m,85-89,0
2005,Hessen,w,insgesamt,30
2005,Hessen,w,unter 1,0
2005,Hessen,w,1-4,0
2005,Hessen,w,5-9,0
2005,Hessen,w,10-14,0
2005,Hessen,w,15-17,1
2005,Hessen,w,18-19,0
2005,Hessen,w,20-24,0
2005,Hessen,w,25-29,4
2005,Hessen,w,30-34,2
2005,Hessen,w,35-39,4
2005,Hessen,w,40-44,7
2005,Hessen,w,45-49,8
2005,Hessen,w,50-54,1
2005,Hessen,w,55-59,2
2005,Hessen,w,60-64,1
2005,Hessen,w,65-69,0
2005,Hessen,w,70-74,0
2005,Hessen,w,75-79,0
2005,Hessen,w,80-84,0
2005,Hessen,w,85-89,0
2005,Mecklenburg-Vorpommern,m,insgesamt,3
2005,Mecklenburg-Vorpommern,m,unter 1,0
2005,Mecklenburg-Vorpommern,m,1-4,0
2005,Mecklenburg-Vorpommern,m,5-9,0
2005,Mecklenburg-Vorpommern,m,10-14,0
2005,Mecklenburg-Vorpommern,m,15-17,0
2005,Mecklenburg-Vorpommern,m,18-19,0
2005,Mecklenburg-Vorpommern,m,20-24,0
2005,Mecklenburg-Vorpommern,m,25-29,1
2005,Mecklenburg-Vorpommern,m,30-34,0
2005,Mecklenburg-Vorpommern,m,35-39,0
2005,Mecklenburg-Vorpommern,m,40-44,1
2005,Mecklenburg-Vorpommern,m,45-49,1
2005,Mecklenburg-Vorpommern,m,50-54,0
2005,Mecklenburg-Vorpommern,m,55-59,0
2005,Mecklenburg-Vorpommern,m,60-64,0
2005,Mecklenburg-Vorpommern,m,65-69,0
2005,Mecklenburg-Vorpommern,m,70-74,0
2005,Mecklenburg-Vorpommern,m,75-79,0
2005,Mecklenburg-Vorpommern,m,80-84,0
2005,Mecklenburg-Vorpommern,m,85-89,0
2005,Mecklenburg-Vorpommern,w,insgesamt,2
2005,Mecklenburg-Vorpommern,w,unter 1,0
2005,Mecklenburg-Vorpommern,w,1-4,0
2005,Mecklenburg-Vorpommern,w,5-9,0
2005,Mecklenburg-Vorpommern,w,10-14,0
2005,Mecklenburg-Vorpommern,w,15-17,0
2005,Mecklenburg-Vorpommern,w,18-19,0
2005,Mecklenburg-Vorpommern,w,20-24,0
2005,Mecklenburg-Vorpommern,w,25-29,0
2005,Mecklenburg-Vorpommern,w,30-34,1
2005,Mecklenburg-Vorpommern,w,35-39,0
2005,Mecklenburg-Vorpommern,w,40-44,1
2005,Mecklenburg-Vorpommern,w,45-49,0
2005,Mecklenburg-Vorpommern,w,50-54,0
2005,Mecklenburg-Vorpommern,w,55-59,0
2005,Mecklenburg-Vorpommern,w,60-64,0
2005,Mecklenburg-Vorpommern,w,65-69,0
2005,Mecklenburg-Vorpommern,w,70-74,0
2005,Mecklenburg-Vorpommern,w,75-79,0
2005,Mecklenburg-Vorpommern,w,80-84,0
2005,Mecklenburg-Vorpommern,w,85-89,0
2005,Niedersachsen,m,insgesamt,5
2005,Niedersachsen,m,unter 1,0
2005,Niedersachsen,m,1-4,0
2005,Niedersachsen,m,5-9,0
2005,Niedersachsen,m,10-14,0
2005,Niedersachsen,m,15-17,0
2005,Niedersachsen,m,18-19,0
2005,Niedersachsen,m,20-24,0
2005,Niedersachsen,m,25-29,1
2005,Niedersachsen,m,30-34,2
2005,Niedersachsen,m,35-39,1
2005,Niedersachsen,m,40-44,0
2005,Niedersachsen,m,45-49,0
2005,Niedersachsen,m,50-54,0
2005,Niedersachsen,m,55-59,0
2005,Niedersachsen,m,60-64,0
2005,Niedersachsen,m,65-69,0
2005,Niedersachsen,m,70-74,0
2005,Niedersachsen,m,75-79,0
2005,Niedersachsen,m,80-84,1
2005,Niedersachsen,m,85-89,0
2005,Niedersachsen,w,insgesamt,16
2005,Niedersachsen,w,unter 1,0
2005,Niedersachsen,w,1-4,0
2005,Niedersachsen,w,5-9,0
2005,Niedersachsen,w,10-14,1
2005,Niedersachsen,w,15-17,0
2005,Niedersachsen,w,18-19,0
2005,Niedersachsen,w,20-24,1
2005,Niedersachsen,w,25-29,0
2005,Niedersachsen,w,30-34,0
2005,Niedersachsen,w,35-39,1
2005,Niedersachsen,w,40-44,4
2005,Niedersachsen,w,45-49,8
2005,Niedersachsen,w,50-54,1
2005,Niedersachsen,w,55-59,0
2005,Niedersachsen,w,60-64,0
2005,Niedersachsen,w,65-69,0
2005,Niedersachsen,w,70-74,0
2005,Niedersachsen,w,75-79,0
2005,Niedersachsen,w,80-84,0
2005,Niedersachsen,w,85-89,0
2005,Nordrhein-Westfalen,m,insgesamt,75
2005,Nordrhein-Westfalen,m,unter 1,0
2005,Nordrhein-Westfalen,m,1-4,0
2005,Nordrhein-Westfalen,m,5-9,1
2005,Nordrhein-Westfalen,m,10-14,0
2005,Nordrhein-Westfalen,m,15-17,0
2005,Nordrhein-Westfalen,m,18-19,2
2005,Nordrhein-Westfalen,m,20-24,20
2005,Nordrhein-Westfalen,m,25-29,14
2005,Nordrhein-Westfalen,m,30-34,15
2005,Nordrhein-Westfalen,m,35-39,7
2005,Nordrhein-Westfalen,m,40-44,5
2005,Nordrhein-Westfalen,m,45-49,10
2005,Nordrhein-Westfalen,m,50-54,1
2005,Nordrhein-Westfalen,m,55-59,0
2005,Nordrhein-Westfalen,m,60-64,0
2005,Nordrhein-Westfalen,m,65-69,0
2005,Nordrhein-Westfalen,m,70-74,0
2005,Nordrhein-Westfalen,m,75-79,0
2005,Nordrhein-Westfalen,m,80-84,0
2005,Nordrhein-Westfalen,m,85-89,0
2005,Nordrhein-Westfalen,w,insgesamt,87
2005,Nordrhein-Westfalen,w,unter 1,0
2005,Nordrhein-Westfalen,w,1-4,0
2005,Nordrhein-Westfalen,w,5-9,0
2005,Nordrhein-Westfalen,w,10-14,2
2005,Nordrhein-Westfalen,w,15-17,0
2005,Nordrhein-Westfalen,w,18-19,4
2005,Nordrhein-Westfalen,w,20-24,5
2005,Nordrhein-Westfalen,w,25-29,5
2005,Nordrhein-Westfalen,w,30-34,9
2005,Nordrhein-Westfalen,w,35-39,20
2005,Nordrhein-Westfalen,w,40-44,19
2005,Nordrhein-Westfalen,w,45-49,7
2005,Nordrhein-Westfalen,w,50-54,9
2005,Nordrhein-Westfalen,w,55-59,2
2005,Nordrhein-Westfalen,w,60-64,3
2005,Nordrhein-Westfalen,w,65-69,2
2005,Nordrhein-Westfalen,w,70-74,0
2005,Nordrhein-Westfalen,w,75-79,0
2005,Nordrhein-Westfalen,w,80-84,0
2005,Nordrhein-Westfalen,w,85-89,0
2005,Rheinland-Pfalz,m,insgesamt,2
2005,Rheinland-Pfalz,m,unter 1,0
2005,Rheinland-Pfalz,m,1-4,0
2005,Rheinland-Pfalz,m,5-9,0
2005,Rheinland-Pfalz,m,10-14,0
2005,Rheinland-Pfalz,m,15-17,0
2005,Rheinland-Pfalz,m,18-19,0
2005,Rheinland-Pfalz,m,20-24,0
2005,Rheinland-Pfalz,m,25-29,0
2005,Rheinland-Pfalz,m,30-34,0
2005,Rheinland-Pfalz,m,35-39,1
2005,Rheinland-Pfalz,m,40-44,1
2005,Rheinland-Pfalz,m,45-49,0
2005,Rheinland-Pfalz,m,50-54,0
2005,Rheinland-Pfalz,m,55-59,0
2005,Rheinland-Pfalz,m,60-64,0
2005,Rheinland-Pfalz,m,65-69,0
2005,Rheinland-Pfalz,m,70-74,0
2005,Rheinland-Pfalz,m,75-79,0
2005,Rheinland-Pfalz,m,80-84,0
2005,Rheinland-Pfalz,m,85-89,0
2005,Rheinland-Pfalz,w,insgesamt,0
2005,Rheinland-Pfalz,w,unter 1,0
2005,Rheinland-Pfalz,w,1-4,0
2005,Rheinland-Pfalz,w,5-9,0
2005,Rheinland-Pfalz,w,10-14,0
2005,Rheinland-Pfalz,w,15-17,0
2005,Rheinland-Pfalz,w,18-19,0
2005,Rheinland-Pfalz,w,20-24,0
2005,Rheinland-Pfalz,w,25-29,0
2005,Rheinland-Pfalz,w,30-34,0
2005,Rheinland-Pfalz,w,35-39,
2005,Rheinland-Pfalz,w,40-44,
2005,Rheinland-Pfalz,w,45-49,0
2005,Rheinland-Pfalz,w,50-54,0
2005,Rheinland-Pfalz,w,55-59,0
2005,Rheinland-Pfalz,w,60-64,0
2005,Rheinland-Pfalz,w,65-69,0
2005,Rheinland-Pfalz,w,70-74,0
2005,Rheinland-Pfalz,w,75-79,0
2005,Rheinland-Pfalz,w,80-84,0
2005,Rheinland-Pfalz,w,85-89,0
2005,Saarland,m,insgesamt,2
2005,Saarland,m,unter 1,0
2005,Saarland,m,1-4,0
2005,Saarland,m,5-9,0
2005,Saarland,m,10-14,0
2005,Saarland,m,15-17,0
2005,Saarland,m,18-19,0
2005,Saarland,m,20-24,0
2005,Saarland,m,25-29,1
2005,Saarland,m,30-34,1
2005,Saarland,m,35-39,0
2005,Saarland,m,40-44,0
2005,Saarland,m,45-49,0
2005,Saarland,m,50-54,0
2005,Saarland,m,55-59,0
2005,Saarland,m,60-64,0
2005,Saarland,m,65-69,0
2005,Saarland,m,70-74,0
2005,Saarland,m,75-79,0
2005,Saarland,m,80-84,0
2005,Saarland,m,85-89,0
2005,Saarland,w,insgesamt,0
2005,Saarland,w,unter 1,0
2005,Saarland,w,1-4,0
2005,Saarland,w,5-9,0
2005,Saarland,w,10-14,0
2005,Saarland,w,15-17,0
2005,Saarland,w,18-19,0
2005,Saarland,w,20-24,0
2005,Saarland,w,25-29,
2005,Saarland,w,30-34,
2005,Saarland,w,35-39,0
2005,Saarland,w,40-44,0
2005,Saarland,w,45-49,0
2005,Saarland,w,50-54,0
2005,Saarland,w,55-59,0
2005,Saarland,w,60-64,0
2005,Saarland,w,65-69,0
2005,Saarland,w,70-74,0
2005,Saarland,w,75-79,0
2005,Saarland,w,80-84,0
2005,Saarland,w,85-89,0
2005,Sachsen,m,insgesamt,3
2005,Sachsen,m,unter 1,0
2005,Sachsen,m,1-4,0
2005,Sachsen,m,5-9,0
2005,Sachsen,m,10-14,0
2005,Sachsen,m,15-17,0
2005,Sachsen,m,18-19,0
2005,Sachsen,m,20-24,0
2005,Sachsen,m,25-29,2
2005,Sachsen,m,30-34,0
2005,Sachsen,m,35-39,1
2005,Sachsen,m,40-44,0
2005,Sachsen,m,45-49,0
2005,Sachsen,m,50-54,0
2005,Sachsen,m,55-59,0
2005,Sachsen,m,60-64,0
2005,Sachsen,m,65-69,0
2005,Sachsen,m,70-74,0
2005,Sachsen,m,75-79,0
2005,Sachsen,m,80-84,0
2005,Sachsen,m,85-89,0
2005,Sachsen,w,insgesamt,2
2005,Sachsen,w,unter 1,0
2005,Sachsen,w,1-4,0
2005,Sachsen,w,5-9,0
2005,Sachsen,w,10-14,0
2005,Sachsen,w,15-17,0
2005,Sachsen,w,18-19,0
2005,Sachsen,w,20-24,0
2005,Sachsen,w,25-29,1
2005,Sachsen,w,30-34,0
2005,Sachsen,w,35-39,1
2005,Sachsen,w,40-44,0
2005,Sachsen,w,45-49,0
2005,Sachsen,w,50-54,0
2005,Sachsen,w,55-59,0
2005,Sachsen,w,60-64,0
2005,Sachsen,w,65-69,0
2005,Sachsen,w,70-74,0
2005,Sachsen,w,75-79,0
2005,Sachsen,w,80-84,0
2005,Sachsen,w,85-89,0
2005,Sachsen-Anhalt,m,insgesamt,1
2005,Sachsen-Anhalt,m,unter 1,0
2005,Sachsen-Anhalt,m,1-4,0
2005,Sachsen-Anhalt,m,5-9,0
2005,Sachsen-Anhalt,m,10-14,0
2005,Sachsen-Anhalt,m,15-17,0
2005,Sachsen-Anhalt,m,18-19,0
2005,Sachsen-Anhalt,m,20-24,0
2005,Sachsen-Anhalt,m,25-29,0
2005,Sachsen-Anhalt,m,30-34,0
2005,Sachsen-Anhalt,m,35-39,0
2005,Sachsen-Anhalt,m,40-44,0
2005,Sachsen-Anhalt,m,45-49,0
2005,Sachsen-Anhalt,m,50-54,1
2005,Sachsen-Anhalt,m,55-59,0
2005,Sachsen-Anhalt,m,60-64,0
2005,Sachsen-Anhalt,m,65-69,0
2005,Sachsen-Anhalt,m,70-74,0
2005,Sachsen-Anhalt,m,75-79,0
2005,Sachsen-Anhalt,m,80-84,0
2005,Sachsen-Anhalt,m,85-89,0
2005,Sachsen-Anhalt,w,insgesamt,15
2005,Sachsen-Anhalt,w,unter 1,0
2005,Sachsen-Anhalt,w,1-4,0
2005,Sachsen-Anhalt,w,5-9,0
2005,Sachsen-Anhalt,w,10-14,0
2005,Sachsen-Anhalt,w,15-17,0
2005,Sachsen-Anhalt,w,18-19,0
2005,Sachsen-Anhalt,w,20-24,0
2005,Sachsen-Anhalt,w,25-29,2
2005,Sachsen-Anhalt,w,30-34,1
2005,Sachsen-Anhalt,w,35-39,4
2005,Sachsen-Anhalt,w,40-44,4
2005,Sachsen-Anhalt,w,45-49,2
2005,Sachsen-Anhalt,w,50-54,1
2005,Sachsen-Anhalt,w,55-59,0
2005,Sachsen-Anhalt,w,60-64,1
2005,Sachsen-Anhalt,w,65-69,0
2005,Sachsen-Anhalt,w,70-74,0
2005,Sachsen-Anhalt,w,75-79,0
2005,Sachsen-Anhalt,w,80-84,0
2005,Sachsen-Anhalt,w,85-89,0
2005,Schleswig-Holstein,m,insgesamt,3
2005,Schleswig-Holstein,m,unter 1,0
2005,Schleswig-Holstein,m,1-4,0
2005,Schleswig-Holstein,m,5-9,0
2005,Schleswig-Holstein,m,10-14,0
2005,Schleswig-Holstein,m,15-17,1
2005,Schleswig-Holstein,m,18-19,1
2005,Schleswig-Holstein,m,20-24,0
2005,Schleswig-Holstein,m,25-29,1
2005,Schleswig-Holstein,m,30-34,0
2005,Schleswig-Holstein,m,35-39,0
2005,Schleswig-Holstein,m,40-44,0
2005,Schleswig-Holstein,m,45-49,0
2005,Schleswig-Holstein,m,50-54,0
2005,Schleswig-Holstein,m,55-59,0
2005,Schleswig-Holstein,m,60-64,0
2005,Schleswig-Holstein,m,65-69,0
2005,Schleswig-Holstein,m,70-74,0
2005,Schleswig-Holstein,m,75-79,0
2005,Schleswig-Holstein,m,80-84,0
2005,Schleswig-Holstein,m,85-89,0
2005,Schleswig-Holstein,w,insgesamt,0
2005,Schleswig-Holstein,w,unter 1,0
2005,Schleswig-Holstein,w,1-4,0
2005,Schleswig-Holstein,w,5-9,0
2005,Schleswig-Holstein,w,10-14,0
2005,Schleswig-Holstein,w,15-17,
2005,Schleswig-Holstein,w,18-19,
2005,Schleswig-Holstein,w,20-24,0
2005,Schleswig-Holstein,w,25-29,
2005,Schleswig-Holstein,w,30-34,0
2005,Schleswig-Holstein,w,35-39,0
2005,Schleswig-Holstein,w,40-44,0
2005,Schleswig-Holstein,w,45-49,0
2005,Schleswig-Holstein,w,50-54,0
2005,Schleswig-Holstein,w,55-59,0
2005,Schleswig-Holstein,w,60-64,0
2005,Schleswig-Holstein,w,65-69,0
2005,Schleswig-Holstein,w,70-74,0
2005,Schleswig-Holstein,w,75-79,0
2005,Schleswig-Holstein,w,80-84,0
2005,Schleswig-Holstein,w,85-89,0
2005,Thüringen,m,insgesamt,2
2005,Thüringen,m,unter 1,0
2005,Thüringen,m,1-4,0
2005,Thüringen,m,5-9,0
2005,Thüringen,m,10-14,0
2005,Thüringen,m,15-17,0
2005,Thüringen,m,18-19,0
2005,Thüringen,m,20-24,0
2005,Thüringen,m,25-29,0
2005,Thüringen,m,30-34,0
2005,Thüringen,m,35-39,1
2005,Thüringen,m,40-44,0
2005,Thüringen,m,45-49,0
2005,Thüringen,m,50-54,1
2005,Thüringen,m,55-59,0
2005,Thüringen,m,60-64,0
2005,Thüringen,m,65-69,0
2005,Thüringen,m,70-74,0
2005,Thüringen,m,75-79,0
2005,Thüringen,m,80-84,0
2005,Thüringen,m,85-89,0
2005,Thüringen,m,insgesamt,0
2005,Thüringen,m,unter 1,0
2005,Thüringen,m,1-4,0
2005,Thüringen,m,5-9,0
2005,Thüringen,m,10-14,0
2005,Thüringen,m,15-17,0
2005,Thüringen,m,18-19,0
2005,Thüringen,m,20-24,0
2005,Thüringen,m,25-29,0
2005,Thüringen,m,30-34,0
2005,Thüringen,m,35-39,
2005,Thüringen,m,40-44,0
2005,Thüringen,m,45-49,0
2005,Thüringen,m,50-54,
2005,Thüringen,m,55-59,0
2005,Thüringen,m,60-64,0
2005,Thüringen,m,65-69,0
2005,Thüringen,m,70-74,0
2005,Thüringen,m,75-79,0
2005,Thüringen,m,80-84,0
2005,Thüringen,m,85-89,0
2006,Deutschland,m,insgesamt,366
2006,Deutschland,m,unter 1,0
2006,Deutschland,m,1-4,0
2006,Deutschland,m,5-9,0
2006,Deutschland,m,10-14,1
2006,Deutschland,m,15-17,5
2006,Deutschland,m,18-19,10
2006,Deutschland,m,20-24,50
2006,Deutschland,m,25-29,76
2006,Deutschland,m,30-34,84
2006,Deutschland,m,35-39,53
2006,Deutschland,m,40-44,41
2006,Deutschland,m,45-49,35
2006,Deutschland,m,50-54,6
2006,Deutschland,m,55-59,1
2006,Deutschland,m,60-64,2
2006,Deutschland,m,65-69,1
2006,Deutschland,m,70-74,1
2006,Deutschland,m,75-79,0
2006,Deutschland,m,80-84,0
2006,Deutschland,m,85-89,0
2006,Deutschland,w,insgesamt,357
2006,Deutschland,w,unter 1,0
2006,Deutschland,w,1-4,0
2006,Deutschland,w,5-9,0
2006,Deutschland,w,10-14,2
2006,Deutschland,w,15-17,8
2006,Deutschland,w,18-19,3
2006,Deutschland,w,20-24,33
2006,Deutschland,w,25-29,47
2006,Deutschland,w,30-34,29
2006,Deutschland,w,35-39,52
2006,Deutschland,w,40-44,86
2006,Deutschland,w,45-49,47
2006,Deutschland,w,50-54,24
2006,Deutschland,w,55-59,14
2006,Deutschland,w,60-64,9
2006,Deutschland,w,65-69,2
2006,Deutschland,w,70-74,0
2006,Deutschland,w,75-79,1
2006,Deutschland,w,80-84,0
2006,Deutschland,w,85-89,0
2006,Baden-Württemberg,m,insgesamt,5
2006,Baden-Württemberg,m,unter 1,0
2006,Baden-Württemberg,m,1-4,0
2006,Baden-Württemberg,m,5-9,0
2006,Baden-Württemberg,m,10-14,1
2006,Baden-Württemberg,m,15-17,0
2006,Baden-Württemberg,m,18-19,0
2006,Baden-Württemberg,m,20-24,2
2006,Baden-Württemberg,m,25-29,0
2006,Baden-Württemberg,m,30-34,0
2006,Baden-Württemberg,m,35-39,1
2006,Baden-Württemberg,m,40-44,0
2006,Baden-Württemberg,m,45-49,1
2006,Baden-Württemberg,m,50-54,0
2006,Baden-Württemberg,m,55-59,0
2006,Baden-Württemberg,m,60-64,0
2006,Baden-Württemberg,m,65-69,0
2006,Baden-Württemberg,m,70-74,0
2006,Baden-Württemberg,m,75-79,0
2006,Baden-Württemberg,m,80-84,0
2006,Baden-Württemberg,m,85-89,0
2006,Baden-Württemberg,w,insgesamt,7
2006,Baden-Württemberg,w,unter 1,0
2006,Baden-Württemberg,w,1-4,0
2006,Baden-Württemberg,w,5-9,0
2006,Baden-Württemberg,w,10-14,0
2006,Baden-Württemberg,w,15-17,0
2006,Baden-Württemberg,w,18-19,0
2006,Baden-Württemberg,w,20-24,0
2006,Baden-Württemberg,w,25-29,3
2006,Baden-Württemberg,w,30-34,0
2006,Baden-Württemberg,w,35-39,1
2006,Baden-Württemberg,w,40-44,1
2006,Baden-Württemberg,w,45-49,0
2006,Baden-Württemberg,w,50-54,0
2006,Baden-Württemberg,w,55-59,0
2006,Baden-Württemberg,w,60-64,2
2006,Baden-Württemberg,w,65-69,0
2006,Baden-Württemberg,w,70-74,0
2006,Baden-Württemberg,w,75-79,0
2006,Baden-Württemberg,w,80-84,0
2006,Baden-Württemberg,w,85-89,0
2006,Bayern,m,insgesamt,167
2006,Bayern,m,unter 1,0
2006,Bayern,m,1-4,0
2006,Bayern,m,5-9,0
2006,Bayern,m,10-14,0
2006,Bayern,m,15-17,0
2006,Bayern,m,18-19,1
2006,Bayern,m,20-24,16
2006,Bayern,m,25-29,29
2006,Bayern,m,30-34,48
2006,Bayern,m,35-39,27
2006,Bayern,m,40-44,25
2006,Bayern,m,45-49,16
2006,Bayern,m,50-54,3
2006,Bayern,m,55-59,1
2006,Bayern,m,60-64,0
2006,Bayern,m,65-69,0
2006,Bayern,m,70-74,1
2006,Bayern,m,75-79,0
2006,Bayern,m,80-84,0
2006,Bayern,m,85-89,0
2006,Bayern,w,insgesamt,139
2006,Bayern,w,unter 1,0
2006,Bayern,w,1-4,0
2006,Bayern,w,5-9,0
2006,Bayern,w,10-14,0
2006,Bayern,w,15-17,2
2006,Bayern,w,18-19,2
2006,Bayern,w,20-24,14
2006,Bayern,w,25-29,20
2006,Bayern,w,30-34,17
2006,Bayern,w,35-39,19
2006,Bayern,w,40-44,27
2006,Bayern,w,45-49,17
2006,Bayern,w,50-54,7
2006,Bayern,w,55-59,9
2006,Bayern,w,60-64,3
2006,Bayern,w,65-69,2
2006,Bayern,w,70-74,0
2006,Bayern,w,75-79,0
2006,Bayern,w,80-84,0
2006,Bayern,w,85-89,0
2006,Berlin,m,insgesamt,32
2006,Berlin,m,unter 1,0
2006,Berlin,m,1-4,0
2006,Berlin,m,5-9,0
2006,Berlin,m,10-14,0
2006,Berlin,m,15-17,0
2006,Berlin,m,18-19,1
2006,Berlin,m,20-24,4
2006,Berlin,m,25-29,4
2006,Berlin,m,30-34,8
2006,Berlin,m,35-39,5
2006,Berlin,m,40-44,3
2006,Berlin,m,45-49,5
2006,Berlin,m,50-54,0
2006,Berlin,m,55-59,0
2006,Berlin,m,60-64,2
2006,Berlin,m,65-69,0
2006,Berlin,m,70-74,0
2006,Berlin,m,75-79,0
2006,Berlin,m,80-84,0
2006,Berlin,m,85-89,0
2006,Berlin,w,insgesamt,12
2006,Berlin,w,unter 1,0
2006,Berlin,w,1-4,0
2006,Berlin,w,5-9,0
2006,Berlin,w,10-14,0
2006,Berlin,w,15-17,0
2006,Berlin,w,18-19,0
2006,Berlin,w,20-24,0
2006,Berlin,w,25-29,2
2006,Berlin,w,30-34,2
2006,Berlin,w,35-39,1
2006,Berlin,w,40-44,2
2006,Berlin,w,45-49,3
2006,Berlin,w,50-54,2
2006,Berlin,w,55-59,0
2006,Berlin,w,60-64,0
2006,Berlin,w,65-69,0
2006,Berlin,w,70-74,0
2006,Berlin,w,75-79,0
2006,Berlin,w,80-84,0
2006,Berlin,w,85-89,0
2006,Brandenburg,w,insgesamt,1
2006,Brandenburg,w,unter 1,0
2006,Brandenburg,w,1-4,0
2006,Brandenburg,w,5-9,0
2006,Brandenburg,w,10-14,0
2006,Brandenburg,w,15-17,0
2006,Brandenburg,w,18-19,0
2006,Brandenburg,w,20-24,0
2006,Brandenburg,w,25-29,0
2006,Brandenburg,w,30-34,0
2006,Brandenburg,w,35-39,0
2006,Brandenburg,w,40-44,0
2006,Brandenburg,w,45-49,0
2006,Brandenburg,w,50-54,0
2006,Brandenburg,w,55-59,0
2006,Brandenburg,w,60-64,1
2006,Brandenburg,w,65-69,0
2006,Brandenburg,w,70-74,0
2006,Brandenburg,w,75-79,0
2006,Brandenburg,w,80-84,0
2006,Brandenburg,w,85-89,0
2006,Brandenburg,m,insgesamt,0
2006,Brandenburg,m,unter 1,0
2006,Brandenburg,m,1-4,0
2006,Brandenburg,m,5-9,0
2006,Brandenburg,m,10-14,0
2006,Brandenburg,m,15-17,0
2006,Brandenburg,m,18-19,0
2006,Brandenburg,m,20-24,0
2006,Brandenburg,m,25-29,0
2006,Brandenburg,m,30-34,0
2006,Brandenburg,m,35-39,0
2006,Brandenburg,m,40-44,0
2006,Brandenburg,m,45-49,0
2006,Brandenburg,m,50-54,0
2006,Brandenburg,m,55-59,0
2006,Brandenburg,m,60-64,0
2006,Brandenburg,m,65-69,0
2006,Brandenburg,m,70-74,0
2006,Brandenburg,m,75-79,0
2006,Brandenburg,m,80-84,0
2006,Brandenburg,m,85-89,0
2006,Bremen,m,insgesamt,1
2006,Bremen,m,unter 1,0
2006,Bremen,m,1-4,0
2006,Bremen,m,5-9,0
2006,Bremen,m,10-14,0
2006,Bremen,m,15-17,0
2006,Bremen,m,18-19,0
2006,Bremen,m,20-24,1
2006,Bremen,m,25-29,0
2006,Bremen,m,30-34,0
2006,Bremen,m,35-39,0
2006,Bremen,m,40-44,0
2006,Bremen,m,45-49,0
2006,Bremen,m,50-54,0
2006,Bremen,m,55-59,0
2006,Bremen,m,60-64,0
2006,Bremen,m,65-69,0
2006,Bremen,m,70-74,0
2006,Bremen,m,75-79,0
2006,Bremen,m,80-84,0
2006,Bremen,m,85-89,0
2006,Hamburg,m,insgesamt,7
2006,Hamburg,m,unter 1,0
2006,Hamburg,m,1-4,0
2006,Hamburg,m,5-9,0
2006,Hamburg,m,10-14,0
2006,Hamburg,m,15-17,0
2006,Hamburg,m,18-19,0
2006,Hamburg,m,20-24,0
2006,Hamburg,m,25-29,3
2006,Hamburg,m,30-34,2
2006,Hamburg,m,35-39,1
2006,Hamburg,m,40-44,0
2006,Hamburg,m,45-49,1
2006,Hamburg,m,50-54,0
2006,Hamburg,m,55-59,0
2006,Hamburg,m,60-64,0
2006,Hamburg,m,65-69,0
2006,Hamburg,m,70-74,0
2006,Hamburg,m,75-79,0
2006,Hamburg,m,80-84,0
2006,Hamburg,m,85-89,0
2006,Hamburg,w,insgesamt,4
2006,Hamburg,w,unter 1,0
2006,Hamburg,w,1-4,0
2006,Hamburg,w,5-9,0
2006,Hamburg,w,10-14,0
2006,Hamburg,w,15-17,0
2006,Hamburg,w,18-19,0
2006,Hamburg,w,20-24,1
2006,Hamburg,w,25-29,1
2006,Hamburg,w,30-34,0
2006,Hamburg,w,35-39,0
2006,Hamburg,w,40-44,1
2006,Hamburg,w,45-49,0
2006,Hamburg,w,50-54,0
2006,Hamburg,w,55-59,1
2006,Hamburg,w,60-64,0
2006,Hamburg,w,65-69,0
2006,Hamburg,w,70-74,0
2006,Hamburg,w,75-79,0
2006,Hamburg,w,80-84,0
2006,Hamburg,w,85-89,0
2006,Hessen,m,insgesamt,61
2006,Hessen,m,unter 1,0
2006,Hessen,m,1-4,0
2006,Hessen,m,5-9,0
2006,Hessen,m,10-14,0
2006,Hessen,m,15-17,3
2006,Hessen,m,18-19,2
2006,Hessen,m,20-24,7
2006,Hessen,m,25-29,15
2006,Hessen,m,30-34,15
2006,Hessen,m,35-39,10
2006,Hessen,m,40-44,2
2006,Hessen,m,45-49,7
2006,Hessen,m,50-54,0
2006,Hessen,m,55-59,0
2006,Hessen,m,60-64,0
2006,Hessen,m,65-69,0
2006,Hessen,m,70-74,0
2006,Hessen,m,75-79,0
2006,Hessen,m,80-84,0
2006,Hessen,m,85-89,0
2006,Hessen,w,insgesamt,31
2006,Hessen,w,unter 1,0
2006,Hessen,w,1-4,0
2006,Hessen,w,5-9,0
2006,Hessen,w,10-14,2
2006,Hessen,w,15-17,2
2006,Hessen,w,18-19,1
2006,Hessen,w,20-24,6
2006,Hessen,w,25-29,5
2006,Hessen,w,30-34,0
2006,Hessen,w,35-39,5
2006,Hessen,w,40-44,4
2006,Hessen,w,45-49,3
2006,Hessen,w,50-54,3
2006,Hessen,w,55-59,0
2006,Hessen,w,60-64,0
2006,Hessen,w,65-69,0
2006,Hessen,w,70-74,0
2006,Hessen,w,75-79,0
2006,Hessen,w,80-84,0
2006,Hessen,w,85-89,0
2006,Mecklenburg-Vorpommern,m,insgesamt,3
2006,Mecklenburg-Vorpommern,m,unter 1,0
2006,Mecklenburg-Vorpommern,m,1-4,0
2006,Mecklenburg-Vorpommern,m,5-9,0
2006,Mecklenburg-Vorpommern,m,10-14,0
2006,Mecklenburg-Vorpommern,m,15-17,0
2006,Mecklenburg-Vorpommern,m,18-19,0
2006,Mecklenburg-Vorpommern,m,20-24,0
2006,Mecklenburg-Vorpommern,m,25-29,3
2006,Mecklenburg-Vorpommern,m,30-34,0
2006,Mecklenburg-Vorpommern,m,35-39,0
2006,Mecklenburg-Vorpommern,m,40-44,0
2006,Mecklenburg-Vorpommern,m,45-49,0
2006,Mecklenburg-Vorpommern,m,50-54,0
2006,Mecklenburg-Vorpommern,m,55-59,0
2006,Mecklenburg-Vorpommern,m,60-64,0
2006,Mecklenburg-Vorpommern,m,65-69,0
2006,Mecklenburg-Vorpommern,m,70-74,0
2006,Mecklenburg-Vorpommern,m,75-79,0
2006,Mecklenburg-Vorpommern,m,80-84,0
2006,Mecklenburg-Vorpommern,m,85-89,0
2006,Mecklenburg-Vorpommern,w,insgesamt,1
2006,Mecklenburg-Vorpommern,w,unter 1,0
2006,Mecklenburg-Vorpommern,w,1-4,0
2006,Mecklenburg-Vorpommern,w,5-9,0
2006,Mecklenburg-Vorpommern,w,10-14,0
2006,Mecklenburg-Vorpommern,w,15-17,0
2006,Mecklenburg-Vorpommern,w,18-19,0
2006,Mecklenburg-Vorpommern,w,20-24,0
2006,Mecklenburg-Vorpommern,w,25-29,0
2006,Mecklenburg-Vorpommern,w,30-34,0
2006,Mecklenburg-Vorpommern,w,35-39,0
2006,Mecklenburg-Vorpommern,w,40-44,0
2006,Mecklenburg-Vorpommern,w,45-49,0
2006,Mecklenburg-Vorpommern,w,50-54,1
2006,Mecklenburg-Vorpommern,w,55-59,0
2006,Mecklenburg-Vorpommern,w,60-64,0
2006,Mecklenburg-Vorpommern,w,65-69,0
2006,Mecklenburg-Vorpommern,w,70-74,0
2006,Mecklenburg-Vorpommern,w,75-79,0
2006,Mecklenburg-Vorpommern,w,80-84,0
2006,Mecklenburg-Vorpommern,w,85-89,0
2006,Niedersachsen,m,insgesamt,2
2006,Niedersachsen,m,unter 1,0
2006,Niedersachsen,m,1-4,0
2006,Niedersachsen,m,5-9,0
2006,Niedersachsen,m,10-14,0
2006,Niedersachsen,m,15-17,0
2006,Niedersachsen,m,18-19,0
2006,Niedersachsen,m,20-24,0
2006,Niedersachsen,m,25-29,1
2006,Niedersachsen,m,30-34,0
2006,Niedersachsen,m,35-39,0
2006,Niedersachsen,m,40-44,1
2006,Niedersachsen,m,45-49,0
2006,Niedersachsen,m,50-54,0
2006,Niedersachsen,m,55-59,0
2006,Niedersachsen,m,60-64,0
2006,Niedersachsen,m,65-69,0
2006,Niedersachsen,m,70-74,0
2006,Niedersachsen,m,75-79,0
2006,Niedersachsen,m,80-84,0
2006,Niedersachsen,m,85-89,0
2006,Niedersachsen,w,insgesamt,32
2006,Niedersachsen,w,unter 1,0
2006,Niedersachsen,w,1-4,0
2006,Niedersachsen,w,5-9,0
2006,Niedersachsen,w,10-14,0
2006,Niedersachsen,w,15-17,0
2006,Niedersachsen,w,18-19,0
2006,Niedersachsen,w,20-24,0
2006,Niedersachsen,w,25-29,4
2006,Niedersachsen,w,30-34,0
2006,Niedersachsen,w,35-39,8
2006,Niedersachsen,w,40-44,7
2006,Niedersachsen,w,45-49,5
2006,Niedersachsen,w,50-54,6
2006,Niedersachsen,w,55-59,2
2006,Niedersachsen,w,60-64,0
2006,Niedersachsen,w,65-69,0
2006,Niedersachsen,w,70-74,0
2006,Niedersachsen,w,75-79,0
2006,Niedersachsen,w,80-84,0
2006,Niedersachsen,w,85-89,0
2006,Nordrhein-Westfalen,m,insgesamt,78
2006,Nordrhein-Westfalen,m,unter 1,0
2006,Nordrhein-Westfalen,m,1-4,0
2006,Nordrhein-Westfalen,m,5-9,0
2006,Nordrhein-Westfalen,m,10-14,0
2006,Nordrhein-Westfalen,m,15-17,2
2006,Nordrhein-Westfalen,m,18-19,4
2006,Nordrhein-Westfalen,m,20-24,18
2006,Nordrhein-Westfalen,m,25-29,19
2006,Nordrhein-Westfalen,m,30-34,11
2006,Nordrhein-Westfalen,m,35-39,8
2006,Nordrhein-Westfalen,m,40-44,8
2006,Nordrhein-Westfalen,m,45-49,5
2006,Nordrhein-Westfalen,m,50-54,2
2006,Nordrhein-Westfalen,m,55-59,0
2006,Nordrhein-Westfalen,m,60-64,0
2006,Nordrhein-Westfalen,m,65-69,1
2006,Nordrhein-Westfalen,m,70-74,0
2006,Nordrhein-Westfalen,m,75-79,0
2006,Nordrhein-Westfalen,m,80-84,0
2006,Nordrhein-Westfalen,m,85-89,0
2006,Nordrhein-Westfalen,w,insgesamt,109
2006,Nordrhein-Westfalen,w,unter 1,0
2006,Nordrhein-Westfalen,w,1-4,0
2006,Nordrhein-Westfalen,w,5-9,0
2006,Nordrhein-Westfalen,w,10-14,0
2006,Nordrhein-Westfalen,w,15-17,3
2006,Nordrhein-Westfalen,w,18-19,0
2006,Nordrhein-Westfalen,w,20-24,11
2006,Nordrhein-Westfalen,w,25-29,11
2006,Nordrhein-Westfalen,w,30-34,8
2006,Nordrhein-Westfalen,w,35-39,16
2006,Nordrhein-Westfalen,w,40-44,38
2006,Nordrhein-Westfalen,w,45-49,15
2006,Nordrhein-Westfalen,w,50-54,3
2006,Nordrhein-Westfalen,w,55-59,0
2006,Nordrhein-Westfalen,w,60-64,3
2006,Nordrhein-Westfalen,w,65-69,0
2006,Nordrhein-Westfalen,w,70-74,0
2006,Nordrhein-Westfalen,w,75-79,1
2006,Nordrhein-Westfalen,w,80-84,0
2006,Nordrhein-Westfalen,w,85-89,0
2006,Rheinland-Pfalz,m,insgesamt,4
2006,Rheinland-Pfalz,m,unter 1,0
2006,Rheinland-Pfalz,m,1-4,0
2006,Rheinland-Pfalz,m,5-9,0
2006,Rheinland-Pfalz,m,10-14,0
2006,Rheinland-Pfalz,m,15-17,0
2006,Rheinland-Pfalz,m,18-19,1
2006,Rheinland-Pfalz,m,20-24,0
2006,Rheinland-Pfalz,m,25-29,0
2006,Rheinland-Pfalz,m,30-34,0
2006,Rheinland-Pfalz,m,35-39,1
2006,Rheinland-Pfalz,m,40-44,1
2006,Rheinland-Pfalz,m,45-49,0
2006,Rheinland-Pfalz,m,50-54,1
2006,Rheinland-Pfalz,m,55-59,0
2006,Rheinland-Pfalz,m,60-64,0
2006,Rheinland-Pfalz,m,65-69,0
2006,Rheinland-Pfalz,m,70-74,0
2006,Rheinland-Pfalz,m,75-79,0
2006,Rheinland-Pfalz,m,80-84,0
2006,Rheinland-Pfalz,m,85-89,0
2006,Rheinland-Pfalz,w,insgesamt,2
2006,Rheinland-Pfalz,w,unter 1,0
2006,Rheinland-Pfalz,w,1-4,0
2006,Rheinland-Pfalz,w,5-9,0
2006,Rheinland-Pfalz,w,10-14,0
2006,Rheinland-Pfalz,w,15-17,0
2006,Rheinland-Pfalz,w,18-19,0
2006,Rheinland-Pfalz,w,20-24,0
2006,Rheinland-Pfalz,w,25-29,0
2006,Rheinland-Pfalz,w,30-34,0
2006,Rheinland-Pfalz,w,35-39,1
2006,Rheinland-Pfalz,w,40-44,1
2006,Rheinland-Pfalz,w,45-49,0
2006,Rheinland-Pfalz,w,50-54,0
2006,Rheinland-Pfalz,w,55-59,0
2006,Rheinland-Pfalz,w,60-64,0
2006,Rheinland-Pfalz,w,65-69,0
2006,Rheinland-Pfalz,w,70-74,0
2006,Rheinland-Pfalz,w,75-79,0
2006,Rheinland-Pfalz,w,80-84,0
2006,Rheinland-Pfalz,w,85-89,0
2006,Saarland,m,insgesamt,1
2006,Saarland,m,unter 1,0
2006,Saarland,m,1-4,0
2006,Saarland,m,5-9,0
2006,Saarland,m,10-14,0
2006,Saarland,m,15-17,0
2006,Saarland,m,18-19,0
2006,Saarland,m,20-24,1
2006,Saarland,m,25-29,0
2006,Saarland,m,30-34,0
2006,Saarland,m,35-39,0
2006,Saarland,m,40-44,0
2006,Saarland,m,45-49,0
2006,Saarland,m,50-54,0
2006,Saarland,m,55-59,0
2006,Saarland,m,60-64,0
2006,Saarland,m,65-69,0
2006,Saarland,m,70-74,0
2006,Saarland,m,75-79,0
2006,Saarland,m,80-84,0
2006,Saarland,m,85-89,0
2006,Saarland,w,insgesamt,1
2006,Saarland,w,unter 1,0
2006,Saarland,w,1-4,0
2006,Saarland,w,5-9,0
2006,Saarland,w,10-14,0
2006,Saarland,w,15-17,0
2006,Saarland,w,18-19,0
2006,Saarland,w,20-24,0
2006,Saarland,w,25-29,0
2006,Saarland,w,30-34,1
2006,Saarland,w,35-39,0
2006,Saarland,w,40-44,0
2006,Saarland,w,45-49,0
2006,Saarland,w,50-54,0
2006,Saarland,w,55-59,0
2006,Saarland,w,60-64,0
2006,Saarland,w,65-69,0
2006,Saarland,w,70-74,0
2006,Saarland,w,75-79,0
2006,Saarland,w,80-84,0
2006,Saarland,w,85-89,0
2006,Sachsen,m,insgesamt,1
2006,Sachsen,m,unter 1,0
2006,Sachsen,m,1-4,0
2006,Sachsen,m,5-9,0
2006,Sachsen,m,10-14,0
2006,Sachsen,m,15-17,0
2006,Sachsen,m,18-19,0
2006,Sachsen,m,20-24,0
2006,Sachsen,m,25-29,1
2006,Sachsen,m,30-34,0
2006,Sachsen,m,35-39,0
2006,Sachsen,m,40-44,0
2006,Sachsen,m,45-49,0
2006,Sachsen,m,50-54,0
2006,Sachsen,m,55-59,0
2006,Sachsen,m,60-64,0
2006,Sachsen,m,65-69,0
2006,Sachsen,m,70-74,0
2006,Sachsen,m,75-79,0
2006,Sachsen,m,80-84,0
2006,Sachsen,m,85-89,0
2006,Sachsen,w,insgesamt,0
2006,Sachsen,w,unter 1,0
2006,Sachsen,w,1-4,0
2006,Sachsen,w,5-9,0
2006,Sachsen,w,10-14,0
2006,Sachsen,w,15-17,0
2006,Sachsen,w,18-19,0
2006,Sachsen,w,20-24,0
2006,Sachsen,w,25-29,0
2006,Sachsen,w,30-34,0
2006,Sachsen,w,35-39,0
2006,Sachsen,w,40-44,0
2006,Sachsen,w,45-49,0
2006,Sachsen,w,50-54,0
2006,Sachsen,w,55-59,0
2006,Sachsen,w,60-64,0
2006,Sachsen,w,65-69,0
2006,Sachsen,w,70-74,0
2006,Sachsen,w,75-79,0
2006,Sachsen,w,80-84,0
2006,Sachsen,w,85-89,0
2006,Sachsen-Anhalt,m,insgesamt,1
2006,Sachsen-Anhalt,m,unter 1,0
2006,Sachsen-Anhalt,m,1-4,0
2006,Sachsen-Anhalt,m,5-9,0
2006,Sachsen-Anhalt,m,10-14,0
2006,Sachsen-Anhalt,m,15-17,0
2006,Sachsen-Anhalt,m,18-19,0
2006,Sachsen-Anhalt,m,20-24,0
2006,Sachsen-Anhalt,m,25-29,0
2006,Sachsen-Anhalt,m,30-34,0
2006,Sachsen-Anhalt,m,35-39,0
2006,Sachsen-Anhalt,m,40-44,1
2006,Sachsen-Anhalt,m,45-49,0
2006,Sachsen-Anhalt,m,50-54,0
2006,Sachsen-Anhalt,m,55-59,0
2006,Sachsen-Anhalt,m,60-64,0
2006,Sachsen-Anhalt,m,65-69,0
2006,Sachsen-Anhalt,m,70-74,0
2006,Sachsen-Anhalt,m,75-79,0
2006,Sachsen-Anhalt,m,80-84,0
2006,Sachsen-Anhalt,m,85-89,0
2006,Sachsen-Anhalt,w,insgesamt,14
2006,Sachsen-Anhalt,w,unter 1,0
2006,Sachsen-Anhalt,w,1-4,0
2006,Sachsen-Anhalt,w,5-9,0
2006,Sachsen-Anhalt,w,10-14,0
2006,Sachsen-Anhalt,w,15-17,0
2006,Sachsen-Anhalt,w,18-19,0
2006,Sachsen-Anhalt,w,20-24,1
2006,Sachsen-Anhalt,w,25-29,1
2006,Sachsen-Anhalt,w,30-34,1
2006,Sachsen-Anhalt,w,35-39,1
2006,Sachsen-Anhalt,w,40-44,4
2006,Sachsen-Anhalt,w,45-49,3
2006,Sachsen-Anhalt,w,50-54,1
2006,Sachsen-Anhalt,w,55-59,2
2006,Sachsen-Anhalt,w,60-64,0
2006,Sachsen-Anhalt,w,65-69,0
2006,Sachsen-Anhalt,w,70-74,0
2006,Sachsen-Anhalt,w,75-79,0
2006,Sachsen-Anhalt,w,80-84,0
2006,Sachsen-Anhalt,w,85-89,0
2006,Schleswig-Holstein,m,insgesamt,3
2006,Schleswig-Holstein,m,unter 1,0
2006,Schleswig-Holstein,m,1-4,0
2006,Schleswig-Holstein,m,5-9,0
2006,Schleswig-Holstein,m,10-14,0
2006,Schleswig-Holstein,m,15-17,0
2006,Schleswig-Holstein,m,18-19,1
2006,Schleswig-Holstein,m,20-24,1
2006,Schleswig-Holstein,m,25-29,1
2006,Schleswig-Holstein,m,30-34,0
2006,Schleswig-Holstein,m,35-39,0
2006,Schleswig-Holstein,m,40-44,0
2006,Schleswig-Holstein,m,45-49,0
2006,Schleswig-Holstein,m,50-54,0
2006,Schleswig-Holstein,m,55-59,0
2006,Schleswig-Holstein,m,60-64,0
2006,Schleswig-Holstein,m,65-69,0
2006,Schleswig-Holstein,m,70-74,0
2006,Schleswig-Holstein,m,75-79,0
2006,Schleswig-Holstein,m,80-84,0
2006,Schleswig-Holstein,m,85-89,0
2006,Schleswig-Holstein,w,insgesamt,3
2006,Schleswig-Holstein,w,unter 1,0
2006,Schleswig-Holstein,w,1-4,0
2006,Schleswig-Holstein,w,5-9,0
2006,Schleswig-Holstein,w,10-14,0
2006,Schleswig-Holstein,w,15-17,1
2006,Schleswig-Holstein,w,18-19,0
2006,Schleswig-Holstein,w,20-24,0
2006,Schleswig-Holstein,w,25-29,0
2006,Schleswig-Holstein,w,30-34,0
2006,Schleswig-Holstein,w,35-39,0
2006,Schleswig-Holstein,w,40-44,1
2006,Schleswig-Holstein,w,45-49,1
2006,Schleswig-Holstein,w,50-54,0
2006,Schleswig-Holstein,w,55-59,0
2006,Schleswig-Holstein,w,60-64,0
2006,Schleswig-Holstein,w,65-69,0
2006,Schleswig-Holstein,w,70-74,0
2006,Schleswig-Holstein,w,75-79,0
2006,Schleswig-Holstein,w,80-84,0
2006,Schleswig-Holstein,w,85-89,0
2006,Thüringen,m,insgesamt,0
2006,Thüringen,m,unter 1,0
2006,Thüringen,m,1-4,0
2006,Thüringen,m,5-9,0
2006,Thüringen,m,10-14,0
2006,Thüringen,m,15-17,0
2006,Thüringen,m,18-19,0
2006,Thüringen,m,20-24,0
2006,Thüringen,m,25-29,0
2006,Thüringen,m,30-34,0
2006,Thüringen,m,35-39,0
2006,Thüringen,m,40-44,0
2006,Thüringen,m,45-49,0
2006,Thüringen,m,50-54,0
2006,Thüringen,m,55-59,0
2006,Thüringen,m,60-64,0
2006,Thüringen,m,65-69,0
2006,Thüringen,m,70-74,0
2006,Thüringen,m,75-79,0
2006,Thüringen,m,80-84,0
2006,Thüringen,m,85-89,0
2006,Thüringen,w,insgesamt,1
2006,Thüringen,w,unter 1,0
2006,Thüringen,w,1-4,0
2006,Thüringen,w,5-9,0
2006,Thüringen,w,10-14,0
2006,Thüringen,w,15-17,0
2006,Thüringen,w,18-19,0
2006,Thüringen,w,20-24,0
2006,Thüringen,w,25-29,0
2006,Thüringen,w,30-34,0
2006,Thüringen,w,35-39,0
2006,Thüringen,w,40-44,0
2006,Thüringen,w,45-49,0
2006,Thüringen,w,50-54,1
2006,Thüringen,w,55-59,0
2006,Thüringen,w,60-64,0
2006,Thüringen,w,65-69,0
2006,Thüringen,w,70-74,0
2006,Thüringen,w,75-79,0
2006,Thüringen,w,80-84,0
2006,Thüringen,w,85-89,0
2007,Deutschland,m,insgesamt,410
2007,Deutschland,m,unter 1,0
2007,Deutschland,m,1-4,0
2007,Deutschland,m,5-9,1
2007,Deutschland,m,10-14,1
2007,Deutschland,m,15-17,2
2007,Deutschland,m,18-19,10
2007,Deutschland,m,20-24,58
2007,Deutschland,m,25-29,83
2007,Deutschland,m,30-34,94
2007,Deutschland,m,35-39,57
2007,Deutschland,m,40-44,66
2007,Deutschland,m,45-49,27
2007,Deutschland,m,50-54,7
2007,Deutschland,m,55-59,2
2007,Deutschland,m,60-64,2
2007,Deutschland,m,65-69,0
2007,Deutschland,m,70-74,0
2007,Deutschland,m,75-79,0
2007,Deutschland,m,80-84,0
2007,Deutschland,m,85-89,0
2007,Deutschland,w,insgesamt,383
2007,Deutschland,w,unter 1,0
2007,Deutschland,w,1-4,0
2007,Deutschland,w,5-9,0
2007,Deutschland,w,10-14,0
2007,Deutschland,w,15-17,5
2007,Deutschland,w,18-19,13
2007,Deutschland,w,20-24,28
2007,Deutschland,w,25-29,44
2007,Deutschland,w,30-34,46
2007,Deutschland,w,35-39,64
2007,Deutschland,w,40-44,83
2007,Deutschland,w,45-49,41
2007,Deutschland,w,50-54,29
2007,Deutschland,w,55-59,16
2007,Deutschland,w,60-64,8
2007,Deutschland,w,65-69,4
2007,Deutschland,w,70-74,2
2007,Deutschland,w,75-79,0
2007,Deutschland,w,80-84,0
2007,Deutschland,w,85-89,0
2007,Baden-Württemberg,m,insgesamt,9
2007,Baden-Württemberg,m,unter 1,0
2007,Baden-Württemberg,m,1-4,0
2007,Baden-Württemberg,m,5-9,0
2007,Baden-Württemberg,m,10-14,0
2007,Baden-Württemberg,m,15-17,0
2007,Baden-Württemberg,m,18-19,0
2007,Baden-Württemberg,m,20-24,2
2007,Baden-Württemberg,m,25-29,3
2007,Baden-Württemberg,m,30-34,3
2007,Baden-Württemberg,m,35-39,1
2007,Baden-Württemberg,m,40-44,0
2007,Baden-Württemberg,m,45-49,0
2007,Baden-Württemberg,m,50-54,0
2007,Baden-Württemberg,m,55-59,0
2007,Baden-Württemberg,m,60-64,0
2007,Baden-Württemberg,m,65-69,0
2007,Baden-Württemberg,m,70-74,0
2007,Baden-Württemberg,m,75-79,0
2007,Baden-Württemberg,m,80-84,0
2007,Baden-Württemberg,m,85-89,0
2007,Baden-Württemberg,w,insgesamt,10
2007,Baden-Württemberg,w,unter 1,0
2007,Baden-Württemberg,w,1-4,0
2007,Baden-Württemberg,w,5-9,0
2007,Baden-Württemberg,w,10-14,0
2007,Baden-Württemberg,w,15-17,2
2007,Baden-Württemberg,w,18-19,0
2007,Baden-Württemberg,w,20-24,0
2007,Baden-Württemberg,w,25-29,1
2007,Baden-Württemberg,w,30-34,1
2007,Baden-Württemberg,w,35-39,4
2007,Baden-Württemberg,w,40-44,1
2007,Baden-Württemberg,w,45-49,1
2007,Baden-Württemberg,w,50-54,0
2007,Baden-Württemberg,w,55-59,0
2007,Baden-Württemberg,w,60-64,0
2007,Baden-Württemberg,w,65-69,0
2007,Baden-Württemberg,w,70-74,0
2007,Baden-Württemberg,w,75-79,0
2007,Baden-Württemberg,w,80-84,0
2007,Baden-Württemberg,w,85-89,0
2007,Bayern,m,insgesamt,217
2007,Bayern,m,unter 1,0
2007,Bayern,m,1-4,0
2007,Bayern,m,5-9,0
2007,Bayern,m,10-14,0
2007,Bayern,m,15-17,0
2007,Bayern,m,18-19,5
2007,Bayern,m,20-24,25
2007,Bayern,m,25-29,37
2007,Bayern,m,30-34,60
2007,Bayern,m,35-39,35
2007,Bayern,m,40-44,33
2007,Bayern,m,45-49,16
2007,Bayern,m,50-54,3
2007,Bayern,m,55-59,2
2007,Bayern,m,60-64,1
2007,Bayern,m,65-69,0
2007,Bayern,m,70-74,0
2007,Bayern,m,75-79,0
2007,Bayern,m,80-84,0
2007,Bayern,m,85-89,0
2007,Bayern,w,insgesamt,148
2007,Bayern,w,unter 1,0
2007,Bayern,w,1-4,0
2007,Bayern,w,5-9,0
2007,Bayern,w,10-14,0
2007,Bayern,w,15-17,0
2007,Bayern,w,18-19,2
2007,Bayern,w,20-24,15
2007,Bayern,w,25-29,20
2007,Bayern,w,30-34,25
2007,Bayern,w,35-39,17
2007,Bayern,w,40-44,32
2007,Bayern,w,45-49,18
2007,Bayern,w,50-54,8
2007,Bayern,w,55-59,5
2007,Bayern,w,60-64,3
2007,Bayern,w,65-69,1
2007,Bayern,w,70-74,2
2007,Bayern,w,75-79,0
2007,Bayern,w,80-84,0
2007,Bayern,w,85-89,0
2007,Berlin,m,insgesamt,19
2007,Berlin,m,unter 1,0
2007,Berlin,m,1-4,0
2007,Berlin,m,5-9,0
2007,Berlin,m,10-14,0
2007,Berlin,m,15-17,0
2007,Berlin,m,18-19,0
2007,Berlin,m,20-24,2
2007,Berlin,m,25-29,2
2007,Berlin,m,30-34,3
2007,Berlin,m,35-39,4
2007,Berlin,m,40-44,6
2007,Berlin,m,45-49,1
2007,Berlin,m,50-54,0
2007,Berlin,m,55-59,0
2007,Berlin,m,60-64,1
2007,Berlin,m,65-69,0
2007,Berlin,m,70-74,0
2007,Berlin,m,75-79,0
2007,Berlin,m,80-84,0
2007,Berlin,m,85-89,0
2007,Berlin,w,insgesamt,20
2007,Berlin,w,unter 1,0
2007,Berlin,w,1-4,0
2007,Berlin,w,5-9,0
2007,Berlin,w,10-14,0
2007,Berlin,w,15-17,0
2007,Berlin,w,18-19,1
2007,Berlin,w,20-24,1
2007,Berlin,w,25-29,0
2007,Berlin,w,30-34,1
2007,Berlin,w,35-39,2
2007,Berlin,w,40-44,7
2007,Berlin,w,45-49,3
2007,Berlin,w,50-54,4
2007,Berlin,w,55-59,1
2007,Berlin,w,60-64,0
2007,Berlin,w,65-69,0
2007,Berlin,w,70-74,0
2007,Berlin,w,75-79,0
2007,Berlin,w,80-84,0
2007,Berlin,w,85-89,0
2007,Bremen,m,insgesamt,2
2007,Bremen,m,unter 1,0
2007,Bremen,m,1-4,0
2007,Bremen,m,5-9,0
2007,Bremen,m,10-14,0
2007,Bremen,m,15-17,0
2007,Bremen,m,18-19,1
2007,Bremen,m,20-24,0
2007,Bremen,m,25-29,1
2007,Bremen,m,30-34,0
2007,Bremen,m,35-39,0
2007,Bremen,m,40-44,0
2007,Bremen,m,45-49,0
2007,Bremen,m,50-54,0
2007,Bremen,m,55-59,0
2007,Bremen,m,60-64,0
2007,Bremen,m,65-69,0
2007,Bremen,m,70-74,0
2007,Bremen,m,75-79,0
2007,Bremen,m,80-84,0
2007,Bremen,m,85-89,0
2007,Bremen,w,insgesamt,0
2007,Bremen,w,unter 1,0
2007,Bremen,w,1-4,0
2007,Bremen,w,5-9,0
2007,Bremen,w,10-14,0
2007,Bremen,w,15-17,0
2007,Bremen,w,18-19,0
2007,Bremen,w,20-24,0
2007,Bremen,w,25-29,0
2007,Bremen,w,30-34,0
2007,Bremen,w,35-39,0
2007,Bremen,w,40-44,0
2007,Bremen,w,45-49,0
2007,Bremen,w,50-54,0
2007,Bremen,w,55-59,0
2007,Bremen,w,60-64,0
2007,Bremen,w,65-69,0
2007,Bremen,w,70-74,0
2007,Bremen,w,75-79,0
2007,Bremen,w,80-84,0
2007,Bremen,w,85-89,0
2007,Hamburg,m,insgesamt,6
2007,Hamburg,m,unter 1,0
2007,Hamburg,m,1-4,0
2007,Hamburg,m,5-9,0
2007,Hamburg,m,10-14,0
2007,Hamburg,m,15-17,0
2007,Hamburg,m,18-19,0
2007,Hamburg,m,20-24,3
2007,Hamburg,m,25-29,1
2007,Hamburg,m,30-34,1
2007,Hamburg,m,35-39,1
2007,Hamburg,m,40-44,0
2007,Hamburg,m,45-49,0
2007,Hamburg,m,50-54,0
2007,Hamburg,m,55-59,0
2007,Hamburg,m,60-64,0
2007,Hamburg,m,65-69,0
2007,Hamburg,m,70-74,0
2007,Hamburg,m,75-79,0
2007,Hamburg,m,80-84,0
2007,Hamburg,m,85-89,0
2007,Hamburg,w,insgesamt,4
2007,Hamburg,w,unter 1,0
2007,Hamburg,w,1-4,0
2007,Hamburg,w,5-9,0
2007,Hamburg,w,10-14,0
2007,Hamburg,w,15-17,0
2007,Hamburg,w,18-19,1
2007,Hamburg,w,20-24,1
2007,Hamburg,w,25-29,0
2007,Hamburg,w,30-34,0
2007,Hamburg,w,35-39,2
2007,Hamburg,w,40-44,0
2007,Hamburg,w,45-49,0
2007,Hamburg,w,50-54,0
2007,Hamburg,w,55-59,0
2007,Hamburg,w,60-64,0
2007,Hamburg,w,65-69,0
2007,Hamburg,w,70-74,0
2007,Hamburg,w,75-79,0
2007,Hamburg,w,80-84,0
2007,Hamburg,w,85-89,0
2007,Hessen,m,insgesamt,56
2007,Hessen,m,unter 1,0
2007,Hessen,m,1-4,0
2007,Hessen,m,5-9,0
2007,Hessen,m,10-14,0
2007,Hessen,m,15-17,2
2007,Hessen,m,18-19,1
2007,Hessen,m,20-24,7
2007,Hessen,m,25-29,14
2007,Hessen,m,30-34,11
2007,Hessen,m,35-39,4
2007,Hessen,m,40-44,11
2007,Hessen,m,45-49,6
2007,Hessen,m,50-54,0
2007,Hessen,m,55-59,0
2007,Hessen,m,60-64,0
2007,Hessen,m,65-69,0
2007,Hessen,m,70-74,0
2007,Hessen,m,75-79,0
2007,Hessen,m,80-84,0
2007,Hessen,m,85-89,0
2007,Hessen,w,insgesamt,28
2007,Hessen,w,unter 1,0
2007,Hessen,w,1-4,0
2007,Hessen,w,5-9,0
2007,Hessen,w,10-14,0
2007,Hessen,w,15-17,1
2007,Hessen,w,18-19,4
2007,Hessen,w,20-24,4
2007,Hessen,w,25-29,5
2007,Hessen,w,30-34,1
2007,Hessen,w,35-39,5
2007,Hessen,w,40-44,2
2007,Hessen,w,45-49,1
2007,Hessen,w,50-54,4
2007,Hessen,w,55-59,0
2007,Hessen,w,60-64,0
2007,Hessen,w,65-69,1
2007,Hessen,w,70-74,0
2007,Hessen,w,75-79,0
2007,Hessen,w,80-84,0
2007,Hessen,w,85-89,0
2007,Mecklenburg-Vorpommern,m,insgesamt,0
2007,Mecklenburg-Vorpommern,m,unter 1,0
2007,Mecklenburg-Vorpommern,m,1-4,0
2007,Mecklenburg-Vorpommern,m,5-9,0
2007,Mecklenburg-Vorpommern,m,10-14,0
2007,Mecklenburg-Vorpommern,m,15-17,0
2007,Mecklenburg-Vorpommern,m,18-19,0
2007,Mecklenburg-Vorpommern,m,20-24,0
2007,Mecklenburg-Vorpommern,m,25-29,0
2007,Mecklenburg-Vorpommern,m,30-34,0
2007,Mecklenburg-Vorpommern,m,35-39,0
2007,Mecklenburg-Vorpommern,m,40-44,0
2007,Mecklenburg-Vorpommern,m,45-49,0
2007,Mecklenburg-Vorpommern,m,50-54,0
2007,Mecklenburg-Vorpommern,m,55-59,0
2007,Mecklenburg-Vorpommern,m,60-64,0
2007,Mecklenburg-Vorpommern,m,65-69,0
2007,Mecklenburg-Vorpommern,m,70-74,0
2007,Mecklenburg-Vorpommern,m,75-79,0
2007,Mecklenburg-Vorpommern,m,80-84,0
2007,Mecklenburg-Vorpommern,m,85-89,0
2007,Mecklenburg-Vorpommern,w,insgesamt,2
2007,Mecklenburg-Vorpommern,w,unter 1,0
2007,Mecklenburg-Vorpommern,w,1-4,0
2007,Mecklenburg-Vorpommern,w,5-9,0
2007,Mecklenburg-Vorpommern,w,10-14,0
2007,Mecklenburg-Vorpommern,w,15-17,0
2007,Mecklenburg-Vorpommern,w,18-19,0
2007,Mecklenburg-Vorpommern,w,20-24,0
2007,Mecklenburg-Vorpommern,w,25-29,0
2007,Mecklenburg-Vorpommern,w,30-34,0
2007,Mecklenburg-Vorpommern,w,35-39,0
2007,Mecklenburg-Vorpommern,w,40-44,1
2007,Mecklenburg-Vorpommern,w,45-49,0
2007,Mecklenburg-Vorpommern,w,50-54,0
2007,Mecklenburg-Vorpommern,w,55-59,1
2007,Mecklenburg-Vorpommern,w,60-64,0
2007,Mecklenburg-Vorpommern,w,65-69,0
2007,Mecklenburg-Vorpommern,w,70-74,0
2007,Mecklenburg-Vorpommern,w,75-79,0
2007,Mecklenburg-Vorpommern,w,80-84,0
2007,Mecklenburg-Vorpommern,w,85-89,0
2007,Niedersachsen,m,insgesamt,4
2007,Niedersachsen,m,unter 1,0
2007,Niedersachsen,m,1-4,0
2007,Niedersachsen,m,5-9,0
2007,Niedersachsen,m,10-14,0
2007,Niedersachsen,m,15-17,0
2007,Niedersachsen,m,18-19,0
2007,Niedersachsen,m,20-24,1
2007,Niedersachsen,m,25-29,0
2007,Niedersachsen,m,30-34,1
2007,Niedersachsen,m,35-39,0
2007,Niedersachsen,m,40-44,2
2007,Niedersachsen,m,45-49,0
2007,Niedersachsen,m,50-54,0
2007,Niedersachsen,m,55-59,0
2007,Niedersachsen,m,60-64,0
2007,Niedersachsen,m,65-69,0
2007,Niedersachsen,m,70-74,0
2007,Niedersachsen,m,75-79,0
2007,Niedersachsen,m,80-84,0
2007,Niedersachsen,m,85-89,0
2007,Niedersachsen,w,insgesamt,40
2007,Niedersachsen,w,unter 1,0
2007,Niedersachsen,w,1-4,0
2007,Niedersachsen,w,5-9,0
2007,Niedersachsen,w,10-14,0
2007,Niedersachsen,w,15-17,0
2007,Niedersachsen,w,18-19,0
2007,Niedersachsen,w,20-24,1
2007,Niedersachsen,w,25-29,4
2007,Niedersachsen,w,30-34,4
2007,Niedersachsen,w,35-39,8
2007,Niedersachsen,w,40-44,14
2007,Niedersachsen,w,45-49,2
2007,Niedersachsen,w,50-54,2
2007,Niedersachsen,w,55-59,4
2007,Niedersachsen,w,60-64,1
2007,Niedersachsen,w,65-69,0
2007,Niedersachsen,w,70-74,0
2007,Niedersachsen,w,75-79,0
2007,Niedersachsen,w,80-84,0
2007,Niedersachsen,w,85-89,0
2007,Nordrhein-Westfalen,m,insgesamt,85
2007,Nordrhein-Westfalen,m,unter 1,0
2007,Nordrhein-Westfalen,m,1-4,0
2007,Nordrhein-Westfalen,m,5-9,0
2007,Nordrhein-Westfalen,m,10-14,0
2007,Nordrhein-Westfalen,m,15-17,0
2007,Nordrhein-Westfalen,m,18-19,3
2007,Nordrhein-Westfalen,m,20-24,17
2007,Nordrhein-Westfalen,m,25-29,23
2007,Nordrhein-Westfalen,m,30-34,13
2007,Nordrhein-Westfalen,m,35-39,7
2007,Nordrhein-Westfalen,m,40-44,14
2007,Nordrhein-Westfalen,m,45-49,4
2007,Nordrhein-Westfalen,m,50-54,4
2007,Nordrhein-Westfalen,m,55-59,0
2007,Nordrhein-Westfalen,m,60-64,0
2007,Nordrhein-Westfalen,m,65-69,0
2007,Nordrhein-Westfalen,m,70-74,0
2007,Nordrhein-Westfalen,m,75-79,0
2007,Nordrhein-Westfalen,m,80-84,0
2007,Nordrhein-Westfalen,m,85-89,0
2007,Nordrhein-Westfalen,w,insgesamt,118
2007,Nordrhein-Westfalen,w,unter 1,0
2007,Nordrhein-Westfalen,w,1-4,0
2007,Nordrhein-Westfalen,w,5-9,0
2007,Nordrhein-Westfalen,w,10-14,0
2007,Nordrhein-Westfalen,w,15-17,2
2007,Nordrhein-Westfalen,w,18-19,5
2007,Nordrhein-Westfalen,w,20-24,6
2007,Nordrhein-Westfalen,w,25-29,13
2007,Nordrhein-Westfalen,w,30-34,12
2007,Nordrhein-Westfalen,w,35-39,23
2007,Nordrhein-Westfalen,w,40-44,26
2007,Nordrhein-Westfalen,w,45-49,11
2007,Nordrhein-Westfalen,w,50-54,10
2007,Nordrhein-Westfalen,w,55-59,5
2007,Nordrhein-Westfalen,w,60-64,3
2007,Nordrhein-Westfalen,w,65-69,2
2007,Nordrhein-Westfalen,w,70-74,0
2007,Nordrhein-Westfalen,w,75-79,0
2007,Nordrhein-Westfalen,w,80-84,0
2007,Nordrhein-Westfalen,w,85-89,0
2007,Rheinland-Pfalz,m,insgesamt,5
2007,Rheinland-Pfalz,m,unter 1,0
2007,Rheinland-Pfalz,m,1-4,0
2007,Rheinland-Pfalz,m,5-9,0
2007,Rheinland-Pfalz,m,10-14,0
2007,Rheinland-Pfalz,m,15-17,0
2007,Rheinland-Pfalz,m,18-19,0
2007,Rheinland-Pfalz,m,20-24,0
2007,Rheinland-Pfalz,m,25-29,2
2007,Rheinland-Pfalz,m,30-34,1
2007,Rheinland-Pfalz,m,35-39,2
2007,Rheinland-Pfalz,m,40-44,0
2007,Rheinland-Pfalz,m,45-49,0
2007,Rheinland-Pfalz,m,50-54,0
2007,Rheinland-Pfalz,m,55-59,0
2007,Rheinland-Pfalz,m,60-64,0
2007,Rheinland-Pfalz,m,65-69,0
2007,Rheinland-Pfalz,m,70-74,0
2007,Rheinland-Pfalz,m,75-79,0
2007,Rheinland-Pfalz,m,80-84,0
2007,Rheinland-Pfalz,m,85-89,0
2007,Rheinland-Pfalz,w,insgesamt,2
2007,Rheinland-Pfalz,w,unter 1,0
2007,Rheinland-Pfalz,w,1-4,0
2007,Rheinland-Pfalz,w,5-9,0
2007,Rheinland-Pfalz,w,10-14,0
2007,Rheinland-Pfalz,w,15-17,0
2007,Rheinland-Pfalz,w,18-19,0
2007,Rheinland-Pfalz,w,20-24,0
2007,Rheinland-Pfalz,w,25-29,1
2007,Rheinland-Pfalz,w,30-34,0
2007,Rheinland-Pfalz,w,35-39,0
2007,Rheinland-Pfalz,w,40-44,0
2007,Rheinland-Pfalz,w,45-49,0
2007,Rheinland-Pfalz,w,50-54,1
2007,Rheinland-Pfalz,w,55-59,0
2007,Rheinland-Pfalz,w,60-64,0
2007,Rheinland-Pfalz,w,65-69,0
2007,Rheinland-Pfalz,w,70-74,0
2007,Rheinland-Pfalz,w,75-79,0
2007,Rheinland-Pfalz,w,80-84,0
2007,Rheinland-Pfalz,w,85-89,0
2007,Sachsen,m,insgesamt,0
2007,Sachsen,m,unter 1,0
2007,Sachsen,m,1-4,0
2007,Sachsen,m,5-9,0
2007,Sachsen,m,10-14,0
2007,Sachsen,m,15-17,0
2007,Sachsen,m,18-19,0
2007,Sachsen,m,20-24,0
2007,Sachsen,m,25-29,0
2007,Sachsen,m,30-34,0
2007,Sachsen,m,35-39,0
2007,Sachsen,m,40-44,0
2007,Sachsen,m,45-49,0
2007,Sachsen,m,50-54,0
2007,Sachsen,m,55-59,0
2007,Sachsen,m,60-64,0
2007,Sachsen,m,65-69,0
2007,Sachsen,m,70-74,0
2007,Sachsen,m,75-79,0
2007,Sachsen,m,80-84,0
2007,Sachsen,m,85-89,0
2007,Sachsen,w,insgesamt,3
2007,Sachsen,w,unter 1,0
2007,Sachsen,w,1-4,0
2007,Sachsen,w,5-9,0
2007,Sachsen,w,10-14,0
2007,Sachsen,w,15-17,0
2007,Sachsen,w,18-19,0
2007,Sachsen,w,20-24,0
2007,Sachsen,w,25-29,0
2007,Sachsen,w,30-34,1
2007,Sachsen,w,35-39,0
2007,Sachsen,w,40-44,0
2007,Sachsen,w,45-49,2
2007,Sachsen,w,50-54,0
2007,Sachsen,w,55-59,0
2007,Sachsen,w,60-64,0
2007,Sachsen,w,65-69,0
2007,Sachsen,w,70-74,0
2007,Sachsen,w,75-79,0
2007,Sachsen,w,80-84,0
2007,Sachsen,w,85-89,0
2007,Sachsen-Anhalt,m,insgesamt,2
2007,Sachsen-Anhalt,m,unter 1,0
2007,Sachsen-Anhalt,m,1-4,0
2007,Sachsen-Anhalt,m,5-9,0
2007,Sachsen-Anhalt,m,10-14,0
2007,Sachsen-Anhalt,m,15-17,0
2007,Sachsen-Anhalt,m,18-19,0
2007,Sachsen-Anhalt,m,20-24,1
2007,Sachsen-Anhalt,m,25-29,0
2007,Sachsen-Anhalt,m,30-34,1
2007,Sachsen-Anhalt,m,35-39,0
2007,Sachsen-Anhalt,m,40-44,0
2007,Sachsen-Anhalt,m,45-49,0
2007,Sachsen-Anhalt,m,50-54,0
2007,Sachsen-Anhalt,m,55-59,0
2007,Sachsen-Anhalt,m,60-64,0
2007,Sachsen-Anhalt,m,65-69,0
2007,Sachsen-Anhalt,m,70-74,0
2007,Sachsen-Anhalt,m,75-79,0
2007,Sachsen-Anhalt,m,80-84,0
2007,Sachsen-Anhalt,m,85-89,0
2007,Sachsen-Anhalt,w,insgesamt,5
2007,Sachsen-Anhalt,w,unter 1,0
2007,Sachsen-Anhalt,w,1-4,0
2007,Sachsen-Anhalt,w,5-9,0
2007,Sachsen-Anhalt,w,10-14,0
2007,Sachsen-Anhalt,w,15-17,0
2007,Sachsen-Anhalt,w,18-19,0
2007,Sachsen-Anhalt,w,20-24,0
2007,Sachsen-Anhalt,w,25-29,0
2007,Sachsen-Anhalt,w,30-34,0
2007,Sachsen-Anhalt,w,35-39,2
2007,Sachsen-Anhalt,w,40-44,0
2007,Sachsen-Anhalt,w,45-49,3
2007,Sachsen-Anhalt,w,50-54,0
2007,Sachsen-Anhalt,w,55-59,0
2007,Sachsen-Anhalt,w,60-64,0
2007,Sachsen-Anhalt,w,65-69,0
2007,Sachsen-Anhalt,w,70-74,0
2007,Sachsen-Anhalt,w,75-79,0
2007,Sachsen-Anhalt,w,80-84,0
2007,Sachsen-Anhalt,w,85-89,0
2007,Schleswig-Holstein,m,insgesamt,2
2007,Schleswig-Holstein,m,unter 1,0
2007,Schleswig-Holstein,m,1-4,0
2007,Schleswig-Holstein,m,5-9,0
2007,Schleswig-Holstein,m,10-14,0
2007,Schleswig-Holstein,m,15-17,0
2007,Schleswig-Holstein,m,18-19,0
2007,Schleswig-Holstein,m,20-24,0
2007,Schleswig-Holstein,m,25-29,0
2007,Schleswig-Holstein,m,30-34,0
2007,Schleswig-Holstein,m,35-39,2
2007,Schleswig-Holstein,m,40-44,0
2007,Schleswig-Holstein,m,45-49,0
2007,Schleswig-Holstein,m,50-54,0
2007,Schleswig-Holstein,m,55-59,0
2007,Schleswig-Holstein,m,60-64,0
2007,Schleswig-Holstein,m,65-69,0
2007,Schleswig-Holstein,m,70-74,0
2007,Schleswig-Holstein,m,75-79,0
2007,Schleswig-Holstein,m,80-84,0
2007,Schleswig-Holstein,m,85-89,0
2007,Schleswig-Holstein,w,insgesamt,3
2007,Schleswig-Holstein,w,unter 1,0
2007,Schleswig-Holstein,w,1-4,0
2007,Schleswig-Holstein,w,5-9,0
2007,Schleswig-Holstein,w,10-14,0
2007,Schleswig-Holstein,w,15-17,0
2007,Schleswig-Holstein,w,18-19,0
2007,Schleswig-Holstein,w,20-24,0
2007,Schleswig-Holstein,w,25-29,0
2007,Schleswig-Holstein,w,30-34,1
2007,Schleswig-Holstein,w,35-39,1
2007,Schleswig-Holstein,w,40-44,0
2007,Schleswig-Holstein,w,45-49,0
2007,Schleswig-Holstein,w,50-54,0
2007,Schleswig-Holstein,w,55-59,0
2007,Schleswig-Holstein,w,60-64,1
2007,Schleswig-Holstein,w,65-69,0
2007,Schleswig-Holstein,w,70-74,0
2007,Schleswig-Holstein,w,75-79,0
2007,Schleswig-Holstein,w,80-84,0
2007,Schleswig-Holstein,w,85-89,0
2007,Thüringen,m,insgesamt,3
2007,Thüringen,m,unter 1,0
2007,Thüringen,m,1-4,0
2007,Thüringen,m,5-9,1
2007,Thüringen,m,10-14,1
2007,Thüringen,m,15-17,0
2007,Thüringen,m,18-19,0
2007,Thüringen,m,20-24,0
2007,Thüringen,m,25-29,0
2007,Thüringen,m,30-34,0
2007,Thüringen,m,35-39,1
2007,Thüringen,m,40-44,0
2007,Thüringen,m,45-49,0
2007,Thüringen,m,50-54,0
2007,Thüringen,m,55-59,0
2007,Thüringen,m,60-64,0
2007,Thüringen,m,65-69,0
2007,Thüringen,m,70-74,0
2007,Thüringen,m,75-79,0
2007,Thüringen,m,80-84,0
2007,Thüringen,m,85-89,0
2007,Thüringen,w,insgesamt,0
2007,Thüringen,w,unter 1,0
2007,Thüringen,w,1-4,0
2007,Thüringen,w,5-9,0
2007,Thüringen,w,10-14,0
2007,Thüringen,w,15-17,0
2007,Thüringen,w,18-19,0
2007,Thüringen,w,20-24,0
2007,Thüringen,w,25-29,0
2007,Thüringen,w,30-34,0
2007,Thüringen,w,35-39,0
2007,Thüringen,w,40-44,0
2007,Thüringen,w,45-49,0
2007,Thüringen,w,50-54,0
2007,Thüringen,w,55-59,0
2007,Thüringen,w,60-64,0
2007,Thüringen,w,65-69,0
2007,Thüringen,w,70-74,0
2007,Thüringen,w,75-79,0
2007,Thüringen,w,80-84,0
2007,Thüringen,w,85-89,0
2008,Deutschland,m,insgesamt,440
2008,Deutschland,m,unter 1,0
2008,Deutschland,m,1-4,1
2008,Deutschland,m,5-9,0
2008,Deutschland,m,10-14,2
2008,Deutschland,m,15-17,2
2008,Deutschland,m,18-19,15
2008,Deutschland,m,20-24,75
2008,Deutschland,m,25-29,85
2008,Deutschland,m,30-34,81
2008,Deutschland,m,35-39,53
2008,Deutschland,m,40-44,76
2008,Deutschland,m,45-49,37
2008,Deutschland,m,50-54,8
2008,Deutschland,m,55-59,2
2008,Deutschland,m,60-64,2
2008,Deutschland,m,65-69,0
2008,Deutschland,m,70-74,1
2008,Deutschland,m,75-79,0
2008,Deutschland,m,80-84,0
2008,Deutschland,m,85-89,0
2008,Deutschland,w,insgesamt,385
2008,Deutschland,w,unter 1,0
2008,Deutschland,w,1-4,1
2008,Deutschland,w,5-9,1
2008,Deutschland,w,10-14,4
2008,Deutschland,w,15-17,6
2008,Deutschland,w,18-19,9
2008,Deutschland,w,20-24,33
2008,Deutschland,w,25-29,45
2008,Deutschland,w,30-34,48
2008,Deutschland,w,35-39,59
2008,Deutschland,w,40-44,53
2008,Deutschland,w,45-49,61
2008,Deutschland,w,50-54,35
2008,Deutschland,w,55-59,21
2008,Deutschland,w,60-64,7
2008,Deutschland,w,65-69,1
2008,Deutschland,w,70-74,0
2008,Deutschland,w,75-79,0
2008,Deutschland,w,80-84,1
2008,Deutschland,w,85-89,0
2008,Baden-Württemberg,m,insgesamt,14
2008,Baden-Württemberg,m,unter 1,0
2008,Baden-Württemberg,m,1-4,0
2008,Baden-Württemberg,m,5-9,0
2008,Baden-Württemberg,m,10-14,2
2008,Baden-Württemberg,m,15-17,0
2008,Baden-Württemberg,m,18-19,0
2008,Baden-Württemberg,m,20-24,1
2008,Baden-Württemberg,m,25-29,2
2008,Baden-Württemberg,m,30-34,5
2008,Baden-Württemberg,m,35-39,1
2008,Baden-Württemberg,m,40-44,3
2008,Baden-Württemberg,m,45-49,0
2008,Baden-Württemberg,m,50-54,0
2008,Baden-Württemberg,m,55-59,0
2008,Baden-Württemberg,m,60-64,0
2008,Baden-Württemberg,m,65-69,0
2008,Baden-Württemberg,m,70-74,0
2008,Baden-Württemberg,m,75-79,0
2008,Baden-Württemberg,m,80-84,0
2008,Baden-Württemberg,m,85-89,0
2008,Baden-Württemberg,w,insgesamt,9
2008,Baden-Württemberg,w,unter 1,0
2008,Baden-Württemberg,w,1-4,0
2008,Baden-Württemberg,w,5-9,0
2008,Baden-Württemberg,w,10-14,0
2008,Baden-Württemberg,w,15-17,0
2008,Baden-Württemberg,w,18-19,0
2008,Baden-Württemberg,w,20-24,1
2008,Baden-Württemberg,w,25-29,0
2008,Baden-Württemberg,w,30-34,2
2008,Baden-Württemberg,w,35-39,1
2008,Baden-Württemberg,w,40-44,2
2008,Baden-Württemberg,w,45-49,2
2008,Baden-Württemberg,w,50-54,1
2008,Baden-Württemberg,w,55-59,0
2008,Baden-Württemberg,w,60-64,0
2008,Baden-Württemberg,w,65-69,0
2008,Baden-Württemberg,w,70-74,0
2008,Baden-Württemberg,w,75-79,0
2008,Baden-Württemberg,w,80-84,0
2008,Baden-Württemberg,w,85-89,0
2008,Bayern,m,insgesamt,207
2008,Bayern,m,unter 1,0
2008,Bayern,m,1-4,0
2008,Bayern,m,5-9,0
2008,Bayern,m,10-14,0
2008,Bayern,m,15-17,1
2008,Bayern,m,18-19,5
2008,Bayern,m,20-24,33
2008,Bayern,m,25-29,39
2008,Bayern,m,30-34,47
2008,Bayern,m,35-39,33
2008,Bayern,m,40-44,33
2008,Bayern,m,45-49,14
2008,Bayern,m,50-54,1
2008,Bayern,m,55-59,0
2008,Bayern,m,60-64,1
2008,Bayern,m,65-69,0
2008,Bayern,m,70-74,0
2008,Bayern,m,75-79,0
2008,Bayern,m,80-84,0
2008,Bayern,m,85-89,0
2008,Bayern,w,insgesamt,144
2008,Bayern,w,unter 1,0
2008,Bayern,w,1-4,0
2008,Bayern,w,5-9,0
2008,Bayern,w,10-14,0
2008,Bayern,w,15-17,0
2008,Bayern,w,18-19,3
2008,Bayern,w,20-24,17
2008,Bayern,w,25-29,14
2008,Bayern,w,30-34,18
2008,Bayern,w,35-39,25
2008,Bayern,w,40-44,22
2008,Bayern,w,45-49,25
2008,Bayern,w,50-54,13
2008,Bayern,w,55-59,5
2008,Bayern,w,60-64,1
2008,Bayern,w,65-69,1
2008,Bayern,w,70-74,0
2008,Bayern,w,75-79,0
2008,Bayern,w,80-84,0
2008,Bayern,w,85-89,0
2008,Berlin,m,insgesamt,36
2008,Berlin,m,unter 1,0
2008,Berlin,m,1-4,0
2008,Berlin,m,5-9,0
2008,Berlin,m,10-14,0
2008,Berlin,m,15-17,0
2008,Berlin,m,18-19,0
2008,Berlin,m,20-24,6
2008,Berlin,m,25-29,9
2008,Berlin,m,30-34,2
2008,Berlin,m,35-39,3
2008,Berlin,m,40-44,12
2008,Berlin,m,45-49,4
2008,Berlin,m,50-54,0
2008,Berlin,m,55-59,0
2008,Berlin,m,60-64,0
2008,Berlin,m,65-69,0
2008,Berlin,m,70-74,0
2008,Berlin,m,75-79,0
2008,Berlin,m,80-84,0
2008,Berlin,m,85-89,0
2008,Berlin,w,insgesamt,23
2008,Berlin,w,unter 1,0
2008,Berlin,w,1-4,0
2008,Berlin,w,5-9,1
2008,Berlin,w,10-14,0
2008,Berlin,w,15-17,0
2008,Berlin,w,18-19,0
2008,Berlin,w,20-24,2
2008,Berlin,w,25-29,1
2008,Berlin,w,30-34,5
2008,Berlin,w,35-39,4
2008,Berlin,w,40-44,4
2008,Berlin,w,45-49,1
2008,Berlin,w,50-54,2
2008,Berlin,w,55-59,2
2008,Berlin,w,60-64,1
2008,Berlin,w,65-69,0
2008,Berlin,w,70-74,0
2008,Berlin,w,75-79,0
2008,Berlin,w,80-84,0
2008,Berlin,w,85-89,0
2008,Bremen,m,insgesamt,1
2008,Bremen,m,unter 1,0
2008,Bremen,m,1-4,0
2008,Bremen,m,5-9,0
2008,Bremen,m,10-14,0
2008,Bremen,m,15-17,0
2008,Bremen,m,18-19,0
2008,Bremen,m,20-24,0
2008,Bremen,m,25-29,0
2008,Bremen,m,30-34,0
2008,Bremen,m,35-39,1
2008,Bremen,m,40-44,0
2008,Bremen,m,45-49,0
2008,Bremen,m,50-54,0
2008,Bremen,m,55-59,0
2008,Bremen,m,60-64,0
2008,Bremen,m,65-69,0
2008,Bremen,m,70-74,0
2008,Bremen,m,75-79,0
2008,Bremen,m,80-84,0
2008,Bremen,m,85-89,0
2008,Bremen,w,insgesamt,0
2008,Bremen,w,unter 1,0
2008,Bremen,w,1-4,0
2008,Bremen,w,5-9,0
2008,Bremen,w,10-14,0
2008,Bremen,w,15-17,0
2008,Bremen,w,18-19,0
2008,Bremen,w,20-24,0
2008,Bremen,w,25-29,0
2008,Bremen,w,30-34,0
2008,Bremen,w,35-39,0
2008,Bremen,w,40-44,0
2008,Bremen,w,45-49,0
2008,Bremen,w,50-54,0
2008,Bremen,w,55-59,0
2008,Bremen,w,60-64,0
2008,Bremen,w,65-69,0
2008,Bremen,w,70-74,0
2008,Bremen,w,75-79,0
2008,Bremen,w,80-84,0
2008,Bremen,w,85-89,0
2008,Hamburg,m,insgesamt,21
2008,Hamburg,m,unter 1,0
2008,Hamburg,m,1-4,0
2008,Hamburg,m,5-9,0
2008,Hamburg,m,10-14,0
2008,Hamburg,m,15-17,0
2008,Hamburg,m,18-19,1
2008,Hamburg,m,20-24,5
2008,Hamburg,m,25-29,5
2008,Hamburg,m,30-34,2
2008,Hamburg,m,35-39,3
2008,Hamburg,m,40-44,2
2008,Hamburg,m,45-49,2
2008,Hamburg,m,50-54,0
2008,Hamburg,m,55-59,1
2008,Hamburg,m,60-64,0
2008,Hamburg,m,65-69,0
2008,Hamburg,m,70-74,0
2008,Hamburg,m,75-79,0
2008,Hamburg,m,80-84,0
2008,Hamburg,m,85-89,0
2008,Hamburg,w,insgesamt,9
2008,Hamburg,w,unter 1,0
2008,Hamburg,w,1-4,0
2008,Hamburg,w,5-9,0
2008,Hamburg,w,10-14,0
2008,Hamburg,w,15-17,0
2008,Hamburg,w,18-19,0
2008,Hamburg,w,20-24,2
2008,Hamburg,w,25-29,2
2008,Hamburg,w,30-34,0
2008,Hamburg,w,35-39,0
2008,Hamburg,w,40-44,3
2008,Hamburg,w,45-49,0
2008,Hamburg,w,50-54,1
2008,Hamburg,w,55-59,1
2008,Hamburg,w,60-64,0
2008,Hamburg,w,65-69,0
2008,Hamburg,w,70-74,0
2008,Hamburg,w,75-79,0
2008,Hamburg,w,80-84,0
2008,Hamburg,w,85-89,0
2008,Hessen,m,insgesamt,52
2008,Hessen,m,unter 1,0
2008,Hessen,m,1-4,0
2008,Hessen,m,5-9,0
2008,Hessen,m,10-14,0
2008,Hessen,m,15-17,0
2008,Hessen,m,18-19,2
2008,Hessen,m,20-24,4
2008,Hessen,m,25-29,7
2008,Hessen,m,30-34,10
2008,Hessen,m,35-39,2
2008,Hessen,m,40-44,14
2008,Hessen,m,45-49,9
2008,Hessen,m,50-54,4
2008,Hessen,m,55-59,0
2008,Hessen,m,60-64,0
2008,Hessen,m,65-69,0
2008,Hessen,m,70-74,0
2008,Hessen,m,75-79,0
2008,Hessen,m,80-84,0
2008,Hessen,m,85-89,0
2008,Hessen,w,insgesamt,27
2008,Hessen,w,unter 1,0
2008,Hessen,w,1-4,0
2008,Hessen,w,5-9,0
2008,Hessen,w,10-14,0
2008,Hessen,w,15-17,0
2008,Hessen,w,18-19,1
2008,Hessen,w,20-24,2
2008,Hessen,w,25-29,6
2008,Hessen,w,30-34,3
2008,Hessen,w,35-39,3
2008,Hessen,w,40-44,0
2008,Hessen,w,45-49,5
2008,Hessen,w,50-54,5
2008,Hessen,w,55-59,1
2008,Hessen,w,60-64,1
2008,Hessen,w,65-69,0
2008,Hessen,w,70-74,0
2008,Hessen,w,75-79,0
2008,Hessen,w,80-84,0
2008,Hessen,w,85-89,0
2008,Mecklenburg-Vorpommern,m,insgesamt,1
2008,Mecklenburg-Vorpommern,m,unter 1,0
2008,Mecklenburg-Vorpommern,m,1-4,0
2008,Mecklenburg-Vorpommern,m,5-9,0
2008,Mecklenburg-Vorpommern,m,10-14,0
2008,Mecklenburg-Vorpommern,m,15-17,0
2008,Mecklenburg-Vorpommern,m,18-19,0
2008,Mecklenburg-Vorpommern,m,20-24,0
2008,Mecklenburg-Vorpommern,m,25-29,0
2008,Mecklenburg-Vorpommern,m,30-34,1
2008,Mecklenburg-Vorpommern,m,35-39,0
2008,Mecklenburg-Vorpommern,m,40-44,0
2008,Mecklenburg-Vorpommern,m,45-49,0
2008,Mecklenburg-Vorpommern,m,50-54,0
2008,Mecklenburg-Vorpommern,m,55-59,0
2008,Mecklenburg-Vorpommern,m,60-64,0
2008,Mecklenburg-Vorpommern,m,65-69,0
2008,Mecklenburg-Vorpommern,m,70-74,0
2008,Mecklenburg-Vorpommern,m,75-79,0
2008,Mecklenburg-Vorpommern,m,80-84,0
2008,Mecklenburg-Vorpommern,m,85-89,0
2008,Mecklenburg-Vorpommern,w,insgesamt,1
2008,Mecklenburg-Vorpommern,w,unter 1,0
2008,Mecklenburg-Vorpommern,w,1-4,0
2008,Mecklenburg-Vorpommern,w,5-9,0
2008,Mecklenburg-Vorpommern,w,10-14,0
2008,Mecklenburg-Vorpommern,w,15-17,0
2008,Mecklenburg-Vorpommern,w,18-19,0
2008,Mecklenburg-Vorpommern,w,20-24,0
2008,Mecklenburg-Vorpommern,w,25-29,0
2008,Mecklenburg-Vorpommern,w,30-34,0
2008,Mecklenburg-Vorpommern,w,35-39,0
2008,Mecklenburg-Vorpommern,w,40-44,0
2008,Mecklenburg-Vorpommern,w,45-49,1
2008,Mecklenburg-Vorpommern,w,50-54,0
2008,Mecklenburg-Vorpommern,w,55-59,0
2008,Mecklenburg-Vorpommern,w,60-64,0
2008,Mecklenburg-Vorpommern,w,65-69,0
2008,Mecklenburg-Vorpommern,w,70-74,0
2008,Mecklenburg-Vorpommern,w,75-79,0
2008,Mecklenburg-Vorpommern,w,80-84,0
2008,Mecklenburg-Vorpommern,w,85-89,0
2008,Niedersachsen,m,insgesamt,14
2008,Niedersachsen,m,unter 1,0
2008,Niedersachsen,m,1-4,0
2008,Niedersachsen,m,5-9,0
2008,Niedersachsen,m,10-14,0
2008,Niedersachsen,m,15-17,0
2008,Niedersachsen,m,18-19,1
2008,Niedersachsen,m,20-24,5
2008,Niedersachsen,m,25-29,2
2008,Niedersachsen,m,30-34,0
2008,Niedersachsen,m,35-39,1
2008,Niedersachsen,m,40-44,4
2008,Niedersachsen,m,45-49,0
2008,Niedersachsen,m,50-54,0
2008,Niedersachsen,m,55-59,0
2008,Niedersachsen,m,60-64,0
2008,Niedersachsen,m,65-69,0
2008,Niedersachsen,m,70-74,1
2008,Niedersachsen,m,75-79,0
2008,Niedersachsen,m,80-84,0
2008,Niedersachsen,m,85-89,0
2008,Niedersachsen,w,insgesamt,38
2008,Niedersachsen,w,unter 1,0
2008,Niedersachsen,w,1-4,0
2008,Niedersachsen,w,5-9,0
2008,Niedersachsen,w,10-14,0
2008,Niedersachsen,w,15-17,1
2008,Niedersachsen,w,18-19,0
2008,Niedersachsen,w,20-24,1
2008,Niedersachsen,w,25-29,4
2008,Niedersachsen,w,30-34,5
2008,Niedersachsen,w,35-39,4
2008,Niedersachsen,w,40-44,8
2008,Niedersachsen,w,45-49,7
2008,Niedersachsen,w,50-54,2
2008,Niedersachsen,w,55-59,4
2008,Niedersachsen,w,60-64,2
2008,Niedersachsen,w,65-69,0
2008,Niedersachsen,w,70-74,0
2008,Niedersachsen,w,75-79,0
2008,Niedersachsen,w,80-84,0
2008,Niedersachsen,w,85-89,0
2008,Nordrhein-Westfalen,m,insgesamt,82
2008,Nordrhein-Westfalen,m,unter 1,0
2008,Nordrhein-Westfalen,m,1-4,1
2008,Nordrhein-Westfalen,m,5-9,0
2008,Nordrhein-Westfalen,m,10-14,0
2008,Nordrhein-Westfalen,m,15-17,0
2008,Nordrhein-Westfalen,m,18-19,6
2008,Nordrhein-Westfalen,m,20-24,21
2008,Nordrhein-Westfalen,m,25-29,17
2008,Nordrhein-Westfalen,m,30-34,13
2008,Nordrhein-Westfalen,m,35-39,7
2008,Nordrhein-Westfalen,m,40-44,6
2008,Nordrhein-Westfalen,m,45-49,8
2008,Nordrhein-Westfalen,m,50-54,2
2008,Nordrhein-Westfalen,m,55-59,1
2008,Nordrhein-Westfalen,m,60-64,0
2008,Nordrhein-Westfalen,m,65-69,0
2008,Nordrhein-Westfalen,m,70-74,0
2008,Nordrhein-Westfalen,m,75-79,0
2008,Nordrhein-Westfalen,m,80-84,0
2008,Nordrhein-Westfalen,m,85-89,0
2008,Nordrhein-Westfalen,w,insgesamt,122
2008,Nordrhein-Westfalen,w,unter 1,0
2008,Nordrhein-Westfalen,w,1-4,1
2008,Nordrhein-Westfalen,w,5-9,0
2008,Nordrhein-Westfalen,w,10-14,3
2008,Nordrhein-Westfalen,w,15-17,5
2008,Nordrhein-Westfalen,w,18-19,4
2008,Nordrhein-Westfalen,w,20-24,5
2008,Nordrhein-Westfalen,w,25-29,17
2008,Nordrhein-Westfalen,w,30-34,13
2008,Nordrhein-Westfalen,w,35-39,19
2008,Nordrhein-Westfalen,w,40-44,14
2008,Nordrhein-Westfalen,w,45-49,20
2008,Nordrhein-Westfalen,w,50-54,11
2008,Nordrhein-Westfalen,w,55-59,8
2008,Nordrhein-Westfalen,w,60-64,2
2008,Nordrhein-Westfalen,w,65-69,0
2008,Nordrhein-Westfalen,w,70-74,0
2008,Nordrhein-Westfalen,w,75-79,0
2008,Nordrhein-Westfalen,w,80-84,0
2008,Nordrhein-Westfalen,w,85-89,0
2008,Rheinland-Pfalz,m,insgesamt,3
2008,Rheinland-Pfalz,m,unter 1,0
2008,Rheinland-Pfalz,m,1-4,0
2008,Rheinland-Pfalz,m,5-9,0
2008,Rheinland-Pfalz,m,10-14,0
2008,Rheinland-Pfalz,m,15-17,0
2008,Rheinland-Pfalz,m,18-19,0
2008,Rheinland-Pfalz,m,20-24,0
2008,Rheinland-Pfalz,m,25-29,0
2008,Rheinland-Pfalz,m,30-34,1
2008,Rheinland-Pfalz,m,35-39,0
2008,Rheinland-Pfalz,m,40-44,0
2008,Rheinland-Pfalz,m,45-49,0
2008,Rheinland-Pfalz,m,50-54,1
2008,Rheinland-Pfalz,m,55-59,0
2008,Rheinland-Pfalz,m,60-64,1
2008,Rheinland-Pfalz,m,65-69,0
2008,Rheinland-Pfalz,m,70-74,0
2008,Rheinland-Pfalz,m,75-79,0
2008,Rheinland-Pfalz,m,80-84,0
2008,Rheinland-Pfalz,m,85-89,0
2008,Rheinland-Pfalz,w,insgesamt,1
2008,Rheinland-Pfalz,w,unter 1,0
2008,Rheinland-Pfalz,w,1-4,0
2008,Rheinland-Pfalz,w,5-9,0
2008,Rheinland-Pfalz,w,10-14,0
2008,Rheinland-Pfalz,w,15-17,0
2008,Rheinland-Pfalz,w,18-19,0
2008,Rheinland-Pfalz,w,20-24,1
2008,Rheinland-Pfalz,w,25-29,0
2008,Rheinland-Pfalz,w,30-34,0
2008,Rheinland-Pfalz,w,35-39,0
2008,Rheinland-Pfalz,w,40-44,0
2008,Rheinland-Pfalz,w,45-49,0
2008,Rheinland-Pfalz,w,50-54,0
2008,Rheinland-Pfalz,w,55-59,0
2008,Rheinland-Pfalz,w,60-64,0
2008,Rheinland-Pfalz,w,65-69,0
2008,Rheinland-Pfalz,w,70-74,0
2008,Rheinland-Pfalz,w,75-79,0
2008,Rheinland-Pfalz,w,80-84,0
2008,Rheinland-Pfalz,w,85-89,0
2008,Saarland,m,insgesamt,1
2008,Saarland,m,unter 1,0
2008,Saarland,m,1-4,0
2008,Saarland,m,5-9,0
2008,Saarland,m,10-14,0
2008,Saarland,m,15-17,0
2008,Saarland,m,18-19,0
2008,Saarland,m,20-24,0
2008,Saarland,m,25-29,1
2008,Saarland,m,30-34,0
2008,Saarland,m,35-39,0
2008,Saarland,m,40-44,0
2008,Saarland,m,45-49,0
2008,Saarland,m,50-54,0
2008,Saarland,m,55-59,0
2008,Saarland,m,60-64,0
2008,Saarland,m,65-69,0
2008,Saarland,m,70-74,0
2008,Saarland,m,75-79,0
2008,Saarland,m,80-84,0
2008,Saarland,m,85-89,0
2008,Saarland,w,insgesamt,0
2008,Saarland,w,unter 1,0
2008,Saarland,w,1-4,0
2008,Saarland,w,5-9,0
2008,Saarland,w,10-14,0
2008,Saarland,w,15-17,0
2008,Saarland,w,18-19,0
2008,Saarland,w,20-24,0
2008,Saarland,w,25-29,0
2008,Saarland,w,30-34,0
2008,Saarland,w,35-39,0
2008,Saarland,w,40-44,0
2008,Saarland,w,45-49,0
2008,Saarland,w,50-54,0
2008,Saarland,w,55-59,0
2008,Saarland,w,60-64,0
2008,Saarland,w,65-69,0
2008,Saarland,w,70-74,0
2008,Saarland,w,75-79,0
2008,Saarland,w,80-84,0
2008,Saarland,w,85-89,0
2008,Sachsen,m,insgesamt,5
2008,Sachsen,m,unter 1,0
2008,Sachsen,m,1-4,0
2008,Sachsen,m,5-9,0
2008,Sachsen,m,10-14,0
2008,Sachsen,m,15-17,0
2008,Sachsen,m,18-19,0
2008,Sachsen,m,20-24,0
2008,Sachsen,m,25-29,2
2008,Sachsen,m,30-34,0
2008,Sachsen,m,35-39,1
2008,Sachsen,m,40-44,2
2008,Sachsen,m,45-49,0
2008,Sachsen,m,50-54,0
2008,Sachsen,m,55-59,0
2008,Sachsen,m,60-64,0
2008,Sachsen,m,65-69,0
2008,Sachsen,m,70-74,0
2008,Sachsen,m,75-79,0
2008,Sachsen,m,80-84,0
2008,Sachsen,m,85-89,0
2008,Sachsen,w,insgesamt,1
2008,Sachsen,w,unter 1,0
2008,Sachsen,w,1-4,0
2008,Sachsen,w,5-9,0
2008,Sachsen,w,10-14,0
2008,Sachsen,w,15-17,0
2008,Sachsen,w,18-19,1
2008,Sachsen,w,20-24,0
2008,Sachsen,w,25-29,0
2008,Sachsen,w,30-34,0
2008,Sachsen,w,35-39,0
2008,Sachsen,w,40-44,0
2008,Sachsen,w,45-49,0
2008,Sachsen,w,50-54,0
2008,Sachsen,w,55-59,0
2008,Sachsen,w,60-64,0
2008,Sachsen,w,65-69,0
2008,Sachsen,w,70-74,0
2008,Sachsen,w,75-79,0
2008,Sachsen,w,80-84,0
2008,Sachsen,w,85-89,0
2008,Sachsen-Anhalt,m,insgesamt,1
2008,Sachsen-Anhalt,m,unter 1,0
2008,Sachsen-Anhalt,m,1-4,0
2008,Sachsen-Anhalt,m,5-9,0
2008,Sachsen-Anhalt,m,10-14,0
2008,Sachsen-Anhalt,m,15-17,0
2008,Sachsen-Anhalt,m,18-19,0
2008,Sachsen-Anhalt,m,20-24,0
2008,Sachsen-Anhalt,m,25-29,1
2008,Sachsen-Anhalt,m,30-34,0
2008,Sachsen-Anhalt,m,35-39,0
2008,Sachsen-Anhalt,m,40-44,0
2008,Sachsen-Anhalt,m,45-49,0
2008,Sachsen-Anhalt,m,50-54,0
2008,Sachsen-Anhalt,m,55-59,0
2008,Sachsen-Anhalt,m,60-64,0
2008,Sachsen-Anhalt,m,65-69,0
2008,Sachsen-Anhalt,m,70-74,0
2008,Sachsen-Anhalt,m,75-79,0
2008,Sachsen-Anhalt,m,80-84,0
2008,Sachsen-Anhalt,m,85-89,0
2008,Sachsen-Anhalt,w,insgesamt,7
2008,Sachsen-Anhalt,w,unter 1,0
2008,Sachsen-Anhalt,w,1-4,0
2008,Sachsen-Anhalt,w,5-9,0
2008,Sachsen-Anhalt,w,10-14,0
2008,Sachsen-Anhalt,w,15-17,0
2008,Sachsen-Anhalt,w,18-19,0
2008,Sachsen-Anhalt,w,20-24,0
2008,Sachsen-Anhalt,w,25-29,1
2008,Sachsen-Anhalt,w,30-34,2
2008,Sachsen-Anhalt,w,35-39,3
2008,Sachsen-Anhalt,w,40-44,0
2008,Sachsen-Anhalt,w,45-49,0
2008,Sachsen-Anhalt,w,50-54,0
2008,Sachsen-Anhalt,w,55-59,0
2008,Sachsen-Anhalt,w,60-64,0
2008,Sachsen-Anhalt,w,65-69,0
2008,Sachsen-Anhalt,w,70-74,0
2008,Sachsen-Anhalt,w,75-79,0
2008,Sachsen-Anhalt,w,80-84,1
2008,Sachsen-Anhalt,w,85-89,0
2008,Schleswig-Holstein,m,insgesamt,2
2008,Schleswig-Holstein,m,unter 1,0
2008,Schleswig-Holstein,m,1-4,0
2008,Schleswig-Holstein,m,5-9,0
2008,Schleswig-Holstein,m,10-14,0
2008,Schleswig-Holstein,m,15-17,1
2008,Schleswig-Holstein,m,18-19,0
2008,Schleswig-Holstein,m,20-24,0
2008,Schleswig-Holstein,m,25-29,0
2008,Schleswig-Holstein,m,30-34,0
2008,Schleswig-Holstein,m,35-39,1
2008,Schleswig-Holstein,m,40-44,0
2008,Schleswig-Holstein,m,45-49,0
2008,Schleswig-Holstein,m,50-54,0
2008,Schleswig-Holstein,m,55-59,0
2008,Schleswig-Holstein,m,60-64,0
2008,Schleswig-Holstein,m,65-69,0
2008,Schleswig-Holstein,m,70-74,0
2008,Schleswig-Holstein,m,75-79,0
2008,Schleswig-Holstein,m,80-84,0
2008,Schleswig-Holstein,m,85-89,0
2008,Schleswig-Holstein,w,insgesamt,1
2008,Schleswig-Holstein,w,unter 1,0
2008,Schleswig-Holstein,w,1-4,0
2008,Schleswig-Holstein,w,5-9,0
2008,Schleswig-Holstein,w,10-14,1
2008,Schleswig-Holstein,w,15-17,0
2008,Schleswig-Holstein,w,18-19,0
2008,Schleswig-Holstein,w,20-24,0
2008,Schleswig-Holstein,w,25-29,0
2008,Schleswig-Holstein,w,30-34,0
2008,Schleswig-Holstein,w,35-39,0
2008,Schleswig-Holstein,w,40-44,0
2008,Schleswig-Holstein,w,45-49,0
2008,Schleswig-Holstein,w,50-54,0
2008,Schleswig-Holstein,w,55-59,0
2008,Schleswig-Holstein,w,60-64,0
2008,Schleswig-Holstein,w,65-69,0
2008,Schleswig-Holstein,w,70-74,0
2008,Schleswig-Holstein,w,75-79,0
2008,Schleswig-Holstein,w,80-84,0
2008,Schleswig-Holstein,w,85-89,0
2008,Thüringen,m,insgesamt,0
2008,Thüringen,m,unter 1,0
2008,Thüringen,m,1-4,0
2008,Thüringen,m,5-9,0
2008,Thüringen,m,10-14,0
2008,Thüringen,m,15-17,0
2008,Thüringen,m,18-19,0
2008,Thüringen,m,20-24,0
2008,Thüringen,m,25-29,0
2008,Thüringen,m,30-34,0
2008,Thüringen,m,35-39,0
2008,Thüringen,m,40-44,0
2008,Thüringen,m,45-49,0
2008,Thüringen,m,50-54,0
2008,Thüringen,m,55-59,0
2008,Thüringen,m,60-64,0
2008,Thüringen,m,65-69,0
2008,Thüringen,m,70-74,0
2008,Thüringen,m,75-79,0
2008,Thüringen,m,80-84,0
2008,Thüringen,m,85-89,0
2008,Thüringen,w,insgesamt,2
2008,Thüringen,w,unter 1,0
2008,Thüringen,w,1-4,0
2008,Thüringen,w,5-9,0
2008,Thüringen,w,10-14,0
2008,Thüringen,w,15-17,0
2008,Thüringen,w,18-19,0
2008,Thüringen,w,20-24,2
2008,Thüringen,w,25-29,0
2008,Thüringen,w,30-34,0
2008,Thüringen,w,35-39,0
2008,Thüringen,w,40-44,0
2008,Thüringen,w,45-49,0
2008,Thüringen,w,50-54,0
2008,Thüringen,w,55-59,0
2008,Thüringen,w,60-64,0
2008,Thüringen,w,65-69,0
2008,Thüringen,w,70-74,0
2008,Thüringen,w,75-79,0
2008,Thüringen,w,80-84,0
2008,Thüringen,w,85-89,0
2009,Deutschland,m,insgesamt,458
2009,Deutschland,m,unter 1,0
2009,Deutschland,m,1-4,0
2009,Deutschland,m,5-9,0
2009,Deutschland,m,10-14,0
2009,Deutschland,m,15-17,6
2009,Deutschland,m,18-19,8
2009,Deutschland,m,20-24,79
2009,Deutschland,m,25-29,91
2009,Deutschland,m,30-34,92
2009,Deutschland,m,35-39,75
2009,Deutschland,m,40-44,61
2009,Deutschland,m,45-49,27
2009,Deutschland,m,50-54,9
2009,Deutschland,m,55-59,5
2009,Deutschland,m,60-64,5
2009,Deutschland,m,65-69,0
2009,Deutschland,m,70-74,0
2009,Deutschland,m,75-79,0
2009,Deutschland,m,80-84,0
2009,Deutschland,m,85-89,0
2009,Deutschland,w,insgesamt,406
2009,Deutschland,w,unter 1,0
2009,Deutschland,w,1-4,0
2009,Deutschland,w,5-9,0
2009,Deutschland,w,10-14,4
2009,Deutschland,w,15-17,9
2009,Deutschland,w,18-19,19
2009,Deutschland,w,20-24,35
2009,Deutschland,w,25-29,39
2009,Deutschland,w,30-34,56
2009,Deutschland,w,35-39,54
2009,Deutschland,w,40-44,80
2009,Deutschland,w,45-49,34
2009,Deutschland,w,50-54,47
2009,Deutschland,w,55-59,19
2009,Deutschland,w,60-64,8
2009,Deutschland,w,65-69,2
2009,Deutschland,w,70-74,0
2009,Deutschland,w,75-79,0
2009,Deutschland,w,80-84,0
2009,Deutschland,w,85-89,0
2009,Baden-Württemberg,m,insgesamt,21
2009,Baden-Württemberg,m,unter 1,0
2009,Baden-Württemberg,m,1-4,0
2009,Baden-Württemberg,m,5-9,0
2009,Baden-Württemberg,m,10-14,0
2009,Baden-Württemberg,m,15-17,1
2009,Baden-Württemberg,m,18-19,0
2009,Baden-Württemberg,m,20-24,4
2009,Baden-Württemberg,m,25-29,4
2009,Baden-Württemberg,m,30-34,2
2009,Baden-Württemberg,m,35-39,4
2009,Baden-Württemberg,m,40-44,2
2009,Baden-Württemberg,m,45-49,1
2009,Baden-Württemberg,m,50-54,1
2009,Baden-Württemberg,m,55-59,2
2009,Baden-Württemberg,m,60-64,0
2009,Baden-Württemberg,m,65-69,0
2009,Baden-Württemberg,m,70-74,0
2009,Baden-Württemberg,m,75-79,0
2009,Baden-Württemberg,m,80-84,0
2009,Baden-Württemberg,m,85-89,0
2009,Baden-Württemberg,w,insgesamt,23
2009,Baden-Württemberg,w,unter 1,0
2009,Baden-Württemberg,w,1-4,0
2009,Baden-Württemberg,w,5-9,0
2009,Baden-Württemberg,w,10-14,0
2009,Baden-Württemberg,w,15-17,1
2009,Baden-Württemberg,w,18-19,0
2009,Baden-Württemberg,w,20-24,4
2009,Baden-Württemberg,w,25-29,2
2009,Baden-Württemberg,w,30-34,4
2009,Baden-Württemberg,w,35-39,4
2009,Baden-Württemberg,w,40-44,3
2009,Baden-Württemberg,w,45-49,4
2009,Baden-Württemberg,w,50-54,1
2009,Baden-Württemberg,w,55-59,0
2009,Baden-Württemberg,w,60-64,0
2009,Baden-Württemberg,w,65-69,0
2009,Baden-Württemberg,w,70-74,0
2009,Baden-Württemberg,w,75-79,0
2009,Baden-Württemberg,w,80-84,0
2009,Baden-Württemberg,w,85-89,0
2009,Bayern,m,insgesamt,232
2009,Bayern,m,unter 1,0
2009,Bayern,m,1-4,0
2009,Bayern,m,5-9,0
2009,Bayern,m,10-14,0
2009,Bayern,m,15-17,0
2009,Bayern,m,18-19,4
2009,Bayern,m,20-24,33
2009,Bayern,m,25-29,43
2009,Bayern,m,30-34,56
2009,Bayern,m,35-39,42
2009,Bayern,m,40-44,34
2009,Bayern,m,45-49,13
2009,Bayern,m,50-54,3
2009,Bayern,m,55-59,1
2009,Bayern,m,60-64,3
2009,Bayern,m,65-69,0
2009,Bayern,m,70-74,0
2009,Bayern,m,75-79,0
2009,Bayern,m,80-84,0
2009,Bayern,m,85-89,0
2009,Bayern,w,insgesamt,140
2009,Bayern,w,unter 1,0
2009,Bayern,w,1-4,0
2009,Bayern,w,5-9,0
2009,Bayern,w,10-14,0
2009,Bayern,w,15-17,1
2009,Bayern,w,18-19,7
2009,Bayern,w,20-24,12
2009,Bayern,w,25-29,14
2009,Bayern,w,30-34,21
2009,Bayern,w,35-39,24
2009,Bayern,w,40-44,27
2009,Bayern,w,45-49,13
2009,Bayern,w,50-54,9
2009,Bayern,w,55-59,9
2009,Bayern,w,60-64,3
2009,Bayern,w,65-69,0
2009,Bayern,w,70-74,0
2009,Bayern,w,75-79,0
2009,Bayern,w,80-84,0
2009,Bayern,w,85-89,0
2009,Berlin,m,insgesamt,48
2009,Berlin,m,unter 1,0
2009,Berlin,m,1-4,0
2009,Berlin,m,5-9,0
2009,Berlin,m,10-14,0
2009,Berlin,m,15-17,0
2009,Berlin,m,18-19,0
2009,Berlin,m,20-24,5
2009,Berlin,m,25-29,4
2009,Berlin,m,30-34,11
2009,Berlin,m,35-39,6
2009,Berlin,m,40-44,13
2009,Berlin,m,45-49,7
2009,Berlin,m,50-54,0
2009,Berlin,m,55-59,0
2009,Berlin,m,60-64,2
2009,Berlin,m,65-69,0
2009,Berlin,m,70-74,0
2009,Berlin,m,75-79,0
2009,Berlin,m,80-84,0
2009,Berlin,m,85-89,0
2009,Berlin,w,insgesamt,13
2009,Berlin,w,unter 1,0
2009,Berlin,w,1-4,0
2009,Berlin,w,5-9,0
2009,Berlin,w,10-14,0
2009,Berlin,w,15-17,0
2009,Berlin,w,18-19,0
2009,Berlin,w,20-24,1
2009,Berlin,w,25-29,3
2009,Berlin,w,30-34,2
2009,Berlin,w,35-39,4
2009,Berlin,w,40-44,1
2009,Berlin,w,45-49,0
2009,Berlin,w,50-54,0
2009,Berlin,w,55-59,0
2009,Berlin,w,60-64,1
2009,Berlin,w,65-69,1
2009,Berlin,w,70-74,0
2009,Berlin,w,75-79,0
2009,Berlin,w,80-84,0
2009,Berlin,w,85-89,0
2009,Brandenburg,m,insgesamt,1
2009,Brandenburg,m,unter 1,0
2009,Brandenburg,m,1-4,0
2009,Brandenburg,m,5-9,0
2009,Brandenburg,m,10-14,0
2009,Brandenburg,m,15-17,0
2009,Brandenburg,m,18-19,0
2009,Brandenburg,m,20-24,1
2009,Brandenburg,m,25-29,0
2009,Brandenburg,m,30-34,0
2009,Brandenburg,m,35-39,0
2009,Brandenburg,m,40-44,0
2009,Brandenburg,m,45-49,0
2009,Brandenburg,m,50-54,0
2009,Brandenburg,m,55-59,0
2009,Brandenburg,m,60-64,0
2009,Brandenburg,m,65-69,0
2009,Brandenburg,m,70-74,0
2009,Brandenburg,m,75-79,0
2009,Brandenburg,m,80-84,0
2009,Brandenburg,m,85-89,0
2009,Brandenburg,w,insgesamt,1
2009,Brandenburg,w,unter 1,0
2009,Brandenburg,w,1-4,0
2009,Brandenburg,w,5-9,0
2009,Brandenburg,w,10-14,0
2009,Brandenburg,w,15-17,0
2009,Brandenburg,w,18-19,0
2009,Brandenburg,w,20-24,0
2009,Brandenburg,w,25-29,0
2009,Brandenburg,w,30-34,0
2009,Brandenburg,w,35-39,0
2009,Brandenburg,w,40-44,0
2009,Brandenburg,w,45-49,0
2009,Brandenburg,w,50-54,0
2009,Brandenburg,w,55-59,1
2009,Brandenburg,w,60-64,0
2009,Brandenburg,w,65-69,0
2009,Brandenburg,w,70-74,0
2009,Brandenburg,w,75-79,0
2009,Brandenburg,w,80-84,0
2009,Brandenburg,w,85-89,0
2009,Hamburg,m,insgesamt,21
2009,Hamburg,m,unter 1,0
2009,Hamburg,m,1-4,0
2009,Hamburg,m,5-9,0
2009,Hamburg,m,10-14,0
2009,Hamburg,m,15-17,0
2009,Hamburg,m,18-19,0
2009,Hamburg,m,20-24,6
2009,Hamburg,m,25-29,5
2009,Hamburg,m,30-34,3
2009,Hamburg,m,35-39,3
2009,Hamburg,m,40-44,4
2009,Hamburg,m,45-49,0
2009,Hamburg,m,50-54,0
2009,Hamburg,m,55-59,0
2009,Hamburg,m,60-64,0
2009,Hamburg,m,65-69,0
2009,Hamburg,m,70-74,0
2009,Hamburg,m,75-79,0
2009,Hamburg,m,80-84,0
2009,Hamburg,m,85-89,0
2009,Hamburg,w,insgesamt,7
2009,Hamburg,w,unter 1,0
2009,Hamburg,w,1-4,0
2009,Hamburg,w,5-9,0
2009,Hamburg,w,10-14,1
2009,Hamburg,w,15-17,1
2009,Hamburg,w,18-19,0
2009,Hamburg,w,20-24,1
2009,Hamburg,w,25-29,4
2009,Hamburg,w,30-34,0
2009,Hamburg,w,35-39,0
2009,Hamburg,w,40-44,0
2009,Hamburg,w,45-49,0
2009,Hamburg,w,50-54,0
2009,Hamburg,w,55-59,0
2009,Hamburg,w,60-64,0
2009,Hamburg,w,65-69,0
2009,Hamburg,w,70-74,0
2009,Hamburg,w,75-79,0
2009,Hamburg,w,80-84,0
2009,Hamburg,w,85-89,0
2009,Hessen,m,insgesamt,42
2009,Hessen,m,unter 1,0
2009,Hessen,m,1-4,0
2009,Hessen,m,5-9,0
2009,Hessen,m,10-14,0
2009,Hessen,m,15-17,1
2009,Hessen,m,18-19,1
2009,Hessen,m,20-24,6
2009,Hessen,m,25-29,10
2009,Hessen,m,30-34,8
2009,Hessen,m,35-39,7
2009,Hessen,m,40-44,3
2009,Hessen,m,45-49,3
2009,Hessen,m,50-54,1
2009,Hessen,m,55-59,2
2009,Hessen,m,60-64,0
2009,Hessen,m,65-69,0
2009,Hessen,m,70-74,0
2009,Hessen,m,75-79,0
2009,Hessen,m,80-84,0
2009,Hessen,m,85-89,0
2009,Hessen,w,insgesamt,27
2009,Hessen,w,unter 1,0
2009,Hessen,w,1-4,0
2009,Hessen,w,5-9,0
2009,Hessen,w,10-14,0
2009,Hessen,w,15-17,1
2009,Hessen,w,18-19,4
2009,Hessen,w,20-24,3
2009,Hessen,w,25-29,2
2009,Hessen,w,30-34,3
2009,Hessen,w,35-39,2
2009,Hessen,w,40-44,4
2009,Hessen,w,45-49,3
2009,Hessen,w,50-54,2
2009,Hessen,w,55-59,1
2009,Hessen,w,60-64,1
2009,Hessen,w,65-69,1
2009,Hessen,w,70-74,0
2009,Hessen,w,75-79,0
2009,Hessen,w,80-84,0
2009,Hessen,w,85-89,0
2009,Mecklenburg-Vorpommern,m,insgesamt,1
2009,Mecklenburg-Vorpommern,m,unter 1,0
2009,Mecklenburg-Vorpommern,m,1-4,0
2009,Mecklenburg-Vorpommern,m,5-9,0
2009,Mecklenburg-Vorpommern,m,10-14,0
2009,Mecklenburg-Vorpommern,m,15-17,0
2009,Mecklenburg-Vorpommern,m,18-19,0
2009,Mecklenburg-Vorpommern,m,20-24,0
2009,Mecklenburg-Vorpommern,m,25-29,0
2009,Mecklenburg-Vorpommern,m,30-34,0
2009,Mecklenburg-Vorpommern,m,35-39,0
2009,Mecklenburg-Vorpommern,m,40-44,1
2009,Mecklenburg-Vorpommern,m,45-49,0
2009,Mecklenburg-Vorpommern,m,50-54,0
2009,Mecklenburg-Vorpommern,m,55-59,0
2009,Mecklenburg-Vorpommern,m,60-64,0
2009,Mecklenburg-Vorpommern,m,65-69,0
2009,Mecklenburg-Vorpommern,m,70-74,0
2009,Mecklenburg-Vorpommern,m,75-79,0
2009,Mecklenburg-Vorpommern,m,80-84,0
2009,Mecklenburg-Vorpommern,m,85-89,0
2009,Mecklenburg-Vorpommern,w,insgesamt,1
2009,Mecklenburg-Vorpommern,w,unter 1,0
2009,Mecklenburg-Vorpommern,w,1-4,0
2009,Mecklenburg-Vorpommern,w,5-9,0
2009,Mecklenburg-Vorpommern,w,10-14,0
2009,Mecklenburg-Vorpommern,w,15-17,0
2009,Mecklenburg-Vorpommern,w,18-19,0
2009,Mecklenburg-Vorpommern,w,20-24,0
2009,Mecklenburg-Vorpommern,w,25-29,0
2009,Mecklenburg-Vorpommern,w,30-34,0
2009,Mecklenburg-Vorpommern,w,35-39,0
2009,Mecklenburg-Vorpommern,w,40-44,0
2009,Mecklenburg-Vorpommern,w,45-49,1
2009,Mecklenburg-Vorpommern,w,50-54,0
2009,Mecklenburg-Vorpommern,w,55-59,0
2009,Mecklenburg-Vorpommern,w,60-64,0
2009,Mecklenburg-Vorpommern,w,65-69,0
2009,Mecklenburg-Vorpommern,w,70-74,0
2009,Mecklenburg-Vorpommern,w,75-79,0
2009,Mecklenburg-Vorpommern,w,80-84,0
2009,Mecklenburg-Vorpommern,w,85-89,0
2009,Niedersachsen,m,insgesamt,7
2009,Niedersachsen,m,unter 1,0
2009,Niedersachsen,m,1-4,0
2009,Niedersachsen,m,5-9,0
2009,Niedersachsen,m,10-14,0
2009,Niedersachsen,m,15-17,1
2009,Niedersachsen,m,18-19,0
2009,Niedersachsen,m,20-24,2
2009,Niedersachsen,m,25-29,3
2009,Niedersachsen,m,30-34,1
2009,Niedersachsen,m,35-39,0
2009,Niedersachsen,m,40-44,0
2009,Niedersachsen,m,45-49,0
2009,Niedersachsen,m,50-54,0
2009,Niedersachsen,m,55-59,0
2009,Niedersachsen,m,60-64,0
2009,Niedersachsen,m,65-69,0
2009,Niedersachsen,m,70-74,0
2009,Niedersachsen,m,75-79,0
2009,Niedersachsen,m,80-84,0
2009,Niedersachsen,m,85-89,0
2009,Niedersachsen,w,insgesamt,51
2009,Niedersachsen,w,unter 1,0
2009,Niedersachsen,w,1-4,0
2009,Niedersachsen,w,5-9,0
2009,Niedersachsen,w,10-14,0
2009,Niedersachsen,w,15-17,0
2009,Niedersachsen,w,18-19,0
2009,Niedersachsen,w,20-24,4
2009,Niedersachsen,w,25-29,7
2009,Niedersachsen,w,30-34,7
2009,Niedersachsen,w,35-39,9
2009,Niedersachsen,w,40-44,13
2009,Niedersachsen,w,45-49,1
2009,Niedersachsen,w,50-54,8
2009,Niedersachsen,w,55-59,2
2009,Niedersachsen,w,60-64,0
2009,Niedersachsen,w,65-69,0
2009,Niedersachsen,w,70-74,0
2009,Niedersachsen,w,75-79,0
2009,Niedersachsen,w,80-84,0
2009,Niedersachsen,w,85-89,0
2009,Nordrhein-Westfalen,m,insgesamt,74
2009,Nordrhein-Westfalen,m,unter 1,0
2009,Nordrhein-Westfalen,m,1-4,0
2009,Nordrhein-Westfalen,m,5-9,0
2009,Nordrhein-Westfalen,m,10-14,0
2009,Nordrhein-Westfalen,m,15-17,3
2009,Nordrhein-Westfalen,m,18-19,3
2009,Nordrhein-Westfalen,m,20-24,19
2009,Nordrhein-Westfalen,m,25-29,19
2009,Nordrhein-Westfalen,m,30-34,11
2009,Nordrhein-Westfalen,m,35-39,12
2009,Nordrhein-Westfalen,m,40-44,2
2009,Nordrhein-Westfalen,m,45-49,1
2009,Nordrhein-Westfalen,m,50-54,4
2009,Nordrhein-Westfalen,m,55-59,0
2009,Nordrhein-Westfalen,m,60-64,0
2009,Nordrhein-Westfalen,m,65-69,0
2009,Nordrhein-Westfalen,m,70-74,0
2009,Nordrhein-Westfalen,m,75-79,0
2009,Nordrhein-Westfalen,m,80-84,0
2009,Nordrhein-Westfalen,m,85-89,0
2009,Nordrhein-Westfalen,w,insgesamt,129
2009,Nordrhein-Westfalen,w,unter 1,0
2009,Nordrhein-Westfalen,w,1-4,0
2009,Nordrhein-Westfalen,w,5-9,0
2009,Nordrhein-Westfalen,w,10-14,3
2009,Nordrhein-Westfalen,w,15-17,4
2009,Nordrhein-Westfalen,w,18-19,7
2009,Nordrhein-Westfalen,w,20-24,8
2009,Nordrhein-Westfalen,w,25-29,7
2009,Nordrhein-Westfalen,w,30-34,19
2009,Nordrhein-Westfalen,w,35-39,10
2009,Nordrhein-Westfalen,w,40-44,30
2009,Nordrhein-Westfalen,w,45-49,10
2009,Nordrhein-Westfalen,w,50-54,23
2009,Nordrhein-Westfalen,w,55-59,5
2009,Nordrhein-Westfalen,w,60-64,3
2009,Nordrhein-Westfalen,w,65-69,0
2009,Nordrhein-Westfalen,w,70-74,0
2009,Nordrhein-Westfalen,w,75-79,0
2009,Nordrhein-Westfalen,w,80-84,0
2009,Nordrhein-Westfalen,w,85-89,0
2009,Rheinland-Pfalz,m,insgesamt,3
2009,Rheinland-Pfalz,m,unter 1,0
2009,Rheinland-Pfalz,m,1-4,0
2009,Rheinland-Pfalz,m,5-9,0
2009,Rheinland-Pfalz,m,10-14,0
2009,Rheinland-Pfalz,m,15-17,0
2009,Rheinland-Pfalz,m,18-19,0
2009,Rheinland-Pfalz,m,20-24,1
2009,Rheinland-Pfalz,m,25-29,1
2009,Rheinland-Pfalz,m,30-34,0
2009,Rheinland-Pfalz,m,35-39,0
2009,Rheinland-Pfalz,m,40-44,1
2009,Rheinland-Pfalz,m,45-49,0
2009,Rheinland-Pfalz,m,50-54,0
2009,Rheinland-Pfalz,m,55-59,0
2009,Rheinland-Pfalz,m,60-64,0
2009,Rheinland-Pfalz,m,65-69,0
2009,Rheinland-Pfalz,m,70-74,0
2009,Rheinland-Pfalz,m,75-79,0
2009,Rheinland-Pfalz,m,80-84,0
2009,Rheinland-Pfalz,m,85-89,0
2009,Rheinland-Pfalz,w,insgesamt,4
2009,Rheinland-Pfalz,w,unter 1,0
2009,Rheinland-Pfalz,w,1-4,0
2009,Rheinland-Pfalz,w,5-9,0
2009,Rheinland-Pfalz,w,10-14,0
2009,Rheinland-Pfalz,w,15-17,0
2009,Rheinland-Pfalz,w,18-19,1
2009,Rheinland-Pfalz,w,20-24,2
2009,Rheinland-Pfalz,w,25-29,0
2009,Rheinland-Pfalz,w,30-34,0
2009,Rheinland-Pfalz,w,35-39,0
2009,Rheinland-Pfalz,w,40-44,0
2009,Rheinland-Pfalz,w,45-49,1
2009,Rheinland-Pfalz,w,50-54,0
2009,Rheinland-Pfalz,w,55-59,0
2009,Rheinland-Pfalz,w,60-64,0
2009,Rheinland-Pfalz,w,65-69,0
2009,Rheinland-Pfalz,w,70-74,0
2009,Rheinland-Pfalz,w,75-79,0
2009,Rheinland-Pfalz,w,80-84,0
2009,Rheinland-Pfalz,w,85-89,0
2009,Saarland,m,insgesamt,1
2009,Saarland,m,unter 1,0
2009,Saarland,m,1-4,0
2009,Saarland,m,5-9,0
2009,Saarland,m,10-14,0
2009,Saarland,m,15-17,0
2009,Saarland,m,18-19,0
2009,Saarland,m,20-24,1
2009,Saarland,m,25-29,0
2009,Saarland,m,30-34,0
2009,Saarland,m,35-39,0
2009,Saarland,m,40-44,0
2009,Saarland,m,45-49,0
2009,Saarland,m,50-54,0
2009,Saarland,m,55-59,0
2009,Saarland,m,60-64,0
2009,Saarland,m,65-69,0
2009,Saarland,m,70-74,0
2009,Saarland,m,75-79,0
2009,Saarland,m,80-84,0
2009,Saarland,m,85-89,0
2009,Saarland,w,insgesamt,2
2009,Saarland,w,unter 1,0
2009,Saarland,w,1-4,0
2009,Saarland,w,5-9,0
2009,Saarland,w,10-14,0
2009,Saarland,w,15-17,0
2009,Saarland,w,18-19,0
2009,Saarland,w,20-24,0
2009,Saarland,w,25-29,0
2009,Saarland,w,30-34,0
2009,Saarland,w,35-39,0
2009,Saarland,w,40-44,0
2009,Saarland,w,45-49,1
2009,Saarland,w,50-54,1
2009,Saarland,w,55-59,0
2009,Saarland,w,60-64,0
2009,Saarland,w,65-69,0
2009,Saarland,w,70-74,0
2009,Saarland,w,75-79,0
2009,Saarland,w,80-84,0
2009,Saarland,w,85-89,0
2009,Sachsen,m,insgesamt,3
2009,Sachsen,m,unter 1,0
2009,Sachsen,m,1-4,0
2009,Sachsen,m,5-9,0
2009,Sachsen,m,10-14,0
2009,Sachsen,m,15-17,0
2009,Sachsen,m,18-19,0
2009,Sachsen,m,20-24,0
2009,Sachsen,m,25-29,0
2009,Sachsen,m,30-34,0
2009,Sachsen,m,35-39,0
2009,Sachsen,m,40-44,1
2009,Sachsen,m,45-49,2
2009,Sachsen,m,50-54,0
2009,Sachsen,m,55-59,0
2009,Sachsen,m,60-64,0
2009,Sachsen,m,65-69,0
2009,Sachsen,m,70-74,0
2009,Sachsen,m,75-79,0
2009,Sachsen,m,80-84,0
2009,Sachsen,m,85-89,0
2009,Sachsen,w,insgesamt,1
2009,Sachsen,w,unter 1,0
2009,Sachsen,w,1-4,0
2009,Sachsen,w,5-9,0
2009,Sachsen,w,10-14,0
2009,Sachsen,w,15-17,1
2009,Sachsen,w,18-19,0
2009,Sachsen,w,20-24,0
2009,Sachsen,w,25-29,0
2009,Sachsen,w,30-34,0
2009,Sachsen,w,35-39,0
2009,Sachsen,w,40-44,0
2009,Sachsen,w,45-49,0
2009,Sachsen,w,50-54,0
2009,Sachsen,w,55-59,0
2009,Sachsen,w,60-64,0
2009,Sachsen,w,65-69,0
2009,Sachsen,w,70-74,0
2009,Sachsen,w,75-79,0
2009,Sachsen,w,80-84,0
2009,Sachsen,w,85-89,0
2009,Sachsen-Anhalt,m,insgesamt,2
2009,Sachsen-Anhalt,m,unter 1,0
2009,Sachsen-Anhalt,m,1-4,0
2009,Sachsen-Anhalt,m,5-9,0
2009,Sachsen-Anhalt,m,10-14,0
2009,Sachsen-Anhalt,m,15-17,0
2009,Sachsen-Anhalt,m,18-19,0
2009,Sachsen-Anhalt,m,20-24,1
2009,Sachsen-Anhalt,m,25-29,1
2009,Sachsen-Anhalt,m,30-34,0
2009,Sachsen-Anhalt,m,35-39,0
2009,Sachsen-Anhalt,m,40-44,0
2009,Sachsen-Anhalt,m,45-49,0
2009,Sachsen-Anhalt,m,50-54,0
2009,Sachsen-Anhalt,m,55-59,0
2009,Sachsen-Anhalt,m,60-64,0
2009,Sachsen-Anhalt,m,65-69,0
2009,Sachsen-Anhalt,m,70-74,0
2009,Sachsen-Anhalt,m,75-79,0
2009,Sachsen-Anhalt,m,80-84,0
2009,Sachsen-Anhalt,m,85-89,0
2009,Sachsen-Anhalt,w,insgesamt,4
2009,Sachsen-Anhalt,w,unter 1,0
2009,Sachsen-Anhalt,w,1-4,0
2009,Sachsen-Anhalt,w,5-9,0
2009,Sachsen-Anhalt,w,10-14,0
2009,Sachsen-Anhalt,w,15-17,0
2009,Sachsen-Anhalt,w,18-19,0
2009,Sachsen-Anhalt,w,20-24,0
2009,Sachsen-Anhalt,w,25-29,0
2009,Sachsen-Anhalt,w,30-34,0
2009,Sachsen-Anhalt,w,35-39,1
2009,Sachsen-Anhalt,w,40-44,1
2009,Sachsen-Anhalt,w,45-49,0
2009,Sachsen-Anhalt,w,50-54,1
2009,Sachsen-Anhalt,w,55-59,1
2009,Sachsen-Anhalt,w,60-64,0
2009,Sachsen-Anhalt,w,65-69,0
2009,Sachsen-Anhalt,w,70-74,0
2009,Sachsen-Anhalt,w,75-79,0
2009,Sachsen-Anhalt,w,80-84,0
2009,Sachsen-Anhalt,w,85-89,0
2009,Schleswig-Holstein,m,insgesamt,1
2009,Schleswig-Holstein,m,unter 1,0
2009,Schleswig-Holstein,m,1-4,0
2009,Schleswig-Holstein,m,5-9,0
2009,Schleswig-Holstein,m,10-14,0
2009,Schleswig-Holstein,m,15-17,0
2009,Schleswig-Holstein,m,18-19,0
2009,Schleswig-Holstein,m,20-24,0
2009,Schleswig-Holstein,m,25-29,1
2009,Schleswig-Holstein,m,30-34,0
2009,Schleswig-Holstein,m,35-39,0
2009,Schleswig-Holstein,m,40-44,0
2009,Schleswig-Holstein,m,45-49,0
2009,Schleswig-Holstein,m,50-54,0
2009,Schleswig-Holstein,m,55-59,0
2009,Schleswig-Holstein,m,60-64,0
2009,Schleswig-Holstein,m,65-69,0
2009,Schleswig-Holstein,m,70-74,0
2009,Schleswig-Holstein,m,75-79,0
2009,Schleswig-Holstein,m,80-84,0
2009,Schleswig-Holstein,m,85-89,0
2009,Schleswig-Holstein,w,insgesamt,3
2009,Schleswig-Holstein,w,unter 1,0
2009,Schleswig-Holstein,w,1-4,0
2009,Schleswig-Holstein,w,5-9,0
2009,Schleswig-Holstein,w,10-14,0
2009,Schleswig-Holstein,w,15-17,0
2009,Schleswig-Holstein,w,18-19,0
2009,Schleswig-Holstein,w,20-24,0
2009,Schleswig-Holstein,w,25-29,0
2009,Schleswig-Holstein,w,30-34,0
2009,Schleswig-Holstein,w,35-39,0
2009,Schleswig-Holstein,w,40-44,1
2009,Schleswig-Holstein,w,45-49,0
2009,Schleswig-Holstein,w,50-54,2
2009,Schleswig-Holstein,w,55-59,0
2009,Schleswig-Holstein,w,60-64,0
2009,Schleswig-Holstein,w,65-69,0
2009,Schleswig-Holstein,w,70-74,0
2009,Schleswig-Holstein,w,75-79,0
2009,Schleswig-Holstein,w,80-84,0
2009,Schleswig-Holstein,w,85-89,0
2009,Thüringen,m,insgesamt,1
2009,Thüringen,m,unter 1,0
2009,Thüringen,m,1-4,0
2009,Thüringen,m,5-9,0
2009,Thüringen,m,10-14,0
2009,Thüringen,m,15-17,0
2009,Thüringen,m,18-19,0
2009,Thüringen,m,20-24,0
2009,Thüringen,m,25-29,0
2009,Thüringen,m,30-34,0
2009,Thüringen,m,35-39,1
2009,Thüringen,m,40-44,0
2009,Thüringen,m,45-49,0
2009,Thüringen,m,50-54,0
2009,Thüringen,m,55-59,0
2009,Thüringen,m,60-64,0
2009,Thüringen,m,65-69,0
2009,Thüringen,m,70-74,0
2009,Thüringen,m,75-79,0
2009,Thüringen,m,80-84,0
2009,Thüringen,m,85-89,0
2009,Thüringen,w,insgesamt,0
2009,Thüringen,w,unter 1,0
2009,Thüringen,w,1-4,0
2009,Thüringen,w,5-9,0
2009,Thüringen,w,10-14,0
2009,Thüringen,w,15-17,0
2009,Thüringen,w,18-19,0
2009,Thüringen,w,20-24,0
2009,Thüringen,w,25-29,0
2009,Thüringen,w,30-34,0
2009,Thüringen,w,35-39,0
2009,Thüringen,w,40-44,0
2009,Thüringen,w,45-49,0
2009,Thüringen,w,50-54,0
2009,Thüringen,w,55-59,0
2009,Thüringen,w,60-64,0
2009,Thüringen,w,65-69,0
2009,Thüringen,w,70-74,0
2009,Thüringen,w,75-79,0
2009,Thüringen,w,80-84,0
2009,Thüringen,w,85-89,0
2010,Deutschland,m,insgesamt,519
2010,Deutschland,m,unter 1,1
2010,Deutschland,m,1-4,0
2010,Deutschland,m,5-9,0
2010,Deutschland,m,10-14,1
2010,Deutschland,m,15-17,5
2010,Deutschland,m,18-19,29
2010,Deutschland,m,20-24,74
2010,Deutschland,m,25-29,92
2010,Deutschland,m,30-34,118
2010,Deutschland,m,35-39,75
2010,Deutschland,m,40-44,62
2010,Deutschland,m,45-49,32
2010,Deutschland,m,50-54,18
2010,Deutschland,m,55-59,5
2010,Deutschland,m,60-64,4
2010,Deutschland,m,65-69,0
2010,Deutschland,m,70-74,2
2010,Deutschland,m,75-79,0
2010,Deutschland,m,80-84,1
2010,Deutschland,m,85-89,0
2010,Deutschland,w,insgesamt,475
2010,Deutschland,w,unter 1,0
2010,Deutschland,w,1-4,1
2010,Deutschland,w,5-9,0
2010,Deutschland,w,10-14,2
2010,Deutschland,w,15-17,5
2010,Deutschland,w,18-19,15
2010,Deutschland,w,20-24,43
2010,Deutschland,w,25-29,51
2010,Deutschland,w,30-34,66
2010,Deutschland,w,35-39,59
2010,Deutschland,w,40-44,68
2010,Deutschland,w,45-49,59
2010,Deutschland,w,50-54,66
2010,Deutschland,w,55-59,20
2010,Deutschland,w,60-64,16
2010,Deutschland,w,65-69,4
2010,Deutschland,w,70-74,0
2010,Deutschland,w,75-79,0
2010,Deutschland,w,80-84,0
2010,Deutschland,w,85-89,0
2010,Baden-Württemberg,m,insgesamt,13
2010,Baden-Württemberg,m,unter 1,0
2010,Baden-Württemberg,m,1-4,0
2010,Baden-Württemberg,m,5-9,0
2010,Baden-Württemberg,m,10-14,0
2010,Baden-Württemberg,m,15-17,1
2010,Baden-Württemberg,m,18-19,2
2010,Baden-Württemberg,m,20-24,2
2010,Baden-Württemberg,m,25-29,2
2010,Baden-Württemberg,m,30-34,4
2010,Baden-Württemberg,m,35-39,2
2010,Baden-Württemberg,m,40-44,0
2010,Baden-Württemberg,m,45-49,0
2010,Baden-Württemberg,m,50-54,0
2010,Baden-Württemberg,m,55-59,0
2010,Baden-Württemberg,m,60-64,0
2010,Baden-Württemberg,m,65-69,0
2010,Baden-Württemberg,m,70-74,0
2010,Baden-Württemberg,m,75-79,0
2010,Baden-Württemberg,m,80-84,0
2010,Baden-Württemberg,m,85-89,0
2010,Baden-Württemberg,w,insgesamt,22
2010,Baden-Württemberg,w,unter 1,0
2010,Baden-Württemberg,w,1-4,0
2010,Baden-Württemberg,w,5-9,0
2010,Baden-Württemberg,w,10-14,0
2010,Baden-Württemberg,w,15-17,1
2010,Baden-Württemberg,w,18-19,1
2010,Baden-Württemberg,w,20-24,4
2010,Baden-Württemberg,w,25-29,3
2010,Baden-Württemberg,w,30-34,2
2010,Baden-Württemberg,w,35-39,1
2010,Baden-Württemberg,w,40-44,3
2010,Baden-Württemberg,w,45-49,4
2010,Baden-Württemberg,w,50-54,3
2010,Baden-Württemberg,w,55-59,0
2010,Baden-Württemberg,w,60-64,0
2010,Baden-Württemberg,w,65-69,0
2010,Baden-Württemberg,w,70-74,0
2010,Baden-Württemberg,w,75-79,0
2010,Baden-Württemberg,w,80-84,0
2010,Baden-Württemberg,w,85-89,0
2010,Bayern,m,insgesamt,271
2010,Bayern,m,unter 1,0
2010,Bayern,m,1-4,0
2010,Bayern,m,5-9,0
2010,Bayern,m,10-14,0
2010,Bayern,m,15-17,1
2010,Bayern,m,18-19,12
2010,Bayern,m,20-24,30
2010,Bayern,m,25-29,45
2010,Bayern,m,30-34,72
2010,Bayern,m,35-39,39
2010,Bayern,m,40-44,42
2010,Bayern,m,45-49,16
2010,Bayern,m,50-54,9
2010,Bayern,m,55-59,2
2010,Bayern,m,60-64,2
2010,Bayern,m,65-69,0
2010,Bayern,m,70-74,1
2010,Bayern,m,75-79,0
2010,Bayern,m,80-84,0
2010,Bayern,m,85-89,0
2010,Bayern,w,insgesamt,171
2010,Bayern,w,unter 1,0
2010,Bayern,w,1-4,0
2010,Bayern,w,5-9,0
2010,Bayern,w,10-14,0
2010,Bayern,w,15-17,0
2010,Bayern,w,18-19,3
2010,Bayern,w,20-24,16
2010,Bayern,w,25-29,16
2010,Bayern,w,30-34,31
2010,Bayern,w,35-39,27
2010,Bayern,w,40-44,25
2010,Bayern,w,45-49,18
2010,Bayern,w,50-54,25
2010,Bayern,w,55-59,5
2010,Bayern,w,60-64,5
2010,Bayern,w,65-69,0
2010,Bayern,w,70-74,0
2010,Bayern,w,75-79,0
2010,Bayern,w,80-84,0
2010,Bayern,w,85-89,0
2010,Berlin,m,insgesamt,29
2010,Berlin,m,unter 1,0
2010,Berlin,m,1-4,0
2010,Berlin,m,5-9,0
2010,Berlin,m,10-14,0
2010,Berlin,m,15-17,0
2010,Berlin,m,18-19,1
2010,Berlin,m,20-24,2
2010,Berlin,m,25-29,6
2010,Berlin,m,30-34,4
2010,Berlin,m,35-39,8
2010,Berlin,m,40-44,2
2010,Berlin,m,45-49,3
2010,Berlin,m,50-54,2
2010,Berlin,m,55-59,0
2010,Berlin,m,60-64,1
2010,Berlin,m,65-69,0
2010,Berlin,m,70-74,0
2010,Berlin,m,75-79,0
2010,Berlin,m,80-84,0
2010,Berlin,m,85-89,0
2010,Berlin,w,insgesamt,23
2010,Berlin,w,unter 1,0
2010,Berlin,w,1-4,0
2010,Berlin,w,5-9,0
2010,Berlin,w,10-14,0
2010,Berlin,w,15-17,0
2010,Berlin,w,18-19,0
2010,Berlin,w,20-24,3
2010,Berlin,w,25-29,1
2010,Berlin,w,30-34,2
2010,Berlin,w,35-39,1
2010,Berlin,w,40-44,6
2010,Berlin,w,45-49,0
2010,Berlin,w,50-54,6
2010,Berlin,w,55-59,0
2010,Berlin,w,60-64,1
2010,Berlin,w,65-69,3
2010,Berlin,w,70-74,0
2010,Berlin,w,75-79,0
2010,Berlin,w,80-84,0
2010,Berlin,w,85-89,0
2010,Brandenburg,m,insgesamt,1
2010,Brandenburg,m,unter 1,0
2010,Brandenburg,m,1-4,0
2010,Brandenburg,m,5-9,0
2010,Brandenburg,m,10-14,0
2010,Brandenburg,m,15-17,1
2010,Brandenburg,m,18-19,0
2010,Brandenburg,m,20-24,0
2010,Brandenburg,m,25-29,0
2010,Brandenburg,m,30-34,0
2010,Brandenburg,m,35-39,0
2010,Brandenburg,m,40-44,0
2010,Brandenburg,m,45-49,0
2010,Brandenburg,m,50-54,0
2010,Brandenburg,m,55-59,0
2010,Brandenburg,m,60-64,0
2010,Brandenburg,m,65-69,0
2010,Brandenburg,m,70-74,0
2010,Brandenburg,m,75-79,0
2010,Brandenburg,m,80-84,0
2010,Brandenburg,m,85-89,0
2010,Bremen,m,insgesamt,1
2010,Bremen,m,unter 1,0
2010,Bremen,m,1-4,0
2010,Bremen,m,5-9,0
2010,Bremen,m,10-14,0
2010,Bremen,m,15-17,0
2010,Bremen,m,18-19,0
2010,Bremen,m,20-24,0
2010,Bremen,m,25-29,1
2010,Bremen,m,30-34,0
2010,Bremen,m,35-39,0
2010,Bremen,m,40-44,0
2010,Bremen,m,45-49,0
2010,Bremen,m,50-54,0
2010,Bremen,m,55-59,0
2010,Bremen,m,60-64,0
2010,Bremen,m,65-69,0
2010,Bremen,m,70-74,0
2010,Bremen,m,75-79,0
2010,Bremen,m,80-84,0
2010,Bremen,m,85-89,0
2010,Hamburg,m,insgesamt,22
2010,Hamburg,m,unter 1,0
2010,Hamburg,m,1-4,0
2010,Hamburg,m,5-9,0
2010,Hamburg,m,10-14,0
2010,Hamburg,m,15-17,0
2010,Hamburg,m,18-19,1
2010,Hamburg,m,20-24,9
2010,Hamburg,m,25-29,4
2010,Hamburg,m,30-34,2
2010,Hamburg,m,35-39,1
2010,Hamburg,m,40-44,2
2010,Hamburg,m,45-49,3
2010,Hamburg,m,50-54,0
2010,Hamburg,m,55-59,0
2010,Hamburg,m,60-64,0
2010,Hamburg,m,65-69,0
2010,Hamburg,m,70-74,0
2010,Hamburg,m,75-79,0
2010,Hamburg,m,80-84,0
2010,Hamburg,m,85-89,0
2010,Hamburg,w,insgesamt,8
2010,Hamburg,w,unter 1,0
2010,Hamburg,w,1-4,0
2010,Hamburg,w,5-9,0
2010,Hamburg,w,10-14,0
2010,Hamburg,w,15-17,0
2010,Hamburg,w,18-19,1
2010,Hamburg,w,20-24,0
2010,Hamburg,w,25-29,2
2010,Hamburg,w,30-34,2
2010,Hamburg,w,35-39,1
2010,Hamburg,w,40-44,2
2010,Hamburg,w,45-49,0
2010,Hamburg,w,50-54,0
2010,Hamburg,w,55-59,0
2010,Hamburg,w,60-64,0
2010,Hamburg,w,65-69,0
2010,Hamburg,w,70-74,0
2010,Hamburg,w,75-79,0
2010,Hamburg,w,80-84,0
2010,Hamburg,w,85-89,0
2010,Hessen,m,insgesamt,57
2010,Hessen,m,unter 1,1
2010,Hessen,m,1-4,0
2010,Hessen,m,5-9,0
2010,Hessen,m,10-14,0
2010,Hessen,m,15-17,0
2010,Hessen,m,18-19,2
2010,Hessen,m,20-24,8
2010,Hessen,m,25-29,9
2010,Hessen,m,30-34,11
2010,Hessen,m,35-39,10
2010,Hessen,m,40-44,9
2010,Hessen,m,45-49,3
2010,Hessen,m,50-54,1
2010,Hessen,m,55-59,2
2010,Hessen,m,60-64,0
2010,Hessen,m,65-69,0
2010,Hessen,m,70-74,0
2010,Hessen,m,75-79,0
2010,Hessen,m,80-84,1
2010,Hessen,m,85-89,0
2010,Hessen,w,insgesamt,30
2010,Hessen,w,unter 1,0
2010,Hessen,w,1-4,0
2010,Hessen,w,5-9,0
2010,Hessen,w,10-14,0
2010,Hessen,w,15-17,1
2010,Hessen,w,18-19,1
2010,Hessen,w,20-24,3
2010,Hessen,w,25-29,2
2010,Hessen,w,30-34,4
2010,Hessen,w,35-39,3
2010,Hessen,w,40-44,3
2010,Hessen,w,45-49,9
2010,Hessen,w,50-54,3
2010,Hessen,w,55-59,0
2010,Hessen,w,60-64,0
2010,Hessen,w,65-69,1
2010,Hessen,w,70-74,0
2010,Hessen,w,75-79,0
2010,Hessen,w,80-84,0
2010,Hessen,w,85-89,0
2010,Mecklenburg-Vorpommern,m,insgesamt,0
2010,Mecklenburg-Vorpommern,m,unter 1,0
2010,Mecklenburg-Vorpommern,m,1-4,0
2010,Mecklenburg-Vorpommern,m,5-9,0
2010,Mecklenburg-Vorpommern,m,10-14,0
2010,Mecklenburg-Vorpommern,m,15-17,0
2010,Mecklenburg-Vorpommern,m,18-19,0
2010,Mecklenburg-Vorpommern,m,20-24,0
2010,Mecklenburg-Vorpommern,m,25-29,0
2010,Mecklenburg-Vorpommern,m,30-34,0
2010,Mecklenburg-Vorpommern,m,35-39,0
2010,Mecklenburg-Vorpommern,m,40-44,0
2010,Mecklenburg-Vorpommern,m,45-49,0
2010,Mecklenburg-Vorpommern,m,50-54,0
2010,Mecklenburg-Vorpommern,m,55-59,0
2010,Mecklenburg-Vorpommern,m,60-64,0
2010,Mecklenburg-Vorpommern,m,65-69,0
2010,Mecklenburg-Vorpommern,m,70-74,0
2010,Mecklenburg-Vorpommern,m,75-79,0
2010,Mecklenburg-Vorpommern,m,80-84,0
2010,Mecklenburg-Vorpommern,m,85-89,0
2010,Mecklenburg-Vorpommern,w,insgesamt,3
2010,Mecklenburg-Vorpommern,w,unter 1,0
2010,Mecklenburg-Vorpommern,w,1-4,0
2010,Mecklenburg-Vorpommern,w,5-9,0
2010,Mecklenburg-Vorpommern,w,10-14,0
2010,Mecklenburg-Vorpommern,w,15-17,0
2010,Mecklenburg-Vorpommern,w,18-19,0
2010,Mecklenburg-Vorpommern,w,20-24,2
2010,Mecklenburg-Vorpommern,w,25-29,0
2010,Mecklenburg-Vorpommern,w,30-34,0
2010,Mecklenburg-Vorpommern,w,35-39,0
2010,Mecklenburg-Vorpommern,w,40-44,0
2010,Mecklenburg-Vorpommern,w,45-49,1
2010,Mecklenburg-Vorpommern,w,50-54,0
2010,Mecklenburg-Vorpommern,w,55-59,0
2010,Mecklenburg-Vorpommern,w,60-64,0
2010,Mecklenburg-Vorpommern,w,65-69,0
2010,Mecklenburg-Vorpommern,w,70-74,0
2010,Mecklenburg-Vorpommern,w,75-79,0
2010,Mecklenburg-Vorpommern,w,80-84,0
2010,Mecklenburg-Vorpommern,w,85-89,0
2010,Niedersachsen,m,insgesamt,12
2010,Niedersachsen,m,unter 1,0
2010,Niedersachsen,m,1-4,0
2010,Niedersachsen,m,5-9,0
2010,Niedersachsen,m,10-14,1
2010,Niedersachsen,m,15-17,0
2010,Niedersachsen,m,18-19,0
2010,Niedersachsen,m,20-24,3
2010,Niedersachsen,m,25-29,4
2010,Niedersachsen,m,30-34,0
2010,Niedersachsen,m,35-39,1
2010,Niedersachsen,m,40-44,1
2010,Niedersachsen,m,45-49,1
2010,Niedersachsen,m,50-54,0
2010,Niedersachsen,m,55-59,1
2010,Niedersachsen,m,60-64,0
2010,Niedersachsen,m,65-69,0
2010,Niedersachsen,m,70-74,0
2010,Niedersachsen,m,75-79,0
2010,Niedersachsen,m,80-84,0
2010,Niedersachsen,m,85-89,0
2010,Niedersachsen,w,insgesamt,51
2010,Niedersachsen,w,unter 1,0
2010,Niedersachsen,w,1-4,0
2010,Niedersachsen,w,5-9,0
2010,Niedersachsen,w,10-14,0
2010,Niedersachsen,w,15-17,0
2010,Niedersachsen,w,18-19,0
2010,Niedersachsen,w,20-24,2
2010,Niedersachsen,w,25-29,9
2010,Niedersachsen,w,30-34,5
2010,Niedersachsen,w,35-39,8
2010,Niedersachsen,w,40-44,4
2010,Niedersachsen,w,45-49,8
2010,Niedersachsen,w,50-54,10
2010,Niedersachsen,w,55-59,2
2010,Niedersachsen,w,60-64,3
2010,Niedersachsen,w,65-69,0
2010,Niedersachsen,w,70-74,0
2010,Niedersachsen,w,75-79,0
2010,Niedersachsen,w,80-84,0
2010,Niedersachsen,w,85-89,0
2010,Nordrhein-Westfalen,m,insgesamt,87
2010,Nordrhein-Westfalen,m,unter 1,0
2010,Nordrhein-Westfalen,m,1-4,0
2010,Nordrhein-Westfalen,m,5-9,0
2010,Nordrhein-Westfalen,m,10-14,0
2010,Nordrhein-Westfalen,m,15-17,0
2010,Nordrhein-Westfalen,m,18-19,10
2010,Nordrhein-Westfalen,m,20-24,16
2010,Nordrhein-Westfalen,m,25-29,15
2010,Nordrhein-Westfalen,m,30-34,19
2010,Nordrhein-Westfalen,m,35-39,12
2010,Nordrhein-Westfalen,m,40-44,5
2010,Nordrhein-Westfalen,m,45-49,3
2010,Nordrhein-Westfalen,m,50-54,6
2010,Nordrhein-Westfalen,m,55-59,0
2010,Nordrhein-Westfalen,m,60-64,0
2010,Nordrhein-Westfalen,m,65-69,0
2010,Nordrhein-Westfalen,m,70-74,1
2010,Nordrhein-Westfalen,m,75-79,0
2010,Nordrhein-Westfalen,m,80-84,0
2010,Nordrhein-Westfalen,m,85-89,0
2010,Nordrhein-Westfalen,w,insgesamt,145
2010,Nordrhein-Westfalen,w,unter 1,0
2010,Nordrhein-Westfalen,w,1-4,0
2010,Nordrhein-Westfalen,w,5-9,0
2010,Nordrhein-Westfalen,w,10-14,2
2010,Nordrhein-Westfalen,w,15-17,2
2010,Nordrhein-Westfalen,w,18-19,7
2010,Nordrhein-Westfalen,w,20-24,12
2010,Nordrhein-Westfalen,w,25-29,14
2010,Nordrhein-Westfalen,w,30-34,19
2010,Nordrhein-Westfalen,w,35-39,18
2010,Nordrhein-Westfalen,w,40-44,22
2010,Nordrhein-Westfalen,w,45-49,15
2010,Nordrhein-Westfalen,w,50-54,17
2010,Nordrhein-Westfalen,w,55-59,12
2010,Nordrhein-Westfalen,w,60-64,5
2010,Nordrhein-Westfalen,w,65-69,0
2010,Nordrhein-Westfalen,w,70-74,0
2010,Nordrhein-Westfalen,w,75-79,0
2010,Nordrhein-Westfalen,w,80-84,0
2010,Nordrhein-Westfalen,w,85-89,0
2010,Rheinland-Pfalz,m,insgesamt,9
2010,Rheinland-Pfalz,m,unter 1,0
2010,Rheinland-Pfalz,m,1-4,0
2010,Rheinland-Pfalz,m,5-9,0
2010,Rheinland-Pfalz,m,10-14,0
2010,Rheinland-Pfalz,m,15-17,1
2010,Rheinland-Pfalz,m,18-19,0
2010,Rheinland-Pfalz,m,20-24,2
2010,Rheinland-Pfalz,m,25-29,1
2010,Rheinland-Pfalz,m,30-34,3
2010,Rheinland-Pfalz,m,35-39,0
2010,Rheinland-Pfalz,m,40-44,1
2010,Rheinland-Pfalz,m,45-49,0
2010,Rheinland-Pfalz,m,50-54,0
2010,Rheinland-Pfalz,m,55-59,0
2010,Rheinland-Pfalz,m,60-64,1
2010,Rheinland-Pfalz,m,65-69,0
2010,Rheinland-Pfalz,m,70-74,0
2010,Rheinland-Pfalz,m,75-79,0
2010,Rheinland-Pfalz,m,80-84,0
2010,Rheinland-Pfalz,m,85-89,0
2010,Rheinland-Pfalz,w,insgesamt,5
2010,Rheinland-Pfalz,w,unter 1,0
2010,Rheinland-Pfalz,w,1-4,0
2010,Rheinland-Pfalz,w,5-9,0
2010,Rheinland-Pfalz,w,10-14,0
2010,Rheinland-Pfalz,w,15-17,1
2010,Rheinland-Pfalz,w,18-19,0
2010,Rheinland-Pfalz,w,20-24,0
2010,Rheinland-Pfalz,w,25-29,1
2010,Rheinland-Pfalz,w,30-34,0
2010,Rheinland-Pfalz,w,35-39,0
2010,Rheinland-Pfalz,w,40-44,1
2010,Rheinland-Pfalz,w,45-49,1
2010,Rheinland-Pfalz,w,50-54,0
2010,Rheinland-Pfalz,w,55-59,1
2010,Rheinland-Pfalz,w,60-64,0
2010,Rheinland-Pfalz,w,65-69,0
2010,Rheinland-Pfalz,w,70-74,0
2010,Rheinland-Pfalz,w,75-79,0
2010,Rheinland-Pfalz,w,80-84,0
2010,Rheinland-Pfalz,w,85-89,0
2010,Saarland,m,insgesamt,1
2010,Saarland,m,unter 1,0
2010,Saarland,m,1-4,0
2010,Saarland,m,5-9,0
2010,Saarland,m,10-14,0
2010,Saarland,m,15-17,0
2010,Saarland,m,18-19,0
2010,Saarland,m,20-24,0
2010,Saarland,m,25-29,1
2010,Saarland,m,30-34,0
2010,Saarland,m,35-39,0
2010,Saarland,m,40-44,0
2010,Saarland,m,45-49,0
2010,Saarland,m,50-54,0
2010,Saarland,m,55-59,0
2010,Saarland,m,60-64,0
2010,Saarland,m,65-69,0
2010,Saarland,m,70-74,0
2010,Saarland,m,75-79,0
2010,Saarland,m,80-84,0
2010,Saarland,m,85-89,0
2010,Saarland,w,insgesamt,2
2010,Saarland,w,unter 1,0
2010,Saarland,w,1-4,0
2010,Saarland,w,5-9,0
2010,Saarland,w,10-14,0
2010,Saarland,w,15-17,0
2010,Saarland,w,18-19,0
2010,Saarland,w,20-24,0
2010,Saarland,w,25-29,1
2010,Saarland,w,30-34,0
2010,Saarland,w,35-39,0
2010,Saarland,w,40-44,0
2010,Saarland,w,45-49,1
2010,Saarland,w,50-54,0
2010,Saarland,w,55-59,0
2010,Saarland,w,60-64,0
2010,Saarland,w,65-69,0
2010,Saarland,w,70-74,0
2010,Saarland,w,75-79,0
2010,Saarland,w,80-84,0
2010,Saarland,w,85-89,0
2010,Sachsen,m,insgesamt,8
2010,Sachsen,m,unter 1,0
2010,Sachsen,m,1-4,0
2010,Sachsen,m,5-9,0
2010,Sachsen,m,10-14,0
2010,Sachsen,m,15-17,1
2010,Sachsen,m,18-19,1
2010,Sachsen,m,20-24,1
2010,Sachsen,m,25-29,0
2010,Sachsen,m,30-34,3
2010,Sachsen,m,35-39,1
2010,Sachsen,m,40-44,0
2010,Sachsen,m,45-49,1
2010,Sachsen,m,50-54,0
2010,Sachsen,m,55-59,0
2010,Sachsen,m,60-64,0
2010,Sachsen,m,65-69,0
2010,Sachsen,m,70-74,0
2010,Sachsen,m,75-79,0
2010,Sachsen,m,80-84,0
2010,Sachsen,m,85-89,0
2010,Sachsen,w,insgesamt,3
2010,Sachsen,w,unter 1,0
2010,Sachsen,w,1-4,0
2010,Sachsen,w,5-9,0
2010,Sachsen,w,10-14,0
2010,Sachsen,w,15-17,0
2010,Sachsen,w,18-19,1
2010,Sachsen,w,20-24,0
2010,Sachsen,w,25-29,2
2010,Sachsen,w,30-34,0
2010,Sachsen,w,35-39,0
2010,Sachsen,w,40-44,0
2010,Sachsen,w,45-49,0
2010,Sachsen,w,50-54,0
2010,Sachsen,w,55-59,0
2010,Sachsen,w,60-64,0
2010,Sachsen,w,65-69,0
2010,Sachsen,w,70-74,0
2010,Sachsen,w,75-79,0
2010,Sachsen,w,80-84,0
2010,Sachsen,w,85-89,0
2010,Sachsen-Anhalt,m,insgesamt,5
2010,Sachsen-Anhalt,m,unter 1,0
2010,Sachsen-Anhalt,m,1-4,0
2010,Sachsen-Anhalt,m,5-9,0
2010,Sachsen-Anhalt,m,10-14,0
2010,Sachsen-Anhalt,m,15-17,0
2010,Sachsen-Anhalt,m,18-19,0
2010,Sachsen-Anhalt,m,20-24,0
2010,Sachsen-Anhalt,m,25-29,3
2010,Sachsen-Anhalt,m,30-34,0
2010,Sachsen-Anhalt,m,35-39,1
2010,Sachsen-Anhalt,m,40-44,0
2010,Sachsen-Anhalt,m,45-49,1
2010,Sachsen-Anhalt,m,50-54,0
2010,Sachsen-Anhalt,m,55-59,0
2010,Sachsen-Anhalt,m,60-64,0
2010,Sachsen-Anhalt,m,65-69,0
2010,Sachsen-Anhalt,m,70-74,0
2010,Sachsen-Anhalt,m,75-79,0
2010,Sachsen-Anhalt,m,80-84,0
2010,Sachsen-Anhalt,m,85-89,0
2010,Sachsen-Anhalt,w,insgesamt,5
2010,Sachsen-Anhalt,w,unter 1,0
2010,Sachsen-Anhalt,w,1-4,1
2010,Sachsen-Anhalt,w,5-9,0
2010,Sachsen-Anhalt,w,10-14,0
2010,Sachsen-Anhalt,w,15-17,0
2010,Sachsen-Anhalt,w,18-19,0
2010,Sachsen-Anhalt,w,20-24,1
2010,Sachsen-Anhalt,w,25-29,0
2010,Sachsen-Anhalt,w,30-34,1
2010,Sachsen-Anhalt,w,35-39,0
2010,Sachsen-Anhalt,w,40-44,0
2010,Sachsen-Anhalt,w,45-49,0
2010,Sachsen-Anhalt,w,50-54,1
2010,Sachsen-Anhalt,w,55-59,0
2010,Sachsen-Anhalt,w,60-64,1
2010,Sachsen-Anhalt,w,65-69,0
2010,Sachsen-Anhalt,w,70-74,0
2010,Sachsen-Anhalt,w,75-79,0
2010,Sachsen-Anhalt,w,80-84,0
2010,Sachsen-Anhalt,w,85-89,0
2010,Schleswig-Holstein,m,insgesamt,2
2010,Schleswig-Holstein,m,unter 1,0
2010,Schleswig-Holstein,m,1-4,0
2010,Schleswig-Holstein,m,5-9,0
2010,Schleswig-Holstein,m,10-14,0
2010,Schleswig-Holstein,m,15-17,0
2010,Schleswig-Holstein,m,18-19,0
2010,Schleswig-Holstein,m,20-24,1
2010,Schleswig-Holstein,m,25-29,1
2010,Schleswig-Holstein,m,30-34,0
2010,Schleswig-Holstein,m,35-39,0
2010,Schleswig-Holstein,m,40-44,0
2010,Schleswig-Holstein,m,45-49,0
2010,Schleswig-Holstein,m,50-54,0
2010,Schleswig-Holstein,m,55-59,0
2010,Schleswig-Holstein,m,60-64,0
2010,Schleswig-Holstein,m,65-69,0
2010,Schleswig-Holstein,m,70-74,0
2010,Schleswig-Holstein,m,75-79,0
2010,Schleswig-Holstein,m,80-84,0
2010,Schleswig-Holstein,m,85-89,0
2010,Schleswig-Holstein,w,insgesamt,2
2010,Schleswig-Holstein,w,unter 1,0
2010,Schleswig-Holstein,w,1-4,0
2010,Schleswig-Holstein,w,5-9,0
2010,Schleswig-Holstein,w,10-14,0
2010,Schleswig-Holstein,w,15-17,0
2010,Schleswig-Holstein,w,18-19,1
2010,Schleswig-Holstein,w,20-24,0
2010,Schleswig-Holstein,w,25-29,0
2010,Schleswig-Holstein,w,30-34,0
2010,Schleswig-Holstein,w,35-39,0
2010,Schleswig-Holstein,w,40-44,1
2010,Schleswig-Holstein,w,45-49,0
2010,Schleswig-Holstein,w,50-54,0
2010,Schleswig-Holstein,w,55-59,0
2010,Schleswig-Holstein,w,60-64,0
2010,Schleswig-Holstein,w,65-69,0
2010,Schleswig-Holstein,w,70-74,0
2010,Schleswig-Holstein,w,75-79,0
2010,Schleswig-Holstein,w,80-84,0
2010,Schleswig-Holstein,w,85-89,0
2010,Thüringen,m,insgesamt,1
2010,Thüringen,m,unter 1,0
2010,Thüringen,m,1-4,0
2010,Thüringen,m,5-9,0
2010,Thüringen,m,10-14,0
2010,Thüringen,m,15-17,0
2010,Thüringen,m,18-19,0
2010,Thüringen,m,20-24,0
2010,Thüringen,m,25-29,0
2010,Thüringen,m,30-34,0
2010,Thüringen,m,35-39,0
2010,Thüringen,m,40-44,0
2010,Thüringen,m,45-49,1
2010,Thüringen,m,50-54,0
2010,Thüringen,m,55-59,0
2010,Thüringen,m,60-64,0
2010,Thüringen,m,65-69,0
2010,Thüringen,m,70-74,0
2010,Thüringen,m,75-79,0
2010,Thüringen,m,80-84,0
2010,Thüringen,m,85-89,0
2010,Thüringen,w,insgesamt,5
2010,Thüringen,w,unter 1,0
2010,Thüringen,w,1-4,0
2010,Thüringen,w,5-9,0
2010,Thüringen,w,10-14,0
2010,Thüringen,w,15-17,0
2010,Thüringen,w,18-19,0
2010,Thüringen,w,20-24,0
2010,Thüringen,w,25-29,0
2010,Thüringen,w,30-34,0
2010,Thüringen,w,35-39,0
2010,Thüringen,w,40-44,1
2010,Thüringen,w,45-49,2
2010,Thüringen,w,50-54,1
2010,Thüringen,w,55-59,0
2010,Thüringen,w,60-64,1
2010,Thüringen,w,65-69,0
2010,Thüringen,w,70-74,0
2010,Thüringen,w,75-79,0
2010,Thüringen,w,80-84,0
2010,Thüringen,w,85-89,0
2011,Deutschland,m,insgesamt,666
2011,Deutschland,m,unter 1,0
2011,Deutschland,m,1-4,0
2011,Deutschland,m,5-9,1
2011,Deutschland,m,10-14,1
2011,Deutschland,m,15-17,4
2011,Deutschland,m,18-19,30
2011,Deutschland,m,20-24,114
2011,Deutschland,m,25-29,143
2011,Deutschland,m,30-34,121
2011,Deutschland,m,35-39,78
2011,Deutschland,m,40-44,85
2011,Deutschland,m,45-49,59
2011,Deutschland,m,50-54,20
2011,Deutschland,m,55-59,5
2011,Deutschland,m,60-64,1
2011,Deutschland,m,65-69,2
2011,Deutschland,m,70-74,1
2011,Deutschland,m,75-79,1
2011,Deutschland,m,80-84,0
2011,Deutschland,m,85-89,0
2011,Deutschland,w,insgesamt,465
2011,Deutschland,w,unter 1,0
2011,Deutschland,w,1-4,0
2011,Deutschland,w,5-9,0
2011,Deutschland,w,10-14,1
2011,Deutschland,w,15-17,7
2011,Deutschland,w,18-19,14
2011,Deutschland,w,20-24,49
2011,Deutschland,w,25-29,45
2011,Deutschland,w,30-34,54
2011,Deutschland,w,35-39,41
2011,Deutschland,w,40-44,84
2011,Deutschland,w,45-49,81
2011,Deutschland,w,50-54,56
2011,Deutschland,w,55-59,24
2011,Deutschland,w,60-64,4
2011,Deutschland,w,65-69,3
2011,Deutschland,w,70-74,2
2011,Deutschland,w,75-79,0
2011,Deutschland,w,80-84,0
2011,Deutschland,w,85-89,0
2011,Baden-Württemberg,m,insgesamt,16
2011,Baden-Württemberg,m,unter 1,0
2011,Baden-Württemberg,m,1-4,0
2011,Baden-Württemberg,m,5-9,0
2011,Baden-Württemberg,m,10-14,0
2011,Baden-Württemberg,m,15-17,1
2011,Baden-Württemberg,m,18-19,0
2011,Baden-Württemberg,m,20-24,1
2011,Baden-Württemberg,m,25-29,3
2011,Baden-Württemberg,m,30-34,5
2011,Baden-Württemberg,m,35-39,2
2011,Baden-Württemberg,m,40-44,3
2011,Baden-Württemberg,m,45-49,1
2011,Baden-Württemberg,m,50-54,0
2011,Baden-Württemberg,m,55-59,0
2011,Baden-Württemberg,m,60-64,0
2011,Baden-Württemberg,m,65-69,0
2011,Baden-Württemberg,m,70-74,0
2011,Baden-Württemberg,m,75-79,0
2011,Baden-Württemberg,m,80-84,0
2011,Baden-Württemberg,m,85-89,0
2011,Baden-Württemberg,w,insgesamt,23
2011,Baden-Württemberg,w,unter 1,0
2011,Baden-Württemberg,w,1-4,0
2011,Baden-Württemberg,w,5-9,0
2011,Baden-Württemberg,w,10-14,0
2011,Baden-Württemberg,w,15-17,1
2011,Baden-Württemberg,w,18-19,3
2011,Baden-Württemberg,w,20-24,1
2011,Baden-Württemberg,w,25-29,2
2011,Baden-Württemberg,w,30-34,1
2011,Baden-Württemberg,w,35-39,2
2011,Baden-Württemberg,w,40-44,1
2011,Baden-Württemberg,w,45-49,6
2011,Baden-Württemberg,w,50-54,6
2011,Baden-Württemberg,w,55-59,0
2011,Baden-Württemberg,w,60-64,0
2011,Baden-Württemberg,w,65-69,0
2011,Baden-Württemberg,w,70-74,0
2011,Baden-Württemberg,w,75-79,0
2011,Baden-Württemberg,w,80-84,0
2011,Baden-Württemberg,w,85-89,0
2011,Bayern,m,insgesamt,328
2011,Bayern,m,unter 1,0
2011,Bayern,m,1-4,0
2011,Bayern,m,5-9,0
2011,Bayern,m,10-14,0
2011,Bayern,m,15-17,0
2011,Bayern,m,18-19,14
2011,Bayern,m,20-24,48
2011,Bayern,m,25-29,67
2011,Bayern,m,30-34,68
2011,Bayern,m,35-39,43
2011,Bayern,m,40-44,51
2011,Bayern,m,45-49,27
2011,Bayern,m,50-54,5
2011,Bayern,m,55-59,4
2011,Bayern,m,60-64,1
2011,Bayern,m,65-69,0
2011,Bayern,m,70-74,0
2011,Bayern,m,75-79,0
2011,Bayern,m,80-84,0
2011,Bayern,m,85-89,0
2011,Bayern,w,insgesamt,163
2011,Bayern,w,unter 1,0
2011,Bayern,w,1-4,0
2011,Bayern,w,5-9,0
2011,Bayern,w,10-14,0
2011,Bayern,w,15-17,0
2011,Bayern,w,18-19,4
2011,Bayern,w,20-24,21
2011,Bayern,w,25-29,15
2011,Bayern,w,30-34,21
2011,Bayern,w,35-39,21
2011,Bayern,w,40-44,33
2011,Bayern,w,45-49,25
2011,Bayern,w,50-54,17
2011,Bayern,w,55-59,3
2011,Bayern,w,60-64,0
2011,Bayern,w,65-69,1
2011,Bayern,w,70-74,2
2011,Bayern,w,75-79,0
2011,Bayern,w,80-84,0
2011,Bayern,w,85-89,0
2011,Berlin,m,insgesamt,64
2011,Berlin,m,unter 1,0
2011,Berlin,m,1-4,0
2011,Berlin,m,5-9,0
2011,Berlin,m,10-14,1
2011,Berlin,m,15-17,0
2011,Berlin,m,18-19,2
2011,Berlin,m,20-24,11
2011,Berlin,m,25-29,7
2011,Berlin,m,30-34,9
2011,Berlin,m,35-39,14
2011,Berlin,m,40-44,9
2011,Berlin,m,45-49,6
2011,Berlin,m,50-54,3
2011,Berlin,m,55-59,0
2011,Berlin,m,60-64,0
2011,Berlin,m,65-69,2
2011,Berlin,m,70-74,0
2011,Berlin,m,75-79,0
2011,Berlin,m,80-84,0
2011,Berlin,m,85-89,0
2011,Berlin,w,insgesamt,53
2011,Berlin,w,unter 1,0
2011,Berlin,w,1-4,0
2011,Berlin,w,5-9,0
2011,Berlin,w,10-14,0
2011,Berlin,w,15-17,0
2011,Berlin,w,18-19,0
2011,Berlin,w,20-24,3
2011,Berlin,w,25-29,3
2011,Berlin,w,30-34,3
2011,Berlin,w,35-39,3
2011,Berlin,w,40-44,12
2011,Berlin,w,45-49,14
2011,Berlin,w,50-54,6
2011,Berlin,w,55-59,6
2011,Berlin,w,60-64,2
2011,Berlin,w,65-69,1
2011,Berlin,w,70-74,0
2011,Berlin,w,75-79,0
2011,Berlin,w,80-84,0
2011,Berlin,w,85-89,0
2011,Brandenburg,m,insgesamt,0
2011,Brandenburg,m,unter 1,0
2011,Brandenburg,m,1-4,0
2011,Brandenburg,m,5-9,0
2011,Brandenburg,m,10-14,0
2011,Brandenburg,m,15-17,0
2011,Brandenburg,m,18-19,0
2011,Brandenburg,m,20-24,0
2011,Brandenburg,m,25-29,0
2011,Brandenburg,m,30-34,0
2011,Brandenburg,m,35-39,0
2011,Brandenburg,m,40-44,0
2011,Brandenburg,m,45-49,0
2011,Brandenburg,m,50-54,0
2011,Brandenburg,m,55-59,0
2011,Brandenburg,m,60-64,0
2011,Brandenburg,m,65-69,0
2011,Brandenburg,m,70-74,0
2011,Brandenburg,m,75-79,0
2011,Brandenburg,m,80-84,0
2011,Brandenburg,m,85-89,0
2011,Brandenburg,w,insgesamt,1
2011,Brandenburg,w,unter 1,0
2011,Brandenburg,w,1-4,0
2011,Brandenburg,w,5-9,0
2011,Brandenburg,w,10-14,0
2011,Brandenburg,w,15-17,0
2011,Brandenburg,w,18-19,0
2011,Brandenburg,w,20-24,0
2011,Brandenburg,w,25-29,0
2011,Brandenburg,w,30-34,0
2011,Brandenburg,w,35-39,0
2011,Brandenburg,w,40-44,1
2011,Brandenburg,w,45-49,0
2011,Brandenburg,w,50-54,0
2011,Brandenburg,w,55-59,0
2011,Brandenburg,w,60-64,0
2011,Brandenburg,w,65-69,0
2011,Brandenburg,w,70-74,0
2011,Brandenburg,w,75-79,0
2011,Brandenburg,w,80-84,0
2011,Brandenburg,w,85-89,0
2011,Hamburg,m,insgesamt,47
2011,Hamburg,m,unter 1,0
2011,Hamburg,m,1-4,0
2011,Hamburg,m,5-9,0
2011,Hamburg,m,10-14,0
2011,Hamburg,m,15-17,1
2011,Hamburg,m,18-19,3
2011,Hamburg,m,20-24,11
2011,Hamburg,m,25-29,14
2011,Hamburg,m,30-34,9
2011,Hamburg,m,35-39,1
2011,Hamburg,m,40-44,1
2011,Hamburg,m,45-49,4
2011,Hamburg,m,50-54,3
2011,Hamburg,m,55-59,0
2011,Hamburg,m,60-64,0
2011,Hamburg,m,65-69,0
2011,Hamburg,m,70-74,0
2011,Hamburg,m,75-79,0
2011,Hamburg,m,80-84,0
2011,Hamburg,m,85-89,0
2011,Hamburg,w,insgesamt,13
2011,Hamburg,w,unter 1,0
2011,Hamburg,w,1-4,0
2011,Hamburg,w,5-9,0
2011,Hamburg,w,10-14,0
2011,Hamburg,w,15-17,1
2011,Hamburg,w,18-19,1
2011,Hamburg,w,20-24,1
2011,Hamburg,w,25-29,2
2011,Hamburg,w,30-34,3
2011,Hamburg,w,35-39,1
2011,Hamburg,w,40-44,1
2011,Hamburg,w,45-49,2
2011,Hamburg,w,50-54,1
2011,Hamburg,w,55-59,0
2011,Hamburg,w,60-64,0
2011,Hamburg,w,65-69,0
2011,Hamburg,w,70-74,0
2011,Hamburg,w,75-79,0
2011,Hamburg,w,80-84,0
2011,Hamburg,w,85-89,0
2011,Hessen,m,insgesamt,67
2011,Hessen,m,unter 1,0
2011,Hessen,m,1-4,0
2011,Hessen,m,5-9,0
2011,Hessen,m,10-14,0
2011,Hessen,m,15-17,0
2011,Hessen,m,18-19,2
2011,Hessen,m,20-24,10
2011,Hessen,m,25-29,15
2011,Hessen,m,30-34,9
2011,Hessen,m,35-39,6
2011,Hessen,m,40-44,11
2011,Hessen,m,45-49,10
2011,Hessen,m,50-54,4
2011,Hessen,m,55-59,0
2011,Hessen,m,60-64,0
2011,Hessen,m,65-69,0
2011,Hessen,m,70-74,0
2011,Hessen,m,75-79,0
2011,Hessen,m,80-84,0
2011,Hessen,m,85-89,0
2011,Hessen,w,insgesamt,21
2011,Hessen,w,unter 1,0
2011,Hessen,w,1-4,0
2011,Hessen,w,5-9,0
2011,Hessen,w,10-14,1
2011,Hessen,w,15-17,0
2011,Hessen,w,18-19,0
2011,Hessen,w,20-24,4
2011,Hessen,w,25-29,1
2011,Hessen,w,30-34,1
2011,Hessen,w,35-39,1
2011,Hessen,w,40-44,5
2011,Hessen,w,45-49,3
2011,Hessen,w,50-54,4
2011,Hessen,w,55-59,1
2011,Hessen,w,60-64,0
2011,Hessen,w,65-69,0
2011,Hessen,w,70-74,0
2011,Hessen,w,75-79,0
2011,Hessen,w,80-84,0
2011,Hessen,w,85-89,0
2011,Mecklenburg-Vorpommern,m,insgesamt,0
2011,Mecklenburg-Vorpommern,m,unter 1,0
2011,Mecklenburg-Vorpommern,m,1-4,0
2011,Mecklenburg-Vorpommern,m,5-9,0
2011,Mecklenburg-Vorpommern,m,10-14,0
2011,Mecklenburg-Vorpommern,m,15-17,0
2011,Mecklenburg-Vorpommern,m,18-19,0
2011,Mecklenburg-Vorpommern,m,20-24,0
2011,Mecklenburg-Vorpommern,m,25-29,0
2011,Mecklenburg-Vorpommern,m,30-34,0
2011,Mecklenburg-Vorpommern,m,35-39,0
2011,Mecklenburg-Vorpommern,m,40-44,0
2011,Mecklenburg-Vorpommern,m,45-49,0
2011,Mecklenburg-Vorpommern,m,50-54,0
2011,Mecklenburg-Vorpommern,m,55-59,0
2011,Mecklenburg-Vorpommern,m,60-64,0
2011,Mecklenburg-Vorpommern,m,65-69,0
2011,Mecklenburg-Vorpommern,m,70-74,0
2011,Mecklenburg-Vorpommern,m,75-79,0
2011,Mecklenburg-Vorpommern,m,80-84,0
2011,Mecklenburg-Vorpommern,m,85-89,0
2011,Mecklenburg-Vorpommern,w,insgesamt,2
2011,Mecklenburg-Vorpommern,w,unter 1,0
2011,Mecklenburg-Vorpommern,w,1-4,0
2011,Mecklenburg-Vorpommern,w,5-9,0
2011,Mecklenburg-Vorpommern,w,10-14,0
2011,Mecklenburg-Vorpommern,w,15-17,0
2011,Mecklenburg-Vorpommern,w,18-19,0
2011,Mecklenburg-Vorpommern,w,20-24,0
2011,Mecklenburg-Vorpommern,w,25-29,0
2011,Mecklenburg-Vorpommern,w,30-34,1
2011,Mecklenburg-Vorpommern,w,35-39,0
2011,Mecklenburg-Vorpommern,w,40-44,0
2011,Mecklenburg-Vorpommern,w,45-49,0
2011,Mecklenburg-Vorpommern,w,50-54,1
2011,Mecklenburg-Vorpommern,w,55-59,0
2011,Mecklenburg-Vorpommern,w,60-64,0
2011,Mecklenburg-Vorpommern,w,65-69,0
2011,Mecklenburg-Vorpommern,w,70-74,0
2011,Mecklenburg-Vorpommern,w,75-79,0
2011,Mecklenburg-Vorpommern,w,80-84,0
2011,Mecklenburg-Vorpommern,w,85-89,0
2011,Niedersachsen,m,insgesamt,12
2011,Niedersachsen,m,unter 1,0
2011,Niedersachsen,m,1-4,0
2011,Niedersachsen,m,5-9,0
2011,Niedersachsen,m,10-14,0
2011,Niedersachsen,m,15-17,0
2011,Niedersachsen,m,18-19,0
2011,Niedersachsen,m,20-24,3
2011,Niedersachsen,m,25-29,4
2011,Niedersachsen,m,30-34,1
2011,Niedersachsen,m,35-39,1
2011,Niedersachsen,m,40-44,2
2011,Niedersachsen,m,45-49,1
2011,Niedersachsen,m,50-54,0
2011,Niedersachsen,m,55-59,0
2011,Niedersachsen,m,60-64,0
2011,Niedersachsen,m,65-69,0
2011,Niedersachsen,m,70-74,0
2011,Niedersachsen,m,75-79,0
2011,Niedersachsen,m,80-84,0
2011,Niedersachsen,m,85-89,0
2011,Niedersachsen,w,insgesamt,46
2011,Niedersachsen,w,unter 1,0
2011,Niedersachsen,w,1-4,0
2011,Niedersachsen,w,5-9,0
2011,Niedersachsen,w,10-14,0
2011,Niedersachsen,w,15-17,0
2011,Niedersachsen,w,18-19,0
2011,Niedersachsen,w,20-24,4
2011,Niedersachsen,w,25-29,7
2011,Niedersachsen,w,30-34,7
2011,Niedersachsen,w,35-39,6
2011,Niedersachsen,w,40-44,4
2011,Niedersachsen,w,45-49,9
2011,Niedersachsen,w,50-54,8
2011,Niedersachsen,w,55-59,0
2011,Niedersachsen,w,60-64,1
2011,Niedersachsen,w,65-69,0
2011,Niedersachsen,w,70-74,0
2011,Niedersachsen,w,75-79,0
2011,Niedersachsen,w,80-84,0
2011,Niedersachsen,w,85-89,0
2011,Nordrhein-Westfalen,m,insgesamt,98
2011,Nordrhein-Westfalen,m,unter 1,0
2011,Nordrhein-Westfalen,m,1-4,0
2011,Nordrhein-Westfalen,m,5-9,0
2011,Nordrhein-Westfalen,m,10-14,0
2011,Nordrhein-Westfalen,m,15-17,1
2011,Nordrhein-Westfalen,m,18-19,8
2011,Nordrhein-Westfalen,m,20-24,21
2011,Nordrhein-Westfalen,m,25-29,21
2011,Nordrhein-Westfalen,m,30-34,17
2011,Nordrhein-Westfalen,m,35-39,10
2011,Nordrhein-Westfalen,m,40-44,7
2011,Nordrhein-Westfalen,m,45-49,7
2011,Nordrhein-Westfalen,m,50-54,5
2011,Nordrhein-Westfalen,m,55-59,1
2011,Nordrhein-Westfalen,m,60-64,0
2011,Nordrhein-Westfalen,m,65-69,0
2011,Nordrhein-Westfalen,m,70-74,0
2011,Nordrhein-Westfalen,m,75-79,0
2011,Nordrhein-Westfalen,m,80-84,0
2011,Nordrhein-Westfalen,m,85-89,0
2011,Nordrhein-Westfalen,w,insgesamt,127
2011,Nordrhein-Westfalen,w,unter 1,0
2011,Nordrhein-Westfalen,w,1-4,0
2011,Nordrhein-Westfalen,w,5-9,0
2011,Nordrhein-Westfalen,w,10-14,0
2011,Nordrhein-Westfalen,w,15-17,5
2011,Nordrhein-Westfalen,w,18-19,6
2011,Nordrhein-Westfalen,w,20-24,15
2011,Nordrhein-Westfalen,w,25-29,13
2011,Nordrhein-Westfalen,w,30-34,12
2011,Nordrhein-Westfalen,w,35-39,6
2011,Nordrhein-Westfalen,w,40-44,24
2011,Nordrhein-Westfalen,w,45-49,18
2011,Nordrhein-Westfalen,w,50-54,12
2011,Nordrhein-Westfalen,w,55-59,14
2011,Nordrhein-Westfalen,w,60-64,1
2011,Nordrhein-Westfalen,w,65-69,1
2011,Nordrhein-Westfalen,w,70-74,0
2011,Nordrhein-Westfalen,w,75-79,0
2011,Nordrhein-Westfalen,w,80-84,0
2011,Nordrhein-Westfalen,w,85-89,0
2011,Rheinland-Pfalz,m,insgesamt,14
2011,Rheinland-Pfalz,m,unter 1,0
2011,Rheinland-Pfalz,m,1-4,0
2011,Rheinland-Pfalz,m,5-9,0
2011,Rheinland-Pfalz,m,10-14,0
2011,Rheinland-Pfalz,m,15-17,1
2011,Rheinland-Pfalz,m,18-19,0
2011,Rheinland-Pfalz,m,20-24,5
2011,Rheinland-Pfalz,m,25-29,6
2011,Rheinland-Pfalz,m,30-34,1
2011,Rheinland-Pfalz,m,35-39,0
2011,Rheinland-Pfalz,m,40-44,1
2011,Rheinland-Pfalz,m,45-49,0
2011,Rheinland-Pfalz,m,50-54,0
2011,Rheinland-Pfalz,m,55-59,0
2011,Rheinland-Pfalz,m,60-64,0
2011,Rheinland-Pfalz,m,65-69,0
2011,Rheinland-Pfalz,m,70-74,0
2011,Rheinland-Pfalz,m,75-79,0
2011,Rheinland-Pfalz,m,80-84,0
2011,Rheinland-Pfalz,m,85-89,0
2011,Rheinland-Pfalz,w,insgesamt,2
2011,Rheinland-Pfalz,w,unter 1,0
2011,Rheinland-Pfalz,w,1-4,0
2011,Rheinland-Pfalz,w,5-9,0
2011,Rheinland-Pfalz,w,10-14,0
2011,Rheinland-Pfalz,w,15-17,0
2011,Rheinland-Pfalz,w,18-19,0
2011,Rheinland-Pfalz,w,20-24,0
2011,Rheinland-Pfalz,w,25-29,1
2011,Rheinland-Pfalz,w,30-34,1
2011,Rheinland-Pfalz,w,35-39,0
2011,Rheinland-Pfalz,w,40-44,0
2011,Rheinland-Pfalz,w,45-49,0
2011,Rheinland-Pfalz,w,50-54,0
2011,Rheinland-Pfalz,w,55-59,0
2011,Rheinland-Pfalz,w,60-64,0
2011,Rheinland-Pfalz,w,65-69,0
2011,Rheinland-Pfalz,w,70-74,0
2011,Rheinland-Pfalz,w,75-79,0
2011,Rheinland-Pfalz,w,80-84,0
2011,Rheinland-Pfalz,w,85-89,0
2011,Saarland,m,insgesamt,2
2011,Saarland,m,unter 1,0
2011,Saarland,m,1-4,0
2011,Saarland,m,5-9,0
2011,Saarland,m,10-14,0
2011,Saarland,m,15-17,0
2011,Saarland,m,18-19,1
2011,Saarland,m,20-24,1
2011,Saarland,m,25-29,0
2011,Saarland,m,30-34,0
2011,Saarland,m,35-39,0
2011,Saarland,m,40-44,0
2011,Saarland,m,45-49,0
2011,Saarland,m,50-54,0
2011,Saarland,m,55-59,0
2011,Saarland,m,60-64,0
2011,Saarland,m,65-69,0
2011,Saarland,m,70-74,0
2011,Saarland,m,75-79,0
2011,Saarland,m,80-84,0
2011,Saarland,m,85-89,0
2011,Saarland,w,insgesamt,1
2011,Saarland,w,unter 1,0
2011,Saarland,w,1-4,0
2011,Saarland,w,5-9,0
2011,Saarland,w,10-14,0
2011,Saarland,w,15-17,0
2011,Saarland,w,18-19,0
2011,Saarland,w,20-24,0
2011,Saarland,w,25-29,0
2011,Saarland,w,30-34,0
2011,Saarland,w,35-39,0
2011,Saarland,w,40-44,0
2011,Saarland,w,45-49,1
2011,Saarland,w,50-54,0
2011,Saarland,w,55-59,0
2011,Saarland,w,60-64,0
2011,Saarland,w,65-69,0
2011,Saarland,w,70-74,0
2011,Saarland,w,75-79,0
2011,Saarland,w,80-84,0
2011,Saarland,w,85-89,0
2011,Sachsen,m,insgesamt,9
2011,Sachsen,m,unter 1,0
2011,Sachsen,m,1-4,0
2011,Sachsen,m,5-9,1
2011,Sachsen,m,10-14,0
2011,Sachsen,m,15-17,0
2011,Sachsen,m,18-19,0
2011,Sachsen,m,20-24,2
2011,Sachsen,m,25-29,2
2011,Sachsen,m,30-34,1
2011,Sachsen,m,35-39,1
2011,Sachsen,m,40-44,0
2011,Sachsen,m,45-49,2
2011,Sachsen,m,50-54,0
2011,Sachsen,m,55-59,0
2011,Sachsen,m,60-64,0
2011,Sachsen,m,65-69,0
2011,Sachsen,m,70-74,0
2011,Sachsen,m,75-79,0
2011,Sachsen,m,80-84,0
2011,Sachsen,m,85-89,0
2011,Sachsen,w,insgesamt,0
2011,Sachsen,w,unter 1,0
2011,Sachsen,w,1-4,0
2011,Sachsen,w,5-9,0
2011,Sachsen,w,10-14,0
2011,Sachsen,w,15-17,0
2011,Sachsen,w,18-19,0
2011,Sachsen,w,20-24,0
2011,Sachsen,w,25-29,0
2011,Sachsen,w,30-34,0
2011,Sachsen,w,35-39,0
2011,Sachsen,w,40-44,0
2011,Sachsen,w,45-49,0
2011,Sachsen,w,50-54,0
2011,Sachsen,w,55-59,0
2011,Sachsen,w,60-64,0
2011,Sachsen,w,65-69,0
2011,Sachsen,w,70-74,0
2011,Sachsen,w,75-79,0
2011,Sachsen,w,80-84,0
2011,Sachsen,w,85-89,0
2011,Sachsen-Anhalt,m,insgesamt,4
2011,Sachsen-Anhalt,m,unter 1,0
2011,Sachsen-Anhalt,m,1-4,0
2011,Sachsen-Anhalt,m,5-9,0
2011,Sachsen-Anhalt,m,10-14,0
2011,Sachsen-Anhalt,m,15-17,0
2011,Sachsen-Anhalt,m,18-19,0
2011,Sachsen-Anhalt,m,20-24,1
2011,Sachsen-Anhalt,m,25-29,3
2011,Sachsen-Anhalt,m,30-34,0
2011,Sachsen-Anhalt,m,35-39,0
2011,Sachsen-Anhalt,m,40-44,0
2011,Sachsen-Anhalt,m,45-49,0
2011,Sachsen-Anhalt,m,50-54,0
2011,Sachsen-Anhalt,m,55-59,0
2011,Sachsen-Anhalt,m,60-64,0
2011,Sachsen-Anhalt,m,65-69,0
2011,Sachsen-Anhalt,m,70-74,0
2011,Sachsen-Anhalt,m,75-79,0
2011,Sachsen-Anhalt,m,80-84,0
2011,Sachsen-Anhalt,m,85-89,0
2011,Sachsen-Anhalt,w,insgesamt,2
2011,Sachsen-Anhalt,w,unter 1,0
2011,Sachsen-Anhalt,w,1-4,0
2011,Sachsen-Anhalt,w,5-9,0
2011,Sachsen-Anhalt,w,10-14,0
2011,Sachsen-Anhalt,w,15-17,0
2011,Sachsen-Anhalt,w,18-19,0
2011,Sachsen-Anhalt,w,20-24,0
2011,Sachsen-Anhalt,w,25-29,0
2011,Sachsen-Anhalt,w,30-34,2
2011,Sachsen-Anhalt,w,35-39,0
2011,Sachsen-Anhalt,w,40-44,0
2011,Sachsen-Anhalt,w,45-49,0
2011,Sachsen-Anhalt,w,50-54,0
2011,Sachsen-Anhalt,w,55-59,0
2011,Sachsen-Anhalt,w,60-64,0
2011,Sachsen-Anhalt,w,65-69,0
2011,Sachsen-Anhalt,w,70-74,0
2011,Sachsen-Anhalt,w,75-79,0
2011,Sachsen-Anhalt,w,80-84,0
2011,Sachsen-Anhalt,w,85-89,0
2011,Schleswig-Holstein,m,insgesamt,5
2011,Schleswig-Holstein,m,unter 1,0
2011,Schleswig-Holstein,m,1-4,0
2011,Schleswig-Holstein,m,5-9,0
2011,Schleswig-Holstein,m,10-14,0
2011,Schleswig-Holstein,m,15-17,0
2011,Schleswig-Holstein,m,18-19,0
2011,Schleswig-Holstein,m,20-24,0
2011,Schleswig-Holstein,m,25-29,1
2011,Schleswig-Holstein,m,30-34,1
2011,Schleswig-Holstein,m,35-39,0
2011,Schleswig-Holstein,m,40-44,0
2011,Schleswig-Holstein,m,45-49,1
2011,Schleswig-Holstein,m,50-54,0
2011,Schleswig-Holstein,m,55-59,0
2011,Schleswig-Holstein,m,60-64,0
2011,Schleswig-Holstein,m,65-69,0
2011,Schleswig-Holstein,m,70-74,1
2011,Schleswig-Holstein,m,75-79,1
2011,Schleswig-Holstein,m,80-84,0
2011,Schleswig-Holstein,m,85-89,0
2011,Schleswig-Holstein,w,insgesamt,1
2011,Schleswig-Holstein,w,unter 1,0
2011,Schleswig-Holstein,w,1-4,0
2011,Schleswig-Holstein,w,5-9,0
2011,Schleswig-Holstein,w,10-14,0
2011,Schleswig-Holstein,w,15-17,0
2011,Schleswig-Holstein,w,18-19,0
2011,Schleswig-Holstein,w,20-24,0
2011,Schleswig-Holstein,w,25-29,0
2011,Schleswig-Holstein,w,30-34,1
2011,Schleswig-Holstein,w,35-39,0
2011,Schleswig-Holstein,w,40-44,0
2011,Schleswig-Holstein,w,45-49,0
2011,Schleswig-Holstein,w,50-54,0
2011,Schleswig-Holstein,w,55-59,0
2011,Schleswig-Holstein,w,60-64,0
2011,Schleswig-Holstein,w,65-69,0
2011,Schleswig-Holstein,w,70-74,0
2011,Schleswig-Holstein,w,75-79,0
2011,Schleswig-Holstein,w,80-84,0
2011,Schleswig-Holstein,w,85-89,0
2011,Thüringen,m,insgesamt,0
2011,Thüringen,m,unter 1,0
2011,Thüringen,m,1-4,0
2011,Thüringen,m,5-9,0
2011,Thüringen,m,10-14,0
2011,Thüringen,m,15-17,0
2011,Thüringen,m,18-19,0
2011,Thüringen,m,20-24,0
2011,Thüringen,m,25-29,0
2011,Thüringen,m,30-34,0
2011,Thüringen,m,35-39,0
2011,Thüringen,m,40-44,0
2011,Thüringen,m,45-49,0
2011,Thüringen,m,50-54,0
2011,Thüringen,m,55-59,0
2011,Thüringen,m,60-64,0
2011,Thüringen,m,65-69,0
2011,Thüringen,m,70-74,0
2011,Thüringen,m,75-79,0
2011,Thüringen,m,80-84,0
2011,Thüringen,m,85-89,0
2011,Thüringen,w,insgesamt,10
2011,Thüringen,w,unter 1,0
2011,Thüringen,w,1-4,0
2011,Thüringen,w,5-9,0
2011,Thüringen,w,10-14,0
2011,Thüringen,w,15-17,0
2011,Thüringen,w,18-19,0
2011,Thüringen,w,20-24,0
2011,Thüringen,w,25-29,1
2011,Thüringen,w,30-34,1
2011,Thüringen,w,35-39,1
2011,Thüringen,w,40-44,3
2011,Thüringen,w,45-49,3
2011,Thüringen,w,50-54,1
2011,Thüringen,w,55-59,0
2011,Thüringen,w,60-64,0
2011,Thüringen,w,65-69,0
2011,Thüringen,w,70-74,0
2011,Thüringen,w,75-79,0
2011,Thüringen,w,80-84,0
2011,Thüringen,w,85-89,0
2012,Deutschland,m,insgesamt,853
2012,Deutschland,m,unter 1,0
2012,Deutschland,m,1-4,0
2012,Deutschland,m,5-9,0
2012,Deutschland,m,10-14,1
2012,Deutschland,m,15-17,6
2012,Deutschland,m,18-19,31
2012,Deutschland,m,20-24,151
2012,Deutschland,m,25-29,172
2012,Deutschland,m,30-34,170
2012,Deutschland,m,35-39,122
2012,Deutschland,m,40-44,86
2012,Deutschland,m,45-49,67
2012,Deutschland,m,50-54,35
2012,Deutschland,m,55-59,8
2012,Deutschland,m,60-64,0
2012,Deutschland,m,65-69,4
2012,Deutschland,m,70-74,0
2012,Deutschland,m,75-79,0
2012,Deutschland,m,80-84,0
2012,Deutschland,m,85-89,0
2012,Deutschland,w,insgesamt,571
2012,Deutschland,w,unter 1,0
2012,Deutschland,w,1-4,0
2012,Deutschland,w,5-9,0
2012,Deutschland,w,10-14,1
2012,Deutschland,w,15-17,8
2012,Deutschland,w,18-19,14
2012,Deutschland,w,20-24,64
2012,Deutschland,w,25-29,55
2012,Deutschland,w,30-34,71
2012,Deutschland,w,35-39,53
2012,Deutschland,w,40-44,70
2012,Deutschland,w,45-49,99
2012,Deutschland,w,50-54,80
2012,Deutschland,w,55-59,30
2012,Deutschland,w,60-64,16
2012,Deutschland,w,65-69,2
2012,Deutschland,w,70-74,6
2012,Deutschland,w,75-79,2
2012,Deutschland,w,80-84,0
2012,Deutschland,w,85-89,0
2012,Baden-Württemberg,m,insgesamt,25
2012,Baden-Württemberg,m,unter 1,0
2012,Baden-Württemberg,m,1-4,0
2012,Baden-Württemberg,m,5-9,0
2012,Baden-Württemberg,m,10-14,0
2012,Baden-Württemberg,m,15-17,0
2012,Baden-Württemberg,m,18-19,1
2012,Baden-Württemberg,m,20-24,8
2012,Baden-Württemberg,m,25-29,5
2012,Baden-Württemberg,m,30-34,2
2012,Baden-Württemberg,m,35-39,4
2012,Baden-Württemberg,m,40-44,4
2012,Baden-Württemberg,m,45-49,0
2012,Baden-Württemberg,m,50-54,1
2012,Baden-Württemberg,m,55-59,0
2012,Baden-Württemberg,m,60-64,0
2012,Baden-Württemberg,m,65-69,0
2012,Baden-Württemberg,m,70-74,0
2012,Baden-Württemberg,m,75-79,0
2012,Baden-Württemberg,m,80-84,0
2012,Baden-Württemberg,m,85-89,0
2012,Baden-Württemberg,w,insgesamt,29
2012,Baden-Württemberg,w,unter 1,0
2012,Baden-Württemberg,w,1-4,0
2012,Baden-Württemberg,w,5-9,0
2012,Baden-Württemberg,w,10-14,0
2012,Baden-Württemberg,w,15-17,0
2012,Baden-Württemberg,w,18-19,3
2012,Baden-Württemberg,w,20-24,4
2012,Baden-Württemberg,w,25-29,0
2012,Baden-Württemberg,w,30-34,4
2012,Baden-Württemberg,w,35-39,2
2012,Baden-Württemberg,w,40-44,6
2012,Baden-Württemberg,w,45-49,4
2012,Baden-Württemberg,w,50-54,6
2012,Baden-Württemberg,w,55-59,0
2012,Baden-Württemberg,w,60-64,0
2012,Baden-Württemberg,w,65-69,0
2012,Baden-Württemberg,w,70-74,0
2012,Baden-Württemberg,w,75-79,0
2012,Baden-Württemberg,w,80-84,0
2012,Baden-Württemberg,w,85-89,0
2012,Bayern,m,insgesamt,405
2012,Bayern,m,unter 1,0
2012,Bayern,m,1-4,0
2012,Bayern,m,5-9,0
2012,Bayern,m,10-14,0
2012,Bayern,m,15-17,1
2012,Bayern,m,18-19,6
2012,Bayern,m,20-24,68
2012,Bayern,m,25-29,77
2012,Bayern,m,30-34,100
2012,Bayern,m,35-39,53
2012,Bayern,m,40-44,36
2012,Bayern,m,45-49,37
2012,Bayern,m,50-54,21
2012,Bayern,m,55-59,5
2012,Bayern,m,60-64,0
2012,Bayern,m,65-69,1
2012,Bayern,m,70-74,0
2012,Bayern,m,75-79,0
2012,Bayern,m,80-84,0
2012,Bayern,m,85-89,0
2012,Bayern,w,insgesamt,182
2012,Bayern,w,unter 1,0
2012,Bayern,w,1-4,0
2012,Bayern,w,5-9,0
2012,Bayern,w,10-14,0
2012,Bayern,w,15-17,2
2012,Bayern,w,18-19,0
2012,Bayern,w,20-24,22
2012,Bayern,w,25-29,23
2012,Bayern,w,30-34,28
2012,Bayern,w,35-39,14
2012,Bayern,w,40-44,20
2012,Bayern,w,45-49,37
2012,Bayern,w,50-54,17
2012,Bayern,w,55-59,6
2012,Bayern,w,60-64,7
2012,Bayern,w,65-69,2
2012,Bayern,w,70-74,4
2012,Bayern,w,75-79,0
2012,Bayern,w,80-84,0
2012,Bayern,w,85-89,0
2012,Berlin,m,insgesamt,106
2012,Berlin,m,unter 1,0
2012,Berlin,m,1-4,0
2012,Berlin,m,5-9,0
2012,Berlin,m,10-14,0
2012,Berlin,m,15-17,0
2012,Berlin,m,18-19,2
2012,Berlin,m,20-24,15
2012,Berlin,m,25-29,17
2012,Berlin,m,30-34,21
2012,Berlin,m,35-39,18
2012,Berlin,m,40-44,16
2012,Berlin,m,45-49,9
2012,Berlin,m,50-54,6
2012,Berlin,m,55-59,1
2012,Berlin,m,60-64,0
2012,Berlin,m,65-69,1
2012,Berlin,m,70-74,0
2012,Berlin,m,75-79,0
2012,Berlin,m,80-84,0
2012,Berlin,m,85-89,0
2012,Berlin,w,insgesamt,82
2012,Berlin,w,unter 1,0
2012,Berlin,w,1-4,0
2012,Berlin,w,5-9,0
2012,Berlin,w,10-14,0
2012,Berlin,w,15-17,0
2012,Berlin,w,18-19,2
2012,Berlin,w,20-24,5
2012,Berlin,w,25-29,7
2012,Berlin,w,30-34,8
2012,Berlin,w,35-39,6
2012,Berlin,w,40-44,12
2012,Berlin,w,45-49,15
2012,Berlin,w,50-54,20
2012,Berlin,w,55-59,5
2012,Berlin,w,60-64,2
2012,Berlin,w,65-69,0
2012,Berlin,w,70-74,0
2012,Berlin,w,75-79,0
2012,Berlin,w,80-84,0
2012,Berlin,w,85-89,0
2012,Brandenburg,m,insgesamt,1
2012,Brandenburg,m,unter 1,0
2012,Brandenburg,m,1-4,0
2012,Brandenburg,m,5-9,0
2012,Brandenburg,m,10-14,0
2012,Brandenburg,m,15-17,0
2012,Brandenburg,m,18-19,0
2012,Brandenburg,m,20-24,0
2012,Brandenburg,m,25-29,0
2012,Brandenburg,m,30-34,0
2012,Brandenburg,m,35-39,0
2012,Brandenburg,m,40-44,1
2012,Brandenburg,m,45-49,0
2012,Brandenburg,m,50-54,0
2012,Brandenburg,m,55-59,0
2012,Brandenburg,m,60-64,0
2012,Brandenburg,m,65-69,0
2012,Brandenburg,m,70-74,0
2012,Brandenburg,m,75-79,0
2012,Brandenburg,m,80-84,0
2012,Brandenburg,m,85-89,0
2012,Brandenburg,w,insgesamt,2
2012,Brandenburg,w,unter 1,0
2012,Brandenburg,w,1-4,0
2012,Brandenburg,w,5-9,0
2012,Brandenburg,w,10-14,0
2012,Brandenburg,w,15-17,0
2012,Brandenburg,w,18-19,0
2012,Brandenburg,w,20-24,0
2012,Brandenburg,w,25-29,0
2012,Brandenburg,w,30-34,0
2012,Brandenburg,w,35-39,0
2012,Brandenburg,w,40-44,0
2012,Brandenburg,w,45-49,0
2012,Brandenburg,w,50-54,0
2012,Brandenburg,w,55-59,0
2012,Brandenburg,w,60-64,0
2012,Brandenburg,w,65-69,0
2012,Brandenburg,w,70-74,0
2012,Brandenburg,w,75-79,2
2012,Brandenburg,w,80-84,0
2012,Brandenburg,w,85-89,0
2012,Bremen,m,insgesamt,2
2012,Bremen,m,unter 1,0
2012,Bremen,m,1-4,0
2012,Bremen,m,5-9,0
2012,Bremen,m,10-14,0
2012,Bremen,m,15-17,1
2012,Bremen,m,18-19,0
2012,Bremen,m,20-24,0
2012,Bremen,m,25-29,0
2012,Bremen,m,30-34,0
2012,Bremen,m,35-39,0
2012,Bremen,m,40-44,1
2012,Bremen,m,45-49,0
2012,Bremen,m,50-54,0
2012,Bremen,m,55-59,0
2012,Bremen,m,60-64,0
2012,Bremen,m,65-69,0
2012,Bremen,m,70-74,0
2012,Bremen,m,75-79,0
2012,Bremen,m,80-84,0
2012,Bremen,m,85-89,0
2012,Bremen,w,insgesamt,0
2012,Bremen,w,unter 1,0
2012,Bremen,w,1-4,0
2012,Bremen,w,5-9,0
2012,Bremen,w,10-14,0
2012,Bremen,w,15-17,0
2012,Bremen,w,18-19,0
2012,Bremen,w,20-24,0
2012,Bremen,w,25-29,0
2012,Bremen,w,30-34,0
2012,Bremen,w,35-39,0
2012,Bremen,w,40-44,0
2012,Bremen,w,45-49,0
2012,Bremen,w,50-54,0
2012,Bremen,w,55-59,0
2012,Bremen,w,60-64,0
2012,Bremen,w,65-69,0
2012,Bremen,w,70-74,0
2012,Bremen,w,75-79,0
2012,Bremen,w,80-84,0
2012,Bremen,w,85-89,0
2012,Hamburg,m,insgesamt,13
2012,Hamburg,m,unter 1,0
2012,Hamburg,m,1-4,0
2012,Hamburg,m,5-9,0
2012,Hamburg,m,10-14,1
2012,Hamburg,m,15-17,0
2012,Hamburg,m,18-19,2
2012,Hamburg,m,20-24,5
2012,Hamburg,m,25-29,2
2012,Hamburg,m,30-34,2
2012,Hamburg,m,35-39,0
2012,Hamburg,m,40-44,1
2012,Hamburg,m,45-49,0
2012,Hamburg,m,50-54,0
2012,Hamburg,m,55-59,0
2012,Hamburg,m,60-64,0
2012,Hamburg,m,65-69,0
2012,Hamburg,m,70-74,0
2012,Hamburg,m,75-79,0
2012,Hamburg,m,80-84,0
2012,Hamburg,m,85-89,0
2012,Hamburg,w,insgesamt,29
2012,Hamburg,w,unter 1,0
2012,Hamburg,w,1-4,0
2012,Hamburg,w,5-9,0
2012,Hamburg,w,10-14,0
2012,Hamburg,w,15-17,0
2012,Hamburg,w,18-19,0
2012,Hamburg,w,20-24,2
2012,Hamburg,w,25-29,0
2012,Hamburg,w,30-34,4
2012,Hamburg,w,35-39,5
2012,Hamburg,w,40-44,4
2012,Hamburg,w,45-49,5
2012,Hamburg,w,50-54,6
2012,Hamburg,w,55-59,2
2012,Hamburg,w,60-64,1
2012,Hamburg,w,65-69,0
2012,Hamburg,w,70-74,0
2012,Hamburg,w,75-79,0
2012,Hamburg,w,80-84,0
2012,Hamburg,w,85-89,0
2012,Hessen,m,insgesamt,82
2012,Hessen,m,unter 1,0
2012,Hessen,m,1-4,0
2012,Hessen,m,5-9,0
2012,Hessen,m,10-14,0
2012,Hessen,m,15-17,0
2012,Hessen,m,18-19,5
2012,Hessen,m,20-24,11
2012,Hessen,m,25-29,13
2012,Hessen,m,30-34,11
2012,Hessen,m,35-39,14
2012,Hessen,m,40-44,13
2012,Hessen,m,45-49,12
2012,Hessen,m,50-54,3
2012,Hessen,m,55-59,0
2012,Hessen,m,60-64,0
2012,Hessen,m,65-69,0
2012,Hessen,m,70-74,0
2012,Hessen,m,75-79,0
2012,Hessen,m,80-84,0
2012,Hessen,m,85-89,0
2012,Hessen,w,insgesamt,28
2012,Hessen,w,unter 1,0
2012,Hessen,w,1-4,0
2012,Hessen,w,5-9,0
2012,Hessen,w,10-14,0
2012,Hessen,w,15-17,0
2012,Hessen,w,18-19,2
2012,Hessen,w,20-24,3
2012,Hessen,w,25-29,4
2012,Hessen,w,30-34,7
2012,Hessen,w,35-39,2
2012,Hessen,w,40-44,2
2012,Hessen,w,45-49,4
2012,Hessen,w,50-54,0
2012,Hessen,w,55-59,2
2012,Hessen,w,60-64,1
2012,Hessen,w,65-69,0
2012,Hessen,w,70-74,1
2012,Hessen,w,75-79,0
2012,Hessen,w,80-84,0
2012,Hessen,w,85-89,0
2012,Mecklenburg-Vorpommern,m,insgesamt,3
2012,Mecklenburg-Vorpommern,m,unter 1,0
2012,Mecklenburg-Vorpommern,m,1-4,0
2012,Mecklenburg-Vorpommern,m,5-9,0
2012,Mecklenburg-Vorpommern,m,10-14,0
2012,Mecklenburg-Vorpommern,m,15-17,0
2012,Mecklenburg-Vorpommern,m,18-19,0
2012,Mecklenburg-Vorpommern,m,20-24,0
2012,Mecklenburg-Vorpommern,m,25-29,0
2012,Mecklenburg-Vorpommern,m,30-34,1
2012,Mecklenburg-Vorpommern,m,35-39,2
2012,Mecklenburg-Vorpommern,m,40-44,0
2012,Mecklenburg-Vorpommern,m,45-49,0
2012,Mecklenburg-Vorpommern,m,50-54,0
2012,Mecklenburg-Vorpommern,m,55-59,0
2012,Mecklenburg-Vorpommern,m,60-64,0
2012,Mecklenburg-Vorpommern,m,65-69,0
2012,Mecklenburg-Vorpommern,m,70-74,0
2012,Mecklenburg-Vorpommern,m,75-79,0
2012,Mecklenburg-Vorpommern,m,80-84,0
2012,Mecklenburg-Vorpommern,m,85-89,0
2012,Mecklenburg-Vorpommern,w,insgesamt,4
2012,Mecklenburg-Vorpommern,w,unter 1,0
2012,Mecklenburg-Vorpommern,w,1-4,0
2012,Mecklenburg-Vorpommern,w,5-9,0
2012,Mecklenburg-Vorpommern,w,10-14,0
2012,Mecklenburg-Vorpommern,w,15-17,0
2012,Mecklenburg-Vorpommern,w,18-19,0
2012,Mecklenburg-Vorpommern,w,20-24,0
2012,Mecklenburg-Vorpommern,w,25-29,0
2012,Mecklenburg-Vorpommern,w,30-34,0
2012,Mecklenburg-Vorpommern,w,35-39,0
2012,Mecklenburg-Vorpommern,w,40-44,0
2012,Mecklenburg-Vorpommern,w,45-49,2
2012,Mecklenburg-Vorpommern,w,50-54,2
2012,Mecklenburg-Vorpommern,w,55-59,0
2012,Mecklenburg-Vorpommern,w,60-64,0
2012,Mecklenburg-Vorpommern,w,65-69,0
2012,Mecklenburg-Vorpommern,w,70-74,0
2012,Mecklenburg-Vorpommern,w,75-79,0
2012,Mecklenburg-Vorpommern,w,80-84,0
2012,Mecklenburg-Vorpommern,w,85-89,0
2012,Niedersachsen,m,insgesamt,15
2012,Niedersachsen,m,unter 1,0
2012,Niedersachsen,m,1-4,0
2012,Niedersachsen,m,5-9,0
2012,Niedersachsen,m,10-14,0
2012,Niedersachsen,m,15-17,2
2012,Niedersachsen,m,18-19,2
2012,Niedersachsen,m,20-24,1
2012,Niedersachsen,m,25-29,2
2012,Niedersachsen,m,30-34,1
2012,Niedersachsen,m,35-39,1
2012,Niedersachsen,m,40-44,0
2012,Niedersachsen,m,45-49,4
2012,Niedersachsen,m,50-54,0
2012,Niedersachsen,m,55-59,0
2012,Niedersachsen,m,60-64,0
2012,Niedersachsen,m,65-69,2
2012,Niedersachsen,m,70-74,0
2012,Niedersachsen,m,75-79,0
2012,Niedersachsen,m,80-84,0
2012,Niedersachsen,m,85-89,0
2012,Niedersachsen,w,insgesamt,44
2012,Niedersachsen,w,unter 1,0
2012,Niedersachsen,w,1-4,0
2012,Niedersachsen,w,5-9,0
2012,Niedersachsen,w,10-14,0
2012,Niedersachsen,w,15-17,3
2012,Niedersachsen,w,18-19,0
2012,Niedersachsen,w,20-24,6
2012,Niedersachsen,w,25-29,5
2012,Niedersachsen,w,30-34,7
2012,Niedersachsen,w,35-39,3
2012,Niedersachsen,w,40-44,4
2012,Niedersachsen,w,45-49,8
2012,Niedersachsen,w,50-54,4
2012,Niedersachsen,w,55-59,2
2012,Niedersachsen,w,60-64,2
2012,Niedersachsen,w,65-69,0
2012,Niedersachsen,w,70-74,0
2012,Niedersachsen,w,75-79,0
2012,Niedersachsen,w,80-84,0
2012,Niedersachsen,w,85-89,0
2012,Nordrhein-Westfalen,m,insgesamt,114
2012,Nordrhein-Westfalen,m,unter 1,0
2012,Nordrhein-Westfalen,m,1-4,0
2012,Nordrhein-Westfalen,m,5-9,0
2012,Nordrhein-Westfalen,m,10-14,0
2012,Nordrhein-Westfalen,m,15-17,2
2012,Nordrhein-Westfalen,m,18-19,9
2012,Nordrhein-Westfalen,m,20-24,23
2012,Nordrhein-Westfalen,m,25-29,31
2012,Nordrhein-Westfalen,m,30-34,21
2012,Nordrhein-Westfalen,m,35-39,15
2012,Nordrhein-Westfalen,m,40-44,6
2012,Nordrhein-Westfalen,m,45-49,2
2012,Nordrhein-Westfalen,m,50-54,3
2012,Nordrhein-Westfalen,m,55-59,2
2012,Nordrhein-Westfalen,m,60-64,0
2012,Nordrhein-Westfalen,m,65-69,0
2012,Nordrhein-Westfalen,m,70-74,0
2012,Nordrhein-Westfalen,m,75-79,0
2012,Nordrhein-Westfalen,m,80-84,0
2012,Nordrhein-Westfalen,m,85-89,0
2012,Nordrhein-Westfalen,w,insgesamt,149
2012,Nordrhein-Westfalen,w,unter 1,0
2012,Nordrhein-Westfalen,w,1-4,0
2012,Nordrhein-Westfalen,w,5-9,0
2012,Nordrhein-Westfalen,w,10-14,0
2012,Nordrhein-Westfalen,w,15-17,2
2012,Nordrhein-Westfalen,w,18-19,5
2012,Nordrhein-Westfalen,w,20-24,19
2012,Nordrhein-Westfalen,w,25-29,13
2012,Nordrhein-Westfalen,w,30-34,11
2012,Nordrhein-Westfalen,w,35-39,20
2012,Nordrhein-Westfalen,w,40-44,18
2012,Nordrhein-Westfalen,w,45-49,23
2012,Nordrhein-Westfalen,w,50-54,23
2012,Nordrhein-Westfalen,w,55-59,12
2012,Nordrhein-Westfalen,w,60-64,2
2012,Nordrhein-Westfalen,w,65-69,0
2012,Nordrhein-Westfalen,w,70-74,1
2012,Nordrhein-Westfalen,w,75-79,0
2012,Nordrhein-Westfalen,w,80-84,0
2012,Nordrhein-Westfalen,w,85-89,0
2012,Rheinland-Pfalz,m,insgesamt,15
2012,Rheinland-Pfalz,m,unter 1,0
2012,Rheinland-Pfalz,m,1-4,0
2012,Rheinland-Pfalz,m,5-9,0
2012,Rheinland-Pfalz,m,10-14,0
2012,Rheinland-Pfalz,m,15-17,0
2012,Rheinland-Pfalz,m,18-19,0
2012,Rheinland-Pfalz,m,20-24,4
2012,Rheinland-Pfalz,m,25-29,6
2012,Rheinland-Pfalz,m,30-34,2
2012,Rheinland-Pfalz,m,35-39,3
2012,Rheinland-Pfalz,m,40-44,0
2012,Rheinland-Pfalz,m,45-49,0
2012,Rheinland-Pfalz,m,50-54,0
2012,Rheinland-Pfalz,m,55-59,0
2012,Rheinland-Pfalz,m,60-64,0
2012,Rheinland-Pfalz,m,65-69,0
2012,Rheinland-Pfalz,m,70-74,0
2012,Rheinland-Pfalz,m,75-79,0
2012,Rheinland-Pfalz,m,80-84,0
2012,Rheinland-Pfalz,m,85-89,0
2012,Rheinland-Pfalz,w,insgesamt,2
2012,Rheinland-Pfalz,w,unter 1,0
2012,Rheinland-Pfalz,w,1-4,0
2012,Rheinland-Pfalz,w,5-9,0
2012,Rheinland-Pfalz,w,10-14,1
2012,Rheinland-Pfalz,w,15-17,0
2012,Rheinland-Pfalz,w,18-19,0
2012,Rheinland-Pfalz,w,20-24,0
2012,Rheinland-Pfalz,w,25-29,0
2012,Rheinland-Pfalz,w,30-34,1
2012,Rheinland-Pfalz,w,35-39,0
2012,Rheinland-Pfalz,w,40-44,0
2012,Rheinland-Pfalz,w,45-49,0
2012,Rheinland-Pfalz,w,50-54,0
2012,Rheinland-Pfalz,w,55-59,0
2012,Rheinland-Pfalz,w,60-64,0
2012,Rheinland-Pfalz,w,65-69,0
2012,Rheinland-Pfalz,w,70-74,0
2012,Rheinland-Pfalz,w,75-79,0
2012,Rheinland-Pfalz,w,80-84,0
2012,Rheinland-Pfalz,w,85-89,0
2012,Saarland,m,insgesamt,3
2012,Saarland,m,unter 1,0
2012,Saarland,m,1-4,0
2012,Saarland,m,5-9,0
2012,Saarland,m,10-14,0
2012,Saarland,m,15-17,0
2012,Saarland,m,18-19,0
2012,Saarland,m,20-24,2
2012,Saarland,m,25-29,0
2012,Saarland,m,30-34,0
2012,Saarland,m,35-39,1
2012,Saarland,m,40-44,0
2012,Saarland,m,45-49,0
2012,Saarland,m,50-54,0
2012,Saarland,m,55-59,0
2012,Saarland,m,60-64,0
2012,Saarland,m,65-69,0
2012,Saarland,m,70-74,0
2012,Saarland,m,75-79,0
2012,Saarland,m,80-84,0
2012,Saarland,m,85-89,0
2012,Saarland,w,insgesamt,2
2012,Saarland,w,unter 1,0
2012,Saarland,w,1-4,0
2012,Saarland,w,5-9,0
2012,Saarland,w,10-14,0
2012,Saarland,w,15-17,0
2012,Saarland,w,18-19,1
2012,Saarland,w,20-24,0
2012,Saarland,w,25-29,0
2012,Saarland,w,30-34,0
2012,Saarland,w,35-39,0
2012,Saarland,w,40-44,0
2012,Saarland,w,45-49,1
2012,Saarland,w,50-54,0
2012,Saarland,w,55-59,0
2012,Saarland,w,60-64,0
2012,Saarland,w,65-69,0
2012,Saarland,w,70-74,0
2012,Saarland,w,75-79,0
2012,Saarland,w,80-84,0
2012,Saarland,w,85-89,0
2012,Sachsen,m,insgesamt,8
2012,Sachsen,m,unter 1,0
2012,Sachsen,m,1-4,0
2012,Sachsen,m,5-9,0
2012,Sachsen,m,10-14,0
2012,Sachsen,m,15-17,0
2012,Sachsen,m,18-19,1
2012,Sachsen,m,20-24,1
2012,Sachsen,m,25-29,2
2012,Sachsen,m,30-34,3
2012,Sachsen,m,35-39,1
2012,Sachsen,m,40-44,0
2012,Sachsen,m,45-49,0
2012,Sachsen,m,50-54,0
2012,Sachsen,m,55-59,0
2012,Sachsen,m,60-64,0
2012,Sachsen,m,65-69,0
2012,Sachsen,m,70-74,0
2012,Sachsen,m,75-79,0
2012,Sachsen,m,80-84,0
2012,Sachsen,m,85-89,0
2012,Sachsen,w,insgesamt,6
2012,Sachsen,w,unter 1,0
2012,Sachsen,w,1-4,0
2012,Sachsen,w,5-9,0
2012,Sachsen,w,10-14,0
2012,Sachsen,w,15-17,0
2012,Sachsen,w,18-19,1
2012,Sachsen,w,20-24,0
2012,Sachsen,w,25-29,1
2012,Sachsen,w,30-34,0
2012,Sachsen,w,35-39,1
2012,Sachsen,w,40-44,3
2012,Sachsen,w,45-49,0
2012,Sachsen,w,50-54,0
2012,Sachsen,w,55-59,0
2012,Sachsen,w,60-64,0
2012,Sachsen,w,65-69,0
2012,Sachsen,w,70-74,0
2012,Sachsen,w,75-79,0
2012,Sachsen,w,80-84,0
2012,Sachsen,w,85-89,0
2012,Sachsen-Anhalt,m,insgesamt,6
2012,Sachsen-Anhalt,m,unter 1,0
2012,Sachsen-Anhalt,m,1-4,0
2012,Sachsen-Anhalt,m,5-9,0
2012,Sachsen-Anhalt,m,10-14,0
2012,Sachsen-Anhalt,m,15-17,0
2012,Sachsen-Anhalt,m,18-19,0
2012,Sachsen-Anhalt,m,20-24,1
2012,Sachsen-Anhalt,m,25-29,5
2012,Sachsen-Anhalt,m,30-34,0
2012,Sachsen-Anhalt,m,35-39,0
2012,Sachsen-Anhalt,m,40-44,0
2012,Sachsen-Anhalt,m,45-49,0
2012,Sachsen-Anhalt,m,50-54,0
2012,Sachsen-Anhalt,m,55-59,0
2012,Sachsen-Anhalt,m,60-64,0
2012,Sachsen-Anhalt,m,65-69,0
2012,Sachsen-Anhalt,m,70-74,0
2012,Sachsen-Anhalt,m,75-79,0
2012,Sachsen-Anhalt,m,80-84,0
2012,Sachsen-Anhalt,m,85-89,0
2012,Sachsen-Anhalt,w,insgesamt,4
2012,Sachsen-Anhalt,w,unter 1,0
2012,Sachsen-Anhalt,w,1-4,0
2012,Sachsen-Anhalt,w,5-9,0
2012,Sachsen-Anhalt,w,10-14,0
2012,Sachsen-Anhalt,w,15-17,0
2012,Sachsen-Anhalt,w,18-19,0
2012,Sachsen-Anhalt,w,20-24,2
2012,Sachsen-Anhalt,w,25-29,1
2012,Sachsen-Anhalt,w,30-34,1
2012,Sachsen-Anhalt,w,35-39,0
2012,Sachsen-Anhalt,w,40-44,0
2012,Sachsen-Anhalt,w,45-49,0
2012,Sachsen-Anhalt,w,50-54,0
2012,Sachsen-Anhalt,w,55-59,0
2012,Sachsen-Anhalt,w,60-64,0
2012,Sachsen-Anhalt,w,65-69,0
2012,Sachsen-Anhalt,w,70-74,0
2012,Sachsen-Anhalt,w,75-79,0
2012,Sachsen-Anhalt,w,80-84,0
2012,Sachsen-Anhalt,w,85-89,0
2012,Schleswig-Holstein,m,insgesamt,53
2012,Schleswig-Holstein,m,unter 1,0
2012,Schleswig-Holstein,m,1-4,0
2012,Schleswig-Holstein,m,5-9,0
2012,Schleswig-Holstein,m,10-14,0
2012,Schleswig-Holstein,m,15-17,0
2012,Schleswig-Holstein,m,18-19,3
2012,Schleswig-Holstein,m,20-24,11
2012,Schleswig-Holstein,m,25-29,11
2012,Schleswig-Holstein,m,30-34,6
2012,Schleswig-Holstein,m,35-39,10
2012,Schleswig-Holstein,m,40-44,8
2012,Schleswig-Holstein,m,45-49,3
2012,Schleswig-Holstein,m,50-54,1
2012,Schleswig-Holstein,m,55-59,0
2012,Schleswig-Holstein,m,60-64,0
2012,Schleswig-Holstein,m,65-69,0
2012,Schleswig-Holstein,m,70-74,0
2012,Schleswig-Holstein,m,75-79,0
2012,Schleswig-Holstein,m,80-84,0
2012,Schleswig-Holstein,m,85-89,0
2012,Schleswig-Holstein,w,insgesamt,1
2012,Schleswig-Holstein,w,unter 1,0
2012,Schleswig-Holstein,w,1-4,0
2012,Schleswig-Holstein,w,5-9,0
2012,Schleswig-Holstein,w,10-14,0
2012,Schleswig-Holstein,w,15-17,0
2012,Schleswig-Holstein,w,18-19,0
2012,Schleswig-Holstein,w,20-24,1
2012,Schleswig-Holstein,w,25-29,0
2012,Schleswig-Holstein,w,30-34,0
2012,Schleswig-Holstein,w,35-39,0
2012,Schleswig-Holstein,w,40-44,0
2012,Schleswig-Holstein,w,45-49,0
2012,Schleswig-Holstein,w,50-54,0
2012,Schleswig-Holstein,w,55-59,0
2012,Schleswig-Holstein,w,60-64,0
2012,Schleswig-Holstein,w,65-69,0
2012,Schleswig-Holstein,w,70-74,0
2012,Schleswig-Holstein,w,75-79,0
2012,Schleswig-Holstein,w,80-84,0
2012,Schleswig-Holstein,w,85-89,0
2012,Thüringen,m,insgesamt,2
2012,Thüringen,m,unter 1,0
2012,Thüringen,m,1-4,0
2012,Thüringen,m,5-9,0
2012,Thüringen,m,10-14,0
2012,Thüringen,m,15-17,0
2012,Thüringen,m,18-19,0
2012,Thüringen,m,20-24,1
2012,Thüringen,m,25-29,1
2012,Thüringen,m,30-34,0
2012,Thüringen,m,35-39,0
2012,Thüringen,m,40-44,0
2012,Thüringen,m,45-49,0
2012,Thüringen,m,50-54,0
2012,Thüringen,m,55-59,0
2012,Thüringen,m,60-64,0
2012,Thüringen,m,65-69,0
2012,Thüringen,m,70-74,0
2012,Thüringen,m,75-79,0
2012,Thüringen,m,80-84,0
2012,Thüringen,m,85-89,0
2012,Thüringen,w,insgesamt,7
2012,Thüringen,w,unter 1,0
2012,Thüringen,w,1-4,0
2012,Thüringen,w,5-9,0
2012,Thüringen,w,10-14,0
2012,Thüringen,w,15-17,1
2012,Thüringen,w,18-19,0
2012,Thüringen,w,20-24,0
2012,Thüringen,w,25-29,1
2012,Thüringen,w,30-34,0
2012,Thüringen,w,35-39,0
2012,Thüringen,w,40-44,1
2012,Thüringen,w,45-49,0
2012,Thüringen,w,50-54,2
2012,Thüringen,w,55-59,1
2012,Thüringen,w,60-64,1
2012,Thüringen,w,65-69,0
2012,Thüringen,w,70-74,0
2012,Thüringen,w,75-79,0
2012,Thüringen,w,80-84,0
2012,Thüringen,w,85-89,0
2013,Deutschland,m,insgesamt,955
2013,Deutschland,m,unter 1,0
2013,Deutschland,m,1-4,0
2013,Deutschland,m,5-9,0
2013,Deutschland,m,10-14,1
2013,Deutschland,m,15-17,14
2013,Deutschland,m,18-19,44
2013,Deutschland,m,20-24,221
2013,Deutschland,m,25-29,197
2013,Deutschland,m,30-34,195
2013,Deutschland,m,35-39,116
2013,Deutschland,m,40-44,71
2013,Deutschland,m,45-49,59
2013,Deutschland,m,50-54,26
2013,Deutschland,m,55-59,2
2013,Deutschland,m,60-64,2
2013,Deutschland,m,65-69,3
2013,Deutschland,m,70-74,1
2013,Deutschland,m,75-79,2
2013,Deutschland,m,80-84,1
2013,Deutschland,m,85-89,0
2013,Deutschland,w,insgesamt,676
2013,Deutschland,w,unter 1,0
2013,Deutschland,w,1-4,0
2013,Deutschland,w,5-9,0
2013,Deutschland,w,10-14,1
2013,Deutschland,w,15-17,8
2013,Deutschland,w,18-19,11
2013,Deutschland,w,20-24,97
2013,Deutschland,w,25-29,77
2013,Deutschland,w,30-34,75
2013,Deutschland,w,35-39,67
2013,Deutschland,w,40-44,73
2013,Deutschland,w,45-49,111
2013,Deutschland,w,50-54,66
2013,Deutschland,w,55-59,53
2013,Deutschland,w,60-64,30
2013,Deutschland,w,65-69,4
2013,Deutschland,w,70-74,3
2013,Deutschland,w,75-79,0
2013,Deutschland,w,80-84,0
2013,Deutschland,w,85-89,0
2013,Baden-Württemberg,m,insgesamt,30
2013,Baden-Württemberg,m,unter 1,0
2013,Baden-Württemberg,m,1-4,0
2013,Baden-Württemberg,m,5-9,0
2013,Baden-Württemberg,m,10-14,0
2013,Baden-Württemberg,m,15-17,0
2013,Baden-Württemberg,m,18-19,1
2013,Baden-Württemberg,m,20-24,13
2013,Baden-Württemberg,m,25-29,4
2013,Baden-Württemberg,m,30-34,6
2013,Baden-Württemberg,m,35-39,2
2013,Baden-Württemberg,m,40-44,2
2013,Baden-Württemberg,m,45-49,0
2013,Baden-Württemberg,m,50-54,1
2013,Baden-Württemberg,m,55-59,0
2013,Baden-Württemberg,m,60-64,1
2013,Baden-Württemberg,m,65-69,0
2013,Baden-Württemberg,m,70-74,0
2013,Baden-Württemberg,m,75-79,0
2013,Baden-Württemberg,m,80-84,0
2013,Baden-Württemberg,m,85-89,0
2013,Baden-Württemberg,w,insgesamt,28
2013,Baden-Württemberg,w,unter 1,0
2013,Baden-Württemberg,w,1-4,0
2013,Baden-Württemberg,w,5-9,0
2013,Baden-Württemberg,w,10-14,0
2013,Baden-Württemberg,w,15-17,0
2013,Baden-Württemberg,w,18-19,0
2013,Baden-Württemberg,w,20-24,4
2013,Baden-Württemberg,w,25-29,5
2013,Baden-Württemberg,w,30-34,5
2013,Baden-Württemberg,w,35-39,2
2013,Baden-Württemberg,w,40-44,3
2013,Baden-Württemberg,w,45-49,4
2013,Baden-Württemberg,w,50-54,0
2013,Baden-Württemberg,w,55-59,5
2013,Baden-Württemberg,w,60-64,0
2013,Baden-Württemberg,w,65-69,0
2013,Baden-Württemberg,w,70-74,0
2013,Baden-Württemberg,w,75-79,0
2013,Baden-Württemberg,w,80-84,0
2013,Baden-Württemberg,w,85-89,0
2013,Bayern,m,insgesamt,427
2013,Bayern,m,unter 1,0
2013,Bayern,m,1-4,0
2013,Bayern,m,5-9,0
2013,Bayern,m,10-14,0
2013,Bayern,m,15-17,2
2013,Bayern,m,18-19,6
2013,Bayern,m,20-24,74
2013,Bayern,m,25-29,98
2013,Bayern,m,30-34,105
2013,Bayern,m,35-39,54
2013,Bayern,m,40-44,38
2013,Bayern,m,45-49,34
2013,Bayern,m,50-54,10
2013,Bayern,m,55-59,1
2013,Bayern,m,60-64,1
2013,Bayern,m,65-69,3
2013,Bayern,m,70-74,0
2013,Bayern,m,75-79,0
2013,Bayern,m,80-84,1
2013,Bayern,m,85-89,0
2013,Bayern,w,insgesamt,214
2013,Bayern,w,unter 1,0
2013,Bayern,w,1-4,0
2013,Bayern,w,5-9,0
2013,Bayern,w,10-14,0
2013,Bayern,w,15-17,0
2013,Bayern,w,18-19,4
2013,Bayern,w,20-24,32
2013,Bayern,w,25-29,36
2013,Bayern,w,30-34,19
2013,Bayern,w,35-39,32
2013,Bayern,w,40-44,18
2013,Bayern,w,45-49,37
2013,Bayern,w,50-54,12
2013,Bayern,w,55-59,11
2013,Bayern,w,60-64,10
2013,Bayern,w,65-69,2
2013,Bayern,w,70-74,1
2013,Bayern,w,75-79,0
2013,Bayern,w,80-84,0
2013,Bayern,w,85-89,0
2013,Berlin,m,insgesamt,100
2013,Berlin,m,unter 1,0
2013,Berlin,m,1-4,0
2013,Berlin,m,5-9,0
2013,Berlin,m,10-14,0
2013,Berlin,m,15-17,0
2013,Berlin,m,18-19,3
2013,Berlin,m,20-24,19
2013,Berlin,m,25-29,15
2013,Berlin,m,30-34,23
2013,Berlin,m,35-39,18
2013,Berlin,m,40-44,8
2013,Berlin,m,45-49,9
2013,Berlin,m,50-54,4
2013,Berlin,m,55-59,1
2013,Berlin,m,60-64,0
2013,Berlin,m,65-69,0
2013,Berlin,m,70-74,0
2013,Berlin,m,75-79,0
2013,Berlin,m,80-84,0
2013,Berlin,m,85-89,0
2013,Berlin,w,insgesamt,75
2013,Berlin,w,unter 1,0
2013,Berlin,w,1-4,0
2013,Berlin,w,5-9,0
2013,Berlin,w,10-14,0
2013,Berlin,w,15-17,0
2013,Berlin,w,18-19,1
2013,Berlin,w,20-24,7
2013,Berlin,w,25-29,4
2013,Berlin,w,30-34,7
2013,Berlin,w,35-39,5
2013,Berlin,w,40-44,14
2013,Berlin,w,45-49,15
2013,Berlin,w,50-54,10
2013,Berlin,w,55-59,5
2013,Berlin,w,60-64,6
2013,Berlin,w,65-69,1
2013,Berlin,w,70-74,0
2013,Berlin,w,75-79,0
2013,Berlin,w,80-84,0
2013,Berlin,w,85-89,0
2013,Hamburg,m,insgesamt,14
2013,Hamburg,m,unter 1,0
2013,Hamburg,m,1-4,0
2013,Hamburg,m,5-9,0
2013,Hamburg,m,10-14,0
2013,Hamburg,m,15-17,1
2013,Hamburg,m,18-19,2
2013,Hamburg,m,20-24,5
2013,Hamburg,m,25-29,2
2013,Hamburg,m,30-34,1
2013,Hamburg,m,35-39,2
2013,Hamburg,m,40-44,1
2013,Hamburg,m,45-49,0
2013,Hamburg,m,50-54,0
2013,Hamburg,m,55-59,0
2013,Hamburg,m,60-64,0
2013,Hamburg,m,65-69,0
2013,Hamburg,m,70-74,0
2013,Hamburg,m,75-79,0
2013,Hamburg,m,80-84,0
2013,Hamburg,m,85-89,0
2013,Hamburg,w,insgesamt,68
2013,Hamburg,w,unter 1,0
2013,Hamburg,w,1-4,0
2013,Hamburg,w,5-9,0
2013,Hamburg,w,10-14,0
2013,Hamburg,w,15-17,3
2013,Hamburg,w,18-19,1
2013,Hamburg,w,20-24,6
2013,Hamburg,w,25-29,6
2013,Hamburg,w,30-34,11
2013,Hamburg,w,35-39,2
2013,Hamburg,w,40-44,7
2013,Hamburg,w,45-49,7
2013,Hamburg,w,50-54,13
2013,Hamburg,w,55-59,7
2013,Hamburg,w,60-64,3
2013,Hamburg,w,65-69,1
2013,Hamburg,w,70-74,1
2013,Hamburg,w,75-79,0
2013,Hamburg,w,80-84,0
2013,Hamburg,w,85-89,0
2013,Hessen,m,insgesamt,59
2013,Hessen,m,unter 1,0
2013,Hessen,m,1-4,0
2013,Hessen,m,5-9,0
2013,Hessen,m,10-14,0
2013,Hessen,m,15-17,0
2013,Hessen,m,18-19,2
2013,Hessen,m,20-24,14
2013,Hessen,m,25-29,13
2013,Hessen,m,30-34,9
2013,Hessen,m,35-39,8
2013,Hessen,m,40-44,3
2013,Hessen,m,45-49,5
2013,Hessen,m,50-54,5
2013,Hessen,m,55-59,0
2013,Hessen,m,60-64,0
2013,Hessen,m,65-69,0
2013,Hessen,m,70-74,0
2013,Hessen,m,75-79,0
2013,Hessen,m,80-84,0
2013,Hessen,m,85-89,0
2013,Hessen,w,insgesamt,32
2013,Hessen,w,unter 1,0
2013,Hessen,w,1-4,0
2013,Hessen,w,5-9,0
2013,Hessen,w,10-14,0
2013,Hessen,w,15-17,0
2013,Hessen,w,18-19,0
2013,Hessen,w,20-24,3
2013,Hessen,w,25-29,1
2013,Hessen,w,30-34,7
2013,Hessen,w,35-39,3
2013,Hessen,w,40-44,6
2013,Hessen,w,45-49,4
2013,Hessen,w,50-54,5
2013,Hessen,w,55-59,2
2013,Hessen,w,60-64,1
2013,Hessen,w,65-69,0
2013,Hessen,w,70-74,0
2013,Hessen,w,75-79,0
2013,Hessen,w,80-84,0
2013,Hessen,w,85-89,0
2013,Mecklenburg-Vorpommern,m,insgesamt,2
2013,Mecklenburg-Vorpommern,m,unter 1,0
2013,Mecklenburg-Vorpommern,m,1-4,0
2013,Mecklenburg-Vorpommern,m,5-9,0
2013,Mecklenburg-Vorpommern,m,10-14,0
2013,Mecklenburg-Vorpommern,m,15-17,0
2013,Mecklenburg-Vorpommern,m,18-19,0
2013,Mecklenburg-Vorpommern,m,20-24,0
2013,Mecklenburg-Vorpommern,m,25-29,1
2013,Mecklenburg-Vorpommern,m,30-34,0
2013,Mecklenburg-Vorpommern,m,35-39,1
2013,Mecklenburg-Vorpommern,m,40-44,0
2013,Mecklenburg-Vorpommern,m,45-49,0
2013,Mecklenburg-Vorpommern,m,50-54,0
2013,Mecklenburg-Vorpommern,m,55-59,0
2013,Mecklenburg-Vorpommern,m,60-64,0
2013,Mecklenburg-Vorpommern,m,65-69,0
2013,Mecklenburg-Vorpommern,m,70-74,0
2013,Mecklenburg-Vorpommern,m,75-79,0
2013,Mecklenburg-Vorpommern,m,80-84,0
2013,Mecklenburg-Vorpommern,m,85-89,0
2013,Mecklenburg-Vorpommern,w,insgesamt,4
2013,Mecklenburg-Vorpommern,w,unter 1,0
2013,Mecklenburg-Vorpommern,w,1-4,0
2013,Mecklenburg-Vorpommern,w,5-9,0
2013,Mecklenburg-Vorpommern,w,10-14,0
2013,Mecklenburg-Vorpommern,w,15-17,0
2013,Mecklenburg-Vorpommern,w,18-19,0
2013,Mecklenburg-Vorpommern,w,20-24,0
2013,Mecklenburg-Vorpommern,w,25-29,0
2013,Mecklenburg-Vorpommern,w,30-34,0
2013,Mecklenburg-Vorpommern,w,35-39,0
2013,Mecklenburg-Vorpommern,w,40-44,0
2013,Mecklenburg-Vorpommern,w,45-49,1
2013,Mecklenburg-Vorpommern,w,50-54,3
2013,Mecklenburg-Vorpommern,w,55-59,0
2013,Mecklenburg-Vorpommern,w,60-64,0
2013,Mecklenburg-Vorpommern,w,65-69,0
2013,Mecklenburg-Vorpommern,w,70-74,0
2013,Mecklenburg-Vorpommern,w,75-79,0
2013,Mecklenburg-Vorpommern,w,80-84,0
2013,Mecklenburg-Vorpommern,w,85-89,0
2013,Niedersachsen,m,insgesamt,24
2013,Niedersachsen,m,unter 1,0
2013,Niedersachsen,m,1-4,0
2013,Niedersachsen,m,5-9,0
2013,Niedersachsen,m,10-14,0
2013,Niedersachsen,m,15-17,0
2013,Niedersachsen,m,18-19,0
2013,Niedersachsen,m,20-24,8
2013,Niedersachsen,m,25-29,3
2013,Niedersachsen,m,30-34,2
2013,Niedersachsen,m,35-39,8
2013,Niedersachsen,m,40-44,2
2013,Niedersachsen,m,45-49,1
2013,Niedersachsen,m,50-54,0
2013,Niedersachsen,m,55-59,0
2013,Niedersachsen,m,60-64,0
2013,Niedersachsen,m,65-69,0
2013,Niedersachsen,m,70-74,0
2013,Niedersachsen,m,75-79,0
2013,Niedersachsen,m,80-84,0
2013,Niedersachsen,m,85-89,0
2013,Niedersachsen,w,insgesamt,35
2013,Niedersachsen,w,unter 1,0
2013,Niedersachsen,w,1-4,0
2013,Niedersachsen,w,5-9,0
2013,Niedersachsen,w,10-14,0
2013,Niedersachsen,w,15-17,0
2013,Niedersachsen,w,18-19,0
2013,Niedersachsen,w,20-24,6
2013,Niedersachsen,w,25-29,3
2013,Niedersachsen,w,30-34,4
2013,Niedersachsen,w,35-39,4
2013,Niedersachsen,w,40-44,4
2013,Niedersachsen,w,45-49,5
2013,Niedersachsen,w,50-54,5
2013,Niedersachsen,w,55-59,3
2013,Niedersachsen,w,60-64,1
2013,Niedersachsen,w,65-69,0
2013,Niedersachsen,w,70-74,0
2013,Niedersachsen,w,75-79,0
2013,Niedersachsen,w,80-84,0
2013,Niedersachsen,w,85-89,0
2013,Nordrhein-Westfalen,m,insgesamt,154
2013,Nordrhein-Westfalen,m,unter 1,0
2013,Nordrhein-Westfalen,m,1-4,0
2013,Nordrhein-Westfalen,m,5-9,0
2013,Nordrhein-Westfalen,m,10-14,0
2013,Nordrhein-Westfalen,m,15-17,7
2013,Nordrhein-Westfalen,m,18-19,19
2013,Nordrhein-Westfalen,m,20-24,43
2013,Nordrhein-Westfalen,m,25-29,31
2013,Nordrhein-Westfalen,m,30-34,26
2013,Nordrhein-Westfalen,m,35-39,9
2013,Nordrhein-Westfalen,m,40-44,8
2013,Nordrhein-Westfalen,m,45-49,6
2013,Nordrhein-Westfalen,m,50-54,5
2013,Nordrhein-Westfalen,m,55-59,0
2013,Nordrhein-Westfalen,m,60-64,0
2013,Nordrhein-Westfalen,m,65-69,0
2013,Nordrhein-Westfalen,m,70-74,0
2013,Nordrhein-Westfalen,m,75-79,0
2013,Nordrhein-Westfalen,m,80-84,0
2013,Nordrhein-Westfalen,m,85-89,0
2013,Nordrhein-Westfalen,w,insgesamt,179
2013,Nordrhein-Westfalen,w,unter 1,0
2013,Nordrhein-Westfalen,w,1-4,0
2013,Nordrhein-Westfalen,w,5-9,0
2013,Nordrhein-Westfalen,w,10-14,0
2013,Nordrhein-Westfalen,w,15-17,4
2013,Nordrhein-Westfalen,w,18-19,5
2013,Nordrhein-Westfalen,w,20-24,29
2013,Nordrhein-Westfalen,w,25-29,20
2013,Nordrhein-Westfalen,w,30-34,21
2013,Nordrhein-Westfalen,w,35-39,13
2013,Nordrhein-Westfalen,w,40-44,17
2013,Nordrhein-Westfalen,w,45-49,31
2013,Nordrhein-Westfalen,w,50-54,18
2013,Nordrhein-Westfalen,w,55-59,14
2013,Nordrhein-Westfalen,w,60-64,7
2013,Nordrhein-Westfalen,w,65-69,0
2013,Nordrhein-Westfalen,w,70-74,0
2013,Nordrhein-Westfalen,w,75-79,0
2013,Nordrhein-Westfalen,w,80-84,0
2013,Nordrhein-Westfalen,w,85-89,0
2013,Rheinland-Pfalz,m,insgesamt,29
2013,Rheinland-Pfalz,m,unter 1,0
2013,Rheinland-Pfalz,m,1-4,0
2013,Rheinland-Pfalz,m,5-9,0
2013,Rheinland-Pfalz,m,10-14,0
2013,Rheinland-Pfalz,m,15-17,1
2013,Rheinland-Pfalz,m,18-19,2
2013,Rheinland-Pfalz,m,20-24,11
2013,Rheinland-Pfalz,m,25-29,5
2013,Rheinland-Pfalz,m,30-34,5
2013,Rheinland-Pfalz,m,35-39,2
2013,Rheinland-Pfalz,m,40-44,1
2013,Rheinland-Pfalz,m,45-49,2
2013,Rheinland-Pfalz,m,50-54,0
2013,Rheinland-Pfalz,m,55-59,0
2013,Rheinland-Pfalz,m,60-64,0
2013,Rheinland-Pfalz,m,65-69,0
2013,Rheinland-Pfalz,m,70-74,0
2013,Rheinland-Pfalz,m,75-79,0
2013,Rheinland-Pfalz,m,80-84,0
2013,Rheinland-Pfalz,m,85-89,0
2013,Rheinland-Pfalz,w,insgesamt,2
2013,Rheinland-Pfalz,w,unter 1,0
2013,Rheinland-Pfalz,w,1-4,0
2013,Rheinland-Pfalz,w,5-9,0
2013,Rheinland-Pfalz,w,10-14,0
2013,Rheinland-Pfalz,w,15-17,0
2013,Rheinland-Pfalz,w,18-19,0
2013,Rheinland-Pfalz,w,20-24,2
2013,Rheinland-Pfalz,w,25-29,0
2013,Rheinland-Pfalz,w,30-34,0
2013,Rheinland-Pfalz,w,35-39,0
2013,Rheinland-Pfalz,w,40-44,0
2013,Rheinland-Pfalz,w,45-49,0
2013,Rheinland-Pfalz,w,50-54,0
2013,Rheinland-Pfalz,w,55-59,0
2013,Rheinland-Pfalz,w,60-64,0
2013,Rheinland-Pfalz,w,65-69,0
2013,Rheinland-Pfalz,w,70-74,0
2013,Rheinland-Pfalz,w,75-79,0
2013,Rheinland-Pfalz,w,80-84,0
2013,Rheinland-Pfalz,w,85-89,0
2013,Saarland,m,insgesamt,0
2013,Saarland,m,unter 1,0
2013,Saarland,m,1-4,0
2013,Saarland,m,5-9,0
2013,Saarland,m,10-14,0
2013,Saarland,m,15-17,0
2013,Saarland,m,18-19,0
2013,Saarland,m,20-24,0
2013,Saarland,m,25-29,0
2013,Saarland,m,30-34,0
2013,Saarland,m,35-39,0
2013,Saarland,m,40-44,0
2013,Saarland,m,45-49,0
2013,Saarland,m,50-54,0
2013,Saarland,m,55-59,0
2013,Saarland,m,60-64,0
2013,Saarland,m,65-69,0
2013,Saarland,m,70-74,0
2013,Saarland,m,75-79,0
2013,Saarland,m,80-84,0
2013,Saarland,m,85-89,0
2013,Saarland,w,insgesamt,2
2013,Saarland,w,unter 1,0
2013,Saarland,w,1-4,0
2013,Saarland,w,5-9,0
2013,Saarland,w,10-14,0
2013,Saarland,w,15-17,0
2013,Saarland,w,18-19,0
2013,Saarland,w,20-24,1
2013,Saarland,w,25-29,0
2013,Saarland,w,30-34,0
2013,Saarland,w,35-39,0
2013,Saarland,w,40-44,0
2013,Saarland,w,45-49,1
2013,Saarland,w,50-54,0
2013,Saarland,w,55-59,0
2013,Saarland,w,60-64,0
2013,Saarland,w,65-69,0
2013,Saarland,w,70-74,0
2013,Saarland,w,75-79,0
2013,Saarland,w,80-84,0
2013,Saarland,w,85-89,0
2013,Sachsen,m,insgesamt,14
2013,Sachsen,m,unter 1,0
2013,Sachsen,m,1-4,0
2013,Sachsen,m,5-9,0
2013,Sachsen,m,10-14,1
2013,Sachsen,m,15-17,0
2013,Sachsen,m,18-19,1
2013,Sachsen,m,20-24,5
2013,Sachsen,m,25-29,2
2013,Sachsen,m,30-34,3
2013,Sachsen,m,35-39,0
2013,Sachsen,m,40-44,1
2013,Sachsen,m,45-49,0
2013,Sachsen,m,50-54,0
2013,Sachsen,m,55-59,0
2013,Sachsen,m,60-64,0
2013,Sachsen,m,65-69,0
2013,Sachsen,m,70-74,1
2013,Sachsen,m,75-79,0
2013,Sachsen,m,80-84,0
2013,Sachsen,m,85-89,0
2013,Sachsen,w,insgesamt,10
2013,Sachsen,w,unter 1,0
2013,Sachsen,w,1-4,0
2013,Sachsen,w,5-9,0
2013,Sachsen,w,10-14,0
2013,Sachsen,w,15-17,0
2013,Sachsen,w,18-19,0
2013,Sachsen,w,20-24,5
2013,Sachsen,w,25-29,1
2013,Sachsen,w,30-34,0
2013,Sachsen,w,35-39,0
2013,Sachsen,w,40-44,2
2013,Sachsen,w,45-49,0
2013,Sachsen,w,50-54,0
2013,Sachsen,w,55-59,2
2013,Sachsen,w,60-64,0
2013,Sachsen,w,65-69,0
2013,Sachsen,w,70-74,0
2013,Sachsen,w,75-79,0
2013,Sachsen,w,80-84,0
2013,Sachsen,w,85-89,0
2013,Sachsen-Anhalt,m,insgesamt,2
2013,Sachsen-Anhalt,m,unter 1,0
2013,Sachsen-Anhalt,m,1-4,0
2013,Sachsen-Anhalt,m,5-9,0
2013,Sachsen-Anhalt,m,10-14,0
2013,Sachsen-Anhalt,m,15-17,0
2013,Sachsen-Anhalt,m,18-19,0
2013,Sachsen-Anhalt,m,20-24,0
2013,Sachsen-Anhalt,m,25-29,1
2013,Sachsen-Anhalt,m,30-34,0
2013,Sachsen-Anhalt,m,35-39,0
2013,Sachsen-Anhalt,m,40-44,0
2013,Sachsen-Anhalt,m,45-49,0
2013,Sachsen-Anhalt,m,50-54,0
2013,Sachsen-Anhalt,m,55-59,0
2013,Sachsen-Anhalt,m,60-64,0
2013,Sachsen-Anhalt,m,65-69,0
2013,Sachsen-Anhalt,m,70-74,0
2013,Sachsen-Anhalt,m,75-79,1
2013,Sachsen-Anhalt,m,80-84,0
2013,Sachsen-Anhalt,m,85-89,0
2013,Sachsen-Anhalt,w,insgesamt,2
2013,Sachsen-Anhalt,w,unter 1,0
2013,Sachsen-Anhalt,w,1-4,0
2013,Sachsen-Anhalt,w,5-9,0
2013,Sachsen-Anhalt,w,10-14,0
2013,Sachsen-Anhalt,w,15-17,0
2013,Sachsen-Anhalt,w,18-19,0
2013,Sachsen-Anhalt,w,20-24,0
2013,Sachsen-Anhalt,w,25-29,1
2013,Sachsen-Anhalt,w,30-34,0
2013,Sachsen-Anhalt,w,35-39,0
2013,Sachsen-Anhalt,w,40-44,1
2013,Sachsen-Anhalt,w,45-49,0
2013,Sachsen-Anhalt,w,50-54,0
2013,Sachsen-Anhalt,w,55-59,0
2013,Sachsen-Anhalt,w,60-64,0
2013,Sachsen-Anhalt,w,65-69,0
2013,Sachsen-Anhalt,w,70-74,0
2013,Sachsen-Anhalt,w,75-79,0
2013,Sachsen-Anhalt,w,80-84,0
2013,Sachsen-Anhalt,w,85-89,0
2013,Schleswig-Holstein,m,insgesamt,99
2013,Schleswig-Holstein,m,unter 1,0
2013,Schleswig-Holstein,m,1-4,0
2013,Schleswig-Holstein,m,5-9,0
2013,Schleswig-Holstein,m,10-14,0
2013,Schleswig-Holstein,m,15-17,3
2013,Schleswig-Holstein,m,18-19,8
2013,Schleswig-Holstein,m,20-24,28
2013,Schleswig-Holstein,m,25-29,22
2013,Schleswig-Holstein,m,30-34,15
2013,Schleswig-Holstein,m,35-39,12
2013,Schleswig-Holstein,m,40-44,7
2013,Schleswig-Holstein,m,45-49,2
2013,Schleswig-Holstein,m,50-54,1
2013,Schleswig-Holstein,m,55-59,0
2013,Schleswig-Holstein,m,60-64,0
2013,Schleswig-Holstein,m,65-69,0
2013,Schleswig-Holstein,m,70-74,0
2013,Schleswig-Holstein,m,75-79,1
2013,Schleswig-Holstein,m,80-84,0
2013,Schleswig-Holstein,m,85-89,0
2013,Schleswig-Holstein,w,insgesamt,4
2013,Schleswig-Holstein,w,unter 1,0
2013,Schleswig-Holstein,w,1-4,0
2013,Schleswig-Holstein,w,5-9,0
2013,Schleswig-Holstein,w,10-14,0
2013,Schleswig-Holstein,w,15-17,1
2013,Schleswig-Holstein,w,18-19,0
2013,Schleswig-Holstein,w,20-24,1
2013,Schleswig-Holstein,w,25-29,0
2013,Schleswig-Holstein,w,30-34,0
2013,Schleswig-Holstein,w,35-39,1
2013,Schleswig-Holstein,w,40-44,0
2013,Schleswig-Holstein,w,45-49,0
2013,Schleswig-Holstein,w,50-54,0
2013,Schleswig-Holstein,w,55-59,0
2013,Schleswig-Holstein,w,60-64,1
2013,Schleswig-Holstein,w,65-69,0
2013,Schleswig-Holstein,w,70-74,0
2013,Schleswig-Holstein,w,75-79,0
2013,Schleswig-Holstein,w,80-84,0
2013,Schleswig-Holstein,w,85-89,0
2013,Thüringen,m,insgesamt,1
2013,Thüringen,m,unter 1,0
2013,Thüringen,m,1-4,0
2013,Thüringen,m,5-9,0
2013,Thüringen,m,10-14,0
2013,Thüringen,m,15-17,0
2013,Thüringen,m,18-19,0
2013,Thüringen,m,20-24,1
2013,Thüringen,m,25-29,0
2013,Thüringen,m,30-34,0
2013,Thüringen,m,35-39,0
2013,Thüringen,m,40-44,0
2013,Thüringen,m,45-49,0
2013,Thüringen,m,50-54,0
2013,Thüringen,m,55-59,0
2013,Thüringen,m,60-64,0
2013,Thüringen,m,65-69,0
2013,Thüringen,m,70-74,0
2013,Thüringen,m,75-79,0
2013,Thüringen,m,80-84,0
2013,Thüringen,m,85-89,0
2013,Thüringen,w,insgesamt,21
2013,Thüringen,w,unter 1,0
2013,Thüringen,w,1-4,0
2013,Thüringen,w,5-9,0
2013,Thüringen,w,10-14,1
2013,Thüringen,w,15-17,0
2013,Thüringen,w,18-19,0
2013,Thüringen,w,20-24,1
2013,Thüringen,w,25-29,0
2013,Thüringen,w,30-34,1
2013,Thüringen,w,35-39,5
2013,Thüringen,w,40-44,1
2013,Thüringen,w,45-49,6
2013,Thüringen,w,50-54,0
2013,Thüringen,w,55-59,4
2013,Thüringen,w,60-64,1
2013,Thüringen,w,65-69,0
2013,Thüringen,w,70-74,1
2013,Thüringen,w,75-79,0
2013,Thüringen,w,80-84,0
2013,Thüringen,w,85-89,0
2014,Deutschland,m,insgesamt,1184
2014,Deutschland,m,unter 1,0
2014,Deutschland,m,1-4,0
2014,Deutschland,m,5-9,1
2014,Deutschland,m,10-14,2
2014,Deutschland,m,15-17,30
2014,Deutschland,m,18-19,45
2014,Deutschland,m,20-24,254
2014,Deutschland,m,25-29,252
2014,Deutschland,m,30-34,202
2014,Deutschland,m,35-39,156
2014,Deutschland,m,40-44,87
2014,Deutschland,m,45-49,88
2014,Deutschland,m,50-54,49
2014,Deutschland,m,55-59,15
2014,Deutschland,m,60-64,2
2014,Deutschland,m,65-69,1
2014,Deutschland,m,70-74,0
2014,Deutschland,m,75-79,0
2014,Deutschland,m,80-84,0
2014,Deutschland,m,85-89,0
2014,Deutschland,w,insgesamt,649
2014,Deutschland,w,unter 1,0
2014,Deutschland,w,1-4,0
2014,Deutschland,w,5-9,0
2014,Deutschland,w,10-14,6
2014,Deutschland,w,15-17,14
2014,Deutschland,w,18-19,13
2014,Deutschland,w,20-24,98
2014,Deutschland,w,25-29,68
2014,Deutschland,w,30-34,72
2014,Deutschland,w,35-39,77
2014,Deutschland,w,40-44,82
2014,Deutschland,w,45-49,96
2014,Deutschland,w,50-54,55
2014,Deutschland,w,55-59,49
2014,Deutschland,w,60-64,15
2014,Deutschland,w,65-69,4
2014,Deutschland,w,70-74,0
2014,Deutschland,w,75-79,0
2014,Deutschland,w,80-84,0
2014,Deutschland,w,85-89,0
2014,Deutschland,u,insgesamt,1
2014,Deutschland,u,unter 1,0
2014,Deutschland,u,1-4,0
2014,Deutschland,u,5-9,0
2014,Deutschland,u,10-14,0
2014,Deutschland,u,15-17,0
2014,Deutschland,u,18-19,0
2014,Deutschland,u,20-24,0
2014,Deutschland,u,25-29,0
2014,Deutschland,u,30-34,1
2014,Deutschland,u,35-39,0
2014,Deutschland,u,40-44,0
2014,Deutschland,u,45-49,0
2014,Deutschland,u,50-54,0
2014,Deutschland,u,55-59,0
2014,Deutschland,u,60-64,0
2014,Deutschland,u,65-69,0
2014,Deutschland,u,70-74,0
2014,Deutschland,u,75-79,0
2014,Deutschland,u,80-84,0
2014,Deutschland,u,85-89,0
2014,Baden-Württemberg,m,insgesamt,47
2014,Baden-Württemberg,m,unter 1,0
2014,Baden-Württemberg,m,1-4,0
2014,Baden-Württemberg,m,5-9,0
2014,Baden-Württemberg,m,10-14,0
2014,Baden-Württemberg,m,15-17,1
2014,Baden-Württemberg,m,18-19,3
2014,Baden-Württemberg,m,20-24,9
2014,Baden-Württemberg,m,25-29,10
2014,Baden-Württemberg,m,30-34,11
2014,Baden-Württemberg,m,35-39,6
2014,Baden-Württemberg,m,40-44,4
2014,Baden-Württemberg,m,45-49,1
2014,Baden-Württemberg,m,50-54,1
2014,Baden-Württemberg,m,55-59,1
2014,Baden-Württemberg,m,60-64,0
2014,Baden-Württemberg,m,65-69,0
2014,Baden-Württemberg,m,70-74,0
2014,Baden-Württemberg,m,75-79,0
2014,Baden-Württemberg,m,80-84,0
2014,Baden-Württemberg,m,85-89,0
2014,Baden-Württemberg,w,insgesamt,26
2014,Baden-Württemberg,w,unter 1,0
2014,Baden-Württemberg,w,1-4,0
2014,Baden-Württemberg,w,5-9,0
2014,Baden-Württemberg,w,10-14,0
2014,Baden-Württemberg,w,15-17,1
2014,Baden-Württemberg,w,18-19,0
2014,Baden-Württemberg,w,20-24,5
2014,Baden-Württemberg,w,25-29,3
2014,Baden-Württemberg,w,30-34,3
2014,Baden-Württemberg,w,35-39,4
2014,Baden-Württemberg,w,40-44,1
2014,Baden-Württemberg,w,45-49,2
2014,Baden-Württemberg,w,50-54,0
2014,Baden-Württemberg,w,55-59,5
2014,Baden-Württemberg,w,60-64,2
2014,Baden-Württemberg,w,65-69,0
2014,Baden-Württemberg,w,70-74,0
2014,Baden-Württemberg,w,75-79,0
2014,Baden-Württemberg,w,80-84,0
2014,Baden-Württemberg,w,85-89,0
2014,Baden-Württemberg,u,insgesamt,1
2014,Baden-Württemberg,u,unter 1,0
2014,Baden-Württemberg,u,1-4,0
2014,Baden-Württemberg,u,5-9,0
2014,Baden-Württemberg,u,10-14,0
2014,Baden-Württemberg,u,15-17,0
2014,Baden-Württemberg,u,18-19,0
2014,Baden-Württemberg,u,20-24,0
2014,Baden-Württemberg,u,25-29,0
2014,Baden-Württemberg,u,30-34,1
2014,Baden-Württemberg,u,35-39,0
2014,Baden-Württemberg,u,40-44,0
2014,Baden-Württemberg,u,45-49,0
2014,Baden-Württemberg,u,50-54,0
2014,Baden-Württemberg,u,55-59,0
2014,Baden-Württemberg,u,60-64,0
2014,Baden-Württemberg,u,65-69,0
2014,Baden-Württemberg,u,70-74,0
2014,Baden-Württemberg,u,75-79,0
2014,Baden-Württemberg,u,80-84,0
2014,Baden-Württemberg,u,85-89,0
2014,Bayern,m,insgesamt,500
2014,Bayern,m,unter 1,0
2014,Bayern,m,1-4,0
2014,Bayern,m,5-9,0
2014,Bayern,m,10-14,1
2014,Bayern,m,15-17,0
2014,Bayern,m,18-19,5
2014,Bayern,m,20-24,94
2014,Bayern,m,25-29,113
2014,Bayern,m,30-34,104
2014,Bayern,m,35-39,67
2014,Bayern,m,40-44,50
2014,Bayern,m,45-49,45
2014,Bayern,m,50-54,14
2014,Bayern,m,55-59,7
2014,Bayern,m,60-64,0
2014,Bayern,m,65-69,0
2014,Bayern,m,70-74,0
2014,Bayern,m,75-79,0
2014,Bayern,m,80-84,0
2014,Bayern,m,85-89,0
2014,Bayern,w,insgesamt,233
2014,Bayern,w,unter 1,0
2014,Bayern,w,1-4,0
2014,Bayern,w,5-9,0
2014,Bayern,w,10-14,0
2014,Bayern,w,15-17,4
2014,Bayern,w,18-19,4
2014,Bayern,w,20-24,38
2014,Bayern,w,25-29,26
2014,Bayern,w,30-34,26
2014,Bayern,w,35-39,30
2014,Bayern,w,40-44,32
2014,Bayern,w,45-49,34
2014,Bayern,w,50-54,22
2014,Bayern,w,55-59,13
2014,Bayern,w,60-64,1
2014,Bayern,w,65-69,3
2014,Bayern,w,70-74,0
2014,Bayern,w,75-79,0
2014,Bayern,w,80-84,0
2014,Bayern,w,85-89,0
2014,Berlin,m,insgesamt,117
2014,Berlin,m,unter 1,0
2014,Berlin,m,1-4,0
2014,Berlin,m,5-9,0
2014,Berlin,m,10-14,0
2014,Berlin,m,15-17,1
2014,Berlin,m,18-19,1
2014,Berlin,m,20-24,18
2014,Berlin,m,25-29,25
2014,Berlin,m,30-34,25
2014,Berlin,m,35-39,18
2014,Berlin,m,40-44,4
2014,Berlin,m,45-49,12
2014,Berlin,m,50-54,10
2014,Berlin,m,55-59,3
2014,Berlin,m,60-64,0
2014,Berlin,m,65-69,0
2014,Berlin,m,70-74,0
2014,Berlin,m,75-79,0
2014,Berlin,m,80-84,0
2014,Berlin,m,85-89,0
2014,Berlin,w,insgesamt,64
2014,Berlin,w,unter 1,0
2014,Berlin,w,1-4,0
2014,Berlin,w,5-9,0
2014,Berlin,w,10-14,0
2014,Berlin,w,15-17,0
2014,Berlin,w,18-19,0
2014,Berlin,w,20-24,7
2014,Berlin,w,25-29,3
2014,Berlin,w,30-34,11
2014,Berlin,w,35-39,11
2014,Berlin,w,40-44,10
2014,Berlin,w,45-49,11
2014,Berlin,w,50-54,2
2014,Berlin,w,55-59,3
2014,Berlin,w,60-64,6
2014,Berlin,w,65-69,0
2014,Berlin,w,70-74,0
2014,Berlin,w,75-79,0
2014,Berlin,w,80-84,0
2014,Berlin,w,85-89,0
2014,Brandenburg,m,insgesamt,89
2014,Brandenburg,m,unter 1,0
2014,Brandenburg,m,1-4,0
2014,Brandenburg,m,5-9,0
2014,Brandenburg,m,10-14,0
2014,Brandenburg,m,15-17,5
2014,Brandenburg,m,18-19,2
2014,Brandenburg,m,20-24,8
2014,Brandenburg,m,25-29,14
2014,Brandenburg,m,30-34,12
2014,Brandenburg,m,35-39,15
2014,Brandenburg,m,40-44,10
2014,Brandenburg,m,45-49,8
2014,Brandenburg,m,50-54,12
2014,Brandenburg,m,55-59,2
2014,Brandenburg,m,60-64,0
2014,Brandenburg,m,65-69,1
2014,Brandenburg,m,70-74,0
2014,Brandenburg,m,75-79,0
2014,Brandenburg,m,80-84,0
2014,Brandenburg,m,85-89,0
2014,Brandenburg,w,insgesamt,17
2014,Brandenburg,w,unter 1,0
2014,Brandenburg,w,1-4,0
2014,Brandenburg,w,5-9,0
2014,Brandenburg,w,10-14,0
2014,Brandenburg,w,15-17,0
2014,Brandenburg,w,18-19,0
2014,Brandenburg,w,20-24,0
2014,Brandenburg,w,25-29,3
2014,Brandenburg,w,30-34,1
2014,Brandenburg,w,35-39,5
2014,Brandenburg,w,40-44,3
2014,Brandenburg,w,45-49,2
2014,Brandenburg,w,50-54,2
2014,Brandenburg,w,55-59,1
2014,Brandenburg,w,60-64,0
2014,Brandenburg,w,65-69,0
2014,Brandenburg,w,70-74,0
2014,Brandenburg,w,75-79,0
2014,Brandenburg,w,80-84,0
2014,Brandenburg,w,85-89,0
2014,Hamburg,m,insgesamt,20
2014,Hamburg,m,unter 1,0
2014,Hamburg,m,1-4,0
2014,Hamburg,m,5-9,0
2014,Hamburg,m,10-14,0
2014,Hamburg,m,15-17,2
2014,Hamburg,m,18-19,4
2014,Hamburg,m,20-24,4
2014,Hamburg,m,25-29,2
2014,Hamburg,m,30-34,4
2014,Hamburg,m,35-39,3
2014,Hamburg,m,40-44,0
2014,Hamburg,m,45-49,0
2014,Hamburg,m,50-54,1
2014,Hamburg,m,55-59,0
2014,Hamburg,m,60-64,0
2014,Hamburg,m,65-69,0
2014,Hamburg,m,70-74,0
2014,Hamburg,m,75-79,0
2014,Hamburg,m,80-84,0
2014,Hamburg,m,85-89,0
2014,Hamburg,w,insgesamt,62
2014,Hamburg,w,unter 1,0
2014,Hamburg,w,1-4,0
2014,Hamburg,w,5-9,0
2014,Hamburg,w,10-14,0
2014,Hamburg,w,15-17,0
2014,Hamburg,w,18-19,1
2014,Hamburg,w,20-24,4
2014,Hamburg,w,25-29,5
2014,Hamburg,w,30-34,6
2014,Hamburg,w,35-39,8
2014,Hamburg,w,40-44,10
2014,Hamburg,w,45-49,16
2014,Hamburg,w,50-54,7
2014,Hamburg,w,55-59,5
2014,Hamburg,w,60-64,0
2014,Hamburg,w,65-69,0
2014,Hamburg,w,70-74,0
2014,Hamburg,w,75-79,0
2014,Hamburg,w,80-84,0
2014,Hamburg,w,85-89,0
2014,Hessen,m,insgesamt,51
2014,Hessen,m,unter 1,0
2014,Hessen,m,1-4,0
2014,Hessen,m,5-9,0
2014,Hessen,m,10-14,0
2014,Hessen,m,15-17,0
2014,Hessen,m,18-19,1
2014,Hessen,m,20-24,8
2014,Hessen,m,25-29,12
2014,Hessen,m,30-34,5
2014,Hessen,m,35-39,12
2014,Hessen,m,40-44,9
2014,Hessen,m,45-49,2
2014,Hessen,m,50-54,2
2014,Hessen,m,55-59,0
2014,Hessen,m,60-64,0
2014,Hessen,m,65-69,0
2014,Hessen,m,70-74,0
2014,Hessen,m,75-79,0
2014,Hessen,m,80-84,0
2014,Hessen,m,85-89,0
2014,Hessen,w,insgesamt,27
2014,Hessen,w,unter 1,0
2014,Hessen,w,1-4,0
2014,Hessen,w,5-9,0
2014,Hessen,w,10-14,0
2014,Hessen,w,15-17,0
2014,Hessen,w,18-19,2
2014,Hessen,w,20-24,7
2014,Hessen,w,25-29,3
2014,Hessen,w,30-34,4
2014,Hessen,w,35-39,1
2014,Hessen,w,40-44,0
2014,Hessen,w,45-49,5
2014,Hessen,w,50-54,3
2014,Hessen,w,55-59,2
2014,Hessen,w,60-64,0
2014,Hessen,w,65-69,0
2014,Hessen,w,70-74,0
2014,Hessen,w,75-79,0
2014,Hessen,w,80-84,0
2014,Hessen,w,85-89,0
2014,Mecklenburg-Vorpommern,m,insgesamt,2
2014,Mecklenburg-Vorpommern,m,unter 1,0
2014,Mecklenburg-Vorpommern,m,1-4,0
2014,Mecklenburg-Vorpommern,m,5-9,0
2014,Mecklenburg-Vorpommern,m,10-14,0
2014,Mecklenburg-Vorpommern,m,15-17,0
2014,Mecklenburg-Vorpommern,m,18-19,0
2014,Mecklenburg-Vorpommern,m,20-24,0
2014,Mecklenburg-Vorpommern,m,25-29,0
2014,Mecklenburg-Vorpommern,m,30-34,0
2014,Mecklenburg-Vorpommern,m,35-39,2
2014,Mecklenburg-Vorpommern,m,40-44,0
2014,Mecklenburg-Vorpommern,m,45-49,0
2014,Mecklenburg-Vorpommern,m,50-54,0
2014,Mecklenburg-Vorpommern,m,55-59,0
2014,Mecklenburg-Vorpommern,m,60-64,0
2014,Mecklenburg-Vorpommern,m,65-69,0
2014,Mecklenburg-Vorpommern,m,70-74,0
2014,Mecklenburg-Vorpommern,m,75-79,0
2014,Mecklenburg-Vorpommern,m,80-84,0
2014,Mecklenburg-Vorpommern,m,85-89,0
2014,Mecklenburg-Vorpommern,w,insgesamt,0
2014,Mecklenburg-Vorpommern,w,unter 1,0
2014,Mecklenburg-Vorpommern,w,1-4,0
2014,Mecklenburg-Vorpommern,w,5-9,0
2014,Mecklenburg-Vorpommern,w,10-14,0
2014,Mecklenburg-Vorpommern,w,15-17,0
2014,Mecklenburg-Vorpommern,w,18-19,0
2014,Mecklenburg-Vorpommern,w,20-24,0
2014,Mecklenburg-Vorpommern,w,25-29,0
2014,Mecklenburg-Vorpommern,w,30-34,0
2014,Mecklenburg-Vorpommern,w,35-39,0
2014,Mecklenburg-Vorpommern,w,40-44,0
2014,Mecklenburg-Vorpommern,w,45-49,0
2014,Mecklenburg-Vorpommern,w,50-54,0
2014,Mecklenburg-Vorpommern,w,55-59,0
2014,Mecklenburg-Vorpommern,w,60-64,0
2014,Mecklenburg-Vorpommern,w,65-69,0
2014,Mecklenburg-Vorpommern,w,70-74,0
2014,Mecklenburg-Vorpommern,w,75-79,0
2014,Mecklenburg-Vorpommern,w,80-84,0
2014,Mecklenburg-Vorpommern,w,85-89,0
2014,Niedersachsen,m,insgesamt,15
2014,Niedersachsen,m,unter 1,0
2014,Niedersachsen,m,1-4,0
2014,Niedersachsen,m,5-9,0
2014,Niedersachsen,m,10-14,0
2014,Niedersachsen,m,15-17,0
2014,Niedersachsen,m,18-19,0
2014,Niedersachsen,m,20-24,1
2014,Niedersachsen,m,25-29,3
2014,Niedersachsen,m,30-34,3
2014,Niedersachsen,m,35-39,2
2014,Niedersachsen,m,40-44,1
2014,Niedersachsen,m,45-49,5
2014,Niedersachsen,m,50-54,0
2014,Niedersachsen,m,55-59,0
2014,Niedersachsen,m,60-64,0
2014,Niedersachsen,m,65-69,0
2014,Niedersachsen,m,70-74,0
2014,Niedersachsen,m,75-79,0
2014,Niedersachsen,m,80-84,0
2014,Niedersachsen,m,85-89,0
2014,Niedersachsen,w,insgesamt,25
2014,Niedersachsen,w,unter 1,0
2014,Niedersachsen,w,1-4,0
2014,Niedersachsen,w,5-9,0
2014,Niedersachsen,w,10-14,1
2014,Niedersachsen,w,15-17,2
2014,Niedersachsen,w,18-19,0
2014,Niedersachsen,w,20-24,1
2014,Niedersachsen,w,25-29,4
2014,Niedersachsen,w,30-34,1
2014,Niedersachsen,w,35-39,0
2014,Niedersachsen,w,40-44,6
2014,Niedersachsen,w,45-49,2
2014,Niedersachsen,w,50-54,3
2014,Niedersachsen,w,55-59,3
2014,Niedersachsen,w,60-64,1
2014,Niedersachsen,w,65-69,1
2014,Niedersachsen,w,70-74,0
2014,Niedersachsen,w,75-79,0
2014,Niedersachsen,w,80-84,0
2014,Niedersachsen,w,85-89,0
2014,Nordrhein-Westfalen,m,insgesamt,163
2014,Nordrhein-Westfalen,m,unter 1,0
2014,Nordrhein-Westfalen,m,1-4,0
2014,Nordrhein-Westfalen,m,5-9,0
2014,Nordrhein-Westfalen,m,10-14,1
2014,Nordrhein-Westfalen,m,15-17,13
2014,Nordrhein-Westfalen,m,18-19,12
2014,Nordrhein-Westfalen,m,20-24,54
2014,Nordrhein-Westfalen,m,25-29,29
2014,Nordrhein-Westfalen,m,30-34,17
2014,Nordrhein-Westfalen,m,35-39,20
2014,Nordrhein-Westfalen,m,40-44,5
2014,Nordrhein-Westfalen,m,45-49,5
2014,Nordrhein-Westfalen,m,50-54,4
2014,Nordrhein-Westfalen,m,55-59,2
2014,Nordrhein-Westfalen,m,60-64,1
2014,Nordrhein-Westfalen,m,65-69,0
2014,Nordrhein-Westfalen,m,70-74,0
2014,Nordrhein-Westfalen,m,75-79,0
2014,Nordrhein-Westfalen,m,80-84,0
2014,Nordrhein-Westfalen,m,85-89,0
2014,Nordrhein-Westfalen,w,insgesamt,157
2014,Nordrhein-Westfalen,w,unter 1,0
2014,Nordrhein-Westfalen,w,1-4,0
2014,Nordrhein-Westfalen,w,5-9,0
2014,Nordrhein-Westfalen,w,10-14,3
2014,Nordrhein-Westfalen,w,15-17,5
2014,Nordrhein-Westfalen,w,18-19,3
2014,Nordrhein-Westfalen,w,20-24,34
2014,Nordrhein-Westfalen,w,25-29,16
2014,Nordrhein-Westfalen,w,30-34,17
2014,Nordrhein-Westfalen,w,35-39,13
2014,Nordrhein-Westfalen,w,40-44,16
2014,Nordrhein-Westfalen,w,45-49,16
2014,Nordrhein-Westfalen,w,50-54,15
2014,Nordrhein-Westfalen,w,55-59,14
2014,Nordrhein-Westfalen,w,60-64,5
2014,Nordrhein-Westfalen,w,65-69,0
2014,Nordrhein-Westfalen,w,70-74,0
2014,Nordrhein-Westfalen,w,75-79,0
2014,Nordrhein-Westfalen,w,80-84,0
2014,Nordrhein-Westfalen,w,85-89,0
2014,Rheinland-Pfalz,m,insgesamt,41
2014,Rheinland-Pfalz,m,unter 1,0
2014,Rheinland-Pfalz,m,1-4,0
2014,Rheinland-Pfalz,m,5-9,1
2014,Rheinland-Pfalz,m,10-14,0
2014,Rheinland-Pfalz,m,15-17,3
2014,Rheinland-Pfalz,m,18-19,4
2014,Rheinland-Pfalz,m,20-24,12
2014,Rheinland-Pfalz,m,25-29,9
2014,Rheinland-Pfalz,m,30-34,3
2014,Rheinland-Pfalz,m,35-39,2
2014,Rheinland-Pfalz,m,40-44,2
2014,Rheinland-Pfalz,m,45-49,3
2014,Rheinland-Pfalz,m,50-54,2
2014,Rheinland-Pfalz,m,55-59,0
2014,Rheinland-Pfalz,m,60-64,0
2014,Rheinland-Pfalz,m,65-69,0
2014,Rheinland-Pfalz,m,70-74,0
2014,Rheinland-Pfalz,m,75-79,0
2014,Rheinland-Pfalz,m,80-84,0
2014,Rheinland-Pfalz,m,85-89,0
2014,Rheinland-Pfalz,w,insgesamt,5
2014,Rheinland-Pfalz,w,unter 1,0
2014,Rheinland-Pfalz,w,1-4,0
2014,Rheinland-Pfalz,w,5-9,0
2014,Rheinland-Pfalz,w,10-14,0
2014,Rheinland-Pfalz,w,15-17,1
2014,Rheinland-Pfalz,w,18-19,1
2014,Rheinland-Pfalz,w,20-24,1
2014,Rheinland-Pfalz,w,25-29,0
2014,Rheinland-Pfalz,w,30-34,0
2014,Rheinland-Pfalz,w,35-39,1
2014,Rheinland-Pfalz,w,40-44,0
2014,Rheinland-Pfalz,w,45-49,1
2014,Rheinland-Pfalz,w,50-54,0
2014,Rheinland-Pfalz,w,55-59,0
2014,Rheinland-Pfalz,w,60-64,0
2014,Rheinland-Pfalz,w,65-69,0
2014,Rheinland-Pfalz,w,70-74,0
2014,Rheinland-Pfalz,w,75-79,0
2014,Rheinland-Pfalz,w,80-84,0
2014,Rheinland-Pfalz,w,85-89,0
2014,Saarland,m,insgesamt,2
2014,Saarland,m,unter 1,0
2014,Saarland,m,1-4,0
2014,Saarland,m,5-9,0
2014,Saarland,m,10-14,0
2014,Saarland,m,15-17,0
2014,Saarland,m,18-19,0
2014,Saarland,m,20-24,0
2014,Saarland,m,25-29,1
2014,Saarland,m,30-34,0
2014,Saarland,m,35-39,0
2014,Saarland,m,40-44,1
2014,Saarland,m,45-49,0
2014,Saarland,m,50-54,0
2014,Saarland,m,55-59,0
2014,Saarland,m,60-64,0
2014,Saarland,m,65-69,0
2014,Saarland,m,70-74,0
2014,Saarland,m,75-79,0
2014,Saarland,m,80-84,0
2014,Saarland,m,85-89,0
2014,Saarland,w,insgesamt,2
2014,Saarland,w,unter 1,0
2014,Saarland,w,1-4,0
2014,Saarland,w,5-9,0
2014,Saarland,w,10-14,0
2014,Saarland,w,15-17,1
2014,Saarland,w,18-19,0
2014,Saarland,w,20-24,0
2014,Saarland,w,25-29,0
2014,Saarland,w,30-34,1
2014,Saarland,w,35-39,0
2014,Saarland,w,40-44,0
2014,Saarland,w,45-49,0
2014,Saarland,w,50-54,0
2014,Saarland,w,55-59,0
2014,Saarland,w,60-64,0
2014,Saarland,w,65-69,0
2014,Saarland,w,70-74,0
2014,Saarland,w,75-79,0
2014,Saarland,w,80-84,0
2014,Saarland,w,85-89,0
2014,Sachsen,m,insgesamt,14
2014,Sachsen,m,unter 1,0
2014,Sachsen,m,1-4,0
2014,Sachsen,m,5-9,0
2014,Sachsen,m,10-14,0
2014,Sachsen,m,15-17,1
2014,Sachsen,m,18-19,0
2014,Sachsen,m,20-24,4
2014,Sachsen,m,25-29,3
2014,Sachsen,m,30-34,2
2014,Sachsen,m,35-39,2
2014,Sachsen,m,40-44,0
2014,Sachsen,m,45-49,1
2014,Sachsen,m,50-54,1
2014,Sachsen,m,55-59,0
2014,Sachsen,m,60-64,0
2014,Sachsen,m,65-69,0
2014,Sachsen,m,70-74,0
2014,Sachsen,m,75-79,0
2014,Sachsen,m,80-84,0
2014,Sachsen,m,85-89,0
2014,Sachsen,w,insgesamt,12
2014,Sachsen,w,unter 1,0
2014,Sachsen,w,1-4,0
2014,Sachsen,w,5-9,0
2014,Sachsen,w,10-14,0
2014,Sachsen,w,15-17,0
2014,Sachsen,w,18-19,1
2014,Sachsen,w,20-24,0
2014,Sachsen,w,25-29,3
2014,Sachsen,w,30-34,1
2014,Sachsen,w,35-39,3
2014,Sachsen,w,40-44,1
2014,Sachsen,w,45-49,1
2014,Sachsen,w,50-54,0
2014,Sachsen,w,55-59,2
2014,Sachsen,w,60-64,0
2014,Sachsen,w,65-69,0
2014,Sachsen,w,70-74,0
2014,Sachsen,w,75-79,0
2014,Sachsen,w,80-84,0
2014,Sachsen,w,85-89,0
2014,Sachsen-Anhalt,m,insgesamt,2
2014,Sachsen-Anhalt,m,unter 1,0
2014,Sachsen-Anhalt,m,1-4,0
2014,Sachsen-Anhalt,m,5-9,0
2014,Sachsen-Anhalt,m,10-14,0
2014,Sachsen-Anhalt,m,15-17,0
2014,Sachsen-Anhalt,m,18-19,0
2014,Sachsen-Anhalt,m,20-24,0
2014,Sachsen-Anhalt,m,25-29,1
2014,Sachsen-Anhalt,m,30-34,0
2014,Sachsen-Anhalt,m,35-39,0
2014,Sachsen-Anhalt,m,40-44,0
2014,Sachsen-Anhalt,m,45-49,0
2014,Sachsen-Anhalt,m,50-54,1
2014,Sachsen-Anhalt,m,55-59,0
2014,Sachsen-Anhalt,m,60-64,0
2014,Sachsen-Anhalt,m,65-69,0
2014,Sachsen-Anhalt,m,70-74,0
2014,Sachsen-Anhalt,m,75-79,0
2014,Sachsen-Anhalt,m,80-84,0
2014,Sachsen-Anhalt,m,85-89,0
2014,Sachsen-Anhalt,w,insgesamt,0
2014,Sachsen-Anhalt,w,unter 1,0
2014,Sachsen-Anhalt,w,1-4,0
2014,Sachsen-Anhalt,w,5-9,0
2014,Sachsen-Anhalt,w,10-14,0
2014,Sachsen-Anhalt,w,15-17,0
2014,Sachsen-Anhalt,w,18-19,0
2014,Sachsen-Anhalt,w,20-24,0
2014,Sachsen-Anhalt,w,25-29,0
2014,Sachsen-Anhalt,w,30-34,0
2014,Sachsen-Anhalt,w,35-39,0
2014,Sachsen-Anhalt,w,40-44,0
2014,Sachsen-Anhalt,w,45-49,0
2014,Sachsen-Anhalt,w,50-54,0
2014,Sachsen-Anhalt,w,55-59,0
2014,Sachsen-Anhalt,w,60-64,0
2014,Sachsen-Anhalt,w,65-69,0
2014,Sachsen-Anhalt,w,70-74,0
2014,Sachsen-Anhalt,w,75-79,0
2014,Sachsen-Anhalt,w,80-84,0
2014,Sachsen-Anhalt,w,85-89,0
2014,Schleswig-Holstein,m,insgesamt,117
2014,Schleswig-Holstein,m,unter 1,0
2014,Schleswig-Holstein,m,1-4,0
2014,Schleswig-Holstein,m,5-9,0
2014,Schleswig-Holstein,m,10-14,0
2014,Schleswig-Holstein,m,15-17,4
2014,Schleswig-Holstein,m,18-19,13
2014,Schleswig-Holstein,m,20-24,42
2014,Schleswig-Holstein,m,25-29,29
2014,Schleswig-Holstein,m,30-34,15
2014,Schleswig-Holstein,m,35-39,7
2014,Schleswig-Holstein,m,40-44,1
2014,Schleswig-Holstein,m,45-49,5
2014,Schleswig-Holstein,m,50-54,0
2014,Schleswig-Holstein,m,55-59,0
2014,Schleswig-Holstein,m,60-64,1
2014,Schleswig-Holstein,m,65-69,0
2014,Schleswig-Holstein,m,70-74,0
2014,Schleswig-Holstein,m,75-79,0
2014,Schleswig-Holstein,m,80-84,0
2014,Schleswig-Holstein,m,85-89,0
2014,Schleswig-Holstein,w,insgesamt,1
2014,Schleswig-Holstein,w,unter 1,0
2014,Schleswig-Holstein,w,1-4,0
2014,Schleswig-Holstein,w,5-9,0
2014,Schleswig-Holstein,w,10-14,0
2014,Schleswig-Holstein,w,15-17,0
2014,Schleswig-Holstein,w,18-19,0
2014,Schleswig-Holstein,w,20-24,0
2014,Schleswig-Holstein,w,25-29,0
2014,Schleswig-Holstein,w,30-34,0
2014,Schleswig-Holstein,w,35-39,0
2014,Schleswig-Holstein,w,40-44,1
2014,Schleswig-Holstein,w,45-49,0
2014,Schleswig-Holstein,w,50-54,0
2014,Schleswig-Holstein,w,55-59,0
2014,Schleswig-Holstein,w,60-64,0
2014,Schleswig-Holstein,w,65-69,0
2014,Schleswig-Holstein,w,70-74,0
2014,Schleswig-Holstein,w,75-79,0
2014,Schleswig-Holstein,w,80-84,0
2014,Schleswig-Holstein,w,85-89,0
2014,Thüringen,m,insgesamt,4
2014,Thüringen,m,unter 1,0
2014,Thüringen,m,1-4,0
2014,Thüringen,m,5-9,0
2014,Thüringen,m,10-14,0
2014,Thüringen,m,15-17,0
2014,Thüringen,m,18-19,0
2014,Thüringen,m,20-24,0
2014,Thüringen,m,25-29,1
2014,Thüringen,m,30-34,1
2014,Thüringen,m,35-39,0
2014,Thüringen,m,40-44,0
2014,Thüringen,m,45-49,1
2014,Thüringen,m,50-54,1
2014,Thüringen,m,55-59,0
2014,Thüringen,m,60-64,0
2014,Thüringen,m,65-69,0
2014,Thüringen,m,70-74,0
2014,Thüringen,m,75-79,0
2014,Thüringen,m,80-84,0
2014,Thüringen,m,85-89,0
2014,Thüringen,w,insgesamt,18
2014,Thüringen,w,unter 1,0
2014,Thüringen,w,1-4,0
2014,Thüringen,w,5-9,0
2014,Thüringen,w,10-14,2
2014,Thüringen,w,15-17,0
2014,Thüringen,w,18-19,1
2014,Thüringen,w,20-24,1
2014,Thüringen,w,25-29,2
2014,Thüringen,w,30-34,1
2014,Thüringen,w,35-39,1
2014,Thüringen,w,40-44,2
2014,Thüringen,w,45-49,6
2014,Thüringen,w,50-54,1
2014,Thüringen,w,55-59,1
2014,Thüringen,w,60-64,0
2014,Thüringen,w,65-69,0
2014,Thüringen,w,70-74,0
2014,Thüringen,w,75-79,0
2014,Thüringen,w,80-84,0
2014,Thüringen,w,85-89,0
2015,Deutschland,m,insgesamt,1415
2015,Deutschland,m,unter 1,0
2015,Deutschland,m,1-4,0
2015,Deutschland,m,5-9,0
2015,Deutschland,m,10-14,2
2015,Deutschland,m,15-17,21
2015,Deutschland,m,18-19,82
2015,Deutschland,m,20-24,311
2015,Deutschland,m,25-29,290
2015,Deutschland,m,30-34,256
2015,Deutschland,m,35-39,171
2015,Deutschland,m,40-44,106
2015,Deutschland,m,45-49,103
2015,Deutschland,m,50-54,50
2015,Deutschland,m,55-59,19
2015,Deutschland,m,60-64,4
2015,Deutschland,m,65-69,0
2015,Deutschland,m,70-74,0
2015,Deutschland,m,75-79,0
2015,Deutschland,m,80-84,0
2015,Deutschland,m,85-89,0
2015,Deutschland,w,insgesamt,800
2015,Deutschland,w,unter 1,0
2015,Deutschland,w,1-4,0
2015,Deutschland,w,5-9,0
2015,Deutschland,w,10-14,7
2015,Deutschland,w,15-17,19
2015,Deutschland,w,18-19,36
2015,Deutschland,w,20-24,92
2015,Deutschland,w,25-29,121
2015,Deutschland,w,30-34,91
2015,Deutschland,w,35-39,90
2015,Deutschland,w,40-44,88
2015,Deutschland,w,45-49,103
2015,Deutschland,w,50-54,90
2015,Deutschland,w,55-59,40
2015,Deutschland,w,60-64,17
2015,Deutschland,w,65-69,6
2015,Deutschland,w,70-74,0
2015,Deutschland,w,75-79,0
2015,Deutschland,w,80-84,0
2015,Deutschland,w,85-89,0
2015,Baden-Württemberg,m,insgesamt,39
2015,Baden-Württemberg,m,unter 1,0
2015,Baden-Württemberg,m,1-4,0
2015,Baden-Württemberg,m,5-9,0
2015,Baden-Württemberg,m,10-14,1
2015,Baden-Württemberg,m,15-17,0
2015,Baden-Württemberg,m,18-19,0
2015,Baden-Württemberg,m,20-24,10
2015,Baden-Württemberg,m,25-29,10
2015,Baden-Württemberg,m,30-34,10
2015,Baden-Württemberg,m,35-39,2
2015,Baden-Württemberg,m,40-44,2
2015,Baden-Württemberg,m,45-49,0
2015,Baden-Württemberg,m,50-54,4
2015,Baden-Württemberg,m,55-59,0
2015,Baden-Württemberg,m,60-64,0
2015,Baden-Württemberg,m,65-69,0
2015,Baden-Württemberg,m,70-74,0
2015,Baden-Württemberg,m,75-79,0
2015,Baden-Württemberg,m,80-84,0
2015,Baden-Württemberg,m,85-89,0
2015,Baden-Württemberg,w,insgesamt,35
2015,Baden-Württemberg,w,unter 1,0
2015,Baden-Württemberg,w,1-4,0
2015,Baden-Württemberg,w,5-9,0
2015,Baden-Württemberg,w,10-14,1
2015,Baden-Württemberg,w,15-17,2
2015,Baden-Württemberg,w,18-19,3
2015,Baden-Württemberg,w,20-24,4
2015,Baden-Württemberg,w,25-29,1
2015,Baden-Württemberg,w,30-34,6
2015,Baden-Württemberg,w,35-39,2
2015,Baden-Württemberg,w,40-44,2
2015,Baden-Württemberg,w,45-49,4
2015,Baden-Württemberg,w,50-54,5
2015,Baden-Württemberg,w,55-59,3
2015,Baden-Württemberg,w,60-64,2
2015,Baden-Württemberg,w,65-69,0
2015,Baden-Württemberg,w,70-74,0
2015,Baden-Württemberg,w,75-79,0
2015,Baden-Württemberg,w,80-84,0
2015,Baden-Württemberg,w,85-89,0
2015,Bayern,m,insgesamt,634
2015,Bayern,m,unter 1,0
2015,Bayern,m,1-4,0
2015,Bayern,m,5-9,0
2015,Bayern,m,10-14,0
2015,Bayern,m,15-17,0
2015,Bayern,m,18-19,14
2015,Bayern,m,20-24,122
2015,Bayern,m,25-29,149
2015,Bayern,m,30-34,135
2015,Bayern,m,35-39,89
2015,Bayern,m,40-44,45
2015,Bayern,m,45-49,56
2015,Bayern,m,50-54,16
2015,Bayern,m,55-59,5
2015,Bayern,m,60-64,3
2015,Bayern,m,65-69,0
2015,Bayern,m,70-74,0
2015,Bayern,m,75-79,0
2015,Bayern,m,80-84,0
2015,Bayern,m,85-89,0
2015,Bayern,w,insgesamt,287
2015,Bayern,w,unter 1,0
2015,Bayern,w,1-4,0
2015,Bayern,w,5-9,0
2015,Bayern,w,10-14,1
2015,Bayern,w,15-17,2
2015,Bayern,w,18-19,9
2015,Bayern,w,20-24,39
2015,Bayern,w,25-29,50
2015,Bayern,w,30-34,40
2015,Bayern,w,35-39,28
2015,Bayern,w,40-44,29
2015,Bayern,w,45-49,34
2015,Bayern,w,50-54,34
2015,Bayern,w,55-59,13
2015,Bayern,w,60-64,6
2015,Bayern,w,65-69,2
2015,Bayern,w,70-74,0
2015,Bayern,w,75-79,0
2015,Bayern,w,80-84,0
2015,Bayern,w,85-89,0
2015,Berlin,m,insgesamt,127
2015,Berlin,m,unter 1,0
2015,Berlin,m,1-4,0
2015,Berlin,m,5-9,0
2015,Berlin,m,10-14,1
2015,Berlin,m,15-17,0
2015,Berlin,m,18-19,8
2015,Berlin,m,20-24,13
2015,Berlin,m,25-29,23
2015,Berlin,m,30-34,23
2015,Berlin,m,35-39,21
2015,Berlin,m,40-44,15
2015,Berlin,m,45-49,10
2015,Berlin,m,50-54,10
2015,Berlin,m,55-59,3
2015,Berlin,m,60-64,0
2015,Berlin,m,65-69,0
2015,Berlin,m,70-74,0
2015,Berlin,m,75-79,0
2015,Berlin,m,80-84,0
2015,Berlin,m,85-89,0
2015,Berlin,w,insgesamt,69
2015,Berlin,w,unter 1,0
2015,Berlin,w,1-4,0
2015,Berlin,w,5-9,0
2015,Berlin,w,10-14,0
2015,Berlin,w,15-17,0
2015,Berlin,w,18-19,1
2015,Berlin,w,20-24,2
2015,Berlin,w,25-29,13
2015,Berlin,w,30-34,7
2015,Berlin,w,35-39,7
2015,Berlin,w,40-44,14
2015,Berlin,w,45-49,7
2015,Berlin,w,50-54,10
2015,Berlin,w,55-59,3
2015,Berlin,w,60-64,3
2015,Berlin,w,65-69,2
2015,Berlin,w,70-74,0
2015,Berlin,w,75-79,0
2015,Berlin,w,80-84,0
2015,Berlin,w,85-89,0
2015,Brandenburg,m,insgesamt,70
2015,Brandenburg,m,unter 1,0
2015,Brandenburg,m,1-4,0
2015,Brandenburg,m,5-9,0
2015,Brandenburg,m,10-14,0
2015,Brandenburg,m,15-17,2
2015,Brandenburg,m,18-19,3
2015,Brandenburg,m,20-24,15
2015,Brandenburg,m,25-29,8
2015,Brandenburg,m,30-34,14
2015,Brandenburg,m,35-39,7
2015,Brandenburg,m,40-44,9
2015,Brandenburg,m,45-49,3
2015,Brandenburg,m,50-54,5
2015,Brandenburg,m,55-59,3
2015,Brandenburg,m,60-64,1
2015,Brandenburg,m,65-69,0
2015,Brandenburg,m,70-74,0
2015,Brandenburg,m,75-79,0
2015,Brandenburg,m,80-84,0
2015,Brandenburg,m,85-89,0
2015,Brandenburg,w,insgesamt,15
2015,Brandenburg,w,unter 1,0
2015,Brandenburg,w,1-4,0
2015,Brandenburg,w,5-9,0
2015,Brandenburg,w,10-14,1
2015,Brandenburg,w,15-17,0
2015,Brandenburg,w,18-19,0
2015,Brandenburg,w,20-24,0
2015,Brandenburg,w,25-29,0
2015,Brandenburg,w,30-34,0
2015,Brandenburg,w,35-39,1
2015,Brandenburg,w,40-44,3
2015,Brandenburg,w,45-49,1
2015,Brandenburg,w,50-54,7
2015,Brandenburg,w,55-59,0
2015,Brandenburg,w,60-64,2
2015,Brandenburg,w,65-69,0
2015,Brandenburg,w,70-74,0
2015,Brandenburg,w,75-79,0
2015,Brandenburg,w,80-84,0
2015,Brandenburg,w,85-89,0
2015,Bremen,m,insgesamt,1
2015,Bremen,m,unter 1,0
2015,Bremen,m,1-4,0
2015,Bremen,m,5-9,0
2015,Bremen,m,10-14,0
2015,Bremen,m,15-17,0
2015,Bremen,m,18-19,0
2015,Bremen,m,20-24,1
2015,Bremen,m,25-29,0
2015,Bremen,m,30-34,0
2015,Bremen,m,35-39,0
2015,Bremen,m,40-44,0
2015,Bremen,m,45-49,0
2015,Bremen,m,50-54,0
2015,Bremen,m,55-59,0
2015,Bremen,m,60-64,0
2015,Bremen,m,65-69,0
2015,Bremen,m,70-74,0
2015,Bremen,m,75-79,0
2015,Bremen,m,80-84,0
2015,Bremen,m,85-89,0
2015,Bremen,w,insgesamt,1
2015,Bremen,w,unter 1,0
2015,Bremen,w,1-4,0
2015,Bremen,w,5-9,0
2015,Bremen,w,10-14,0
2015,Bremen,w,15-17,0
2015,Bremen,w,18-19,0
2015,Bremen,w,20-24,0
2015,Bremen,w,25-29,1
2015,Bremen,w,30-34,0
2015,Bremen,w,35-39,0
2015,Bremen,w,40-44,0
2015,Bremen,w,45-49,0
2015,Bremen,w,50-54,0
2015,Bremen,w,55-59,0
2015,Bremen,w,60-64,0
2015,Bremen,w,65-69,0
2015,Bremen,w,70-74,0
2015,Bremen,w,75-79,0
2015,Bremen,w,80-84,0
2015,Bremen,w,85-89,0
2015,Hamburg,m,insgesamt,23
2015,Hamburg,m,unter 1,0
2015,Hamburg,m,1-4,0
2015,Hamburg,m,5-9,0
2015,Hamburg,m,10-14,0
2015,Hamburg,m,15-17,0
2015,Hamburg,m,18-19,2
2015,Hamburg,m,20-24,9
2015,Hamburg,m,25-29,5
2015,Hamburg,m,30-34,4
2015,Hamburg,m,35-39,2
2015,Hamburg,m,40-44,1
2015,Hamburg,m,45-49,0
2015,Hamburg,m,50-54,0
2015,Hamburg,m,55-59,0
2015,Hamburg,m,60-64,0
2015,Hamburg,m,65-69,0
2015,Hamburg,m,70-74,0
2015,Hamburg,m,75-79,0
2015,Hamburg,m,80-84,0
2015,Hamburg,m,85-89,0
2015,Hamburg,w,insgesamt,62
2015,Hamburg,w,unter 1,0
2015,Hamburg,w,1-4,0
2015,Hamburg,w,5-9,0
2015,Hamburg,w,10-14,0
2015,Hamburg,w,15-17,0
2015,Hamburg,w,18-19,2
2015,Hamburg,w,20-24,7
2015,Hamburg,w,25-29,7
2015,Hamburg,w,30-34,6
2015,Hamburg,w,35-39,10
2015,Hamburg,w,40-44,5
2015,Hamburg,w,45-49,9
2015,Hamburg,w,50-54,7
2015,Hamburg,w,55-59,5
2015,Hamburg,w,60-64,3
2015,Hamburg,w,65-69,1
2015,Hamburg,w,70-74,0
2015,Hamburg,w,75-79,0
2015,Hamburg,w,80-84,0
2015,Hamburg,w,85-89,0
2015,Hessen,m,insgesamt,58
2015,Hessen,m,unter 1,0
2015,Hessen,m,1-4,0
2015,Hessen,m,5-9,0
2015,Hessen,m,10-14,0
2015,Hessen,m,15-17,1
2015,Hessen,m,18-19,8
2015,Hessen,m,20-24,13
2015,Hessen,m,25-29,7
2015,Hessen,m,30-34,4
2015,Hessen,m,35-39,7
2015,Hessen,m,40-44,9
2015,Hessen,m,45-49,4
2015,Hessen,m,50-54,3
2015,Hessen,m,55-59,2
2015,Hessen,m,60-64,0
2015,Hessen,m,65-69,0
2015,Hessen,m,70-74,0
2015,Hessen,m,75-79,0
2015,Hessen,m,80-84,0
2015,Hessen,m,85-89,0
2015,Hessen,w,insgesamt,28
2015,Hessen,w,unter 1,0
2015,Hessen,w,1-4,0
2015,Hessen,w,5-9,0
2015,Hessen,w,10-14,0
2015,Hessen,w,15-17,2
2015,Hessen,w,18-19,1
2015,Hessen,w,20-24,4
2015,Hessen,w,25-29,2
2015,Hessen,w,30-34,3
2015,Hessen,w,35-39,3
2015,Hessen,w,40-44,3
2015,Hessen,w,45-49,1
2015,Hessen,w,50-54,5
2015,Hessen,w,55-59,3
2015,Hessen,w,60-64,0
2015,Hessen,w,65-69,1
2015,Hessen,w,70-74,0
2015,Hessen,w,75-79,0
2015,Hessen,w,80-84,0
2015,Hessen,w,85-89,0
2015,Mecklenburg-Vorpommern,m,insgesamt,3
2015,Mecklenburg-Vorpommern,m,unter 1,0
2015,Mecklenburg-Vorpommern,m,1-4,0
2015,Mecklenburg-Vorpommern,m,5-9,0
2015,Mecklenburg-Vorpommern,m,10-14,0
2015,Mecklenburg-Vorpommern,m,15-17,0
2015,Mecklenburg-Vorpommern,m,18-19,0
2015,Mecklenburg-Vorpommern,m,20-24,0
2015,Mecklenburg-Vorpommern,m,25-29,1
2015,Mecklenburg-Vorpommern,m,30-34,0
2015,Mecklenburg-Vorpommern,m,35-39,1
2015,Mecklenburg-Vorpommern,m,40-44,1
2015,Mecklenburg-Vorpommern,m,45-49,0
2015,Mecklenburg-Vorpommern,m,50-54,0
2015,Mecklenburg-Vorpommern,m,55-59,0
2015,Mecklenburg-Vorpommern,m,60-64,0
2015,Mecklenburg-Vorpommern,m,65-69,0
2015,Mecklenburg-Vorpommern,m,70-74,0
2015,Mecklenburg-Vorpommern,m,75-79,0
2015,Mecklenburg-Vorpommern,m,80-84,0
2015,Mecklenburg-Vorpommern,m,85-89,0
2015,Mecklenburg-Vorpommern,w,insgesamt,2
2015,Mecklenburg-Vorpommern,w,unter 1,0
2015,Mecklenburg-Vorpommern,w,1-4,0
2015,Mecklenburg-Vorpommern,w,5-9,0
2015,Mecklenburg-Vorpommern,w,10-14,0
2015,Mecklenburg-Vorpommern,w,15-17,0
2015,Mecklenburg-Vorpommern,w,18-19,0
2015,Mecklenburg-Vorpommern,w,20-24,0
2015,Mecklenburg-Vorpommern,w,25-29,0
2015,Mecklenburg-Vorpommern,w,30-34,0
2015,Mecklenburg-Vorpommern,w,35-39,0
2015,Mecklenburg-Vorpommern,w,40-44,0
2015,Mecklenburg-Vorpommern,w,45-49,0
2015,Mecklenburg-Vorpommern,w,50-54,1
2015,Mecklenburg-Vorpommern,w,55-59,1
2015,Mecklenburg-Vorpommern,w,60-64,0
2015,Mecklenburg-Vorpommern,w,65-69,0
2015,Mecklenburg-Vorpommern,w,70-74,0
2015,Mecklenburg-Vorpommern,w,75-79,0
2015,Mecklenburg-Vorpommern,w,80-84,0
2015,Mecklenburg-Vorpommern,w,85-89,0
2015,Niedersachsen,m,insgesamt,44
2015,Niedersachsen,m,unter 1,0
2015,Niedersachsen,m,1-4,0
2015,Niedersachsen,m,5-9,0
2015,Niedersachsen,m,10-14,0
2015,Niedersachsen,m,15-17,0
2015,Niedersachsen,m,18-19,3
2015,Niedersachsen,m,20-24,8
2015,Niedersachsen,m,25-29,9
2015,Niedersachsen,m,30-34,9
2015,Niedersachsen,m,35-39,4
2015,Niedersachsen,m,40-44,3
2015,Niedersachsen,m,45-49,5
2015,Niedersachsen,m,50-54,3
2015,Niedersachsen,m,55-59,0
2015,Niedersachsen,m,60-64,0
2015,Niedersachsen,m,65-69,0
2015,Niedersachsen,m,70-74,0
2015,Niedersachsen,m,75-79,0
2015,Niedersachsen,m,80-84,0
2015,Niedersachsen,m,85-89,0
2015,Niedersachsen,w,insgesamt,36
2015,Niedersachsen,w,unter 1,0
2015,Niedersachsen,w,1-4,0
2015,Niedersachsen,w,5-9,0
2015,Niedersachsen,w,10-14,0
2015,Niedersachsen,w,15-17,2
2015,Niedersachsen,w,18-19,1
2015,Niedersachsen,w,20-24,6
2015,Niedersachsen,w,25-29,7
2015,Niedersachsen,w,30-34,5
2015,Niedersachsen,w,35-39,2
2015,Niedersachsen,w,40-44,0
2015,Niedersachsen,w,45-49,4
2015,Niedersachsen,w,50-54,6
2015,Niedersachsen,w,55-59,3
2015,Niedersachsen,w,60-64,0
2015,Niedersachsen,w,65-69,0
2015,Niedersachsen,w,70-74,0
2015,Niedersachsen,w,75-79,0
2015,Niedersachsen,w,80-84,0
2015,Niedersachsen,w,85-89,0
2015,Nordrhein-Westfalen,m,insgesamt,175
2015,Nordrhein-Westfalen,m,unter 1,0
2015,Nordrhein-Westfalen,m,1-4,0
2015,Nordrhein-Westfalen,m,5-9,0
2015,Nordrhein-Westfalen,m,10-14,0
2015,Nordrhein-Westfalen,m,15-17,10
2015,Nordrhein-Westfalen,m,18-19,21
2015,Nordrhein-Westfalen,m,20-24,58
2015,Nordrhein-Westfalen,m,25-29,29
2015,Nordrhein-Westfalen,m,30-34,18
2015,Nordrhein-Westfalen,m,35-39,10
2015,Nordrhein-Westfalen,m,40-44,7
2015,Nordrhein-Westfalen,m,45-49,11
2015,Nordrhein-Westfalen,m,50-54,7
2015,Nordrhein-Westfalen,m,55-59,4
2015,Nordrhein-Westfalen,m,60-64,0
2015,Nordrhein-Westfalen,m,65-69,0
2015,Nordrhein-Westfalen,m,70-74,0
2015,Nordrhein-Westfalen,m,75-79,0
2015,Nordrhein-Westfalen,m,80-84,0
2015,Nordrhein-Westfalen,m,85-89,0
2015,Nordrhein-Westfalen,w,insgesamt,217
2015,Nordrhein-Westfalen,w,unter 1,0
2015,Nordrhein-Westfalen,w,1-4,0
2015,Nordrhein-Westfalen,w,5-9,0
2015,Nordrhein-Westfalen,w,10-14,3
2015,Nordrhein-Westfalen,w,15-17,10
2015,Nordrhein-Westfalen,w,18-19,16
2015,Nordrhein-Westfalen,w,20-24,27
2015,Nordrhein-Westfalen,w,25-29,36
2015,Nordrhein-Westfalen,w,30-34,18
2015,Nordrhein-Westfalen,w,35-39,26
2015,Nordrhein-Westfalen,w,40-44,24
2015,Nordrhein-Westfalen,w,45-49,37
2015,Nordrhein-Westfalen,w,50-54,12
2015,Nordrhein-Westfalen,w,55-59,8
2015,Nordrhein-Westfalen,w,60-64,0
2015,Nordrhein-Westfalen,w,65-69,0
2015,Nordrhein-Westfalen,w,70-74,0
2015,Nordrhein-Westfalen,w,75-79,0
2015,Nordrhein-Westfalen,w,80-84,0
2015,Nordrhein-Westfalen,w,85-89,0
2015,Rheinland-Pfalz,m,insgesamt,62
2015,Rheinland-Pfalz,m,unter 1,0
2015,Rheinland-Pfalz,m,1-4,0
2015,Rheinland-Pfalz,m,5-9,0
2015,Rheinland-Pfalz,m,10-14,0
2015,Rheinland-Pfalz,m,15-17,1
2015,Rheinland-Pfalz,m,18-19,2
2015,Rheinland-Pfalz,m,20-24,16
2015,Rheinland-Pfalz,m,25-29,14
2015,Rheinland-Pfalz,m,30-34,11
2015,Rheinland-Pfalz,m,35-39,9
2015,Rheinland-Pfalz,m,40-44,5
2015,Rheinland-Pfalz,m,45-49,4
2015,Rheinland-Pfalz,m,50-54,0
2015,Rheinland-Pfalz,m,55-59,0
2015,Rheinland-Pfalz,m,60-64,0
2015,Rheinland-Pfalz,m,65-69,0
2015,Rheinland-Pfalz,m,70-74,0
2015,Rheinland-Pfalz,m,75-79,0
2015,Rheinland-Pfalz,m,80-84,0
2015,Rheinland-Pfalz,m,85-89,0
2015,Rheinland-Pfalz,w,insgesamt,11
2015,Rheinland-Pfalz,w,unter 1,0
2015,Rheinland-Pfalz,w,1-4,0
2015,Rheinland-Pfalz,w,5-9,0
2015,Rheinland-Pfalz,w,10-14,0
2015,Rheinland-Pfalz,w,15-17,0
2015,Rheinland-Pfalz,w,18-19,1
2015,Rheinland-Pfalz,w,20-24,1
2015,Rheinland-Pfalz,w,25-29,0
2015,Rheinland-Pfalz,w,30-34,1
2015,Rheinland-Pfalz,w,35-39,4
2015,Rheinland-Pfalz,w,40-44,2
2015,Rheinland-Pfalz,w,45-49,1
2015,Rheinland-Pfalz,w,50-54,1
2015,Rheinland-Pfalz,w,55-59,0
2015,Rheinland-Pfalz,w,60-64,0
2015,Rheinland-Pfalz,w,65-69,0
2015,Rheinland-Pfalz,w,70-74,0
2015,Rheinland-Pfalz,w,75-79,0
2015,Rheinland-Pfalz,w,80-84,0
2015,Rheinland-Pfalz,w,85-89,0
2015,Saarland,m,insgesamt,4
2015,Saarland,m,unter 1,0
2015,Saarland,m,1-4,0
2015,Saarland,m,5-9,0
2015,Saarland,m,10-14,0
2015,Saarland,m,15-17,1
2015,Saarland,m,18-19,0
2015,Saarland,m,20-24,0
2015,Saarland,m,25-29,2
2015,Saarland,m,30-34,0
2015,Saarland,m,35-39,1
2015,Saarland,m,40-44,0
2015,Saarland,m,45-49,0
2015,Saarland,m,50-54,0
2015,Saarland,m,55-59,0
2015,Saarland,m,60-64,0
2015,Saarland,m,65-69,0
2015,Saarland,m,70-74,0
2015,Saarland,m,75-79,0
2015,Saarland,m,80-84,0
2015,Saarland,m,85-89,0
2015,Saarland,w,insgesamt,0
2015,Saarland,w,unter 1,0
2015,Saarland,w,1-4,0
2015,Saarland,w,5-9,0
2015,Saarland,w,10-14,0
2015,Saarland,w,15-17,0
2015,Saarland,w,18-19,0
2015,Saarland,w,20-24,0
2015,Saarland,w,25-29,0
2015,Saarland,w,30-34,0
2015,Saarland,w,35-39,0
2015,Saarland,w,40-44,0
2015,Saarland,w,45-49,0
2015,Saarland,w,50-54,0
2015,Saarland,w,55-59,0
2015,Saarland,w,60-64,0
2015,Saarland,w,65-69,0
2015,Saarland,w,70-74,0
2015,Saarland,w,75-79,0
2015,Saarland,w,80-84,0
2015,Saarland,w,85-89,0
2015,Sachsen,m,insgesamt,21
2015,Sachsen,m,unter 1,0
2015,Sachsen,m,1-4,0
2015,Sachsen,m,5-9,0
2015,Sachsen,m,10-14,0
2015,Sachsen,m,15-17,4
2015,Sachsen,m,18-19,6
2015,Sachsen,m,20-24,1
2015,Sachsen,m,25-29,2
2015,Sachsen,m,30-34,6
2015,Sachsen,m,35-39,1
2015,Sachsen,m,40-44,0
2015,Sachsen,m,45-49,1
2015,Sachsen,m,50-54,0
2015,Sachsen,m,55-59,0
2015,Sachsen,m,60-64,0
2015,Sachsen,m,65-69,0
2015,Sachsen,m,70-74,0
2015,Sachsen,m,75-79,0
2015,Sachsen,m,80-84,0
2015,Sachsen,m,85-89,0
2015,Sachsen,w,insgesamt,12
2015,Sachsen,w,unter 1,0
2015,Sachsen,w,1-4,0
2015,Sachsen,w,5-9,0
2015,Sachsen,w,10-14,0
2015,Sachsen,w,15-17,1
2015,Sachsen,w,18-19,1
2015,Sachsen,w,20-24,1
2015,Sachsen,w,25-29,4
2015,Sachsen,w,30-34,1
2015,Sachsen,w,35-39,1
2015,Sachsen,w,40-44,1
2015,Sachsen,w,45-49,0
2015,Sachsen,w,50-54,1
2015,Sachsen,w,55-59,0
2015,Sachsen,w,60-64,1
2015,Sachsen,w,65-69,0
2015,Sachsen,w,70-74,0
2015,Sachsen,w,75-79,0
2015,Sachsen,w,80-84,0
2015,Sachsen,w,85-89,0
2015,Sachsen-Anhalt,m,insgesamt,3
2015,Sachsen-Anhalt,m,unter 1,0
2015,Sachsen-Anhalt,m,1-4,0
2015,Sachsen-Anhalt,m,5-9,0
2015,Sachsen-Anhalt,m,10-14,0
2015,Sachsen-Anhalt,m,15-17,0
2015,Sachsen-Anhalt,m,18-19,0
2015,Sachsen-Anhalt,m,20-24,0
2015,Sachsen-Anhalt,m,25-29,2
2015,Sachsen-Anhalt,m,30-34,0
2015,Sachsen-Anhalt,m,35-39,0
2015,Sachsen-Anhalt,m,40-44,0
2015,Sachsen-Anhalt,m,45-49,1
2015,Sachsen-Anhalt,m,50-54,0
2015,Sachsen-Anhalt,m,55-59,0
2015,Sachsen-Anhalt,m,60-64,0
2015,Sachsen-Anhalt,m,65-69,0
2015,Sachsen-Anhalt,m,70-74,0
2015,Sachsen-Anhalt,m,75-79,0
2015,Sachsen-Anhalt,m,80-84,0
2015,Sachsen-Anhalt,m,85-89,0
2015,Sachsen-Anhalt,w,insgesamt,3
2015,Sachsen-Anhalt,w,unter 1,0
2015,Sachsen-Anhalt,w,1-4,0
2015,Sachsen-Anhalt,w,5-9,0
2015,Sachsen-Anhalt,w,10-14,0
2015,Sachsen-Anhalt,w,15-17,0
2015,Sachsen-Anhalt,w,18-19,0
2015,Sachsen-Anhalt,w,20-24,0
2015,Sachsen-Anhalt,w,25-29,0
2015,Sachsen-Anhalt,w,30-34,0
2015,Sachsen-Anhalt,w,35-39,1
2015,Sachsen-Anhalt,w,40-44,0
2015,Sachsen-Anhalt,w,45-49,2
2015,Sachsen-Anhalt,w,50-54,0
2015,Sachsen-Anhalt,w,55-59,0
2015,Sachsen-Anhalt,w,60-64,0
2015,Sachsen-Anhalt,w,65-69,0
2015,Sachsen-Anhalt,w,70-74,0
2015,Sachsen-Anhalt,w,75-79,0
2015,Sachsen-Anhalt,w,80-84,0
2015,Sachsen-Anhalt,w,85-89,0
2015,Schleswig-Holstein,m,insgesamt,150
2015,Schleswig-Holstein,m,unter 1,0
2015,Schleswig-Holstein,m,1-4,0
2015,Schleswig-Holstein,m,5-9,0
2015,Schleswig-Holstein,m,10-14,0
2015,Schleswig-Holstein,m,15-17,2
2015,Schleswig-Holstein,m,18-19,15
2015,Schleswig-Holstein,m,20-24,45
2015,Schleswig-Holstein,m,25-29,29
2015,Schleswig-Holstein,m,30-34,22
2015,Schleswig-Holstein,m,35-39,17
2015,Schleswig-Holstein,m,40-44,9
2015,Schleswig-Holstein,m,45-49,8
2015,Schleswig-Holstein,m,50-54,1
2015,Schleswig-Holstein,m,55-59,2
2015,Schleswig-Holstein,m,60-64,0
2015,Schleswig-Holstein,m,65-69,0
2015,Schleswig-Holstein,m,70-74,0
2015,Schleswig-Holstein,m,75-79,0
2015,Schleswig-Holstein,m,80-84,0
2015,Schleswig-Holstein,m,85-89,0
2015,Schleswig-Holstein,w,insgesamt,8
2015,Schleswig-Holstein,w,unter 1,0
2015,Schleswig-Holstein,w,1-4,0
2015,Schleswig-Holstein,w,5-9,0
2015,Schleswig-Holstein,w,10-14,0
2015,Schleswig-Holstein,w,15-17,0
2015,Schleswig-Holstein,w,18-19,1
2015,Schleswig-Holstein,w,20-24,1
2015,Schleswig-Holstein,w,25-29,0
2015,Schleswig-Holstein,w,30-34,2
2015,Schleswig-Holstein,w,35-39,1
2015,Schleswig-Holstein,w,40-44,2
2015,Schleswig-Holstein,w,45-49,1
2015,Schleswig-Holstein,w,50-54,0
2015,Schleswig-Holstein,w,55-59,0
2015,Schleswig-Holstein,w,60-64,0
2015,Schleswig-Holstein,w,65-69,0
2015,Schleswig-Holstein,w,70-74,0
2015,Schleswig-Holstein,w,75-79,0
2015,Schleswig-Holstein,w,80-84,0
2015,Schleswig-Holstein,w,85-89,0
2015,Thüringen,m,insgesamt,1
2015,Thüringen,m,unter 1,0
2015,Thüringen,m,1-4,0
2015,Thüringen,m,5-9,0
2015,Thüringen,m,10-14,0
2015,Thüringen,m,15-17,0
2015,Thüringen,m,18-19,0
2015,Thüringen,m,20-24,0
2015,Thüringen,m,25-29,0
2015,Thüringen,m,30-34,0
2015,Thüringen,m,35-39,0
2015,Thüringen,m,40-44,0
2015,Thüringen,m,45-49,0
2015,Thüringen,m,50-54,1
2015,Thüringen,m,55-59,0
2015,Thüringen,m,60-64,0
2015,Thüringen,m,65-69,0
2015,Thüringen,m,70-74,0
2015,Thüringen,m,75-79,0
2015,Thüringen,m,80-84,0
2015,Thüringen,m,85-89,0
2015,Thüringen,w,insgesamt,14
2015,Thüringen,w,unter 1,0
2015,Thüringen,w,1-4,0
2015,Thüringen,w,5-9,0
2015,Thüringen,w,10-14,1
2015,Thüringen,w,15-17,0
2015,Thüringen,w,18-19,0
2015,Thüringen,w,20-24,0
2015,Thüringen,w,25-29,0
2015,Thüringen,w,30-34,2
2015,Thüringen,w,35-39,4
2015,Thüringen,w,40-44,3
2015,Thüringen,w,45-49,2
2015,Thüringen,w,50-54,1
2015,Thüringen,w,55-59,1
2015,Thüringen,w,60-64,0
2015,Thüringen,w,65-69,0
2015,Thüringen,w,70-74,0
2015,Thüringen,w,75-79,0
2015,Thüringen,w,80-84,0
2015,Thüringen,w,85-89,0
2016,Deutschland,m,insgesamt,1815
2016,Deutschland,m,unter 1,0
2016,Deutschland,m,1-4,0
2016,Deutschland,m,5-9,0
2016,Deutschland,m,10-14,1
2016,Deutschland,m,15-17,37
2016,Deutschland,m,18-19,111
2016,Deutschland,m,20-24,452
2016,Deutschland,m,25-29,396
2016,Deutschland,m,30-34,250
2016,Deutschland,m,35-39,220
2016,Deutschland,m,40-44,147
2016,Deutschland,m,45-49,109
2016,Deutschland,m,50-54,63
2016,Deutschland,m,55-59,18
2016,Deutschland,m,60-64,10
2016,Deutschland,m,65-69,0
2016,Deutschland,m,70-74,1
2016,Deutschland,m,75-79,0
2016,Deutschland,m,80-84,0
2016,Deutschland,m,85-89,0
2016,Deutschland,w,insgesamt,986
2016,Deutschland,w,unter 1,0
2016,Deutschland,w,1-4,0
2016,Deutschland,w,5-9,1
2016,Deutschland,w,10-14,7
2016,Deutschland,w,15-17,30
2016,Deutschland,w,18-19,59
2016,Deutschland,w,20-24,129
2016,Deutschland,w,25-29,126
2016,Deutschland,w,30-34,125
2016,Deutschland,w,35-39,106
2016,Deutschland,w,40-44,92
2016,Deutschland,w,45-49,119
2016,Deutschland,w,50-54,104
2016,Deutschland,w,55-59,65
2016,Deutschland,w,60-64,17
2016,Deutschland,w,65-69,5
2016,Deutschland,w,70-74,0
2016,Deutschland,w,75-79,1
2016,Deutschland,w,80-84,0
2016,Deutschland,w,85-89,0
2016,Deutschland,u,insgesamt,1
2016,Deutschland,u,unter 1,0
2016,Deutschland,u,1-4,0
2016,Deutschland,u,5-9,0
2016,Deutschland,u,10-14,0
2016,Deutschland,u,15-17,0
2016,Deutschland,u,18-19,0
2016,Deutschland,u,20-24,0
2016,Deutschland,u,25-29,1
2016,Deutschland,u,30-34,0
2016,Deutschland,u,35-39,0
2016,Deutschland,u,40-44,0
2016,Deutschland,u,45-49,0
2016,Deutschland,u,50-54,0
2016,Deutschland,u,55-59,0
2016,Deutschland,u,60-64,0
2016,Deutschland,u,65-69,0
2016,Deutschland,u,70-74,0
2016,Deutschland,u,75-79,0
2016,Deutschland,u,80-84,0
2016,Deutschland,u,85-89,0
2016,Baden-Württemberg,m,insgesamt,52
2016,Baden-Württemberg,m,unter 1,0
2016,Baden-Württemberg,m,1-4,0
2016,Baden-Württemberg,m,5-9,0
2016,Baden-Württemberg,m,10-14,0
2016,Baden-Württemberg,m,15-17,0
2016,Baden-Württemberg,m,18-19,2
2016,Baden-Württemberg,m,20-24,15
2016,Baden-Württemberg,m,25-29,7
2016,Baden-Württemberg,m,30-34,8
2016,Baden-Württemberg,m,35-39,16
2016,Baden-Württemberg,m,40-44,1
2016,Baden-Württemberg,m,45-49,0
2016,Baden-Württemberg,m,50-54,3
2016,Baden-Württemberg,m,55-59,0
2016,Baden-Württemberg,m,60-64,0
2016,Baden-Württemberg,m,65-69,0
2016,Baden-Württemberg,m,70-74,0
2016,Baden-Württemberg,m,75-79,0
2016,Baden-Württemberg,m,80-84,0
2016,Baden-Württemberg,m,85-89,0
2016,Baden-Württemberg,w,insgesamt,42
2016,Baden-Württemberg,w,unter 1,0
2016,Baden-Württemberg,w,1-4,0
2016,Baden-Württemberg,w,5-9,0
2016,Baden-Württemberg,w,10-14,1
2016,Baden-Württemberg,w,15-17,2
2016,Baden-Württemberg,w,18-19,2
2016,Baden-Württemberg,w,20-24,9
2016,Baden-Württemberg,w,25-29,5
2016,Baden-Württemberg,w,30-34,2
2016,Baden-Württemberg,w,35-39,4
2016,Baden-Württemberg,w,40-44,3
2016,Baden-Württemberg,w,45-49,5
2016,Baden-Württemberg,w,50-54,4
2016,Baden-Württemberg,w,55-59,4
2016,Baden-Württemberg,w,60-64,1
2016,Baden-Württemberg,w,65-69,0
2016,Baden-Württemberg,w,70-74,0
2016,Baden-Württemberg,w,75-79,0
2016,Baden-Württemberg,w,80-84,0
2016,Baden-Württemberg,w,85-89,0
2016,Bayern,m,insgesamt,843
2016,Bayern,m,unter 1,0
2016,Bayern,m,1-4,0
2016,Bayern,m,5-9,0
2016,Bayern,m,10-14,0
2016,Bayern,m,15-17,3
2016,Bayern,m,18-19,26
2016,Bayern,m,20-24,183
2016,Bayern,m,25-29,201
2016,Bayern,m,30-34,141
2016,Bayern,m,35-39,109
2016,Bayern,m,40-44,81
2016,Bayern,m,45-49,59
2016,Bayern,m,50-54,26
2016,Bayern,m,55-59,7
2016,Bayern,m,60-64,6
2016,Bayern,m,65-69,0
2016,Bayern,m,70-74,1
2016,Bayern,m,75-79,0
2016,Bayern,m,80-84,0
2016,Bayern,m,85-89,0
2016,Bayern,w,insgesamt,329
2016,Bayern,w,unter 1,0
2016,Bayern,w,1-4,0
2016,Bayern,w,5-9,0
2016,Bayern,w,10-14,1
2016,Bayern,w,15-17,4
2016,Bayern,w,18-19,13
2016,Bayern,w,20-24,33
2016,Bayern,w,25-29,42
2016,Bayern,w,30-34,57
2016,Bayern,w,35-39,36
2016,Bayern,w,40-44,39
2016,Bayern,w,45-49,50
2016,Bayern,w,50-54,38
2016,Bayern,w,55-59,11
2016,Bayern,w,60-64,3
2016,Bayern,w,65-69,2
2016,Bayern,w,70-74,0
2016,Bayern,w,75-79,0
2016,Bayern,w,80-84,0
2016,Bayern,w,85-89,0
2016,Berlin,m,insgesamt,159
2016,Berlin,m,unter 1,0
2016,Berlin,m,1-4,0
2016,Berlin,m,5-9,0
2016,Berlin,m,10-14,1
2016,Berlin,m,15-17,4
2016,Berlin,m,18-19,8
2016,Berlin,m,20-24,28
2016,Berlin,m,25-29,44
2016,Berlin,m,30-34,15
2016,Berlin,m,35-39,20
2016,Berlin,m,40-44,20
2016,Berlin,m,45-49,4
2016,Berlin,m,50-54,9
2016,Berlin,m,55-59,6
2016,Berlin,m,60-64,0
2016,Berlin,m,65-69,0
2016,Berlin,m,70-74,0
2016,Berlin,m,75-79,0
2016,Berlin,m,80-84,0
2016,Berlin,m,85-89,0
2016,Berlin,w,insgesamt,77
2016,Berlin,w,unter 1,0
2016,Berlin,w,1-4,0
2016,Berlin,w,5-9,0
2016,Berlin,w,10-14,0
2016,Berlin,w,15-17,1
2016,Berlin,w,18-19,2
2016,Berlin,w,20-24,4
2016,Berlin,w,25-29,13
2016,Berlin,w,30-34,13
2016,Berlin,w,35-39,7
2016,Berlin,w,40-44,12
2016,Berlin,w,45-49,8
2016,Berlin,w,50-54,7
2016,Berlin,w,55-59,6
2016,Berlin,w,60-64,4
2016,Berlin,w,65-69,0
2016,Berlin,w,70-74,0
2016,Berlin,w,75-79,0
2016,Berlin,w,80-84,0
2016,Berlin,w,85-89,0
2016,Brandenburg,m,insgesamt,81
2016,Brandenburg,m,unter 1,0
2016,Brandenburg,m,1-4,0
2016,Brandenburg,m,5-9,0
2016,Brandenburg,m,10-14,0
2016,Brandenburg,m,15-17,3
2016,Brandenburg,m,18-19,2
2016,Brandenburg,m,20-24,18
2016,Brandenburg,m,25-29,14
2016,Brandenburg,m,30-34,14
2016,Brandenburg,m,35-39,8
2016,Brandenburg,m,40-44,4
2016,Brandenburg,m,45-49,10
2016,Brandenburg,m,50-54,7
2016,Brandenburg,m,55-59,1
2016,Brandenburg,m,60-64,0
2016,Brandenburg,m,65-69,0
2016,Brandenburg,m,70-74,0
2016,Brandenburg,m,75-79,0
2016,Brandenburg,m,80-84,0
2016,Brandenburg,m,85-89,0
2016,Brandenburg,w,insgesamt,7
2016,Brandenburg,w,unter 1,0
2016,Brandenburg,w,1-4,0
2016,Brandenburg,w,5-9,0
2016,Brandenburg,w,10-14,0
2016,Brandenburg,w,15-17,0
2016,Brandenburg,w,18-19,0
2016,Brandenburg,w,20-24,0
2016,Brandenburg,w,25-29,0
2016,Brandenburg,w,30-34,1
2016,Brandenburg,w,35-39,1
2016,Brandenburg,w,40-44,1
2016,Brandenburg,w,45-49,2
2016,Brandenburg,w,50-54,1
2016,Brandenburg,w,55-59,1
2016,Brandenburg,w,60-64,0
2016,Brandenburg,w,65-69,0
2016,Brandenburg,w,70-74,0
2016,Brandenburg,w,75-79,0
2016,Brandenburg,w,80-84,0
2016,Brandenburg,w,85-89,0
2016,Bremen,m,insgesamt,3
2016,Bremen,m,unter 1,0
2016,Bremen,m,1-4,0
2016,Bremen,m,5-9,0
2016,Bremen,m,10-14,0
2016,Bremen,m,15-17,0
2016,Bremen,m,18-19,0
2016,Bremen,m,20-24,2
2016,Bremen,m,25-29,0
2016,Bremen,m,30-34,1
2016,Bremen,m,35-39,0
2016,Bremen,m,40-44,0
2016,Bremen,m,45-49,0
2016,Bremen,m,50-54,0
2016,Bremen,m,55-59,0
2016,Bremen,m,60-64,0
2016,Bremen,m,65-69,0
2016,Bremen,m,70-74,0
2016,Bremen,m,75-79,0
2016,Bremen,m,80-84,0
2016,Bremen,m,85-89,0
2016,Bremen,w,insgesamt,0
2016,Bremen,w,unter 1,0
2016,Bremen,w,1-4,0
2016,Bremen,w,5-9,0
2016,Bremen,w,10-14,0
2016,Bremen,w,15-17,0
2016,Bremen,w,18-19,0
2016,Bremen,w,20-24,0
2016,Bremen,w,25-29,0
2016,Bremen,w,30-34,0
2016,Bremen,w,35-39,0
2016,Bremen,w,40-44,0
2016,Bremen,w,45-49,0
2016,Bremen,w,50-54,0
2016,Bremen,w,55-59,0
2016,Bremen,w,60-64,0
2016,Bremen,w,65-69,0
2016,Bremen,w,70-74,0
2016,Bremen,w,75-79,0
2016,Bremen,w,80-84,0
2016,Bremen,w,85-89,0
2016,Hamburg,m,insgesamt,27
2016,Hamburg,m,unter 1,0
2016,Hamburg,m,1-4,0
2016,Hamburg,m,5-9,0
2016,Hamburg,m,10-14,0
2016,Hamburg,m,15-17,3
2016,Hamburg,m,18-19,1
2016,Hamburg,m,20-24,9
2016,Hamburg,m,25-29,4
2016,Hamburg,m,30-34,2
2016,Hamburg,m,35-39,1
2016,Hamburg,m,40-44,4
2016,Hamburg,m,45-49,2
2016,Hamburg,m,50-54,0
2016,Hamburg,m,55-59,0
2016,Hamburg,m,60-64,1
2016,Hamburg,m,65-69,0
2016,Hamburg,m,70-74,0
2016,Hamburg,m,75-79,0
2016,Hamburg,m,80-84,0
2016,Hamburg,m,85-89,0
2016,Hamburg,w,insgesamt,72
2016,Hamburg,w,unter 1,0
2016,Hamburg,w,1-4,0
2016,Hamburg,w,5-9,0
2016,Hamburg,w,10-14,0
2016,Hamburg,w,15-17,2
2016,Hamburg,w,18-19,7
2016,Hamburg,w,20-24,13
2016,Hamburg,w,25-29,2
2016,Hamburg,w,30-34,11
2016,Hamburg,w,35-39,10
2016,Hamburg,w,40-44,4
2016,Hamburg,w,45-49,6
2016,Hamburg,w,50-54,8
2016,Hamburg,w,55-59,6
2016,Hamburg,w,60-64,1
2016,Hamburg,w,65-69,2
2016,Hamburg,w,70-74,0
2016,Hamburg,w,75-79,0
2016,Hamburg,w,80-84,0
2016,Hamburg,w,85-89,0
2016,Hamburg,u,insgesamt,1
2016,Hamburg,u,unter 1,0
2016,Hamburg,u,1-4,0
2016,Hamburg,u,5-9,0
2016,Hamburg,u,10-14,0
2016,Hamburg,u,15-17,0
2016,Hamburg,u,18-19,0
2016,Hamburg,u,20-24,0
2016,Hamburg,u,25-29,1
2016,Hamburg,u,30-34,0
2016,Hamburg,u,35-39,0
2016,Hamburg,u,40-44,0
2016,Hamburg,u,45-49,0
2016,Hamburg,u,50-54,0
2016,Hamburg,u,55-59,0
2016,Hamburg,u,60-64,0
2016,Hamburg,u,65-69,0
2016,Hamburg,u,70-74,0
2016,Hamburg,u,75-79,0
2016,Hamburg,u,80-84,0
2016,Hamburg,u,85-89,0
2016,Hessen,m,insgesamt,62
2016,Hessen,m,unter 1,0
2016,Hessen,m,1-4,0
2016,Hessen,m,5-9,0
2016,Hessen,m,10-14,0
2016,Hessen,m,15-17,1
2016,Hessen,m,18-19,6
2016,Hessen,m,20-24,12
2016,Hessen,m,25-29,9
2016,Hessen,m,30-34,6
2016,Hessen,m,35-39,5
2016,Hessen,m,40-44,8
2016,Hessen,m,45-49,10
2016,Hessen,m,50-54,2
2016,Hessen,m,55-59,2
2016,Hessen,m,60-64,1
2016,Hessen,m,65-69,0
2016,Hessen,m,70-74,0
2016,Hessen,m,75-79,0
2016,Hessen,m,80-84,0
2016,Hessen,m,85-89,0
2016,Hessen,w,insgesamt,47
2016,Hessen,w,unter 1,0
2016,Hessen,w,1-4,0
2016,Hessen,w,5-9,1
2016,Hessen,w,10-14,1
2016,Hessen,w,15-17,1
2016,Hessen,w,18-19,2
2016,Hessen,w,20-24,7
2016,Hessen,w,25-29,7
2016,Hessen,w,30-34,7
2016,Hessen,w,35-39,2
2016,Hessen,w,40-44,5
2016,Hessen,w,45-49,1
2016,Hessen,w,50-54,6
2016,Hessen,w,55-59,3
2016,Hessen,w,60-64,4
2016,Hessen,w,65-69,0
2016,Hessen,w,70-74,0
2016,Hessen,w,75-79,0
2016,Hessen,w,80-84,0
2016,Hessen,w,85-89,0
2016,Mecklenburg-Vorpommern,m,insgesamt,4
2016,Mecklenburg-Vorpommern,m,unter 1,0
2016,Mecklenburg-Vorpommern,m,1-4,0
2016,Mecklenburg-Vorpommern,m,5-9,0
2016,Mecklenburg-Vorpommern,m,10-14,0
2016,Mecklenburg-Vorpommern,m,15-17,0
2016,Mecklenburg-Vorpommern,m,18-19,2
2016,Mecklenburg-Vorpommern,m,20-24,0
2016,Mecklenburg-Vorpommern,m,25-29,1
2016,Mecklenburg-Vorpommern,m,30-34,1
2016,Mecklenburg-Vorpommern,m,35-39,0
2016,Mecklenburg-Vorpommern,m,40-44,0
2016,Mecklenburg-Vorpommern,m,45-49,0
2016,Mecklenburg-Vorpommern,m,50-54,0
2016,Mecklenburg-Vorpommern,m,55-59,0
2016,Mecklenburg-Vorpommern,m,60-64,0
2016,Mecklenburg-Vorpommern,m,65-69,0
2016,Mecklenburg-Vorpommern,m,70-74,0
2016,Mecklenburg-Vorpommern,m,75-79,0
2016,Mecklenburg-Vorpommern,m,80-84,0
2016,Mecklenburg-Vorpommern,m,85-89,0
2016,Mecklenburg-Vorpommern,w,insgesamt,2
2016,Mecklenburg-Vorpommern,w,unter 1,0
2016,Mecklenburg-Vorpommern,w,1-4,0
2016,Mecklenburg-Vorpommern,w,5-9,0
2016,Mecklenburg-Vorpommern,w,10-14,0
2016,Mecklenburg-Vorpommern,w,15-17,0
2016,Mecklenburg-Vorpommern,w,18-19,0
2016,Mecklenburg-Vorpommern,w,20-24,2
2016,Mecklenburg-Vorpommern,w,25-29,0
2016,Mecklenburg-Vorpommern,w,30-34,0
2016,Mecklenburg-Vorpommern,w,35-39,0
2016,Mecklenburg-Vorpommern,w,40-44,0
2016,Mecklenburg-Vorpommern,w,45-49,0
2016,Mecklenburg-Vorpommern,w,50-54,0
2016,Mecklenburg-Vorpommern,w,55-59,0
2016,Mecklenburg-Vorpommern,w,60-64,0
2016,Mecklenburg-Vorpommern,w,65-69,0
2016,Mecklenburg-Vorpommern,w,70-74,0
2016,Mecklenburg-Vorpommern,w,75-79,0
2016,Mecklenburg-Vorpommern,w,80-84,0
2016,Mecklenburg-Vorpommern,w,85-89,0
2016,Niedersachsen,m,insgesamt,95
2016,Niedersachsen,m,unter 1,0
2016,Niedersachsen,m,1-4,0
2016,Niedersachsen,m,5-9,0
2016,Niedersachsen,m,10-14,0
2016,Niedersachsen,m,15-17,1
2016,Niedersachsen,m,18-19,5
2016,Niedersachsen,m,20-24,21
2016,Niedersachsen,m,25-29,15
2016,Niedersachsen,m,30-34,15
2016,Niedersachsen,m,35-39,12
2016,Niedersachsen,m,40-44,7
2016,Niedersachsen,m,45-49,10
2016,Niedersachsen,m,50-54,9
2016,Niedersachsen,m,55-59,0
2016,Niedersachsen,m,60-64,0
2016,Niedersachsen,m,65-69,0
2016,Niedersachsen,m,70-74,0
2016,Niedersachsen,m,75-79,0
2016,Niedersachsen,m,80-84,0
2016,Niedersachsen,m,85-89,0
2016,Niedersachsen,w,insgesamt,33
2016,Niedersachsen,w,unter 1,0
2016,Niedersachsen,w,1-4,0
2016,Niedersachsen,w,5-9,0
2016,Niedersachsen,w,10-14,0
2016,Niedersachsen,w,15-17,0
2016,Niedersachsen,w,18-19,0
2016,Niedersachsen,w,20-24,8
2016,Niedersachsen,w,25-29,3
2016,Niedersachsen,w,30-34,3
2016,Niedersachsen,w,35-39,2
2016,Niedersachsen,w,40-44,0
2016,Niedersachsen,w,45-49,2
2016,Niedersachsen,w,50-54,6
2016,Niedersachsen,w,55-59,8
2016,Niedersachsen,w,60-64,1
2016,Niedersachsen,w,65-69,0
2016,Niedersachsen,w,70-74,0
2016,Niedersachsen,w,75-79,0
2016,Niedersachsen,w,80-84,0
2016,Niedersachsen,w,85-89,0
2016,Nordrhein-Westfalen,m,insgesamt,226
2016,Nordrhein-Westfalen,m,unter 1,0
2016,Nordrhein-Westfalen,m,1-4,0
2016,Nordrhein-Westfalen,m,5-9,0
2016,Nordrhein-Westfalen,m,10-14,0
2016,Nordrhein-Westfalen,m,15-17,12
2016,Nordrhein-Westfalen,m,18-19,29
2016,Nordrhein-Westfalen,m,20-24,80
2016,Nordrhein-Westfalen,m,25-29,53
2016,Nordrhein-Westfalen,m,30-34,15
2016,Nordrhein-Westfalen,m,35-39,20
2016,Nordrhein-Westfalen,m,40-44,10
2016,Nordrhein-Westfalen,m,45-49,5
2016,Nordrhein-Westfalen,m,50-54,1
2016,Nordrhein-Westfalen,m,55-59,0
2016,Nordrhein-Westfalen,m,60-64,1
2016,Nordrhein-Westfalen,m,65-69,0
2016,Nordrhein-Westfalen,m,70-74,0
2016,Nordrhein-Westfalen,m,75-79,0
2016,Nordrhein-Westfalen,m,80-84,0
2016,Nordrhein-Westfalen,m,85-89,0
2016,Nordrhein-Westfalen,w,insgesamt,332
2016,Nordrhein-Westfalen,w,unter 1,0
2016,Nordrhein-Westfalen,w,1-4,0
2016,Nordrhein-Westfalen,w,5-9,0
2016,Nordrhein-Westfalen,w,10-14,4
2016,Nordrhein-Westfalen,w,15-17,20
2016,Nordrhein-Westfalen,w,18-19,32
2016,Nordrhein-Westfalen,w,20-24,48
2016,Nordrhein-Westfalen,w,25-29,47
2016,Nordrhein-Westfalen,w,30-34,26
2016,Nordrhein-Westfalen,w,35-39,38
2016,Nordrhein-Westfalen,w,40-44,21
2016,Nordrhein-Westfalen,w,45-49,37
2016,Nordrhein-Westfalen,w,50-54,31
2016,Nordrhein-Westfalen,w,55-59,24
2016,Nordrhein-Westfalen,w,60-64,2
2016,Nordrhein-Westfalen,w,65-69,1
2016,Nordrhein-Westfalen,w,70-74,0
2016,Nordrhein-Westfalen,w,75-79,1
2016,Nordrhein-Westfalen,w,80-84,0
2016,Nordrhein-Westfalen,w,85-89,0
2016,Rheinland-Pfalz,m,insgesamt,39
2016,Rheinland-Pfalz,m,unter 1,0
2016,Rheinland-Pfalz,m,1-4,0
2016,Rheinland-Pfalz,m,5-9,0
2016,Rheinland-Pfalz,m,10-14,0
2016,Rheinland-Pfalz,m,15-17,0
2016,Rheinland-Pfalz,m,18-19,6
2016,Rheinland-Pfalz,m,20-24,17
2016,Rheinland-Pfalz,m,25-29,6
2016,Rheinland-Pfalz,m,30-34,3
2016,Rheinland-Pfalz,m,35-39,3
2016,Rheinland-Pfalz,m,40-44,2
2016,Rheinland-Pfalz,m,45-49,2
2016,Rheinland-Pfalz,m,50-54,0
2016,Rheinland-Pfalz,m,55-59,0
2016,Rheinland-Pfalz,m,60-64,0
2016,Rheinland-Pfalz,m,65-69,0
2016,Rheinland-Pfalz,m,70-74,0
2016,Rheinland-Pfalz,m,75-79,0
2016,Rheinland-Pfalz,m,80-84,0
2016,Rheinland-Pfalz,m,85-89,0
2016,Rheinland-Pfalz,w,insgesamt,7
2016,Rheinland-Pfalz,w,unter 1,0
2016,Rheinland-Pfalz,w,1-4,0
2016,Rheinland-Pfalz,w,5-9,0
2016,Rheinland-Pfalz,w,10-14,0
2016,Rheinland-Pfalz,w,15-17,0
2016,Rheinland-Pfalz,w,18-19,0
2016,Rheinland-Pfalz,w,20-24,2
2016,Rheinland-Pfalz,w,25-29,2
2016,Rheinland-Pfalz,w,30-34,0
2016,Rheinland-Pfalz,w,35-39,2
2016,Rheinland-Pfalz,w,40-44,0
2016,Rheinland-Pfalz,w,45-49,0
2016,Rheinland-Pfalz,w,50-54,0
2016,Rheinland-Pfalz,w,55-59,1
2016,Rheinland-Pfalz,w,60-64,0
2016,Rheinland-Pfalz,w,65-69,0
2016,Rheinland-Pfalz,w,70-74,0
2016,Rheinland-Pfalz,w,75-79,0
2016,Rheinland-Pfalz,w,80-84,0
2016,Rheinland-Pfalz,w,85-89,0
2016,Saarland,m,insgesamt,3
2016,Saarland,m,unter 1,0
2016,Saarland,m,1-4,0
2016,Saarland,m,5-9,0
2016,Saarland,m,10-14,0
2016,Saarland,m,15-17,0
2016,Saarland,m,18-19,0
2016,Saarland,m,20-24,1
2016,Saarland,m,25-29,1
2016,Saarland,m,30-34,0
2016,Saarland,m,35-39,1
2016,Saarland,m,40-44,0
2016,Saarland,m,45-49,0
2016,Saarland,m,50-54,0
2016,Saarland,m,55-59,0
2016,Saarland,m,60-64,0
2016,Saarland,m,65-69,0
2016,Saarland,m,70-74,0
2016,Saarland,m,75-79,0
2016,Saarland,m,80-84,0
2016,Saarland,m,85-89,0
2016,Saarland,w,insgesamt,3
2016,Saarland,w,unter 1,0
2016,Saarland,w,1-4,0
2016,Saarland,w,5-9,0
2016,Saarland,w,10-14,0
2016,Saarland,w,15-17,0
2016,Saarland,w,18-19,1
2016,Saarland,w,20-24,1
2016,Saarland,w,25-29,0
2016,Saarland,w,30-34,0
2016,Saarland,w,35-39,0
2016,Saarland,w,40-44,0
2016,Saarland,w,45-49,0
2016,Saarland,w,50-54,0
2016,Saarland,w,55-59,1
2016,Saarland,w,60-64,0
2016,Saarland,w,65-69,0
2016,Saarland,w,70-74,0
2016,Saarland,w,75-79,0
2016,Saarland,w,80-84,0
2016,Saarland,w,85-89,0
2016,Sachsen,m,insgesamt,21
2016,Sachsen,m,unter 1,0
2016,Sachsen,m,1-4,0
2016,Sachsen,m,5-9,0
2016,Sachsen,m,10-14,0
2016,Sachsen,m,15-17,3
2016,Sachsen,m,18-19,4
2016,Sachsen,m,20-24,2
2016,Sachsen,m,25-29,4
2016,Sachsen,m,30-34,3
2016,Sachsen,m,35-39,3
2016,Sachsen,m,40-44,0
2016,Sachsen,m,45-49,0
2016,Sachsen,m,50-54,2
2016,Sachsen,m,55-59,0
2016,Sachsen,m,60-64,0
2016,Sachsen,m,65-69,0
2016,Sachsen,m,70-74,0
2016,Sachsen,m,75-79,0
2016,Sachsen,m,80-84,0
2016,Sachsen,m,85-89,0
2016,Sachsen,w,insgesamt,11
2016,Sachsen,w,unter 1,0
2016,Sachsen,w,1-4,0
2016,Sachsen,w,5-9,0
2016,Sachsen,w,10-14,0
2016,Sachsen,w,15-17,0
2016,Sachsen,w,18-19,0
2016,Sachsen,w,20-24,1
2016,Sachsen,w,25-29,2
2016,Sachsen,w,30-34,1
2016,Sachsen,w,35-39,3
2016,Sachsen,w,40-44,1
2016,Sachsen,w,45-49,2
2016,Sachsen,w,50-54,1
2016,Sachsen,w,55-59,0
2016,Sachsen,w,60-64,0
2016,Sachsen,w,65-69,0
2016,Sachsen,w,70-74,0
2016,Sachsen,w,75-79,0
2016,Sachsen,w,80-84,0
2016,Sachsen,w,85-89,0
2016,Sachsen-Anhalt,m,insgesamt,2
2016,Sachsen-Anhalt,m,unter 1,0
2016,Sachsen-Anhalt,m,1-4,0
2016,Sachsen-Anhalt,m,5-9,0
2016,Sachsen-Anhalt,m,10-14,0
2016,Sachsen-Anhalt,m,15-17,0
2016,Sachsen-Anhalt,m,18-19,0
2016,Sachsen-Anhalt,m,20-24,0
2016,Sachsen-Anhalt,m,25-29,1
2016,Sachsen-Anhalt,m,30-34,0
2016,Sachsen-Anhalt,m,35-39,1
2016,Sachsen-Anhalt,m,40-44,0
2016,Sachsen-Anhalt,m,45-49,0
2016,Sachsen-Anhalt,m,50-54,0
2016,Sachsen-Anhalt,m,55-59,0
2016,Sachsen-Anhalt,m,60-64,0
2016,Sachsen-Anhalt,m,65-69,0
2016,Sachsen-Anhalt,m,70-74,0
2016,Sachsen-Anhalt,m,75-79,0
2016,Sachsen-Anhalt,m,80-84,0
2016,Sachsen-Anhalt,m,85-89,0
2016,Sachsen-Anhalt,w,insgesamt,8
2016,Sachsen-Anhalt,w,unter 1,0
2016,Sachsen-Anhalt,w,1-4,0
2016,Sachsen-Anhalt,w,5-9,0
2016,Sachsen-Anhalt,w,10-14,0
2016,Sachsen-Anhalt,w,15-17,0
2016,Sachsen-Anhalt,w,18-19,0
2016,Sachsen-Anhalt,w,20-24,1
2016,Sachsen-Anhalt,w,25-29,1
2016,Sachsen-Anhalt,w,30-34,2
2016,Sachsen-Anhalt,w,35-39,0
2016,Sachsen-Anhalt,w,40-44,0
2016,Sachsen-Anhalt,w,45-49,2
2016,Sachsen-Anhalt,w,50-54,2
2016,Sachsen-Anhalt,w,55-59,0
2016,Sachsen-Anhalt,w,60-64,0
2016,Sachsen-Anhalt,w,65-69,0
2016,Sachsen-Anhalt,w,70-74,0
2016,Sachsen-Anhalt,w,75-79,0
2016,Sachsen-Anhalt,w,80-84,0
2016,Sachsen-Anhalt,w,85-89,0
2016,Schleswig-Holstein,m,insgesamt,196
2016,Schleswig-Holstein,m,unter 1,0
2016,Schleswig-Holstein,m,1-4,0
2016,Schleswig-Holstein,m,5-9,0
2016,Schleswig-Holstein,m,10-14,0
2016,Schleswig-Holstein,m,15-17,7
2016,Schleswig-Holstein,m,18-19,20
2016,Schleswig-Holstein,m,20-24,64
2016,Schleswig-Holstein,m,25-29,36
2016,Schleswig-Holstein,m,30-34,26
2016,Schleswig-Holstein,m,35-39,20
2016,Schleswig-Holstein,m,40-44,9
2016,Schleswig-Holstein,m,45-49,7
2016,Schleswig-Holstein,m,50-54,4
2016,Schleswig-Holstein,m,55-59,2
2016,Schleswig-Holstein,m,60-64,1
2016,Schleswig-Holstein,m,65-69,0
2016,Schleswig-Holstein,m,70-74,0
2016,Schleswig-Holstein,m,75-79,0
2016,Schleswig-Holstein,m,80-84,0
2016,Schleswig-Holstein,m,85-89,0
2016,Schleswig-Holstein,w,insgesamt,5
2016,Schleswig-Holstein,w,unter 1,0
2016,Schleswig-Holstein,w,1-4,0
2016,Schleswig-Holstein,w,5-9,0
2016,Schleswig-Holstein,w,10-14,0
2016,Schleswig-Holstein,w,15-17,0
2016,Schleswig-Holstein,w,18-19,0
2016,Schleswig-Holstein,w,20-24,0
2016,Schleswig-Holstein,w,25-29,1
2016,Schleswig-Holstein,w,30-34,0
2016,Schleswig-Holstein,w,35-39,1
2016,Schleswig-Holstein,w,40-44,2
2016,Schleswig-Holstein,w,45-49,1
2016,Schleswig-Holstein,w,50-54,0
2016,Schleswig-Holstein,w,55-59,0
2016,Schleswig-Holstein,w,60-64,0
2016,Schleswig-Holstein,w,65-69,0
2016,Schleswig-Holstein,w,70-74,0
2016,Schleswig-Holstein,w,75-79,0
2016,Schleswig-Holstein,w,80-84,0
2016,Schleswig-Holstein,w,85-89,0
2016,Thüringen,m,insgesamt,2
2016,Thüringen,m,unter 1,0
2016,Thüringen,m,1-4,0
2016,Thüringen,m,5-9,0
2016,Thüringen,m,10-14,0
2016,Thüringen,m,15-17,0
2016,Thüringen,m,18-19,0
2016,Thüringen,m,20-24,0
2016,Thüringen,m,25-29,0
2016,Thüringen,m,30-34,0
2016,Thüringen,m,35-39,1
2016,Thüringen,m,40-44,1
2016,Thüringen,m,45-49,0
2016,Thüringen,m,50-54,0
2016,Thüringen,m,55-59,0
2016,Thüringen,m,60-64,0
2016,Thüringen,m,65-69,0
2016,Thüringen,m,70-74,0
2016,Thüringen,m,75-79,0
2016,Thüringen,m,80-84,0
2016,Thüringen,m,85-89,0
2016,Thüringen,w,insgesamt,11
2016,Thüringen,w,unter 1,0
2016,Thüringen,w,1-4,0
2016,Thüringen,w,5-9,0
2016,Thüringen,w,10-14,0
2016,Thüringen,w,15-17,0
2016,Thüringen,w,18-19,0
2016,Thüringen,w,20-24,0
2016,Thüringen,w,25-29,1
2016,Thüringen,w,30-34,2
2016,Thüringen,w,35-39,0
2016,Thüringen,w,40-44,4
2016,Thüringen,w,45-49,3
2016,Thüringen,w,50-54,0
2016,Thüringen,w,55-59,0
2016,Thüringen,w,60-64,1
2016,Thüringen,w,65-69,0
2016,Thüringen,w,70-74,0
2016,Thüringen,w,75-79,0
2016,Thüringen,w,80-84,0
2016,Thüringen,w,85-89,0
2017,Deutschland,m,insgesamt,1865
2017,Deutschland,m,unter 1,0
2017,Deutschland,m,1-4,0
2017,Deutschland,m,5-9,0
2017,Deutschland,m,10-14,2
2017,Deutschland,m,15-17,43
2017,Deutschland,m,18-19,132
2017,Deutschland,m,20-24,460
2017,Deutschland,m,25-29,432
2017,Deutschland,m,30-34,251
2017,Deutschland,m,35-39,209
2017,Deutschland,m,40-44,136
2017,Deutschland,m,45-49,92
2017,Deutschland,m,50-54,76
2017,Deutschland,m,55-59,22
2017,Deutschland,m,60-64,9
2017,Deutschland,m,65-69,0
2017,Deutschland,m,70-74,0
2017,Deutschland,m,75-79,1
2017,Deutschland,m,80-84,0
2017,Deutschland,m,85-89,0
2017,Deutschland,w,insgesamt,995
2017,Deutschland,w,unter 1,1
2017,Deutschland,w,1-4,0
2017,Deutschland,w,5-9,0
2017,Deutschland,w,10-14,7
2017,Deutschland,w,15-17,37
2017,Deutschland,w,18-19,46
2017,Deutschland,w,20-24,160
2017,Deutschland,w,25-29,148
2017,Deutschland,w,30-34,117
2017,Deutschland,w,35-39,77
2017,Deutschland,w,40-44,91
2017,Deutschland,w,45-49,83
2017,Deutschland,w,50-54,105
2017,Deutschland,w,55-59,82
2017,Deutschland,w,60-64,28
2017,Deutschland,w,65-69,11
2017,Deutschland,w,70-74,1
2017,Deutschland,w,75-79,1
2017,Deutschland,w,80-84,0
2017,Deutschland,w,85-89,0
2017,Baden-Württemberg,m,insgesamt,56
2017,Baden-Württemberg,m,unter 1,0
2017,Baden-Württemberg,m,1-4,0
2017,Baden-Württemberg,m,5-9,0
2017,Baden-Württemberg,m,10-14,0
2017,Baden-Württemberg,m,15-17,2
2017,Baden-Württemberg,m,18-19,9
2017,Baden-Württemberg,m,20-24,24
2017,Baden-Württemberg,m,25-29,11
2017,Baden-Württemberg,m,30-34,3
2017,Baden-Württemberg,m,35-39,1
2017,Baden-Württemberg,m,40-44,2
2017,Baden-Württemberg,m,45-49,3
2017,Baden-Württemberg,m,50-54,0
2017,Baden-Württemberg,m,55-59,0
2017,Baden-Württemberg,m,60-64,0
2017,Baden-Württemberg,m,65-69,0
2017,Baden-Württemberg,m,70-74,0
2017,Baden-Württemberg,m,75-79,1
2017,Baden-Württemberg,m,80-84,0
2017,Baden-Württemberg,m,85-89,0
2017,Baden-Württemberg,w,insgesamt,39
2017,Baden-Württemberg,w,unter 1,0
2017,Baden-Württemberg,w,1-4,0
2017,Baden-Württemberg,w,5-9,0
2017,Baden-Württemberg,w,10-14,0
2017,Baden-Württemberg,w,15-17,3
2017,Baden-Württemberg,w,18-19,2
2017,Baden-Württemberg,w,20-24,12
2017,Baden-Württemberg,w,25-29,9
2017,Baden-Württemberg,w,30-34,3
2017,Baden-Württemberg,w,35-39,2
2017,Baden-Württemberg,w,40-44,1
2017,Baden-Württemberg,w,45-49,2
2017,Baden-Württemberg,w,50-54,2
2017,Baden-Württemberg,w,55-59,1
2017,Baden-Württemberg,w,60-64,2
2017,Baden-Württemberg,w,65-69,0
2017,Baden-Württemberg,w,70-74,0
2017,Baden-Württemberg,w,75-79,0
2017,Baden-Württemberg,w,80-84,0
2017,Baden-Württemberg,w,85-89,0
2017,Bayern,m,insgesamt,823
2017,Bayern,m,unter 1,0
2017,Bayern,m,1-4,0
2017,Bayern,m,5-9,0
2017,Bayern,m,10-14,0
2017,Bayern,m,15-17,0
2017,Bayern,m,18-19,25
2017,Bayern,m,20-24,181
2017,Bayern,m,25-29,200
2017,Bayern,m,30-34,140
2017,Bayern,m,35-39,108
2017,Bayern,m,40-44,79
2017,Bayern,m,45-49,46
2017,Bayern,m,50-54,30
2017,Bayern,m,55-59,10
2017,Bayern,m,60-64,4
2017,Bayern,m,65-69,0
2017,Bayern,m,70-74,0
2017,Bayern,m,75-79,0
2017,Bayern,m,80-84,0
2017,Bayern,m,85-89,0
2017,Bayern,w,insgesamt,337
2017,Bayern,w,unter 1,0
2017,Bayern,w,1-4,0
2017,Bayern,w,5-9,0
2017,Bayern,w,10-14,0
2017,Bayern,w,15-17,5
2017,Bayern,w,18-19,8
2017,Bayern,w,20-24,45
2017,Bayern,w,25-29,55
2017,Bayern,w,30-34,48
2017,Bayern,w,35-39,34
2017,Bayern,w,40-44,40
2017,Bayern,w,45-49,25
2017,Bayern,w,50-54,41
2017,Bayern,w,55-59,19
2017,Bayern,w,60-64,12
2017,Bayern,w,65-69,4
2017,Bayern,w,70-74,1
2017,Bayern,w,75-79,0
2017,Bayern,w,80-84,0
2017,Bayern,w,85-89,0
2017,Berlin,m,insgesamt,186
2017,Berlin,m,unter 1,0
2017,Berlin,m,1-4,0
2017,Berlin,m,5-9,0
2017,Berlin,m,10-14,0
2017,Berlin,m,15-17,2
2017,Berlin,m,18-19,13
2017,Berlin,m,20-24,39
2017,Berlin,m,25-29,42
2017,Berlin,m,30-34,29
2017,Berlin,m,35-39,19
2017,Berlin,m,40-44,16
2017,Berlin,m,45-49,9
2017,Berlin,m,50-54,14
2017,Berlin,m,55-59,2
2017,Berlin,m,60-64,1
2017,Berlin,m,65-69,0
2017,Berlin,m,70-74,0
2017,Berlin,m,75-79,0
2017,Berlin,m,80-84,0
2017,Berlin,m,85-89,0
2017,Berlin,w,insgesamt,67
2017,Berlin,w,unter 1,0
2017,Berlin,w,1-4,0
2017,Berlin,w,5-9,0
2017,Berlin,w,10-14,0
2017,Berlin,w,15-17,0
2017,Berlin,w,18-19,2
2017,Berlin,w,20-24,11
2017,Berlin,w,25-29,8
2017,Berlin,w,30-34,14
2017,Berlin,w,35-39,7
2017,Berlin,w,40-44,6
2017,Berlin,w,45-49,5
2017,Berlin,w,50-54,4
2017,Berlin,w,55-59,10
2017,Berlin,w,60-64,0
2017,Berlin,w,65-69,0
2017,Berlin,w,70-74,0
2017,Berlin,w,75-79,0
2017,Berlin,w,80-84,0
2017,Berlin,w,85-89,0
2017,Brandenburg,m,insgesamt,68
2017,Brandenburg,m,unter 1,0
2017,Brandenburg,m,1-4,0
2017,Brandenburg,m,5-9,0
2017,Brandenburg,m,10-14,0
2017,Brandenburg,m,15-17,0
2017,Brandenburg,m,18-19,4
2017,Brandenburg,m,20-24,10
2017,Brandenburg,m,25-29,14
2017,Brandenburg,m,30-34,7
2017,Brandenburg,m,35-39,13
2017,Brandenburg,m,40-44,5
2017,Brandenburg,m,45-49,6
2017,Brandenburg,m,50-54,8
2017,Brandenburg,m,55-59,1
2017,Brandenburg,m,60-64,0
2017,Brandenburg,m,65-69,0
2017,Brandenburg,m,70-74,0
2017,Brandenburg,m,75-79,0
2017,Brandenburg,m,80-84,0
2017,Brandenburg,m,85-89,0
2017,Brandenburg,w,insgesamt,3
2017,Brandenburg,w,unter 1,0
2017,Brandenburg,w,1-4,0
2017,Brandenburg,w,5-9,0
2017,Brandenburg,w,10-14,1
2017,Brandenburg,w,15-17,0
2017,Brandenburg,w,18-19,1
2017,Brandenburg,w,20-24,0
2017,Brandenburg,w,25-29,0
2017,Brandenburg,w,30-34,0
2017,Brandenburg,w,35-39,0
2017,Brandenburg,w,40-44,0
2017,Brandenburg,w,45-49,1
2017,Brandenburg,w,50-54,0
2017,Brandenburg,w,55-59,0
2017,Brandenburg,w,60-64,0
2017,Brandenburg,w,65-69,0
2017,Brandenburg,w,70-74,0
2017,Brandenburg,w,75-79,0
2017,Brandenburg,w,80-84,0
2017,Brandenburg,w,85-89,0
2017,Hamburg,m,insgesamt,32
2017,Hamburg,m,unter 1,0
2017,Hamburg,m,1-4,0
2017,Hamburg,m,5-9,0
2017,Hamburg,m,10-14,0
2017,Hamburg,m,15-17,3
2017,Hamburg,m,18-19,3
2017,Hamburg,m,20-24,11
2017,Hamburg,m,25-29,4
2017,Hamburg,m,30-34,3
2017,Hamburg,m,35-39,1
2017,Hamburg,m,40-44,3
2017,Hamburg,m,45-49,2
2017,Hamburg,m,50-54,2
2017,Hamburg,m,55-59,0
2017,Hamburg,m,60-64,0
2017,Hamburg,m,65-69,0
2017,Hamburg,m,70-74,0
2017,Hamburg,m,75-79,0
2017,Hamburg,m,80-84,0
2017,Hamburg,m,85-89,0
2017,Hamburg,w,insgesamt,82
2017,Hamburg,w,unter 1,0
2017,Hamburg,w,1-4,0
2017,Hamburg,w,5-9,0
2017,Hamburg,w,10-14,0
2017,Hamburg,w,15-17,3
2017,Hamburg,w,18-19,3
2017,Hamburg,w,20-24,16
2017,Hamburg,w,25-29,14
2017,Hamburg,w,30-34,7
2017,Hamburg,w,35-39,7
2017,Hamburg,w,40-44,6
2017,Hamburg,w,45-49,7
2017,Hamburg,w,50-54,7
2017,Hamburg,w,55-59,7
2017,Hamburg,w,60-64,1
2017,Hamburg,w,65-69,4
2017,Hamburg,w,70-74,0
2017,Hamburg,w,75-79,0
2017,Hamburg,w,80-84,0
2017,Hamburg,w,85-89,0
2017,Hessen,m,insgesamt,65
2017,Hessen,m,unter 1,0
2017,Hessen,m,1-4,0
2017,Hessen,m,5-9,0
2017,Hessen,m,10-14,0
2017,Hessen,m,15-17,1
2017,Hessen,m,18-19,5
2017,Hessen,m,20-24,16
2017,Hessen,m,25-29,13
2017,Hessen,m,30-34,5
2017,Hessen,m,35-39,7
2017,Hessen,m,40-44,6
2017,Hessen,m,45-49,3
2017,Hessen,m,50-54,5
2017,Hessen,m,55-59,2
2017,Hessen,m,60-64,2
2017,Hessen,m,65-69,0
2017,Hessen,m,70-74,0
2017,Hessen,m,75-79,0
2017,Hessen,m,80-84,0
2017,Hessen,m,85-89,0
2017,Hessen,w,insgesamt,50
2017,Hessen,w,unter 1,1
2017,Hessen,w,1-4,0
2017,Hessen,w,5-9,0
2017,Hessen,w,10-14,0
2017,Hessen,w,15-17,0
2017,Hessen,w,18-19,4
2017,Hessen,w,20-24,10
2017,Hessen,w,25-29,7
2017,Hessen,w,30-34,6
2017,Hessen,w,35-39,5
2017,Hessen,w,40-44,2
2017,Hessen,w,45-49,5
2017,Hessen,w,50-54,3
2017,Hessen,w,55-59,5
2017,Hessen,w,60-64,1
2017,Hessen,w,65-69,1
2017,Hessen,w,70-74,0
2017,Hessen,w,75-79,0
2017,Hessen,w,80-84,0
2017,Hessen,w,85-89,0
2017,Mecklenburg-Vorpommern,m,insgesamt,3
2017,Mecklenburg-Vorpommern,m,unter 1,0
2017,Mecklenburg-Vorpommern,m,1-4,0
2017,Mecklenburg-Vorpommern,m,5-9,0
2017,Mecklenburg-Vorpommern,m,10-14,0
2017,Mecklenburg-Vorpommern,m,15-17,0
2017,Mecklenburg-Vorpommern,m,18-19,0
2017,Mecklenburg-Vorpommern,m,20-24,0
2017,Mecklenburg-Vorpommern,m,25-29,3
2017,Mecklenburg-Vorpommern,m,30-34,0
2017,Mecklenburg-Vorpommern,m,35-39,0
2017,Mecklenburg-Vorpommern,m,40-44,0
2017,Mecklenburg-Vorpommern,m,45-49,0
2017,Mecklenburg-Vorpommern,m,50-54,0
2017,Mecklenburg-Vorpommern,m,55-59,0
2017,Mecklenburg-Vorpommern,m,60-64,0
2017,Mecklenburg-Vorpommern,m,65-69,0
2017,Mecklenburg-Vorpommern,m,70-74,0
2017,Mecklenburg-Vorpommern,m,75-79,0
2017,Mecklenburg-Vorpommern,m,80-84,0
2017,Mecklenburg-Vorpommern,m,85-89,0
2017,Mecklenburg-Vorpommern,w,insgesamt,1
2017,Mecklenburg-Vorpommern,w,unter 1,0
2017,Mecklenburg-Vorpommern,w,1-4,0
2017,Mecklenburg-Vorpommern,w,5-9,0
2017,Mecklenburg-Vorpommern,w,10-14,0
2017,Mecklenburg-Vorpommern,w,15-17,0
2017,Mecklenburg-Vorpommern,w,18-19,1
2017,Mecklenburg-Vorpommern,w,20-24,0
2017,Mecklenburg-Vorpommern,w,25-29,0
2017,Mecklenburg-Vorpommern,w,30-34,0
2017,Mecklenburg-Vorpommern,w,35-39,0
2017,Mecklenburg-Vorpommern,w,40-44,0
2017,Mecklenburg-Vorpommern,w,45-49,0
2017,Mecklenburg-Vorpommern,w,50-54,0
2017,Mecklenburg-Vorpommern,w,55-59,0
2017,Mecklenburg-Vorpommern,w,60-64,0
2017,Mecklenburg-Vorpommern,w,65-69,0
2017,Mecklenburg-Vorpommern,w,70-74,0
2017,Mecklenburg-Vorpommern,w,75-79,0
2017,Mecklenburg-Vorpommern,w,80-84,0
2017,Mecklenburg-Vorpommern,w,85-89,0
2017,Niedersachsen,m,insgesamt,81
2017,Niedersachsen,m,unter 1,0
2017,Niedersachsen,m,1-4,0
2017,Niedersachsen,m,5-9,0
2017,Niedersachsen,m,10-14,1
2017,Niedersachsen,m,15-17,2
2017,Niedersachsen,m,18-19,2
2017,Niedersachsen,m,20-24,16
2017,Niedersachsen,m,25-29,15
2017,Niedersachsen,m,30-34,9
2017,Niedersachsen,m,35-39,15
2017,Niedersachsen,m,40-44,4
2017,Niedersachsen,m,45-49,8
2017,Niedersachsen,m,50-54,5
2017,Niedersachsen,m,55-59,3
2017,Niedersachsen,m,60-64,1
2017,Niedersachsen,m,65-69,0
2017,Niedersachsen,m,70-74,0
2017,Niedersachsen,m,75-79,0
2017,Niedersachsen,m,80-84,0
2017,Niedersachsen,m,85-89,0
2017,Niedersachsen,w,insgesamt,49
2017,Niedersachsen,w,unter 1,0
2017,Niedersachsen,w,1-4,0
2017,Niedersachsen,w,5-9,0
2017,Niedersachsen,w,10-14,1
2017,Niedersachsen,w,15-17,3
2017,Niedersachsen,w,18-19,0
2017,Niedersachsen,w,20-24,12
2017,Niedersachsen,w,25-29,5
2017,Niedersachsen,w,30-34,5
2017,Niedersachsen,w,35-39,7
2017,Niedersachsen,w,40-44,2
2017,Niedersachsen,w,45-49,5
2017,Niedersachsen,w,50-54,2
2017,Niedersachsen,w,55-59,7
2017,Niedersachsen,w,60-64,0
2017,Niedersachsen,w,65-69,0
2017,Niedersachsen,w,70-74,0
2017,Niedersachsen,w,75-79,0
2017,Niedersachsen,w,80-84,0
2017,Niedersachsen,w,85-89,0
2017,Nordrhein-Westfalen,m,insgesamt,270
2017,Nordrhein-Westfalen,m,unter 1,0
2017,Nordrhein-Westfalen,m,1-4,0
2017,Nordrhein-Westfalen,m,5-9,0
2017,Nordrhein-Westfalen,m,10-14,0
2017,Nordrhein-Westfalen,m,15-17,18
2017,Nordrhein-Westfalen,m,18-19,42
2017,Nordrhein-Westfalen,m,20-24,87
2017,Nordrhein-Westfalen,m,25-29,63
2017,Nordrhein-Westfalen,m,30-34,17
2017,Nordrhein-Westfalen,m,35-39,25
2017,Nordrhein-Westfalen,m,40-44,7
2017,Nordrhein-Westfalen,m,45-49,3
2017,Nordrhein-Westfalen,m,50-54,7
2017,Nordrhein-Westfalen,m,55-59,0
2017,Nordrhein-Westfalen,m,60-64,1
2017,Nordrhein-Westfalen,m,65-69,0
2017,Nordrhein-Westfalen,m,70-74,0
2017,Nordrhein-Westfalen,m,75-79,0
2017,Nordrhein-Westfalen,m,80-84,0
2017,Nordrhein-Westfalen,m,85-89,0
2017,Nordrhein-Westfalen,w,insgesamt,301
2017,Nordrhein-Westfalen,w,unter 1,0
2017,Nordrhein-Westfalen,w,1-4,0
2017,Nordrhein-Westfalen,w,5-9,0
2017,Nordrhein-Westfalen,w,10-14,2
2017,Nordrhein-Westfalen,w,15-17,17
2017,Nordrhein-Westfalen,w,18-19,25
2017,Nordrhein-Westfalen,w,20-24,44
2017,Nordrhein-Westfalen,w,25-29,41
2017,Nordrhein-Westfalen,w,30-34,26
2017,Nordrhein-Westfalen,w,35-39,14
2017,Nordrhein-Westfalen,w,40-44,29
2017,Nordrhein-Westfalen,w,45-49,23
2017,Nordrhein-Westfalen,w,50-54,38
2017,Nordrhein-Westfalen,w,55-59,30
2017,Nordrhein-Westfalen,w,60-64,10
2017,Nordrhein-Westfalen,w,65-69,1
2017,Nordrhein-Westfalen,w,70-74,0
2017,Nordrhein-Westfalen,w,75-79,1
2017,Nordrhein-Westfalen,w,80-84,0
2017,Nordrhein-Westfalen,w,85-89,0
2017,Rheinland-Pfalz,m,insgesamt,26
2017,Rheinland-Pfalz,m,unter 1,0
2017,Rheinland-Pfalz,m,1-4,0
2017,Rheinland-Pfalz,m,5-9,0
2017,Rheinland-Pfalz,m,10-14,0
2017,Rheinland-Pfalz,m,15-17,1
2017,Rheinland-Pfalz,m,18-19,1
2017,Rheinland-Pfalz,m,20-24,8
2017,Rheinland-Pfalz,m,25-29,8
2017,Rheinland-Pfalz,m,30-34,5
2017,Rheinland-Pfalz,m,35-39,2
2017,Rheinland-Pfalz,m,40-44,0
2017,Rheinland-Pfalz,m,45-49,1
2017,Rheinland-Pfalz,m,50-54,0
2017,Rheinland-Pfalz,m,55-59,0
2017,Rheinland-Pfalz,m,60-64,0
2017,Rheinland-Pfalz,m,65-69,0
2017,Rheinland-Pfalz,m,70-74,0
2017,Rheinland-Pfalz,m,75-79,0
2017,Rheinland-Pfalz,m,80-84,0
2017,Rheinland-Pfalz,m,85-89,0
2017,Rheinland-Pfalz,w,insgesamt,9
2017,Rheinland-Pfalz,w,unter 1,0
2017,Rheinland-Pfalz,w,1-4,0
2017,Rheinland-Pfalz,w,5-9,0
2017,Rheinland-Pfalz,w,10-14,0
2017,Rheinland-Pfalz,w,15-17,0
2017,Rheinland-Pfalz,w,18-19,0
2017,Rheinland-Pfalz,w,20-24,3
2017,Rheinland-Pfalz,w,25-29,1
2017,Rheinland-Pfalz,w,30-34,0
2017,Rheinland-Pfalz,w,35-39,0
2017,Rheinland-Pfalz,w,40-44,0
2017,Rheinland-Pfalz,w,45-49,2
2017,Rheinland-Pfalz,w,50-54,3
2017,Rheinland-Pfalz,w,55-59,0
2017,Rheinland-Pfalz,w,60-64,0
2017,Rheinland-Pfalz,w,65-69,0
2017,Rheinland-Pfalz,w,70-74,0
2017,Rheinland-Pfalz,w,75-79,0
2017,Rheinland-Pfalz,w,80-84,0
2017,Rheinland-Pfalz,w,85-89,0
2017,Saarland,m,insgesamt,0
2017,Saarland,m,unter 1,0
2017,Saarland,m,1-4,0
2017,Saarland,m,5-9,0
2017,Saarland,m,10-14,0
2017,Saarland,m,15-17,0
2017,Saarland,m,18-19,0
2017,Saarland,m,20-24,0
2017,Saarland,m,25-29,0
2017,Saarland,m,30-34,0
2017,Saarland,m,35-39,0
2017,Saarland,m,40-44,0
2017,Saarland,m,45-49,0
2017,Saarland,m,50-54,0
2017,Saarland,m,55-59,0
2017,Saarland,m,60-64,0
2017,Saarland,m,65-69,0
2017,Saarland,m,70-74,0
2017,Saarland,m,75-79,0
2017,Saarland,m,80-84,0
2017,Saarland,m,85-89,0
2017,Saarland,w,insgesamt,3
2017,Saarland,w,unter 1,0
2017,Saarland,w,1-4,0
2017,Saarland,w,5-9,0
2017,Saarland,w,10-14,0
2017,Saarland,w,15-17,0
2017,Saarland,w,18-19,0
2017,Saarland,w,20-24,2
2017,Saarland,w,25-29,0
2017,Saarland,w,30-34,0
2017,Saarland,w,35-39,0
2017,Saarland,w,40-44,0
2017,Saarland,w,45-49,0
2017,Saarland,w,50-54,0
2017,Saarland,w,55-59,0
2017,Saarland,w,60-64,1
2017,Saarland,w,65-69,0
2017,Saarland,w,70-74,0
2017,Saarland,w,75-79,0
2017,Saarland,w,80-84,0
2017,Saarland,w,85-89,0
2017,Sachsen,m,insgesamt,14
2017,Sachsen,m,unter 1,0
2017,Sachsen,m,1-4,0
2017,Sachsen,m,5-9,0
2017,Sachsen,m,10-14,0
2017,Sachsen,m,15-17,1
2017,Sachsen,m,18-19,3
2017,Sachsen,m,20-24,2
2017,Sachsen,m,25-29,4
2017,Sachsen,m,30-34,1
2017,Sachsen,m,35-39,0
2017,Sachsen,m,40-44,2
2017,Sachsen,m,45-49,0
2017,Sachsen,m,50-54,0
2017,Sachsen,m,55-59,1
2017,Sachsen,m,60-64,0
2017,Sachsen,m,65-69,0
2017,Sachsen,m,70-74,0
2017,Sachsen,m,75-79,0
2017,Sachsen,m,80-84,0
2017,Sachsen,m,85-89,0
2017,Sachsen,w,insgesamt,10
2017,Sachsen,w,unter 1,0
2017,Sachsen,w,1-4,0
2017,Sachsen,w,5-9,0
2017,Sachsen,w,10-14,0
2017,Sachsen,w,15-17,3
2017,Sachsen,w,18-19,0
2017,Sachsen,w,20-24,2
2017,Sachsen,w,25-29,2
2017,Sachsen,w,30-34,1
2017,Sachsen,w,35-39,0
2017,Sachsen,w,40-44,1
2017,Sachsen,w,45-49,0
2017,Sachsen,w,50-54,0
2017,Sachsen,w,55-59,0
2017,Sachsen,w,60-64,1
2017,Sachsen,w,65-69,0
2017,Sachsen,w,70-74,0
2017,Sachsen,w,75-79,0
2017,Sachsen,w,80-84,0
2017,Sachsen,w,85-89,0
2017,Sachsen-Anhalt,m,insgesamt,8
2017,Sachsen-Anhalt,m,unter 1,0
2017,Sachsen-Anhalt,m,1-4,0
2017,Sachsen-Anhalt,m,5-9,0
2017,Sachsen-Anhalt,m,10-14,0
2017,Sachsen-Anhalt,m,15-17,0
2017,Sachsen-Anhalt,m,18-19,1
2017,Sachsen-Anhalt,m,20-24,0
2017,Sachsen-Anhalt,m,25-29,2
2017,Sachsen-Anhalt,m,30-34,4
2017,Sachsen-Anhalt,m,35-39,0
2017,Sachsen-Anhalt,m,40-44,0
2017,Sachsen-Anhalt,m,45-49,1
2017,Sachsen-Anhalt,m,50-54,0
2017,Sachsen-Anhalt,m,55-59,0
2017,Sachsen-Anhalt,m,60-64,0
2017,Sachsen-Anhalt,m,65-69,0
2017,Sachsen-Anhalt,m,70-74,0
2017,Sachsen-Anhalt,m,75-79,0
2017,Sachsen-Anhalt,m,80-84,0
2017,Sachsen-Anhalt,m,85-89,0
2017,Sachsen-Anhalt,w,insgesamt,14
2017,Sachsen-Anhalt,w,unter 1,0
2017,Sachsen-Anhalt,w,1-4,0
2017,Sachsen-Anhalt,w,5-9,0
2017,Sachsen-Anhalt,w,10-14,0
2017,Sachsen-Anhalt,w,15-17,1
2017,Sachsen-Anhalt,w,18-19,0
2017,Sachsen-Anhalt,w,20-24,0
2017,Sachsen-Anhalt,w,25-29,5
2017,Sachsen-Anhalt,w,30-34,3
2017,Sachsen-Anhalt,w,35-39,0
2017,Sachsen-Anhalt,w,40-44,0
2017,Sachsen-Anhalt,w,45-49,2
2017,Sachsen-Anhalt,w,50-54,2
2017,Sachsen-Anhalt,w,55-59,0
2017,Sachsen-Anhalt,w,60-64,0
2017,Sachsen-Anhalt,w,65-69,1
2017,Sachsen-Anhalt,w,70-74,0
2017,Sachsen-Anhalt,w,75-79,0
2017,Sachsen-Anhalt,w,80-84,0
2017,Sachsen-Anhalt,w,85-89,0
2017,Schleswig-Holstein,m,insgesamt,229
2017,Schleswig-Holstein,m,unter 1,0
2017,Schleswig-Holstein,m,1-4,0
2017,Schleswig-Holstein,m,5-9,0
2017,Schleswig-Holstein,m,10-14,0
2017,Schleswig-Holstein,m,15-17,10
2017,Schleswig-Holstein,m,18-19,24
2017,Schleswig-Holstein,m,20-24,66
2017,Schleswig-Holstein,m,25-29,53
2017,Schleswig-Holstein,m,30-34,28
2017,Schleswig-Holstein,m,35-39,18
2017,Schleswig-Holstein,m,40-44,12
2017,Schleswig-Holstein,m,45-49,10
2017,Schleswig-Holstein,m,50-54,5
2017,Schleswig-Holstein,m,55-59,3
2017,Schleswig-Holstein,m,60-64,0
2017,Schleswig-Holstein,m,65-69,0
2017,Schleswig-Holstein,m,70-74,0
2017,Schleswig-Holstein,m,75-79,0
2017,Schleswig-Holstein,m,80-84,0
2017,Schleswig-Holstein,m,85-89,0
2017,Schleswig-Holstein,w,insgesamt,5
2017,Schleswig-Holstein,w,unter 1,0
2017,Schleswig-Holstein,w,1-4,0
2017,Schleswig-Holstein,w,5-9,0
2017,Schleswig-Holstein,w,10-14,0
2017,Schleswig-Holstein,w,15-17,0
2017,Schleswig-Holstein,w,18-19,0
2017,Schleswig-Holstein,w,20-24,3
2017,Schleswig-Holstein,w,25-29,0
2017,Schleswig-Holstein,w,30-34,0
2017,Schleswig-Holstein,w,35-39,0
2017,Schleswig-Holstein,w,40-44,0
2017,Schleswig-Holstein,w,45-49,1
2017,Schleswig-Holstein,w,50-54,0
2017,Schleswig-Holstein,w,55-59,1
2017,Schleswig-Holstein,w,60-64,0
2017,Schleswig-Holstein,w,65-69,0
2017,Schleswig-Holstein,w,70-74,0
2017,Schleswig-Holstein,w,75-79,0
2017,Schleswig-Holstein,w,80-84,0
2017,Schleswig-Holstein,w,85-89,0
2017,Thüringen,m,insgesamt,4
2017,Thüringen,m,unter 1,0
2017,Thüringen,m,1-4,0
2017,Thüringen,m,5-9,0
2017,Thüringen,m,10-14,1
2017,Thüringen,m,15-17,3
2017,Thüringen,m,18-19,0
2017,Thüringen,m,20-24,0
2017,Thüringen,m,25-29,0
2017,Thüringen,m,30-34,0
2017,Thüringen,m,35-39,0
2017,Thüringen,m,40-44,0
2017,Thüringen,m,45-49,0
2017,Thüringen,m,50-54,0
2017,Thüringen,m,55-59,0
2017,Thüringen,m,60-64,0
2017,Thüringen,m,65-69,0
2017,Thüringen,m,70-74,0
2017,Thüringen,m,75-79,0
2017,Thüringen,m,80-84,0
2017,Thüringen,m,85-89,0
2017,Thüringen,w,insgesamt,25
2017,Thüringen,w,unter 1,0
2017,Thüringen,w,1-4,0
2017,Thüringen,w,5-9,0
2017,Thüringen,w,10-14,3
2017,Thüringen,w,15-17,2
2017,Thüringen,w,18-19,0
2017,Thüringen,w,20-24,0
2017,Thüringen,w,25-29,1
2017,Thüringen,w,30-34,4
2017,Thüringen,w,35-39,1
2017,Thüringen,w,40-44,4
2017,Thüringen,w,45-49,5
2017,Thüringen,w,50-54,3
2017,Thüringen,w,55-59,2
2017,Thüringen,w,60-64,0
2017,Thüringen,w,65-69,0
2017,Thüringen,w,70-74,0
2017,Thüringen,w,75-79,0
2017,Thüringen,w,80-84,0
2017,Thüringen,w,85-89,0
2018,Deutschland,m,insgesamt,2254
2018,Deutschland,m,unter 1,0
2018,Deutschland,m,1-4,1
2018,Deutschland,m,5-9,1
2018,Deutschland,m,10-14,4
2018,Deutschland,m,15-17,62
2018,Deutschland,m,18-19,183
2018,Deutschland,m,20-24,595
2018,Deutschland,m,25-29,521
2018,Deutschland,m,30-34,284
2018,Deutschland,m,35-39,218
2018,Deutschland,m,40-44,161
2018,Deutschland,m,45-49,106
2018,Deutschland,m,50-54,74
2018,Deutschland,m,55-59,35
2018,Deutschland,m,60-64,6
2018,Deutschland,m,65-69,3
2018,Deutschland,m,70-74,0
2018,Deutschland,m,75-79,0
2018,Deutschland,m,80-84,0
2018,Deutschland,m,85-89,0
2018,Deutschland,w,insgesamt,1129
2018,Deutschland,w,unter 1,0
2018,Deutschland,w,1-4,0
2018,Deutschland,w,5-9,0
2018,Deutschland,w,10-14,5
2018,Deutschland,w,15-17,42
2018,Deutschland,w,18-19,82
2018,Deutschland,w,20-24,156
2018,Deutschland,w,25-29,191
2018,Deutschland,w,30-34,123
2018,Deutschland,w,35-39,115
2018,Deutschland,w,40-44,73
2018,Deutschland,w,45-49,104
2018,Deutschland,w,50-54,89
2018,Deutschland,w,55-59,83
2018,Deutschland,w,60-64,43
2018,Deutschland,w,65-69,19
2018,Deutschland,w,70-74,3
2018,Deutschland,w,75-79,1
2018,Deutschland,w,80-84,0
2018,Deutschland,w,85-89,0
2018,Baden-Württemberg,m,insgesamt,46
2018,Baden-Württemberg,m,unter 1,0
2018,Baden-Württemberg,m,1-4,0
2018,Baden-Württemberg,m,5-9,0
2018,Baden-Württemberg,m,10-14,0
2018,Baden-Württemberg,m,15-17,0
2018,Baden-Württemberg,m,18-19,10
2018,Baden-Württemberg,m,20-24,16
2018,Baden-Württemberg,m,25-29,7
2018,Baden-Württemberg,m,30-34,5
2018,Baden-Württemberg,m,35-39,4
2018,Baden-Württemberg,m,40-44,3
2018,Baden-Württemberg,m,45-49,0
2018,Baden-Württemberg,m,50-54,1
2018,Baden-Württemberg,m,55-59,0
2018,Baden-Württemberg,m,60-64,0
2018,Baden-Württemberg,m,65-69,0
2018,Baden-Württemberg,m,70-74,0
2018,Baden-Württemberg,m,75-79,0
2018,Baden-Württemberg,m,80-84,0
2018,Baden-Württemberg,m,85-89,0
2018,Baden-Württemberg,w,insgesamt,48
2018,Baden-Württemberg,w,unter 1,0
2018,Baden-Württemberg,w,1-4,0
2018,Baden-Württemberg,w,5-9,0
2018,Baden-Württemberg,w,10-14,1
2018,Baden-Württemberg,w,15-17,5
2018,Baden-Württemberg,w,18-19,5
2018,Baden-Württemberg,w,20-24,10
2018,Baden-Württemberg,w,25-29,6
2018,Baden-Württemberg,w,30-34,1
2018,Baden-Württemberg,w,35-39,7
2018,Baden-Württemberg,w,40-44,3
2018,Baden-Württemberg,w,45-49,4
2018,Baden-Württemberg,w,50-54,0
2018,Baden-Württemberg,w,55-59,3
2018,Baden-Württemberg,w,60-64,3
2018,Baden-Württemberg,w,65-69,0
2018,Baden-Württemberg,w,70-74,0
2018,Baden-Württemberg,w,75-79,0
2018,Baden-Württemberg,w,80-84,0
2018,Baden-Württemberg,w,85-89,0
2018,Bayern,m,insgesamt,885
2018,Bayern,m,unter 1,0
2018,Bayern,m,1-4,0
2018,Bayern,m,5-9,0
2018,Bayern,m,10-14,0
2018,Bayern,m,15-17,1
2018,Bayern,m,18-19,25
2018,Bayern,m,20-24,222
2018,Bayern,m,25-29,207
2018,Bayern,m,30-34,130
2018,Bayern,m,35-39,114
2018,Bayern,m,40-44,86
2018,Bayern,m,45-49,53
2018,Bayern,m,50-54,33
2018,Bayern,m,55-59,13
2018,Bayern,m,60-64,0
2018,Bayern,m,65-69,1
2018,Bayern,m,70-74,0
2018,Bayern,m,75-79,0
2018,Bayern,m,80-84,0
2018,Bayern,m,85-89,0
2018,Bayern,w,insgesamt,398
2018,Bayern,w,unter 1,0
2018,Bayern,w,1-4,0
2018,Bayern,w,5-9,0
2018,Bayern,w,10-14,1
2018,Bayern,w,15-17,7
2018,Bayern,w,18-19,17
2018,Bayern,w,20-24,48
2018,Bayern,w,25-29,72
2018,Bayern,w,30-34,49
2018,Bayern,w,35-39,52
2018,Bayern,w,40-44,21
2018,Bayern,w,45-49,29
2018,Bayern,w,50-54,39
2018,Bayern,w,55-59,34
2018,Bayern,w,60-64,23
2018,Bayern,w,65-69,5
2018,Bayern,w,70-74,1
2018,Bayern,w,75-79,0
2018,Bayern,w,80-84,0
2018,Bayern,w,85-89,0
2018,Berlin,m,insgesamt,323
2018,Berlin,m,unter 1,0
2018,Berlin,m,1-4,0
2018,Berlin,m,5-9,0
2018,Berlin,m,10-14,0
2018,Berlin,m,15-17,6
2018,Berlin,m,18-19,20
2018,Berlin,m,20-24,77
2018,Berlin,m,25-29,83
2018,Berlin,m,30-34,37
2018,Berlin,m,35-39,39
2018,Berlin,m,40-44,25
2018,Berlin,m,45-49,14
2018,Berlin,m,50-54,11
2018,Berlin,m,55-59,10
2018,Berlin,m,60-64,1
2018,Berlin,m,65-69,0
2018,Berlin,m,70-74,0
2018,Berlin,m,75-79,0
2018,Berlin,m,80-84,0
2018,Berlin,m,85-89,0
2018,Berlin,w,insgesamt,84
2018,Berlin,w,unter 1,0
2018,Berlin,w,1-4,0
2018,Berlin,w,5-9,0
2018,Berlin,w,10-14,0
2018,Berlin,w,15-17,2
2018,Berlin,w,18-19,7
2018,Berlin,w,20-24,10
2018,Berlin,w,25-29,15
2018,Berlin,w,30-34,11
2018,Berlin,w,35-39,11
2018,Berlin,w,40-44,5
2018,Berlin,w,45-49,6
2018,Berlin,w,50-54,9
2018,Berlin,w,55-59,4
2018,Berlin,w,60-64,4
2018,Berlin,w,65-69,0
2018,Berlin,w,70-74,0
2018,Berlin,w,75-79,0
2018,Berlin,w,80-84,0
2018,Berlin,w,85-89,0
2018,Brandenburg,m,insgesamt,34
2018,Brandenburg,m,unter 1,0
2018,Brandenburg,m,1-4,0
2018,Brandenburg,m,5-9,0
2018,Brandenburg,m,10-14,0
2018,Brandenburg,m,15-17,1
2018,Brandenburg,m,18-19,5
2018,Brandenburg,m,20-24,7
2018,Brandenburg,m,25-29,7
2018,Brandenburg,m,30-34,2
2018,Brandenburg,m,35-39,2
2018,Brandenburg,m,40-44,2
2018,Brandenburg,m,45-49,4
2018,Brandenburg,m,50-54,4
2018,Brandenburg,m,55-59,0
2018,Brandenburg,m,60-64,0
2018,Brandenburg,m,65-69,0
2018,Brandenburg,m,70-74,0
2018,Brandenburg,m,75-79,0
2018,Brandenburg,m,80-84,0
2018,Brandenburg,m,85-89,0
2018,Brandenburg,w,insgesamt,9
2018,Brandenburg,w,unter 1,0
2018,Brandenburg,w,1-4,0
2018,Brandenburg,w,5-9,0
2018,Brandenburg,w,10-14,0
2018,Brandenburg,w,15-17,2
2018,Brandenburg,w,18-19,2
2018,Brandenburg,w,20-24,2
2018,Brandenburg,w,25-29,0
2018,Brandenburg,w,30-34,0
2018,Brandenburg,w,35-39,1
2018,Brandenburg,w,40-44,0
2018,Brandenburg,w,45-49,1
2018,Brandenburg,w,50-54,0
2018,Brandenburg,w,55-59,0
2018,Brandenburg,w,60-64,1
2018,Brandenburg,w,65-69,0
2018,Brandenburg,w,70-74,0
2018,Brandenburg,w,75-79,0
2018,Brandenburg,w,80-84,0
2018,Brandenburg,w,85-89,0
2018,Bremen,m,insgesamt,3
2018,Bremen,m,unter 1,0
2018,Bremen,m,1-4,0
2018,Bremen,m,5-9,0
2018,Bremen,m,10-14,0
2018,Bremen,m,15-17,1
2018,Bremen,m,18-19,0
2018,Bremen,m,20-24,1
2018,Bremen,m,25-29,1
2018,Bremen,m,30-34,0
2018,Bremen,m,35-39,0
2018,Bremen,m,40-44,0
2018,Bremen,m,45-49,0
2018,Bremen,m,50-54,0
2018,Bremen,m,55-59,0
2018,Bremen,m,60-64,0
2018,Bremen,m,65-69,0
2018,Bremen,m,70-74,0
2018,Bremen,m,75-79,0
2018,Bremen,m,80-84,0
2018,Bremen,m,85-89,0
2018,Bremen,w,insgesamt,2
2018,Bremen,w,unter 1,0
2018,Bremen,w,1-4,0
2018,Bremen,w,5-9,0
2018,Bremen,w,10-14,0
2018,Bremen,w,15-17,1
2018,Bremen,w,18-19,0
2018,Bremen,w,20-24,0
2018,Bremen,w,25-29,0
2018,Bremen,w,30-34,0
2018,Bremen,w,35-39,0
2018,Bremen,w,40-44,0
2018,Bremen,w,45-49,0
2018,Bremen,w,50-54,0
2018,Bremen,w,55-59,0
2018,Bremen,w,60-64,1
2018,Bremen,w,65-69,0
2018,Bremen,w,70-74,0
2018,Bremen,w,75-79,0
2018,Bremen,w,80-84,0
2018,Bremen,w,85-89,0
2018,Hamburg,m,insgesamt,61
2018,Hamburg,m,unter 1,0
2018,Hamburg,m,1-4,0
2018,Hamburg,m,5-9,0
2018,Hamburg,m,10-14,0
2018,Hamburg,m,15-17,5
2018,Hamburg,m,18-19,15
2018,Hamburg,m,20-24,13
2018,Hamburg,m,25-29,5
2018,Hamburg,m,30-34,6
2018,Hamburg,m,35-39,10
2018,Hamburg,m,40-44,4
2018,Hamburg,m,45-49,1
2018,Hamburg,m,50-54,1
2018,Hamburg,m,55-59,1
2018,Hamburg,m,60-64,0
2018,Hamburg,m,65-69,0
2018,Hamburg,m,70-74,0
2018,Hamburg,m,75-79,0
2018,Hamburg,m,80-84,0
2018,Hamburg,m,85-89,0
2018,Hamburg,w,insgesamt,102
2018,Hamburg,w,unter 1,0
2018,Hamburg,w,1-4,0
2018,Hamburg,w,5-9,0
2018,Hamburg,w,10-14,0
2018,Hamburg,w,15-17,7
2018,Hamburg,w,18-19,7
2018,Hamburg,w,20-24,12
2018,Hamburg,w,25-29,16
2018,Hamburg,w,30-34,12
2018,Hamburg,w,35-39,11
2018,Hamburg,w,40-44,9
2018,Hamburg,w,45-49,11
2018,Hamburg,w,50-54,5
2018,Hamburg,w,55-59,10
2018,Hamburg,w,60-64,2
2018,Hamburg,w,65-69,0
2018,Hamburg,w,70-74,0
2018,Hamburg,w,75-79,0
2018,Hamburg,w,80-84,0
2018,Hamburg,w,85-89,0
2018,Hessen,m,insgesamt,96
2018,Hessen,m,unter 1,0
2018,Hessen,m,1-4,0
2018,Hessen,m,5-9,0
2018,Hessen,m,10-14,0
2018,Hessen,m,15-17,3
2018,Hessen,m,18-19,5
2018,Hessen,m,20-24,22
2018,Hessen,m,25-29,29
2018,Hessen,m,30-34,14
2018,Hessen,m,35-39,4
2018,Hessen,m,40-44,6
2018,Hessen,m,45-49,6
2018,Hessen,m,50-54,2
2018,Hessen,m,55-59,4
2018,Hessen,m,60-64,1
2018,Hessen,m,65-69,0
2018,Hessen,m,70-74,0
2018,Hessen,m,75-79,0
2018,Hessen,m,80-84,0
2018,Hessen,m,85-89,0
2018,Hessen,w,insgesamt,64
2018,Hessen,w,unter 1,0
2018,Hessen,w,1-4,0
2018,Hessen,w,5-9,0
2018,Hessen,w,10-14,0
2018,Hessen,w,15-17,3
2018,Hessen,w,18-19,5
2018,Hessen,w,20-24,9
2018,Hessen,w,25-29,9
2018,Hessen,w,30-34,11
2018,Hessen,w,35-39,5
2018,Hessen,w,40-44,6
2018,Hessen,w,45-49,5
2018,Hessen,w,50-54,2
2018,Hessen,w,55-59,6
2018,Hessen,w,60-64,1
2018,Hessen,w,65-69,1
2018,Hessen,w,70-74,1
2018,Hessen,w,75-79,0
2018,Hessen,w,80-84,0
2018,Hessen,w,85-89,0
2018,Mecklenburg-Vorpommern,m,insgesamt,7
2018,Mecklenburg-Vorpommern,m,unter 1,0
2018,Mecklenburg-Vorpommern,m,1-4,0
2018,Mecklenburg-Vorpommern,m,5-9,0
2018,Mecklenburg-Vorpommern,m,10-14,0
2018,Mecklenburg-Vorpommern,m,15-17,0
2018,Mecklenburg-Vorpommern,m,18-19,0
2018,Mecklenburg-Vorpommern,m,20-24,1
2018,Mecklenburg-Vorpommern,m,25-29,3
2018,Mecklenburg-Vorpommern,m,30-34,1
2018,Mecklenburg-Vorpommern,m,35-39,2
2018,Mecklenburg-Vorpommern,m,40-44,0
2018,Mecklenburg-Vorpommern,m,45-49,0
2018,Mecklenburg-Vorpommern,m,50-54,0
2018,Mecklenburg-Vorpommern,m,55-59,0
2018,Mecklenburg-Vorpommern,m,60-64,0
2018,Mecklenburg-Vorpommern,m,65-69,0
2018,Mecklenburg-Vorpommern,m,70-74,0
2018,Mecklenburg-Vorpommern,m,75-79,0
2018,Mecklenburg-Vorpommern,m,80-84,0
2018,Mecklenburg-Vorpommern,m,85-89,0
2018,Mecklenburg-Vorpommern,w,insgesamt,3
2018,Mecklenburg-Vorpommern,w,unter 1,0
2018,Mecklenburg-Vorpommern,w,1-4,0
2018,Mecklenburg-Vorpommern,w,5-9,0
2018,Mecklenburg-Vorpommern,w,10-14,0
2018,Mecklenburg-Vorpommern,w,15-17,0
2018,Mecklenburg-Vorpommern,w,18-19,0
2018,Mecklenburg-Vorpommern,w,20-24,0
2018,Mecklenburg-Vorpommern,w,25-29,0
2018,Mecklenburg-Vorpommern,w,30-34,0
2018,Mecklenburg-Vorpommern,w,35-39,0
2018,Mecklenburg-Vorpommern,w,40-44,0
2018,Mecklenburg-Vorpommern,w,45-49,1
2018,Mecklenburg-Vorpommern,w,50-54,1
2018,Mecklenburg-Vorpommern,w,55-59,1
2018,Mecklenburg-Vorpommern,w,60-64,0
2018,Mecklenburg-Vorpommern,w,65-69,0
2018,Mecklenburg-Vorpommern,w,70-74,0
2018,Mecklenburg-Vorpommern,w,75-79,0
2018,Mecklenburg-Vorpommern,w,80-84,0
2018,Mecklenburg-Vorpommern,w,85-89,0
2018,Niedersachsen,m,insgesamt,70
2018,Niedersachsen,m,unter 1,0
2018,Niedersachsen,m,1-4,0
2018,Niedersachsen,m,5-9,0
2018,Niedersachsen,m,10-14,0
2018,Niedersachsen,m,15-17,0
2018,Niedersachsen,m,18-19,3
2018,Niedersachsen,m,20-24,12
2018,Niedersachsen,m,25-29,16
2018,Niedersachsen,m,30-34,13
2018,Niedersachsen,m,35-39,10
2018,Niedersachsen,m,40-44,5
2018,Niedersachsen,m,45-49,5
2018,Niedersachsen,m,50-54,6
2018,Niedersachsen,m,55-59,0
2018,Niedersachsen,m,60-64,0
2018,Niedersachsen,m,65-69,0
2018,Niedersachsen,m,70-74,0
2018,Niedersachsen,m,75-79,0
2018,Niedersachsen,m,80-84,0
2018,Niedersachsen,m,85-89,0
2018,Niedersachsen,w,insgesamt,36
2018,Niedersachsen,w,unter 1,0
2018,Niedersachsen,w,1-4,0
2018,Niedersachsen,w,5-9,0
2018,Niedersachsen,w,10-14,0
2018,Niedersachsen,w,15-17,1
2018,Niedersachsen,w,18-19,1
2018,Niedersachsen,w,20-24,8
2018,Niedersachsen,w,25-29,5
2018,Niedersachsen,w,30-34,2
2018,Niedersachsen,w,35-39,1
2018,Niedersachsen,w,40-44,3
2018,Niedersachsen,w,45-49,9
2018,Niedersachsen,w,50-54,3
2018,Niedersachsen,w,55-59,0
2018,Niedersachsen,w,60-64,1
2018,Niedersachsen,w,65-69,2
2018,Niedersachsen,w,70-74,0
2018,Niedersachsen,w,75-79,0
2018,Niedersachsen,w,80-84,0
2018,Niedersachsen,w,85-89,0
2018,Nordrhein-Westfalen,m,insgesamt,356
2018,Nordrhein-Westfalen,m,unter 1,0
2018,Nordrhein-Westfalen,m,1-4,0
2018,Nordrhein-Westfalen,m,5-9,0
2018,Nordrhein-Westfalen,m,10-14,2
2018,Nordrhein-Westfalen,m,15-17,27
2018,Nordrhein-Westfalen,m,18-19,47
2018,Nordrhein-Westfalen,m,20-24,123
2018,Nordrhein-Westfalen,m,25-29,69
2018,Nordrhein-Westfalen,m,30-34,36
2018,Nordrhein-Westfalen,m,35-39,15
2018,Nordrhein-Westfalen,m,40-44,11
2018,Nordrhein-Westfalen,m,45-49,8
2018,Nordrhein-Westfalen,m,50-54,11
2018,Nordrhein-Westfalen,m,55-59,3
2018,Nordrhein-Westfalen,m,60-64,3
2018,Nordrhein-Westfalen,m,65-69,1
2018,Nordrhein-Westfalen,m,70-74,0
2018,Nordrhein-Westfalen,m,75-79,0
2018,Nordrhein-Westfalen,m,80-84,0
2018,Nordrhein-Westfalen,m,85-89,0
2018,Nordrhein-Westfalen,w,insgesamt,315
2018,Nordrhein-Westfalen,w,unter 1,0
2018,Nordrhein-Westfalen,w,1-4,0
2018,Nordrhein-Westfalen,w,5-9,0
2018,Nordrhein-Westfalen,w,10-14,1
2018,Nordrhein-Westfalen,w,15-17,11
2018,Nordrhein-Westfalen,w,18-19,31
2018,Nordrhein-Westfalen,w,20-24,48
2018,Nordrhein-Westfalen,w,25-29,59
2018,Nordrhein-Westfalen,w,30-34,28
2018,Nordrhein-Westfalen,w,35-39,23
2018,Nordrhein-Westfalen,w,40-44,19
2018,Nordrhein-Westfalen,w,45-49,31
2018,Nordrhein-Westfalen,w,50-54,26
2018,Nordrhein-Westfalen,w,55-59,23
2018,Nordrhein-Westfalen,w,60-64,5
2018,Nordrhein-Westfalen,w,65-69,9
2018,Nordrhein-Westfalen,w,70-74,1
2018,Nordrhein-Westfalen,w,75-79,0
2018,Nordrhein-Westfalen,w,80-84,0
2018,Nordrhein-Westfalen,w,85-89,0
2018,Rheinland-Pfalz,m,insgesamt,26
2018,Rheinland-Pfalz,m,unter 1,0
2018,Rheinland-Pfalz,m,1-4,0
2018,Rheinland-Pfalz,m,5-9,0
2018,Rheinland-Pfalz,m,10-14,0
2018,Rheinland-Pfalz,m,15-17,1
2018,Rheinland-Pfalz,m,18-19,1
2018,Rheinland-Pfalz,m,20-24,8
2018,Rheinland-Pfalz,m,25-29,6
2018,Rheinland-Pfalz,m,30-34,3
2018,Rheinland-Pfalz,m,35-39,2
2018,Rheinland-Pfalz,m,40-44,2
2018,Rheinland-Pfalz,m,45-49,2
2018,Rheinland-Pfalz,m,50-54,0
2018,Rheinland-Pfalz,m,55-59,1
2018,Rheinland-Pfalz,m,60-64,0
2018,Rheinland-Pfalz,m,65-69,0
2018,Rheinland-Pfalz,m,70-74,0
2018,Rheinland-Pfalz,m,75-79,0
2018,Rheinland-Pfalz,m,80-84,0
2018,Rheinland-Pfalz,m,85-89,0
2018,Rheinland-Pfalz,w,insgesamt,11
2018,Rheinland-Pfalz,w,unter 1,0
2018,Rheinland-Pfalz,w,1-4,0
2018,Rheinland-Pfalz,w,5-9,0
2018,Rheinland-Pfalz,w,10-14,0
2018,Rheinland-Pfalz,w,15-17,0
2018,Rheinland-Pfalz,w,18-19,3
2018,Rheinland-Pfalz,w,20-24,3
2018,Rheinland-Pfalz,w,25-29,1
2018,Rheinland-Pfalz,w,30-34,1
2018,Rheinland-Pfalz,w,35-39,1
2018,Rheinland-Pfalz,w,40-44,0
2018,Rheinland-Pfalz,w,45-49,1
2018,Rheinland-Pfalz,w,50-54,1
2018,Rheinland-Pfalz,w,55-59,0
2018,Rheinland-Pfalz,w,60-64,0
2018,Rheinland-Pfalz,w,65-69,0
2018,Rheinland-Pfalz,w,70-74,0
2018,Rheinland-Pfalz,w,75-79,0
2018,Rheinland-Pfalz,w,80-84,0
2018,Rheinland-Pfalz,w,85-89,0
2018,Saarland,m,insgesamt,2
2018,Saarland,m,unter 1,0
2018,Saarland,m,1-4,0
2018,Saarland,m,5-9,0
2018,Saarland,m,10-14,0
2018,Saarland,m,15-17,0
2018,Saarland,m,18-19,1
2018,Saarland,m,20-24,0
2018,Saarland,m,25-29,1
2018,Saarland,m,30-34,0
2018,Saarland,m,35-39,0
2018,Saarland,m,40-44,0
2018,Saarland,m,45-49,0
2018,Saarland,m,50-54,0
2018,Saarland,m,55-59,0
2018,Saarland,m,60-64,0
2018,Saarland,m,65-69,0
2018,Saarland,m,70-74,0
2018,Saarland,m,75-79,0
2018,Saarland,m,80-84,0
2018,Saarland,m,85-89,0
2018,Saarland,w,insgesamt,2
2018,Saarland,w,unter 1,0
2018,Saarland,w,1-4,0
2018,Saarland,w,5-9,0
2018,Saarland,w,10-14,0
2018,Saarland,w,15-17,1
2018,Saarland,w,18-19,0
2018,Saarland,w,20-24,0
2018,Saarland,w,25-29,1
2018,Saarland,w,30-34,0
2018,Saarland,w,35-39,0
2018,Saarland,w,40-44,0
2018,Saarland,w,45-49,0
2018,Saarland,w,50-54,0
2018,Saarland,w,55-59,0
2018,Saarland,w,60-64,0
2018,Saarland,w,65-69,0
2018,Saarland,w,70-74,0
2018,Saarland,w,75-79,0
2018,Saarland,w,80-84,0
2018,Saarland,w,85-89,0
2018,Sachsen,m,insgesamt,25
2018,Sachsen,m,unter 1,0
2018,Sachsen,m,1-4,0
2018,Sachsen,m,5-9,0
2018,Sachsen,m,10-14,0
2018,Sachsen,m,15-17,2
2018,Sachsen,m,18-19,4
2018,Sachsen,m,20-24,1
2018,Sachsen,m,25-29,11
2018,Sachsen,m,30-34,3
2018,Sachsen,m,35-39,1
2018,Sachsen,m,40-44,2
2018,Sachsen,m,45-49,1
2018,Sachsen,m,50-54,0
2018,Sachsen,m,55-59,0
2018,Sachsen,m,60-64,0
2018,Sachsen,m,65-69,0
2018,Sachsen,m,70-74,0
2018,Sachsen,m,75-79,0
2018,Sachsen,m,80-84,0
2018,Sachsen,m,85-89,0
2018,Sachsen,w,insgesamt,23
2018,Sachsen,w,unter 1,0
2018,Sachsen,w,1-4,0
2018,Sachsen,w,5-9,0
2018,Sachsen,w,10-14,1
2018,Sachsen,w,15-17,1
2018,Sachsen,w,18-19,3
2018,Sachsen,w,20-24,4
2018,Sachsen,w,25-29,4
2018,Sachsen,w,30-34,1
2018,Sachsen,w,35-39,1
2018,Sachsen,w,40-44,4
2018,Sachsen,w,45-49,0
2018,Sachsen,w,50-54,2
2018,Sachsen,w,55-59,0
2018,Sachsen,w,60-64,1
2018,Sachsen,w,65-69,0
2018,Sachsen,w,70-74,0
2018,Sachsen,w,75-79,1
2018,Sachsen,w,80-84,0
2018,Sachsen,w,85-89,0
2018,Sachsen-Anhalt,m,insgesamt,9
2018,Sachsen-Anhalt,m,unter 1,0
2018,Sachsen-Anhalt,m,1-4,0
2018,Sachsen-Anhalt,m,5-9,0
2018,Sachsen-Anhalt,m,10-14,0
2018,Sachsen-Anhalt,m,15-17,0
2018,Sachsen-Anhalt,m,18-19,3
2018,Sachsen-Anhalt,m,20-24,1
2018,Sachsen-Anhalt,m,25-29,2
2018,Sachsen-Anhalt,m,30-34,0
2018,Sachsen-Anhalt,m,35-39,1
2018,Sachsen-Anhalt,m,40-44,0
2018,Sachsen-Anhalt,m,45-49,2
2018,Sachsen-Anhalt,m,50-54,0
2018,Sachsen-Anhalt,m,55-59,0
2018,Sachsen-Anhalt,m,60-64,0
2018,Sachsen-Anhalt,m,65-69,0
2018,Sachsen-Anhalt,m,70-74,0
2018,Sachsen-Anhalt,m,75-79,0
2018,Sachsen-Anhalt,m,80-84,0
2018,Sachsen-Anhalt,m,85-89,0
2018,Sachsen-Anhalt,w,insgesamt,20
2018,Sachsen-Anhalt,w,unter 1,0
2018,Sachsen-Anhalt,w,1-4,0
2018,Sachsen-Anhalt,w,5-9,0
2018,Sachsen-Anhalt,w,10-14,0
2018,Sachsen-Anhalt,w,15-17,0
2018,Sachsen-Anhalt,w,18-19,1
2018,Sachsen-Anhalt,w,20-24,0
2018,Sachsen-Anhalt,w,25-29,2
2018,Sachsen-Anhalt,w,30-34,5
2018,Sachsen-Anhalt,w,35-39,1
2018,Sachsen-Anhalt,w,40-44,2
2018,Sachsen-Anhalt,w,45-49,5
2018,Sachsen-Anhalt,w,50-54,0
2018,Sachsen-Anhalt,w,55-59,2
2018,Sachsen-Anhalt,w,60-64,0
2018,Sachsen-Anhalt,w,65-69,2
2018,Sachsen-Anhalt,w,70-74,0
2018,Sachsen-Anhalt,w,75-79,0
2018,Sachsen-Anhalt,w,80-84,0
2018,Sachsen-Anhalt,w,85-89,0
2018,Schleswig-Holstein,m,insgesamt,309
2018,Schleswig-Holstein,m,unter 1,0
2018,Schleswig-Holstein,m,1-4,1
2018,Schleswig-Holstein,m,5-9,0
2018,Schleswig-Holstein,m,10-14,2
2018,Schleswig-Holstein,m,15-17,15
2018,Schleswig-Holstein,m,18-19,44
2018,Schleswig-Holstein,m,20-24,91
2018,Schleswig-Holstein,m,25-29,74
2018,Schleswig-Holstein,m,30-34,34
2018,Schleswig-Holstein,m,35-39,14
2018,Schleswig-Holstein,m,40-44,15
2018,Schleswig-Holstein,m,45-49,10
2018,Schleswig-Holstein,m,50-54,5
2018,Schleswig-Holstein,m,55-59,3
2018,Schleswig-Holstein,m,60-64,1
2018,Schleswig-Holstein,m,65-69,0
2018,Schleswig-Holstein,m,70-74,0
2018,Schleswig-Holstein,m,75-79,0
2018,Schleswig-Holstein,m,80-84,0
2018,Schleswig-Holstein,m,85-89,0
2018,Schleswig-Holstein,w,insgesamt,1
2018,Schleswig-Holstein,w,unter 1,0
2018,Schleswig-Holstein,w,1-4,0
2018,Schleswig-Holstein,w,5-9,0
2018,Schleswig-Holstein,w,10-14,0
2018,Schleswig-Holstein,w,15-17,0
2018,Schleswig-Holstein,w,18-19,0
2018,Schleswig-Holstein,w,20-24,0
2018,Schleswig-Holstein,w,25-29,0
2018,Schleswig-Holstein,w,30-34,0
2018,Schleswig-Holstein,w,35-39,0
2018,Schleswig-Holstein,w,40-44,0
2018,Schleswig-Holstein,w,45-49,0
2018,Schleswig-Holstein,w,50-54,1
2018,Schleswig-Holstein,w,55-59,0
2018,Schleswig-Holstein,w,60-64,0
2018,Schleswig-Holstein,w,65-69,0
2018,Schleswig-Holstein,w,70-74,0
2018,Schleswig-Holstein,w,75-79,0
2018,Schleswig-Holstein,w,80-84,0
2018,Schleswig-Holstein,w,85-89,0
2018,Thüringen,m,insgesamt,2
2018,Thüringen,m,unter 1,0
2018,Thüringen,m,1-4,0
2018,Thüringen,m,5-9,1
2018,Thüringen,m,10-14,0
2018,Thüringen,m,15-17,0
2018,Thüringen,m,18-19,0
2018,Thüringen,m,20-24,0
2018,Thüringen,m,25-29,0
2018,Thüringen,m,30-34,0
2018,Thüringen,m,35-39,0
2018,Thüringen,m,40-44,0
2018,Thüringen,m,45-49,0
2018,Thüringen,m,50-54,0
2018,Thüringen,m,55-59,0
2018,Thüringen,m,60-64,0
2018,Thüringen,m,65-69,1
2018,Thüringen,m,70-74,0
2018,Thüringen,m,75-79,0
2018,Thüringen,m,80-84,0
2018,Thüringen,m,85-89,0
2018,Thüringen,w,insgesamt,11
2018,Thüringen,w,unter 1,0
2018,Thüringen,w,1-4,0
2018,Thüringen,w,5-9,0
2018,Thüringen,w,10-14,1
2018,Thüringen,w,15-17,1
2018,Thüringen,w,18-19,0
2018,Thüringen,w,20-24,2
2018,Thüringen,w,25-29,1
2018,Thüringen,w,30-34,2
2018,Thüringen,w,35-39,1
2018,Thüringen,w,40-44,1
2018,Thüringen,w,45-49,1
2018,Thüringen,w,50-54,0
2018,Thüringen,w,55-59,0
2018,Thüringen,w,60-64,1
2018,Thüringen,w,65-69,0
2018,Thüringen,w,70-74,0
2018,Thüringen,w,75-79,0
2018,Thüringen,w,80-84,0
2018,Thüringen,w,85-89,0
2019,Deutschland,m,insgesamt,2890
2019,Deutschland,m,unter 1,0
2019,Deutschland,m,1-4,0
2019,Deutschland,m,5-9,0
2019,Deutschland,m,10-14,4
2019,Deutschland,m,15-17,88
2019,Deutschland,m,18-19,286
2019,Deutschland,m,20-24,801
2019,Deutschland,m,25-29,646
2019,Deutschland,m,30-34,381
2019,Deutschland,m,35-39,266
2019,Deutschland,m,40-44,150
2019,Deutschland,m,45-49,117
2019,Deutschland,m,50-54,75
2019,Deutschland,m,55-59,59
2019,Deutschland,m,60-64,9
2019,Deutschland,m,65-69,7
2019,Deutschland,m,70-74,0
2019,Deutschland,m,75-79,0
2019,Deutschland,m,80-84,1
2019,Deutschland,m,85-89,0
2019,Deutschland,w,insgesamt,1290
2019,Deutschland,w,unter 1,0
2019,Deutschland,w,1-4,0
2019,Deutschland,w,5-9,0
2019,Deutschland,w,10-14,10
2019,Deutschland,w,15-17,44
2019,Deutschland,w,18-19,93
2019,Deutschland,w,20-24,246
2019,Deutschland,w,25-29,218
2019,Deutschland,w,30-34,146
2019,Deutschland,w,35-39,97
2019,Deutschland,w,40-44,86
2019,Deutschland,w,45-49,85
2019,Deutschland,w,50-54,117
2019,Deutschland,w,55-59,79
2019,Deutschland,w,60-64,47
2019,Deutschland,w,65-69,19
2019,Deutschland,w,70-74,2
2019,Deutschland,w,75-79,1
2019,Deutschland,w,80-84,0
2019,Deutschland,w,85-89,0
2019,Baden-Württemberg,m,insgesamt,80
2019,Baden-Württemberg,m,unter 1,0
2019,Baden-Württemberg,m,1-4,0
2019,Baden-Württemberg,m,5-9,0
2019,Baden-Württemberg,m,10-14,1
2019,Baden-Württemberg,m,15-17,2
2019,Baden-Württemberg,m,18-19,11
2019,Baden-Württemberg,m,20-24,33
2019,Baden-Württemberg,m,25-29,11
2019,Baden-Württemberg,m,30-34,9
2019,Baden-Württemberg,m,35-39,2
2019,Baden-Württemberg,m,40-44,5
2019,Baden-Württemberg,m,45-49,3
2019,Baden-Württemberg,m,50-54,0
2019,Baden-Württemberg,m,55-59,3
2019,Baden-Württemberg,m,60-64,0
2019,Baden-Württemberg,m,65-69,0
2019,Baden-Württemberg,m,70-74,0
2019,Baden-Württemberg,m,75-79,0
2019,Baden-Württemberg,m,80-84,0
2019,Baden-Württemberg,m,85-89,0
2019,Baden-Württemberg,w,insgesamt,58
2019,Baden-Württemberg,w,unter 1,0
2019,Baden-Württemberg,w,1-4,0
2019,Baden-Württemberg,w,5-9,0
2019,Baden-Württemberg,w,10-14,1
2019,Baden-Württemberg,w,15-17,1
2019,Baden-Württemberg,w,18-19,5
2019,Baden-Württemberg,w,20-24,5
2019,Baden-Württemberg,w,25-29,7
2019,Baden-Württemberg,w,30-34,6
2019,Baden-Württemberg,w,35-39,10
2019,Baden-Württemberg,w,40-44,6
2019,Baden-Württemberg,w,45-49,3
2019,Baden-Württemberg,w,50-54,8
2019,Baden-Württemberg,w,55-59,3
2019,Baden-Württemberg,w,60-64,2
2019,Baden-Württemberg,w,65-69,1
2019,Baden-Württemberg,w,70-74,0
2019,Baden-Württemberg,w,75-79,0
2019,Baden-Württemberg,w,80-84,0
2019,Baden-Württemberg,w,85-89,0
2019,Bayern,m,insgesamt,1118
2019,Bayern,m,unter 1,0
2019,Bayern,m,1-4,0
2019,Bayern,m,5-9,0
2019,Bayern,m,10-14,0
2019,Bayern,m,15-17,2
2019,Bayern,m,18-19,47
2019,Bayern,m,20-24,260
2019,Bayern,m,25-29,286
2019,Bayern,m,30-34,175
2019,Bayern,m,35-39,146
2019,Bayern,m,40-44,71
2019,Bayern,m,45-49,55
2019,Bayern,m,50-54,42
2019,Bayern,m,55-59,32
2019,Bayern,m,60-64,1
2019,Bayern,m,65-69,1
2019,Bayern,m,70-74,0
2019,Bayern,m,75-79,0
2019,Bayern,m,80-84,0
2019,Bayern,m,85-89,0
2019,Bayern,w,insgesamt,499
2019,Bayern,w,unter 1,0
2019,Bayern,w,1-4,0
2019,Bayern,w,5-9,0
2019,Bayern,w,10-14,1
2019,Bayern,w,15-17,3
2019,Bayern,w,18-19,16
2019,Bayern,w,20-24,88
2019,Bayern,w,25-29,105
2019,Bayern,w,30-34,66
2019,Bayern,w,35-39,48
2019,Bayern,w,40-44,36
2019,Bayern,w,45-49,31
2019,Bayern,w,50-54,51
2019,Bayern,w,55-59,28
2019,Bayern,w,60-64,19
2019,Bayern,w,65-69,4
2019,Bayern,w,70-74,2
2019,Bayern,w,75-79,1
2019,Bayern,w,80-84,0
2019,Bayern,w,85-89,0
2019,Berlin,m,insgesamt,418
2019,Berlin,m,unter 1,0
2019,Berlin,m,1-4,0
2019,Berlin,m,5-9,0
2019,Berlin,m,10-14,0
2019,Berlin,m,15-17,10
2019,Berlin,m,18-19,34
2019,Berlin,m,20-24,108
2019,Berlin,m,25-29,87
2019,Berlin,m,30-34,57
2019,Berlin,m,35-39,46
2019,Berlin,m,40-44,30
2019,Berlin,m,45-49,13
2019,Berlin,m,50-54,16
2019,Berlin,m,55-59,12
2019,Berlin,m,60-64,2
2019,Berlin,m,65-69,2
2019,Berlin,m,70-74,0
2019,Berlin,m,75-79,0
2019,Berlin,m,80-84,1
2019,Berlin,m,85-89,0
2019,Berlin,w,insgesamt,121
2019,Berlin,w,unter 1,0
2019,Berlin,w,1-4,0
2019,Berlin,w,5-9,0
2019,Berlin,w,10-14,1
2019,Berlin,w,15-17,2
2019,Berlin,w,18-19,18
2019,Berlin,w,20-24,19
2019,Berlin,w,25-29,14
2019,Berlin,w,30-34,14
2019,Berlin,w,35-39,11
2019,Berlin,w,40-44,4
2019,Berlin,w,45-49,10
2019,Berlin,w,50-54,9
2019,Berlin,w,55-59,15
2019,Berlin,w,60-64,2
2019,Berlin,w,65-69,2
2019,Berlin,w,70-74,0
2019,Berlin,w,75-79,0
2019,Berlin,w,80-84,0
2019,Berlin,w,85-89,0
2019,Brandenburg,m,insgesamt,16
2019,Brandenburg,m,unter 1,0
2019,Brandenburg,m,1-4,0
2019,Brandenburg,m,5-9,0
2019,Brandenburg,m,10-14,0
2019,Brandenburg,m,15-17,0
2019,Brandenburg,m,18-19,5
2019,Brandenburg,m,20-24,6
2019,Brandenburg,m,25-29,1
2019,Brandenburg,m,30-34,0
2019,Brandenburg,m,35-39,1
2019,Brandenburg,m,40-44,2
2019,Brandenburg,m,45-49,0
2019,Brandenburg,m,50-54,1
2019,Brandenburg,m,55-59,0
2019,Brandenburg,m,60-64,0
2019,Brandenburg,m,65-69,0
2019,Brandenburg,m,70-74,0
2019,Brandenburg,m,75-79,0
2019,Brandenburg,m,80-84,0
2019,Brandenburg,m,85-89,0
2019,Brandenburg,w,insgesamt,8
2019,Brandenburg,w,unter 1,0
2019,Brandenburg,w,1-4,0
2019,Brandenburg,w,5-9,0
2019,Brandenburg,w,10-14,2
2019,Brandenburg,w,15-17,0
2019,Brandenburg,w,18-19,0
2019,Brandenburg,w,20-24,2
2019,Brandenburg,w,25-29,0
2019,Brandenburg,w,30-34,2
2019,Brandenburg,w,35-39,0
2019,Brandenburg,w,40-44,0
2019,Brandenburg,w,45-49,1
2019,Brandenburg,w,50-54,0
2019,Brandenburg,w,55-59,1
2019,Brandenburg,w,60-64,0
2019,Brandenburg,w,65-69,0
2019,Brandenburg,w,70-74,0
2019,Brandenburg,w,75-79,0
2019,Brandenburg,w,80-84,0
2019,Brandenburg,w,85-89,0
2019,Bremen,m,insgesamt,3
2019,Bremen,m,unter 1,0
2019,Bremen,m,1-4,0
2019,Bremen,m,5-9,0
2019,Bremen,m,10-14,0
2019,Bremen,m,15-17,1
2019,Bremen,m,18-19,0
2019,Bremen,m,20-24,1
2019,Bremen,m,25-29,0
2019,Bremen,m,30-34,1
2019,Bremen,m,35-39,0
2019,Bremen,m,40-44,0
2019,Bremen,m,45-49,0
2019,Bremen,m,50-54,0
2019,Bremen,m,55-59,0
2019,Bremen,m,60-64,0
2019,Bremen,m,65-69,0
2019,Bremen,m,70-74,0
2019,Bremen,m,75-79,0
2019,Bremen,m,80-84,0
2019,Bremen,m,85-89,0
2019,Bremen,w,insgesamt,1
2019,Bremen,w,unter 1,0
2019,Bremen,w,1-4,0
2019,Bremen,w,5-9,0
2019,Bremen,w,10-14,0
2019,Bremen,w,15-17,0
2019,Bremen,w,18-19,0
2019,Bremen,w,20-24,0
2019,Bremen,w,25-29,0
2019,Bremen,w,30-34,0
2019,Bremen,w,35-39,1
2019,Bremen,w,40-44,0
2019,Bremen,w,45-49,0
2019,Bremen,w,50-54,0
2019,Bremen,w,55-59,0
2019,Bremen,w,60-64,0
2019,Bremen,w,65-69,0
2019,Bremen,w,70-74,0
2019,Bremen,w,75-79,0
2019,Bremen,w,80-84,0
2019,Bremen,w,85-89,0
2019,Hamburg,m,insgesamt,89
2019,Hamburg,m,unter 1,0
2019,Hamburg,m,1-4,0
2019,Hamburg,m,5-9,0
2019,Hamburg,m,10-14,0
2019,Hamburg,m,15-17,6
2019,Hamburg,m,18-19,19
2019,Hamburg,m,20-24,17
2019,Hamburg,m,25-29,15
2019,Hamburg,m,30-34,16
2019,Hamburg,m,35-39,9
2019,Hamburg,m,40-44,3
2019,Hamburg,m,45-49,3
2019,Hamburg,m,50-54,0
2019,Hamburg,m,55-59,1
2019,Hamburg,m,60-64,0
2019,Hamburg,m,65-69,0
2019,Hamburg,m,70-74,0
2019,Hamburg,m,75-79,0
2019,Hamburg,m,80-84,0
2019,Hamburg,m,85-89,0
2019,Hamburg,w,insgesamt,117
2019,Hamburg,w,unter 1,0
2019,Hamburg,w,1-4,0
2019,Hamburg,w,5-9,0
2019,Hamburg,w,10-14,0
2019,Hamburg,w,15-17,3
2019,Hamburg,w,18-19,10
2019,Hamburg,w,20-24,20
2019,Hamburg,w,25-29,21
2019,Hamburg,w,30-34,11
2019,Hamburg,w,35-39,7
2019,Hamburg,w,40-44,16
2019,Hamburg,w,45-49,12
2019,Hamburg,w,50-54,10
2019,Hamburg,w,55-59,6
2019,Hamburg,w,60-64,1
2019,Hamburg,w,65-69,0
2019,Hamburg,w,70-74,0
2019,Hamburg,w,75-79,0
2019,Hamburg,w,80-84,0
2019,Hamburg,w,85-89,0
2019,Hessen,m,insgesamt,103
2019,Hessen,m,unter 1,0
2019,Hessen,m,1-4,0
2019,Hessen,m,5-9,0
2019,Hessen,m,10-14,0
2019,Hessen,m,15-17,4
2019,Hessen,m,18-19,15
2019,Hessen,m,20-24,26
2019,Hessen,m,25-29,25
2019,Hessen,m,30-34,16
2019,Hessen,m,35-39,4
2019,Hessen,m,40-44,4
2019,Hessen,m,45-49,5
2019,Hessen,m,50-54,3
2019,Hessen,m,55-59,0
2019,Hessen,m,60-64,1
2019,Hessen,m,65-69,0
2019,Hessen,m,70-74,0
2019,Hessen,m,75-79,0
2019,Hessen,m,80-84,0
2019,Hessen,m,85-89,0
2019,Hessen,w,insgesamt,57
2019,Hessen,w,unter 1,0
2019,Hessen,w,1-4,0
2019,Hessen,w,5-9,0
2019,Hessen,w,10-14,1
2019,Hessen,w,15-17,1
2019,Hessen,w,18-19,6
2019,Hessen,w,20-24,16
2019,Hessen,w,25-29,8
2019,Hessen,w,30-34,6
2019,Hessen,w,35-39,2
2019,Hessen,w,40-44,3
2019,Hessen,w,45-49,2
2019,Hessen,w,50-54,2
2019,Hessen,w,55-59,3
2019,Hessen,w,60-64,3
2019,Hessen,w,65-69,4
2019,Hessen,w,70-74,0
2019,Hessen,w,75-79,0
2019,Hessen,w,80-84,0
2019,Hessen,w,85-89,0
2019,Mecklenburg-Vorpommern,m,insgesamt,8
2019,Mecklenburg-Vorpommern,m,unter 1,0
2019,Mecklenburg-Vorpommern,m,1-4,0
2019,Mecklenburg-Vorpommern,m,5-9,0
2019,Mecklenburg-Vorpommern,m,10-14,0
2019,Mecklenburg-Vorpommern,m,15-17,0
2019,Mecklenburg-Vorpommern,m,18-19,2
2019,Mecklenburg-Vorpommern,m,20-24,3
2019,Mecklenburg-Vorpommern,m,25-29,0
2019,Mecklenburg-Vorpommern,m,30-34,0
2019,Mecklenburg-Vorpommern,m,35-39,0
2019,Mecklenburg-Vorpommern,m,40-44,1
2019,Mecklenburg-Vorpommern,m,45-49,2
2019,Mecklenburg-Vorpommern,m,50-54,0
2019,Mecklenburg-Vorpommern,m,55-59,0
2019,Mecklenburg-Vorpommern,m,60-64,0
2019,Mecklenburg-Vorpommern,m,65-69,0
2019,Mecklenburg-Vorpommern,m,70-74,0
2019,Mecklenburg-Vorpommern,m,75-79,0
2019,Mecklenburg-Vorpommern,m,80-84,0
2019,Mecklenburg-Vorpommern,m,85-89,0
2019,Mecklenburg-Vorpommern,w,insgesamt,2
2019,Mecklenburg-Vorpommern,w,unter 1,0
2019,Mecklenburg-Vorpommern,w,1-4,0
2019,Mecklenburg-Vorpommern,w,5-9,0
2019,Mecklenburg-Vorpommern,w,10-14,0
2019,Mecklenburg-Vorpommern,w,15-17,0
2019,Mecklenburg-Vorpommern,w,18-19,1
2019,Mecklenburg-Vorpommern,w,20-24,0
2019,Mecklenburg-Vorpommern,w,25-29,0
2019,Mecklenburg-Vorpommern,w,30-34,1
2019,Mecklenburg-Vorpommern,w,35-39,0
2019,Mecklenburg-Vorpommern,w,40-44,0
2019,Mecklenburg-Vorpommern,w,45-49,0
2019,Mecklenburg-Vorpommern,w,50-54,0
2019,Mecklenburg-Vorpommern,w,55-59,0
2019,Mecklenburg-Vorpommern,w,60-64,0
2019,Mecklenburg-Vorpommern,w,65-69,0
2019,Mecklenburg-Vorpommern,w,70-74,0
2019,Mecklenburg-Vorpommern,w,75-79,0
2019,Mecklenburg-Vorpommern,w,80-84,0
2019,Mecklenburg-Vorpommern,w,85-89,0
2019,Niedersachsen,m,insgesamt,70
2019,Niedersachsen,m,unter 1,0
2019,Niedersachsen,m,1-4,0
2019,Niedersachsen,m,5-9,0
2019,Niedersachsen,m,10-14,1
2019,Niedersachsen,m,15-17,2
2019,Niedersachsen,m,18-19,9
2019,Niedersachsen,m,20-24,13
2019,Niedersachsen,m,25-29,16
2019,Niedersachsen,m,30-34,8
2019,Niedersachsen,m,35-39,3
2019,Niedersachsen,m,40-44,2
2019,Niedersachsen,m,45-49,10
2019,Niedersachsen,m,50-54,2
2019,Niedersachsen,m,55-59,2
2019,Niedersachsen,m,60-64,2
2019,Niedersachsen,m,65-69,0
2019,Niedersachsen,m,70-74,0
2019,Niedersachsen,m,75-79,0
2019,Niedersachsen,m,80-84,0
2019,Niedersachsen,m,85-89,0
2019,Niedersachsen,w,insgesamt,37
2019,Niedersachsen,w,unter 1,0
2019,Niedersachsen,w,1-4,0
2019,Niedersachsen,w,5-9,0
2019,Niedersachsen,w,10-14,0
2019,Niedersachsen,w,15-17,5
2019,Niedersachsen,w,18-19,2
2019,Niedersachsen,w,20-24,7
2019,Niedersachsen,w,25-29,5
2019,Niedersachsen,w,30-34,3
2019,Niedersachsen,w,35-39,1
2019,Niedersachsen,w,40-44,1
2019,Niedersachsen,w,45-49,1
2019,Niedersachsen,w,50-54,6
2019,Niedersachsen,w,55-59,2
2019,Niedersachsen,w,60-64,3
2019,Niedersachsen,w,65-69,1
2019,Niedersachsen,w,70-74,0
2019,Niedersachsen,w,75-79,0
2019,Niedersachsen,w,80-84,0
2019,Niedersachsen,w,85-89,0
2019,Nordrhein-Westfalen,m,insgesamt,458
2019,Nordrhein-Westfalen,m,unter 1,0
2019,Nordrhein-Westfalen,m,1-4,0
2019,Nordrhein-Westfalen,m,5-9,0
2019,Nordrhein-Westfalen,m,10-14,2
2019,Nordrhein-Westfalen,m,15-17,38
2019,Nordrhein-Westfalen,m,18-19,81
2019,Nordrhein-Westfalen,m,20-24,147
2019,Nordrhein-Westfalen,m,25-29,75
2019,Nordrhein-Westfalen,m,30-34,44
2019,Nordrhein-Westfalen,m,35-39,29
2019,Nordrhein-Westfalen,m,40-44,17
2019,Nordrhein-Westfalen,m,45-49,9
2019,Nordrhein-Westfalen,m,50-54,7
2019,Nordrhein-Westfalen,m,55-59,6
2019,Nordrhein-Westfalen,m,60-64,1
2019,Nordrhein-Westfalen,m,65-69,2
2019,Nordrhein-Westfalen,m,70-74,0
2019,Nordrhein-Westfalen,m,75-79,0
2019,Nordrhein-Westfalen,m,80-84,0
2019,Nordrhein-Westfalen,m,85-89,0
2019,Nordrhein-Westfalen,w,insgesamt,315
2019,Nordrhein-Westfalen,w,unter 1,0
2019,Nordrhein-Westfalen,w,1-4,0
2019,Nordrhein-Westfalen,w,5-9,0
2019,Nordrhein-Westfalen,w,10-14,3
2019,Nordrhein-Westfalen,w,15-17,25
2019,Nordrhein-Westfalen,w,18-19,27
2019,Nordrhein-Westfalen,w,20-24,72
2019,Nordrhein-Westfalen,w,25-29,47
2019,Nordrhein-Westfalen,w,30-34,34
2019,Nordrhein-Westfalen,w,35-39,13
2019,Nordrhein-Westfalen,w,40-44,18
2019,Nordrhein-Westfalen,w,45-49,20
2019,Nordrhein-Westfalen,w,50-54,20
2019,Nordrhein-Westfalen,w,55-59,14
2019,Nordrhein-Westfalen,w,60-64,16
2019,Nordrhein-Westfalen,w,65-69,6
2019,Nordrhein-Westfalen,w,70-74,0
2019,Nordrhein-Westfalen,w,75-79,0
2019,Nordrhein-Westfalen,w,80-84,0
2019,Nordrhein-Westfalen,w,85-89,0
2019,Rheinland-Pfalz,m,insgesamt,39
2019,Rheinland-Pfalz,m,unter 1,0
2019,Rheinland-Pfalz,m,1-4,0
2019,Rheinland-Pfalz,m,5-9,0
2019,Rheinland-Pfalz,m,10-14,0
2019,Rheinland-Pfalz,m,15-17,4
2019,Rheinland-Pfalz,m,18-19,5
2019,Rheinland-Pfalz,m,20-24,15
2019,Rheinland-Pfalz,m,25-29,7
2019,Rheinland-Pfalz,m,30-34,8
2019,Rheinland-Pfalz,m,35-39,0
2019,Rheinland-Pfalz,m,40-44,0
2019,Rheinland-Pfalz,m,45-49,0
2019,Rheinland-Pfalz,m,50-54,0
2019,Rheinland-Pfalz,m,55-59,0
2019,Rheinland-Pfalz,m,60-64,0
2019,Rheinland-Pfalz,m,65-69,0
2019,Rheinland-Pfalz,m,70-74,0
2019,Rheinland-Pfalz,m,75-79,0
2019,Rheinland-Pfalz,m,80-84,0
2019,Rheinland-Pfalz,m,85-89,0
2019,Rheinland-Pfalz,w,insgesamt,6
2019,Rheinland-Pfalz,w,unter 1,0
2019,Rheinland-Pfalz,w,1-4,0
2019,Rheinland-Pfalz,w,5-9,0
2019,Rheinland-Pfalz,w,10-14,0
2019,Rheinland-Pfalz,w,15-17,1
2019,Rheinland-Pfalz,w,18-19,0
2019,Rheinland-Pfalz,w,20-24,3
2019,Rheinland-Pfalz,w,25-29,0
2019,Rheinland-Pfalz,w,30-34,0
2019,Rheinland-Pfalz,w,35-39,0
2019,Rheinland-Pfalz,w,40-44,1
2019,Rheinland-Pfalz,w,45-49,1
2019,Rheinland-Pfalz,w,50-54,0
2019,Rheinland-Pfalz,w,55-59,0
2019,Rheinland-Pfalz,w,60-64,0
2019,Rheinland-Pfalz,w,65-69,0
2019,Rheinland-Pfalz,w,70-74,0
2019,Rheinland-Pfalz,w,75-79,0
2019,Rheinland-Pfalz,w,80-84,0
2019,Rheinland-Pfalz,w,85-89,0
2019,Saarland,m,insgesamt,4
2019,Saarland,m,unter 1,0
2019,Saarland,m,1-4,0
2019,Saarland,m,5-9,0
2019,Saarland,m,10-14,0
2019,Saarland,m,15-17,0
2019,Saarland,m,18-19,0
2019,Saarland,m,20-24,1
2019,Saarland,m,25-29,1
2019,Saarland,m,30-34,0
2019,Saarland,m,35-39,1
2019,Saarland,m,40-44,0
2019,Saarland,m,45-49,0
2019,Saarland,m,50-54,0
2019,Saarland,m,55-59,1
2019,Saarland,m,60-64,0
2019,Saarland,m,65-69,0
2019,Saarland,m,70-74,0
2019,Saarland,m,75-79,0
2019,Saarland,m,80-84,0
2019,Saarland,m,85-89,0
2019,Saarland,w,insgesamt,1
2019,Saarland,w,unter 1,0
2019,Saarland,w,1-4,0
2019,Saarland,w,5-9,0
2019,Saarland,w,10-14,0
2019,Saarland,w,15-17,0
2019,Saarland,w,18-19,0
2019,Saarland,w,20-24,0
2019,Saarland,w,25-29,1
2019,Saarland,w,30-34,0
2019,Saarland,w,35-39,0
2019,Saarland,w,40-44,0
2019,Saarland,w,45-49,0
2019,Saarland,w,50-54,0
2019,Saarland,w,55-59,0
2019,Saarland,w,60-64,0
2019,Saarland,w,65-69,0
2019,Saarland,w,70-74,0
2019,Saarland,w,75-79,0
2019,Saarland,w,80-84,0
2019,Saarland,w,85-89,0
2019,Sachsen,m,insgesamt,22
2019,Sachsen,m,unter 1,0
2019,Sachsen,m,1-4,0
2019,Sachsen,m,5-9,0
2019,Sachsen,m,10-14,0
2019,Sachsen,m,15-17,1
2019,Sachsen,m,18-19,2
2019,Sachsen,m,20-24,5
2019,Sachsen,m,25-29,4
2019,Sachsen,m,30-34,5
2019,Sachsen,m,35-39,3
2019,Sachsen,m,40-44,1
2019,Sachsen,m,45-49,0
2019,Sachsen,m,50-54,0
2019,Sachsen,m,55-59,0
2019,Sachsen,m,60-64,1
2019,Sachsen,m,65-69,0
2019,Sachsen,m,70-74,0
2019,Sachsen,m,75-79,0
2019,Sachsen,m,80-84,0
2019,Sachsen,m,85-89,0
2019,Sachsen,w,insgesamt,26
2019,Sachsen,w,unter 1,0
2019,Sachsen,w,1-4,0
2019,Sachsen,w,5-9,0
2019,Sachsen,w,10-14,0
2019,Sachsen,w,15-17,2
2019,Sachsen,w,18-19,4
2019,Sachsen,w,20-24,8
2019,Sachsen,w,25-29,5
2019,Sachsen,w,30-34,0
2019,Sachsen,w,35-39,0
2019,Sachsen,w,40-44,0
2019,Sachsen,w,45-49,2
2019,Sachsen,w,50-54,2
2019,Sachsen,w,55-59,2
2019,Sachsen,w,60-64,1
2019,Sachsen,w,65-69,0
2019,Sachsen,w,70-74,0
2019,Sachsen,w,75-79,0
2019,Sachsen,w,80-84,0
2019,Sachsen,w,85-89,0
2019,Sachsen-Anhalt,m,insgesamt,7
2019,Sachsen-Anhalt,m,unter 1,0
2019,Sachsen-Anhalt,m,1-4,0
2019,Sachsen-Anhalt,m,5-9,0
2019,Sachsen-Anhalt,m,10-14,0
2019,Sachsen-Anhalt,m,15-17,0
2019,Sachsen-Anhalt,m,18-19,1
2019,Sachsen-Anhalt,m,20-24,0
2019,Sachsen-Anhalt,m,25-29,1
2019,Sachsen-Anhalt,m,30-34,3
2019,Sachsen-Anhalt,m,35-39,0
2019,Sachsen-Anhalt,m,40-44,0
2019,Sachsen-Anhalt,m,45-49,1
2019,Sachsen-Anhalt,m,50-54,0
2019,Sachsen-Anhalt,m,55-59,1
2019,Sachsen-Anhalt,m,60-64,0
2019,Sachsen-Anhalt,m,65-69,0
2019,Sachsen-Anhalt,m,70-74,0
2019,Sachsen-Anhalt,m,75-79,0
2019,Sachsen-Anhalt,m,80-84,0
2019,Sachsen-Anhalt,m,85-89,0
2019,Sachsen-Anhalt,w,insgesamt,29
2019,Sachsen-Anhalt,w,unter 1,0
2019,Sachsen-Anhalt,w,1-4,0
2019,Sachsen-Anhalt,w,5-9,0
2019,Sachsen-Anhalt,w,10-14,0
2019,Sachsen-Anhalt,w,15-17,1
2019,Sachsen-Anhalt,w,18-19,3
2019,Sachsen-Anhalt,w,20-24,3
2019,Sachsen-Anhalt,w,25-29,2
2019,Sachsen-Anhalt,w,30-34,3
2019,Sachsen-Anhalt,w,35-39,2
2019,Sachsen-Anhalt,w,40-44,1
2019,Sachsen-Anhalt,w,45-49,1
2019,Sachsen-Anhalt,w,50-54,8
2019,Sachsen-Anhalt,w,55-59,4
2019,Sachsen-Anhalt,w,60-64,0
2019,Sachsen-Anhalt,w,65-69,1
2019,Sachsen-Anhalt,w,70-74,0
2019,Sachsen-Anhalt,w,75-79,0
2019,Sachsen-Anhalt,w,80-84,0
2019,Sachsen-Anhalt,w,85-89,0
2019,Schleswig-Holstein,m,insgesamt,453
2019,Schleswig-Holstein,m,unter 1,0
2019,Schleswig-Holstein,m,1-4,0
2019,Schleswig-Holstein,m,5-9,0
2019,Schleswig-Holstein,m,10-14,0
2019,Schleswig-Holstein,m,15-17,18
2019,Schleswig-Holstein,m,18-19,55
2019,Schleswig-Holstein,m,20-24,165
2019,Schleswig-Holstein,m,25-29,117
2019,Schleswig-Holstein,m,30-34,39
2019,Schleswig-Holstein,m,35-39,22
2019,Schleswig-Holstein,m,40-44,13
2019,Schleswig-Holstein,m,45-49,16
2019,Schleswig-Holstein,m,50-54,4
2019,Schleswig-Holstein,m,55-59,1
2019,Schleswig-Holstein,m,60-64,1
2019,Schleswig-Holstein,m,65-69,2
2019,Schleswig-Holstein,m,70-74,0
2019,Schleswig-Holstein,m,75-79,0
2019,Schleswig-Holstein,m,80-84,0
2019,Schleswig-Holstein,m,85-89,0
2019,Schleswig-Holstein,w,insgesamt,2
2019,Schleswig-Holstein,w,unter 1,0
2019,Schleswig-Holstein,w,1-4,0
2019,Schleswig-Holstein,w,5-9,0
2019,Schleswig-Holstein,w,10-14,0
2019,Schleswig-Holstein,w,15-17,0
2019,Schleswig-Holstein,w,18-19,0
2019,Schleswig-Holstein,w,20-24,1
2019,Schleswig-Holstein,w,25-29,1
2019,Schleswig-Holstein,w,30-34,0
2019,Schleswig-Holstein,w,35-39,0
2019,Schleswig-Holstein,w,40-44,0
2019,Schleswig-Holstein,w,45-49,0
2019,Schleswig-Holstein,w,50-54,0
2019,Schleswig-Holstein,w,55-59,0
2019,Schleswig-Holstein,w,60-64,0
2019,Schleswig-Holstein,w,65-69,0
2019,Schleswig-Holstein,w,70-74,0
2019,Schleswig-Holstein,w,75-79,0
2019,Schleswig-Holstein,w,80-84,0
2019,Schleswig-Holstein,w,85-89,0
2019,Thüringen,m,insgesamt,2
2019,Thüringen,m,unter 1,0
2019,Thüringen,m,1-4,0
2019,Thüringen,m,5-9,0
2019,Thüringen,m,10-14,0
2019,Thüringen,m,15-17,0
2019,Thüringen,m,18-19,0
2019,Thüringen,m,20-24,1
2019,Thüringen,m,25-29,0
2019,Thüringen,m,30-34,0
2019,Thüringen,m,35-39,0
2019,Thüringen,m,40-44,1
2019,Thüringen,m,45-49,0
2019,Thüringen,m,50-54,0
2019,Thüringen,m,55-59,0
2019,Thüringen,m,60-64,0
2019,Thüringen,m,65-69,0
2019,Thüringen,m,70-74,0
2019,Thüringen,m,75-79,0
2019,Thüringen,m,80-84,0
2019,Thüringen,m,85-89,0
2019,Thüringen,w,insgesamt,11
2019,Thüringen,w,unter 1,0
2019,Thüringen,w,1-4,0
2019,Thüringen,w,5-9,0
2019,Thüringen,w,10-14,1
2019,Thüringen,w,15-17,0
2019,Thüringen,w,18-19,1
2019,Thüringen,w,20-24,2
2019,Thüringen,w,25-29,2
2019,Thüringen,w,30-34,0
2019,Thüringen,w,35-39,2
2019,Thüringen,w,40-44,0
2019,Thüringen,w,45-49,1
2019,Thüringen,w,50-54,1
2019,Thüringen,w,55-59,1
2019,Thüringen,w,60-64,0
2019,Thüringen,w,65-69,0
2019,Thüringen,w,70-74,0
2019,Thüringen,w,75-79,0
2019,Thüringen,w,80-84,0
2019,Thüringen,w,85-89,0
2020,Deutschland,m,insgesamt,2912
2020,Deutschland,m,unter 1,0
2020,Deutschland,m,1-4,0
2020,Deutschland,m,5-9,0
2020,Deutschland,m,10-14,4
2020,Deutschland,m,15-17,96
2020,Deutschland,m,18-19,281
2020,Deutschland,m,20-24,872
2020,Deutschland,m,25-29,663
2020,Deutschland,m,30-34,374
2020,Deutschland,m,35-39,247
2020,Deutschland,m,40-44,177
2020,Deutschland,m,45-49,77
2020,Deutschland,m,50-54,66
2020,Deutschland,m,55-59,34
2020,Deutschland,m,60-64,16
2020,Deutschland,m,65-69,3
2020,Deutschland,m,70-74,2
2020,Deutschland,m,75-79,0
2020,Deutschland,m,80-84,0
2020,Deutschland,m,85-89,0
2020,Deutschland,w,insgesamt,1285
2020,Deutschland,w,unter 1,0
2020,Deutschland,w,1-4,0
2020,Deutschland,w,5-9,0
2020,Deutschland,w,10-14,7
2020,Deutschland,w,15-17,38
2020,Deutschland,w,18-19,73
2020,Deutschland,w,20-24,261
2020,Deutschland,w,25-29,199
2020,Deutschland,w,30-34,153
2020,Deutschland,w,35-39,99
2020,Deutschland,w,40-44,94
2020,Deutschland,w,45-49,92
2020,Deutschland,w,50-54,119
2020,Deutschland,w,55-59,77
2020,Deutschland,w,60-64,49
2020,Deutschland,w,65-69,19
2020,Deutschland,w,70-74,4
2020,Deutschland,w,75-79,1
2020,Deutschland,w,80-84,0
2020,Deutschland,w,85-89,0
2020,Baden-Württemberg,m,insgesamt,124
2020,Baden-Württemberg,m,unter 1,0
2020,Baden-Württemberg,m,1-4,0
2020,Baden-Württemberg,m,5-9,0
2020,Baden-Württemberg,m,10-14,2
2020,Baden-Württemberg,m,15-17,6
2020,Baden-Württemberg,m,18-19,14
2020,Baden-Württemberg,m,20-24,49
2020,Baden-Württemberg,m,25-29,21
2020,Baden-Württemberg,m,30-34,15
2020,Baden-Württemberg,m,35-39,7
2020,Baden-Württemberg,m,40-44,6
2020,Baden-Württemberg,m,45-49,0
2020,Baden-Württemberg,m,50-54,1
2020,Baden-Württemberg,m,55-59,1
2020,Baden-Württemberg,m,60-64,1
2020,Baden-Württemberg,m,65-69,1
2020,Baden-Württemberg,m,70-74,0
2020,Baden-Württemberg,m,75-79,0
2020,Baden-Württemberg,m,80-84,0
2020,Baden-Württemberg,m,85-89,0
2020,Baden-Württemberg,w,insgesamt,79
2020,Baden-Württemberg,w,unter 1,0
2020,Baden-Württemberg,w,1-4,0
2020,Baden-Württemberg,w,5-9,0
2020,Baden-Württemberg,w,10-14,0
2020,Baden-Württemberg,w,15-17,3
2020,Baden-Württemberg,w,18-19,8
2020,Baden-Württemberg,w,20-24,8
2020,Baden-Württemberg,w,25-29,17
2020,Baden-Württemberg,w,30-34,6
2020,Baden-Württemberg,w,35-39,8
2020,Baden-Württemberg,w,40-44,6
2020,Baden-Württemberg,w,45-49,3
2020,Baden-Württemberg,w,50-54,7
2020,Baden-Württemberg,w,55-59,5
2020,Baden-Württemberg,w,60-64,6
2020,Baden-Württemberg,w,65-69,2
2020,Baden-Württemberg,w,70-74,0
2020,Baden-Württemberg,w,75-79,0
2020,Baden-Württemberg,w,80-84,0
2020,Baden-Württemberg,w,85-89,0
2020,Bayern,m,insgesamt,1041
2020,Bayern,m,unter 1,0
2020,Bayern,m,1-4,0
2020,Bayern,m,5-9,0
2020,Bayern,m,10-14,0
2020,Bayern,m,15-17,2
2020,Bayern,m,18-19,42
2020,Bayern,m,20-24,250
2020,Bayern,m,25-29,282
2020,Bayern,m,30-34,161
2020,Bayern,m,35-39,129
2020,Bayern,m,40-44,84
2020,Bayern,m,45-49,34
2020,Bayern,m,50-54,38
2020,Bayern,m,55-59,12
2020,Bayern,m,60-64,5
2020,Bayern,m,65-69,0
2020,Bayern,m,70-74,2
2020,Bayern,m,75-79,0
2020,Bayern,m,80-84,0
2020,Bayern,m,85-89,0
2020,Bayern,w,insgesamt,478
2020,Bayern,w,unter 1,0
2020,Bayern,w,1-4,0
2020,Bayern,w,5-9,0
2020,Bayern,w,10-14,0
2020,Bayern,w,15-17,2
2020,Bayern,w,18-19,21
2020,Bayern,w,20-24,92
2020,Bayern,w,25-29,76
2020,Bayern,w,30-34,61
2020,Bayern,w,35-39,48
2020,Bayern,w,40-44,32
2020,Bayern,w,45-49,44
2020,Bayern,w,50-54,49
2020,Bayern,w,55-59,26
2020,Bayern,w,60-64,21
2020,Bayern,w,65-69,5
2020,Bayern,w,70-74,0
2020,Bayern,w,75-79,1
2020,Bayern,w,80-84,0
2020,Bayern,w,85-89,0
2020,Berlin,m,insgesamt,447
2020,Berlin,m,unter 1,0
2020,Berlin,m,1-4,0
2020,Berlin,m,5-9,0
2020,Berlin,m,10-14,0
2020,Berlin,m,15-17,14
2020,Berlin,m,18-19,52
2020,Berlin,m,20-24,146
2020,Berlin,m,25-29,87
2020,Berlin,m,30-34,54
2020,Berlin,m,35-39,44
2020,Berlin,m,40-44,28
2020,Berlin,m,45-49,9
2020,Berlin,m,50-54,7
2020,Berlin,m,55-59,4
2020,Berlin,m,60-64,2
2020,Berlin,m,65-69,0
2020,Berlin,m,70-74,0
2020,Berlin,m,75-79,0
2020,Berlin,m,80-84,0
2020,Berlin,m,85-89,0
2020,Berlin,w,insgesamt,107
2020,Berlin,w,unter 1,0
2020,Berlin,w,1-4,0
2020,Berlin,w,5-9,0
2020,Berlin,w,10-14,1
2020,Berlin,w,15-17,4
2020,Berlin,w,18-19,4
2020,Berlin,w,20-24,27
2020,Berlin,w,25-29,17
2020,Berlin,w,30-34,16
2020,Berlin,w,35-39,7
2020,Berlin,w,40-44,6
2020,Berlin,w,45-49,6
2020,Berlin,w,50-54,13
2020,Berlin,w,55-59,4
2020,Berlin,w,60-64,0
2020,Berlin,w,65-69,0
2020,Berlin,w,70-74,2
2020,Berlin,w,75-79,0
2020,Berlin,w,80-84,0
2020,Berlin,w,85-89,0
2020,Brandenburg,m,insgesamt,23
2020,Brandenburg,m,unter 1,0
2020,Brandenburg,m,1-4,0
2020,Brandenburg,m,5-9,0
2020,Brandenburg,m,10-14,0
2020,Brandenburg,m,15-17,1
2020,Brandenburg,m,18-19,4
2020,Brandenburg,m,20-24,10
2020,Brandenburg,m,25-29,3
2020,Brandenburg,m,30-34,1
2020,Brandenburg,m,35-39,0
2020,Brandenburg,m,40-44,2
2020,Brandenburg,m,45-49,0
2020,Brandenburg,m,50-54,1
2020,Brandenburg,m,55-59,0
2020,Brandenburg,m,60-64,1
2020,Brandenburg,m,65-69,0
2020,Brandenburg,m,70-74,0
2020,Brandenburg,m,75-79,0
2020,Brandenburg,m,80-84,0
2020,Brandenburg,m,85-89,0
2020,Brandenburg,w,insgesamt,26
2020,Brandenburg,w,unter 1,0
2020,Brandenburg,w,1-4,0
2020,Brandenburg,w,5-9,0
2020,Brandenburg,w,10-14,0
2020,Brandenburg,w,15-17,0
2020,Brandenburg,w,18-19,0
2020,Brandenburg,w,20-24,1
2020,Brandenburg,w,25-29,7
2020,Brandenburg,w,30-34,4
2020,Brandenburg,w,35-39,5
2020,Brandenburg,w,40-44,4
2020,Brandenburg,w,45-49,0
2020,Brandenburg,w,50-54,3
2020,Brandenburg,w,55-59,0
2020,Brandenburg,w,60-64,2
2020,Brandenburg,w,65-69,0
2020,Brandenburg,w,70-74,0
2020,Brandenburg,w,75-79,0
2020,Brandenburg,w,80-84,0
2020,Brandenburg,w,85-89,0
2020,Bremen,m,insgesamt,2
2020,Bremen,m,unter 1,0
2020,Bremen,m,1-4,0
2020,Bremen,m,5-9,0
2020,Bremen,m,10-14,0
2020,Bremen,m,15-17,0
2020,Bremen,m,18-19,0
2020,Bremen,m,20-24,0
2020,Bremen,m,25-29,0
2020,Bremen,m,30-34,1
2020,Bremen,m,35-39,0
2020,Bremen,m,40-44,0
2020,Bremen,m,45-49,1
2020,Bremen,m,50-54,0
2020,Bremen,m,55-59,0
2020,Bremen,m,60-64,0
2020,Bremen,m,65-69,0
2020,Bremen,m,70-74,0
2020,Bremen,m,75-79,0
2020,Bremen,m,80-84,0
2020,Bremen,m,85-89,0
2020,Bremen,w,insgesamt,0
2020,Bremen,w,unter 1,0
2020,Bremen,w,1-4,0
2020,Bremen,w,5-9,0
2020,Bremen,w,10-14,0
2020,Bremen,w,15-17,0
2020,Bremen,w,18-19,0
2020,Bremen,w,20-24,0
2020,Bremen,w,25-29,0
2020,Bremen,w,30-34,0
2020,Bremen,w,35-39,0
2020,Bremen,w,40-44,0
2020,Bremen,w,45-49,0
2020,Bremen,w,50-54,0
2020,Bremen,w,55-59,0
2020,Bremen,w,60-64,0
2020,Bremen,w,65-69,0
2020,Bremen,w,70-74,0
2020,Bremen,w,75-79,0
2020,Bremen,w,80-84,0
2020,Bremen,w,85-89,0
2020,Hamburg,m,insgesamt,73
2020,Hamburg,m,unter 1,0
2020,Hamburg,m,1-4,0
2020,Hamburg,m,5-9,0
2020,Hamburg,m,10-14,0
2020,Hamburg,m,15-17,4
2020,Hamburg,m,18-19,12
2020,Hamburg,m,20-24,9
2020,Hamburg,m,25-29,15
2020,Hamburg,m,30-34,15
2020,Hamburg,m,35-39,4
2020,Hamburg,m,40-44,5
2020,Hamburg,m,45-49,3
2020,Hamburg,m,50-54,1
2020,Hamburg,m,55-59,4
2020,Hamburg,m,60-64,1
2020,Hamburg,m,65-69,0
2020,Hamburg,m,70-74,0
2020,Hamburg,m,75-79,0
2020,Hamburg,m,80-84,0
2020,Hamburg,m,85-89,0
2020,Hamburg,w,insgesamt,102
2020,Hamburg,w,unter 1,0
2020,Hamburg,w,1-4,0
2020,Hamburg,w,5-9,0
2020,Hamburg,w,10-14,0
2020,Hamburg,w,15-17,3
2020,Hamburg,w,18-19,9
2020,Hamburg,w,20-24,20
2020,Hamburg,w,25-29,12
2020,Hamburg,w,30-34,8
2020,Hamburg,w,35-39,10
2020,Hamburg,w,40-44,8
2020,Hamburg,w,45-49,16
2020,Hamburg,w,50-54,9
2020,Hamburg,w,55-59,4
2020,Hamburg,w,60-64,3
2020,Hamburg,w,65-69,0
2020,Hamburg,w,70-74,0
2020,Hamburg,w,75-79,0
2020,Hamburg,w,80-84,0
2020,Hamburg,w,85-89,0
2020,Hessen,m,insgesamt,111
2020,Hessen,m,unter 1,0
2020,Hessen,m,1-4,0
2020,Hessen,m,5-9,0
2020,Hessen,m,10-14,0
2020,Hessen,m,15-17,0
2020,Hessen,m,18-19,12
2020,Hessen,m,20-24,24
2020,Hessen,m,25-29,31
2020,Hessen,m,30-34,9
2020,Hessen,m,35-39,15
2020,Hessen,m,40-44,5
2020,Hessen,m,45-49,7
2020,Hessen,m,50-54,1
2020,Hessen,m,55-59,4
2020,Hessen,m,60-64,2
2020,Hessen,m,65-69,1
2020,Hessen,m,70-74,0
2020,Hessen,m,75-79,0
2020,Hessen,m,80-84,0
2020,Hessen,m,85-89,0
2020,Hessen,w,insgesamt,56
2020,Hessen,w,unter 1,0
2020,Hessen,w,1-4,0
2020,Hessen,w,5-9,0
2020,Hessen,w,10-14,1
2020,Hessen,w,15-17,1
2020,Hessen,w,18-19,3
2020,Hessen,w,20-24,11
2020,Hessen,w,25-29,7
2020,Hessen,w,30-34,9
2020,Hessen,w,35-39,2
2020,Hessen,w,40-44,6
2020,Hessen,w,45-49,2
2020,Hessen,w,50-54,4
2020,Hessen,w,55-59,4
2020,Hessen,w,60-64,2
2020,Hessen,w,65-69,3
2020,Hessen,w,70-74,1
2020,Hessen,w,75-79,0
2020,Hessen,w,80-84,0
2020,Hessen,w,85-89,0
2020,Mecklenburg-Vorpommern,m,insgesamt,2
2020,Mecklenburg-Vorpommern,m,unter 1,0
2020,Mecklenburg-Vorpommern,m,1-4,0
2020,Mecklenburg-Vorpommern,m,5-9,0
2020,Mecklenburg-Vorpommern,m,10-14,0
2020,Mecklenburg-Vorpommern,m,15-17,1
2020,Mecklenburg-Vorpommern,m,18-19,1
2020,Mecklenburg-Vorpommern,m,20-24,0
2020,Mecklenburg-Vorpommern,m,25-29,0
2020,Mecklenburg-Vorpommern,m,30-34,0
2020,Mecklenburg-Vorpommern,m,35-39,0
2020,Mecklenburg-Vorpommern,m,40-44,0
2020,Mecklenburg-Vorpommern,m,45-49,0
2020,Mecklenburg-Vorpommern,m,50-54,0
2020,Mecklenburg-Vorpommern,m,55-59,0
2020,Mecklenburg-Vorpommern,m,60-64,0
2020,Mecklenburg-Vorpommern,m,65-69,0
2020,Mecklenburg-Vorpommern,m,70-74,0
2020,Mecklenburg-Vorpommern,m,75-79,0
2020,Mecklenburg-Vorpommern,m,80-84,0
2020,Mecklenburg-Vorpommern,m,85-89,0
2020,Mecklenburg-Vorpommern,w,insgesamt,2
2020,Mecklenburg-Vorpommern,w,unter 1,0
2020,Mecklenburg-Vorpommern,w,1-4,0
2020,Mecklenburg-Vorpommern,w,5-9,0
2020,Mecklenburg-Vorpommern,w,10-14,1
2020,Mecklenburg-Vorpommern,w,15-17,0
2020,Mecklenburg-Vorpommern,w,18-19,0
2020,Mecklenburg-Vorpommern,w,20-24,0
2020,Mecklenburg-Vorpommern,w,25-29,1
2020,Mecklenburg-Vorpommern,w,30-34,0
2020,Mecklenburg-Vorpommern,w,35-39,0
2020,Mecklenburg-Vorpommern,w,40-44,0
2020,Mecklenburg-Vorpommern,w,45-49,0
2020,Mecklenburg-Vorpommern,w,50-54,0
2020,Mecklenburg-Vorpommern,w,55-59,0
2020,Mecklenburg-Vorpommern,w,60-64,0
2020,Mecklenburg-Vorpommern,w,65-69,0
2020,Mecklenburg-Vorpommern,w,70-74,0
2020,Mecklenburg-Vorpommern,w,75-79,0
2020,Mecklenburg-Vorpommern,w,80-84,0
2020,Mecklenburg-Vorpommern,w,85-89,0
2020,Niedersachsen,m,insgesamt,45
2020,Niedersachsen,m,unter 1,0
2020,Niedersachsen,m,1-4,0
2020,Niedersachsen,m,5-9,0
2020,Niedersachsen,m,10-14,0
2020,Niedersachsen,m,15-17,6
2020,Niedersachsen,m,18-19,8
2020,Niedersachsen,m,20-24,11
2020,Niedersachsen,m,25-29,6
2020,Niedersachsen,m,30-34,4
2020,Niedersachsen,m,35-39,3
2020,Niedersachsen,m,40-44,1
2020,Niedersachsen,m,45-49,3
2020,Niedersachsen,m,50-54,0
2020,Niedersachsen,m,55-59,3
2020,Niedersachsen,m,60-64,0
2020,Niedersachsen,m,65-69,0
2020,Niedersachsen,m,70-74,0
2020,Niedersachsen,m,75-79,0
2020,Niedersachsen,m,80-84,0
2020,Niedersachsen,m,85-89,0
2020,Niedersachsen,w,insgesamt,26
2020,Niedersachsen,w,unter 1,0
2020,Niedersachsen,w,1-4,0
2020,Niedersachsen,w,5-9,0
2020,Niedersachsen,w,10-14,1
2020,Niedersachsen,w,15-17,1
2020,Niedersachsen,w,18-19,3
2020,Niedersachsen,w,20-24,2
2020,Niedersachsen,w,25-29,2
2020,Niedersachsen,w,30-34,6
2020,Niedersachsen,w,35-39,0
2020,Niedersachsen,w,40-44,1
2020,Niedersachsen,w,45-49,2
2020,Niedersachsen,w,50-54,3
2020,Niedersachsen,w,55-59,3
2020,Niedersachsen,w,60-64,1
2020,Niedersachsen,w,65-69,1
2020,Niedersachsen,w,70-74,0
2020,Niedersachsen,w,75-79,0
2020,Niedersachsen,w,80-84,0
2020,Niedersachsen,w,85-89,0
2020,Nordrhein-Westfalen,m,insgesamt,478
2020,Nordrhein-Westfalen,m,unter 1,0
2020,Nordrhein-Westfalen,m,1-4,0
2020,Nordrhein-Westfalen,m,5-9,0
2020,Nordrhein-Westfalen,m,10-14,2
2020,Nordrhein-Westfalen,m,15-17,32
2020,Nordrhein-Westfalen,m,18-19,66
2020,Nordrhein-Westfalen,m,20-24,168
2020,Nordrhein-Westfalen,m,25-29,98
2020,Nordrhein-Westfalen,m,30-34,50
2020,Nordrhein-Westfalen,m,35-39,16
2020,Nordrhein-Westfalen,m,40-44,20
2020,Nordrhein-Westfalen,m,45-49,8
2020,Nordrhein-Westfalen,m,50-54,12
2020,Nordrhein-Westfalen,m,55-59,2
2020,Nordrhein-Westfalen,m,60-64,3
2020,Nordrhein-Westfalen,m,65-69,1
2020,Nordrhein-Westfalen,m,70-74,0
2020,Nordrhein-Westfalen,m,75-79,0
2020,Nordrhein-Westfalen,m,80-84,0
2020,Nordrhein-Westfalen,m,85-89,0
2020,Nordrhein-Westfalen,w,insgesamt,326
2020,Nordrhein-Westfalen,w,unter 1,0
2020,Nordrhein-Westfalen,w,1-4,0
2020,Nordrhein-Westfalen,w,5-9,0
2020,Nordrhein-Westfalen,w,10-14,2
2020,Nordrhein-Westfalen,w,15-17,19
2020,Nordrhein-Westfalen,w,18-19,21
2020,Nordrhein-Westfalen,w,20-24,83
2020,Nordrhein-Westfalen,w,25-29,49
2020,Nordrhein-Westfalen,w,30-34,37
2020,Nordrhein-Westfalen,w,35-39,15
2020,Nordrhein-Westfalen,w,40-44,25
2020,Nordrhein-Westfalen,w,45-49,13
2020,Nordrhein-Westfalen,w,50-54,24
2020,Nordrhein-Westfalen,w,55-59,22
2020,Nordrhein-Westfalen,w,60-64,9
2020,Nordrhein-Westfalen,w,65-69,6
2020,Nordrhein-Westfalen,w,70-74,1
2020,Nordrhein-Westfalen,w,75-79,0
2020,Nordrhein-Westfalen,w,80-84,0
2020,Nordrhein-Westfalen,w,85-89,0
2020,Rheinland-Pfalz,m,insgesamt,28
2020,Rheinland-Pfalz,m,unter 1,0
2020,Rheinland-Pfalz,m,1-4,0
2020,Rheinland-Pfalz,m,5-9,0
2020,Rheinland-Pfalz,m,10-14,0
2020,Rheinland-Pfalz,m,15-17,4
2020,Rheinland-Pfalz,m,18-19,4
2020,Rheinland-Pfalz,m,20-24,6
2020,Rheinland-Pfalz,m,25-29,3
2020,Rheinland-Pfalz,m,30-34,7
2020,Rheinland-Pfalz,m,35-39,0
2020,Rheinland-Pfalz,m,40-44,2
2020,Rheinland-Pfalz,m,45-49,1
2020,Rheinland-Pfalz,m,50-54,1
2020,Rheinland-Pfalz,m,55-59,0
2020,Rheinland-Pfalz,m,60-64,0
2020,Rheinland-Pfalz,m,65-69,0
2020,Rheinland-Pfalz,m,70-74,0
2020,Rheinland-Pfalz,m,75-79,0
2020,Rheinland-Pfalz,m,80-84,0
2020,Rheinland-Pfalz,m,85-89,0
2020,Rheinland-Pfalz,w,insgesamt,7
2020,Rheinland-Pfalz,w,unter 1,0
2020,Rheinland-Pfalz,w,1-4,0
2020,Rheinland-Pfalz,w,5-9,0
2020,Rheinland-Pfalz,w,10-14,0
2020,Rheinland-Pfalz,w,15-17,0
2020,Rheinland-Pfalz,w,18-19,0
2020,Rheinland-Pfalz,w,20-24,2
2020,Rheinland-Pfalz,w,25-29,0
2020,Rheinland-Pfalz,w,30-34,3
2020,Rheinland-Pfalz,w,35-39,0
2020,Rheinland-Pfalz,w,40-44,0
2020,Rheinland-Pfalz,w,45-49,0
2020,Rheinland-Pfalz,w,50-54,0
2020,Rheinland-Pfalz,w,55-59,0
2020,Rheinland-Pfalz,w,60-64,1
2020,Rheinland-Pfalz,w,65-69,1
2020,Rheinland-Pfalz,w,70-74,0
2020,Rheinland-Pfalz,w,75-79,0
2020,Rheinland-Pfalz,w,80-84,0
2020,Rheinland-Pfalz,w,85-89,0
2020,Saarland,m,insgesamt,2
2020,Saarland,m,unter 1,0
2020,Saarland,m,1-4,0
2020,Saarland,m,5-9,0
2020,Saarland,m,10-14,0
2020,Saarland,m,15-17,0
2020,Saarland,m,18-19,0
2020,Saarland,m,20-24,1
2020,Saarland,m,25-29,1
2020,Saarland,m,30-34,0
2020,Saarland,m,35-39,0
2020,Saarland,m,40-44,0
2020,Saarland,m,45-49,0
2020,Saarland,m,50-54,0
2020,Saarland,m,55-59,0
2020,Saarland,m,60-64,0
2020,Saarland,m,65-69,0
2020,Saarland,m,70-74,0
2020,Saarland,m,75-79,0
2020,Saarland,m,80-84,0
2020,Saarland,m,85-89,0
2020,Saarland,w,insgesamt,2
2020,Saarland,w,unter 1,0
2020,Saarland,w,1-4,0
2020,Saarland,w,5-9,0
2020,Saarland,w,10-14,0
2020,Saarland,w,15-17,2
2020,Saarland,w,18-19,0
2020,Saarland,w,20-24,0
2020,Saarland,w,25-29,0
2020,Saarland,w,30-34,0
2020,Saarland,w,35-39,0
2020,Saarland,w,40-44,0
2020,Saarland,w,45-49,0
2020,Saarland,w,50-54,0
2020,Saarland,w,55-59,0
2020,Saarland,w,60-64,0
2020,Saarland,w,65-69,0
2020,Saarland,w,70-74,0
2020,Saarland,w,75-79,0
2020,Saarland,w,80-84,0
2020,Saarland,w,85-89,0
2020,Sachsen,m,insgesamt,32
2020,Sachsen,m,unter 1,0
2020,Sachsen,m,1-4,0
2020,Sachsen,m,5-9,0
2020,Sachsen,m,10-14,0
2020,Sachsen,m,15-17,2
2020,Sachsen,m,18-19,5
2020,Sachsen,m,20-24,14
2020,Sachsen,m,25-29,7
2020,Sachsen,m,30-34,2
2020,Sachsen,m,35-39,2
2020,Sachsen,m,40-44,0
2020,Sachsen,m,45-49,0
2020,Sachsen,m,50-54,0
2020,Sachsen,m,55-59,0
2020,Sachsen,m,60-64,0
2020,Sachsen,m,65-69,0
2020,Sachsen,m,70-74,0
2020,Sachsen,m,75-79,0
2020,Sachsen,m,80-84,0
2020,Sachsen,m,85-89,0
2020,Sachsen,w,insgesamt,35
2020,Sachsen,w,unter 1,0
2020,Sachsen,w,1-4,0
2020,Sachsen,w,5-9,0
2020,Sachsen,w,10-14,0
2020,Sachsen,w,15-17,1
2020,Sachsen,w,18-19,1
2020,Sachsen,w,20-24,12
2020,Sachsen,w,25-29,8
2020,Sachsen,w,30-34,0
2020,Sachsen,w,35-39,2
2020,Sachsen,w,40-44,3
2020,Sachsen,w,45-49,1
2020,Sachsen,w,50-54,0
2020,Sachsen,w,55-59,4
2020,Sachsen,w,60-64,2
2020,Sachsen,w,65-69,1
2020,Sachsen,w,70-74,0
2020,Sachsen,w,75-79,0
2020,Sachsen,w,80-84,0
2020,Sachsen,w,85-89,0
2020,Sachsen-Anhalt,m,insgesamt,17
2020,Sachsen-Anhalt,m,unter 1,0
2020,Sachsen-Anhalt,m,1-4,0
2020,Sachsen-Anhalt,m,5-9,0
2020,Sachsen-Anhalt,m,10-14,0
2020,Sachsen-Anhalt,m,15-17,1
2020,Sachsen-Anhalt,m,18-19,1
2020,Sachsen-Anhalt,m,20-24,4
2020,Sachsen-Anhalt,m,25-29,4
2020,Sachsen-Anhalt,m,30-34,1
2020,Sachsen-Anhalt,m,35-39,2
2020,Sachsen-Anhalt,m,40-44,2
2020,Sachsen-Anhalt,m,45-49,1
2020,Sachsen-Anhalt,m,50-54,0
2020,Sachsen-Anhalt,m,55-59,1
2020,Sachsen-Anhalt,m,60-64,0
2020,Sachsen-Anhalt,m,65-69,0
2020,Sachsen-Anhalt,m,70-74,0
2020,Sachsen-Anhalt,m,75-79,0
2020,Sachsen-Anhalt,m,80-84,0
2020,Sachsen-Anhalt,m,85-89,0
2020,Sachsen-Anhalt,w,insgesamt,22
2020,Sachsen-Anhalt,w,unter 1,0
2020,Sachsen-Anhalt,w,1-4,0
2020,Sachsen-Anhalt,w,5-9,0
2020,Sachsen-Anhalt,w,10-14,0
2020,Sachsen-Anhalt,w,15-17,0
2020,Sachsen-Anhalt,w,18-19,2
2020,Sachsen-Anhalt,w,20-24,1
2020,Sachsen-Anhalt,w,25-29,0
2020,Sachsen-Anhalt,w,30-34,1
2020,Sachsen-Anhalt,w,35-39,1
2020,Sachsen-Anhalt,w,40-44,2
2020,Sachsen-Anhalt,w,45-49,5
2020,Sachsen-Anhalt,w,50-54,6
2020,Sachsen-Anhalt,w,55-59,3
2020,Sachsen-Anhalt,w,60-64,1
2020,Sachsen-Anhalt,w,65-69,0
2020,Sachsen-Anhalt,w,70-74,0
2020,Sachsen-Anhalt,w,75-79,0
2020,Sachsen-Anhalt,w,80-84,0
2020,Sachsen-Anhalt,w,85-89,0
2020,Schleswig-Holstein,m,insgesamt,486
2020,Schleswig-Holstein,m,unter 1,0
2020,Schleswig-Holstein,m,1-4,0
2020,Schleswig-Holstein,m,5-9,0
2020,Schleswig-Holstein,m,10-14,0
2020,Schleswig-Holstein,m,15-17,23
2020,Schleswig-Holstein,m,18-19,60
2020,Schleswig-Holstein,m,20-24,180
2020,Schleswig-Holstein,m,25-29,105
2020,Schleswig-Holstein,m,30-34,53
2020,Schleswig-Holstein,m,35-39,25
2020,Schleswig-Holstein,m,40-44,22
2020,Schleswig-Holstein,m,45-49,10
2020,Schleswig-Holstein,m,50-54,4
2020,Schleswig-Holstein,m,55-59,3
2020,Schleswig-Holstein,m,60-64,1
2020,Schleswig-Holstein,m,65-69,0
2020,Schleswig-Holstein,m,70-74,0
2020,Schleswig-Holstein,m,75-79,0
2020,Schleswig-Holstein,m,80-84,0
2020,Schleswig-Holstein,m,85-89,0
2020,Schleswig-Holstein,w,insgesamt,7
2020,Schleswig-Holstein,w,unter 1,0
2020,Schleswig-Holstein,w,1-4,0
2020,Schleswig-Holstein,w,5-9,0
2020,Schleswig-Holstein,w,10-14,1
2020,Schleswig-Holstein,w,15-17,1
2020,Schleswig-Holstein,w,18-19,1
2020,Schleswig-Holstein,w,20-24,2
2020,Schleswig-Holstein,w,25-29,0
2020,Schleswig-Holstein,w,30-34,0
2020,Schleswig-Holstein,w,35-39,1
2020,Schleswig-Holstein,w,40-44,0
2020,Schleswig-Holstein,w,45-49,0
2020,Schleswig-Holstein,w,50-54,0
2020,Schleswig-Holstein,w,55-59,1
2020,Schleswig-Holstein,w,60-64,0
2020,Schleswig-Holstein,w,65-69,0
2020,Schleswig-Holstein,w,70-74,0
2020,Schleswig-Holstein,w,75-79,0
2020,Schleswig-Holstein,w,80-84,0
2020,Schleswig-Holstein,w,85-89,0
2020,Thüringen,m,insgesamt,1
2020,Thüringen,m,unter 1,0
2020,Thüringen,m,1-4,0
2020,Thüringen,m,5-9,0
2020,Thüringen,m,10-14,0
2020,Thüringen,m,15-17,0
2020,Thüringen,m,18-19,0
2020,Thüringen,m,20-24,0
2020,Thüringen,m,25-29,0
2020,Thüringen,m,30-34,1
2020,Thüringen,m,35-39,0
2020,Thüringen,m,40-44,0
2020,Thüringen,m,45-49,0
2020,Thüringen,m,50-54,0
2020,Thüringen,m,55-59,0
2020,Thüringen,m,60-64,0
2020,Thüringen,m,65-69,0
2020,Thüringen,m,70-74,0
2020,Thüringen,m,75-79,0
2020,Thüringen,m,80-84,0
2020,Thüringen,m,85-89,0
2020,Thüringen,w,insgesamt,10
2020,Thüringen,w,unter 1,0
2020,Thüringen,w,1-4,0
2020,Thüringen,w,5-9,0
2020,Thüringen,w,10-14,0
2020,Thüringen,w,15-17,1
2020,Thüringen,w,18-19,0
2020,Thüringen,w,20-24,0
2020,Thüringen,w,25-29,3
2020,Thüringen,w,30-34,2
2020,Thüringen,w,35-39,0
2020,Thüringen,w,40-44,1
2020,Thüringen,w,45-49,0
2020,Thüringen,w,50-54,1
2020,Thüringen,w,55-59,1
2020,Thüringen,w,60-64,1
2020,Thüringen,w,65-69,0
2020,Thüringen,w,70-74,0
2020,Thüringen,w,75-79,0
2020,Thüringen,w,80-84,0
2020,Thüringen,w,85-89,0
2021,Deutschland,m,insgesamt,3199
2021,Deutschland,m,unter 1,0
2021,Deutschland,m,1-4,0
2021,Deutschland,m,5-9,0
2021,Deutschland,m,10-14,3
2021,Deutschland,m,15-17,110
2021,Deutschland,m,18-19,319
2021,Deutschland,m,20-24,"1,055"
2021,Deutschland,m,25-29,678
2021,Deutschland,m,30-34,386
2021,Deutschland,m,35-39,236
2021,Deutschland,m,40-44,181
2021,Deutschland,m,45-49,105
2021,Deutschland,m,50-54,70
2021,Deutschland,m,55-59,33
2021,Deutschland,m,60-64,15
2021,Deutschland,m,65-69,4
2021,Deutschland,m,70-74,3
2021,Deutschland,m,75-79,1
2021,Deutschland,m,80-84,0
2021,Deutschland,m,85-89,0
2021,Deutschland,w,insgesamt,1502
2021,Deutschland,w,unter 1,0
2021,Deutschland,w,1-4,0
2021,Deutschland,w,5-9,0
2021,Deutschland,w,10-14,10
2021,Deutschland,w,15-17,47
2021,Deutschland,w,18-19,97
2021,Deutschland,w,20-24,326
2021,Deutschland,w,25-29,267
2021,Deutschland,w,30-34,209
2021,Deutschland,w,35-39,98
2021,Deutschland,w,40-44,114
2021,Deutschland,w,45-49,93
2021,Deutschland,w,50-54,116
2021,Deutschland,w,55-59,74
2021,Deutschland,w,60-64,33
2021,Deutschland,w,65-69,14
2021,Deutschland,w,70-74,3
2021,Deutschland,w,75-79,1
2021,Deutschland,w,80-84,0
2021,Deutschland,w,85-89,0
2021,Baden-Württemberg,m,insgesamt,86
2021,Baden-Württemberg,m,unter 1,0
2021,Baden-Württemberg,m,1-4,0
2021,Baden-Württemberg,m,5-9,0
2021,Baden-Württemberg,m,10-14,0
2021,Baden-Württemberg,m,15-17,3
2021,Baden-Württemberg,m,18-19,8
2021,Baden-Württemberg,m,20-24,38
2021,Baden-Württemberg,m,25-29,15
2021,Baden-Württemberg,m,30-34,7
2021,Baden-Württemberg,m,35-39,4
2021,Baden-Württemberg,m,40-44,4
2021,Baden-Württemberg,m,45-49,3
2021,Baden-Württemberg,m,50-54,0
2021,Baden-Württemberg,m,55-59,1
2021,Baden-Württemberg,m,60-64,2
2021,Baden-Württemberg,m,65-69,1
2021,Baden-Württemberg,m,70-74,0
2021,Baden-Württemberg,m,75-79,0
2021,Baden-Württemberg,m,80-84,0
2021,Baden-Württemberg,m,85-89,0
2021,Baden-Württemberg,w,insgesamt,66
2021,Baden-Württemberg,w,unter 1,0
2021,Baden-Württemberg,w,1-4,0
2021,Baden-Württemberg,w,5-9,0
2021,Baden-Württemberg,w,10-14,0
2021,Baden-Württemberg,w,15-17,0
2021,Baden-Württemberg,w,18-19,3
2021,Baden-Württemberg,w,20-24,12
2021,Baden-Württemberg,w,25-29,13
2021,Baden-Württemberg,w,30-34,13
2021,Baden-Württemberg,w,35-39,5
2021,Baden-Württemberg,w,40-44,3
2021,Baden-Württemberg,w,45-49,6
2021,Baden-Württemberg,w,50-54,5
2021,Baden-Württemberg,w,55-59,3
2021,Baden-Württemberg,w,60-64,1
2021,Baden-Württemberg,w,65-69,1
2021,Baden-Württemberg,w,70-74,1
2021,Baden-Württemberg,w,75-79,0
2021,Baden-Württemberg,w,80-84,0
2021,Baden-Württemberg,w,85-89,0
2021,Bayern,m,insgesamt,1245
2021,Bayern,m,unter 1,0
2021,Bayern,m,1-4,0
2021,Bayern,m,5-9,0
2021,Bayern,m,10-14,0
2021,Bayern,m,15-17,1
2021,Bayern,m,18-19,69
2021,Bayern,m,20-24,355
2021,Bayern,m,25-29,305
2021,Bayern,m,30-34,185
2021,Bayern,m,35-39,126
2021,Bayern,m,40-44,94
2021,Bayern,m,45-49,51
2021,Bayern,m,50-54,37
2021,Bayern,m,55-59,11
2021,Bayern,m,60-64,6
2021,Bayern,m,65-69,2
2021,Bayern,m,70-74,3
2021,Bayern,m,75-79,0
2021,Bayern,m,80-84,0
2021,Bayern,m,85-89,0
2021,Bayern,w,insgesamt,555
2021,Bayern,w,unter 1,0
2021,Bayern,w,1-4,0
2021,Bayern,w,5-9,0
2021,Bayern,w,10-14,2
2021,Bayern,w,15-17,3
2021,Bayern,w,18-19,23
2021,Bayern,w,20-24,107
2021,Bayern,w,25-29,108
2021,Bayern,w,30-34,89
2021,Bayern,w,35-39,42
2021,Bayern,w,40-44,43
2021,Bayern,w,45-49,42
2021,Bayern,w,50-54,51
2021,Bayern,w,55-59,32
2021,Bayern,w,60-64,9
2021,Bayern,w,65-69,2
2021,Bayern,w,70-74,1
2021,Bayern,w,75-79,1
2021,Bayern,w,80-84,0
2021,Bayern,w,85-89,0
2021,Berlin,m,insgesamt,486
2021,Berlin,m,unter 1,0
2021,Berlin,m,1-4,0
2021,Berlin,m,5-9,0
2021,Berlin,m,10-14,0
2021,Berlin,m,15-17,16
2021,Berlin,m,18-19,42
2021,Berlin,m,20-24,165
2021,Berlin,m,25-29,103
2021,Berlin,m,30-34,64
2021,Berlin,m,35-39,39
2021,Berlin,m,40-44,27
2021,Berlin,m,45-49,12
2021,Berlin,m,50-54,9
2021,Berlin,m,55-59,9
2021,Berlin,m,60-64,0
2021,Berlin,m,65-69,0
2021,Berlin,m,70-74,0
2021,Berlin,m,75-79,0
2021,Berlin,m,80-84,0
2021,Berlin,m,85-89,0
2021,Berlin,w,insgesamt,139
2021,Berlin,w,unter 1,0
2021,Berlin,w,1-4,0
2021,Berlin,w,5-9,0
2021,Berlin,w,10-14,0
2021,Berlin,w,15-17,4
2021,Berlin,w,18-19,7
2021,Berlin,w,20-24,37
2021,Berlin,w,25-29,27
2021,Berlin,w,30-34,22
2021,Berlin,w,35-39,16
2021,Berlin,w,40-44,11
2021,Berlin,w,45-49,4
2021,Berlin,w,50-54,4
2021,Berlin,w,55-59,6
2021,Berlin,w,60-64,0
2021,Berlin,w,65-69,1
2021,Berlin,w,70-74,0
2021,Berlin,w,75-79,0
2021,Berlin,w,80-84,0
2021,Berlin,w,85-89,0
2021,Brandenburg,m,insgesamt,29
2021,Brandenburg,m,unter 1,0
2021,Brandenburg,m,1-4,0
2021,Brandenburg,m,5-9,0
2021,Brandenburg,m,10-14,0
2021,Brandenburg,m,15-17,1
2021,Brandenburg,m,18-19,3
2021,Brandenburg,m,20-24,11
2021,Brandenburg,m,25-29,3
2021,Brandenburg,m,30-34,5
2021,Brandenburg,m,35-39,2
2021,Brandenburg,m,40-44,1
2021,Brandenburg,m,45-49,0
2021,Brandenburg,m,50-54,1
2021,Brandenburg,m,55-59,1
2021,Brandenburg,m,60-64,1
2021,Brandenburg,m,65-69,0
2021,Brandenburg,m,70-74,0
2021,Brandenburg,m,75-79,0
2021,Brandenburg,m,80-84,0
2021,Brandenburg,m,85-89,0
2021,Brandenburg,w,insgesamt,65
2021,Brandenburg,w,unter 1,0
2021,Brandenburg,w,1-4,0
2021,Brandenburg,w,5-9,0
2021,Brandenburg,w,10-14,0
2021,Brandenburg,w,15-17,1
2021,Brandenburg,w,18-19,4
2021,Brandenburg,w,20-24,11
2021,Brandenburg,w,25-29,10
2021,Brandenburg,w,30-34,11
2021,Brandenburg,w,35-39,3
2021,Brandenburg,w,40-44,8
2021,Brandenburg,w,45-49,6
2021,Brandenburg,w,50-54,7
2021,Brandenburg,w,55-59,3
2021,Brandenburg,w,60-64,0
2021,Brandenburg,w,65-69,0
2021,Brandenburg,w,70-74,1
2021,Brandenburg,w,75-79,0
2021,Brandenburg,w,80-84,0
2021,Brandenburg,w,85-89,0
2021,Bremen,m,insgesamt,6
2021,Bremen,m,unter 1,0
2021,Bremen,m,1-4,0
2021,Bremen,m,5-9,0
2021,Bremen,m,10-14,0
2021,Bremen,m,15-17,0
2021,Bremen,m,18-19,2
2021,Bremen,m,20-24,2
2021,Bremen,m,25-29,2
2021,Bremen,m,30-34,0
2021,Bremen,m,35-39,0
2021,Bremen,m,40-44,0
2021,Bremen,m,45-49,0
2021,Bremen,m,50-54,0
2021,Bremen,m,55-59,0
2021,Bremen,m,60-64,0
2021,Bremen,m,65-69,0
2021,Bremen,m,70-74,0
2021,Bremen,m,75-79,0
2021,Bremen,m,80-84,0
2021,Bremen,m,85-89,0
2021,Bremen,w,insgesamt,1
2021,Bremen,w,unter 1,0
2021,Bremen,w,1-4,0
2021,Bremen,w,5-9,0
2021,Bremen,w,10-14,0
2021,Bremen,w,15-17,0
2021,Bremen,w,18-19,0
2021,Bremen,w,20-24,0
2021,Bremen,w,25-29,0
2021,Bremen,w,30-34,0
2021,Bremen,w,35-39,0
2021,Bremen,w,40-44,0
2021,Bremen,w,45-49,1
2021,Bremen,w,50-54,0
2021,Bremen,w,55-59,0
2021,Bremen,w,60-64,0
2021,Bremen,w,65-69,0
2021,Bremen,w,70-74,0
2021,Bremen,w,75-79,0
2021,Bremen,w,80-84,0
2021,Bremen,w,85-89,0
2021,Hamburg,m,insgesamt,120
2021,Hamburg,m,unter 1,0
2021,Hamburg,m,1-4,0
2021,Hamburg,m,5-9,0
2021,Hamburg,m,10-14,0
2021,Hamburg,m,15-17,7
2021,Hamburg,m,18-19,6
2021,Hamburg,m,20-24,39
2021,Hamburg,m,25-29,24
2021,Hamburg,m,30-34,18
2021,Hamburg,m,35-39,6
2021,Hamburg,m,40-44,6
2021,Hamburg,m,45-49,9
2021,Hamburg,m,50-54,3
2021,Hamburg,m,55-59,0
2021,Hamburg,m,60-64,2
2021,Hamburg,m,65-69,0
2021,Hamburg,m,70-74,0
2021,Hamburg,m,75-79,0
2021,Hamburg,m,80-84,0
2021,Hamburg,m,85-89,0
2021,Hamburg,w,insgesamt,125
2021,Hamburg,w,unter 1,0
2021,Hamburg,w,1-4,0
2021,Hamburg,w,5-9,0
2021,Hamburg,w,10-14,0
2021,Hamburg,w,15-17,0
2021,Hamburg,w,18-19,13
2021,Hamburg,w,20-24,30
2021,Hamburg,w,25-29,19
2021,Hamburg,w,30-34,8
2021,Hamburg,w,35-39,10
2021,Hamburg,w,40-44,13
2021,Hamburg,w,45-49,9
2021,Hamburg,w,50-54,8
2021,Hamburg,w,55-59,9
2021,Hamburg,w,60-64,3
2021,Hamburg,w,65-69,3
2021,Hamburg,w,70-74,0
2021,Hamburg,w,75-79,0
2021,Hamburg,w,80-84,0
2021,Hamburg,w,85-89,0
2021,Hessen,m,insgesamt,101
2021,Hessen,m,unter 1,0
2021,Hessen,m,1-4,0
2021,Hessen,m,5-9,0
2021,Hessen,m,10-14,0
2021,Hessen,m,15-17,3
2021,Hessen,m,18-19,13
2021,Hessen,m,20-24,29
2021,Hessen,m,25-29,15
2021,Hessen,m,30-34,11
2021,Hessen,m,35-39,8
2021,Hessen,m,40-44,9
2021,Hessen,m,45-49,5
2021,Hessen,m,50-54,1
2021,Hessen,m,55-59,4
2021,Hessen,m,60-64,2
2021,Hessen,m,65-69,1
2021,Hessen,m,70-74,0
2021,Hessen,m,75-79,0
2021,Hessen,m,80-84,0
2021,Hessen,m,85-89,0
2021,Hessen,w,insgesamt,54
2021,Hessen,w,unter 1,0
2021,Hessen,w,1-4,0
2021,Hessen,w,5-9,0
2021,Hessen,w,10-14,0
2021,Hessen,w,15-17,4
2021,Hessen,w,18-19,8
2021,Hessen,w,20-24,11
2021,Hessen,w,25-29,9
2021,Hessen,w,30-34,8
2021,Hessen,w,35-39,2
2021,Hessen,w,40-44,4
2021,Hessen,w,45-49,0
2021,Hessen,w,50-54,3
2021,Hessen,w,55-59,3
2021,Hessen,w,60-64,2
2021,Hessen,w,65-69,0
2021,Hessen,w,70-74,0
2021,Hessen,w,75-79,0
2021,Hessen,w,80-84,0
2021,Hessen,w,85-89,0
2021,Mecklenburg-Vorpommern,m,insgesamt,5
2021,Mecklenburg-Vorpommern,m,unter 1,0
2021,Mecklenburg-Vorpommern,m,1-4,0
2021,Mecklenburg-Vorpommern,m,5-9,0
2021,Mecklenburg-Vorpommern,m,10-14,0
2021,Mecklenburg-Vorpommern,m,15-17,0
2021,Mecklenburg-Vorpommern,m,18-19,2
2021,Mecklenburg-Vorpommern,m,20-24,1
2021,Mecklenburg-Vorpommern,m,25-29,0
2021,Mecklenburg-Vorpommern,m,30-34,1
2021,Mecklenburg-Vorpommern,m,35-39,0
2021,Mecklenburg-Vorpommern,m,40-44,1
2021,Mecklenburg-Vorpommern,m,45-49,0
2021,Mecklenburg-Vorpommern,m,50-54,0
2021,Mecklenburg-Vorpommern,m,55-59,0
2021,Mecklenburg-Vorpommern,m,60-64,0
2021,Mecklenburg-Vorpommern,m,65-69,0
2021,Mecklenburg-Vorpommern,m,70-74,0
2021,Mecklenburg-Vorpommern,m,75-79,0
2021,Mecklenburg-Vorpommern,m,80-84,0
2021,Mecklenburg-Vorpommern,m,85-89,0
2021,Mecklenburg-Vorpommern,w,insgesamt,7
2021,Mecklenburg-Vorpommern,w,unter 1,0
2021,Mecklenburg-Vorpommern,w,1-4,0
2021,Mecklenburg-Vorpommern,w,5-9,0
2021,Mecklenburg-Vorpommern,w,10-14,1
2021,Mecklenburg-Vorpommern,w,15-17,0
2021,Mecklenburg-Vorpommern,w,18-19,1
2021,Mecklenburg-Vorpommern,w,20-24,0
2021,Mecklenburg-Vorpommern,w,25-29,0
2021,Mecklenburg-Vorpommern,w,30-34,1
2021,Mecklenburg-Vorpommern,w,35-39,0
2021,Mecklenburg-Vorpommern,w,40-44,0
2021,Mecklenburg-Vorpommern,w,45-49,1
2021,Mecklenburg-Vorpommern,w,50-54,2
2021,Mecklenburg-Vorpommern,w,55-59,1
2021,Mecklenburg-Vorpommern,w,60-64,0
2021,Mecklenburg-Vorpommern,w,65-69,0
2021,Mecklenburg-Vorpommern,w,70-74,0
2021,Mecklenburg-Vorpommern,w,75-79,0
2021,Mecklenburg-Vorpommern,w,80-84,0
2021,Mecklenburg-Vorpommern,w,85-89,0
2021,Niedersachsen,m,insgesamt,38
2021,Niedersachsen,m,unter 1,0
2021,Niedersachsen,m,1-4,0
2021,Niedersachsen,m,5-9,0
2021,Niedersachsen,m,10-14,1
2021,Niedersachsen,m,15-17,2
2021,Niedersachsen,m,18-19,6
2021,Niedersachsen,m,20-24,13
2021,Niedersachsen,m,25-29,8
2021,Niedersachsen,m,30-34,1
2021,Niedersachsen,m,35-39,2
2021,Niedersachsen,m,40-44,4
2021,Niedersachsen,m,45-49,0
2021,Niedersachsen,m,50-54,1
2021,Niedersachsen,m,55-59,0
2021,Niedersachsen,m,60-64,0
2021,Niedersachsen,m,65-69,0
2021,Niedersachsen,m,70-74,0
2021,Niedersachsen,m,75-79,0
2021,Niedersachsen,m,80-84,0
2021,Niedersachsen,m,85-89,0
2021,Niedersachsen,w,insgesamt,35
2021,Niedersachsen,w,unter 1,0
2021,Niedersachsen,w,1-4,0
2021,Niedersachsen,w,5-9,0
2021,Niedersachsen,w,10-14,1
2021,Niedersachsen,w,15-17,1
2021,Niedersachsen,w,18-19,3
2021,Niedersachsen,w,20-24,12
2021,Niedersachsen,w,25-29,4
2021,Niedersachsen,w,30-34,2
2021,Niedersachsen,w,35-39,1
2021,Niedersachsen,w,40-44,3
2021,Niedersachsen,w,45-49,3
2021,Niedersachsen,w,50-54,2
2021,Niedersachsen,w,55-59,1
2021,Niedersachsen,w,60-64,2
2021,Niedersachsen,w,65-69,0
2021,Niedersachsen,w,70-74,0
2021,Niedersachsen,w,75-79,0
2021,Niedersachsen,w,80-84,0
2021,Niedersachsen,w,85-89,0
2021,Nordrhein-Westfalen,m,insgesamt,438
2021,Nordrhein-Westfalen,m,unter 1,0
2021,Nordrhein-Westfalen,m,1-4,0
2021,Nordrhein-Westfalen,m,5-9,0
2021,Nordrhein-Westfalen,m,10-14,1
2021,Nordrhein-Westfalen,m,15-17,34
2021,Nordrhein-Westfalen,m,18-19,60
2021,Nordrhein-Westfalen,m,20-24,152
2021,Nordrhein-Westfalen,m,25-29,91
2021,Nordrhein-Westfalen,m,30-34,28
2021,Nordrhein-Westfalen,m,35-39,17
2021,Nordrhein-Westfalen,m,40-44,16
2021,Nordrhein-Westfalen,m,45-49,20
2021,Nordrhein-Westfalen,m,50-54,12
2021,Nordrhein-Westfalen,m,55-59,4
2021,Nordrhein-Westfalen,m,60-64,2
2021,Nordrhein-Westfalen,m,65-69,0
2021,Nordrhein-Westfalen,m,70-74,0
2021,Nordrhein-Westfalen,m,75-79,1
2021,Nordrhein-Westfalen,m,80-84,0
2021,Nordrhein-Westfalen,m,85-89,0
2021,Nordrhein-Westfalen,w,insgesamt,362
2021,Nordrhein-Westfalen,w,unter 1,0
2021,Nordrhein-Westfalen,w,1-4,0
2021,Nordrhein-Westfalen,w,5-9,0
2021,Nordrhein-Westfalen,w,10-14,5
2021,Nordrhein-Westfalen,w,15-17,24
2021,Nordrhein-Westfalen,w,18-19,31
2021,Nordrhein-Westfalen,w,20-24,87
2021,Nordrhein-Westfalen,w,25-29,63
2021,Nordrhein-Westfalen,w,30-34,43
2021,Nordrhein-Westfalen,w,35-39,17
2021,Nordrhein-Westfalen,w,40-44,19
2021,Nordrhein-Westfalen,w,45-49,20
2021,Nordrhein-Westfalen,w,50-54,27
2021,Nordrhein-Westfalen,w,55-59,10
2021,Nordrhein-Westfalen,w,60-64,13
2021,Nordrhein-Westfalen,w,65-69,3
2021,Nordrhein-Westfalen,w,70-74,0
2021,Nordrhein-Westfalen,w,75-79,0
2021,Nordrhein-Westfalen,w,80-84,0
2021,Nordrhein-Westfalen,w,85-89,0
2021,Rheinland-Pfalz,m,insgesamt,40
2021,Rheinland-Pfalz,m,unter 1,0
2021,Rheinland-Pfalz,m,1-4,0
2021,Rheinland-Pfalz,m,5-9,0
2021,Rheinland-Pfalz,m,10-14,0
2021,Rheinland-Pfalz,m,15-17,6
2021,Rheinland-Pfalz,m,18-19,6
2021,Rheinland-Pfalz,m,20-24,10
2021,Rheinland-Pfalz,m,25-29,12
2021,Rheinland-Pfalz,m,30-34,6
2021,Rheinland-Pfalz,m,35-39,0
2021,Rheinland-Pfalz,m,40-44,0
2021,Rheinland-Pfalz,m,45-49,0
2021,Rheinland-Pfalz,m,50-54,0
2021,Rheinland-Pfalz,m,55-59,0
2021,Rheinland-Pfalz,m,60-64,0
2021,Rheinland-Pfalz,m,65-69,0
2021,Rheinland-Pfalz,m,70-74,0
2021,Rheinland-Pfalz,m,75-79,0
2021,Rheinland-Pfalz,m,80-84,0
2021,Rheinland-Pfalz,m,85-89,0
2021,Rheinland-Pfalz,w,insgesamt,11
2021,Rheinland-Pfalz,w,unter 1,0
2021,Rheinland-Pfalz,w,1-4,0
2021,Rheinland-Pfalz,w,5-9,0
2021,Rheinland-Pfalz,w,10-14,1
2021,Rheinland-Pfalz,w,15-17,2
2021,Rheinland-Pfalz,w,18-19,1
2021,Rheinland-Pfalz,w,20-24,2
2021,Rheinland-Pfalz,w,25-29,1
2021,Rheinland-Pfalz,w,30-34,2
2021,Rheinland-Pfalz,w,35-39,0
2021,Rheinland-Pfalz,w,40-44,1
2021,Rheinland-Pfalz,w,45-49,0
2021,Rheinland-Pfalz,w,50-54,0
2021,Rheinland-Pfalz,w,55-59,1
2021,Rheinland-Pfalz,w,60-64,0
2021,Rheinland-Pfalz,w,65-69,0
2021,Rheinland-Pfalz,w,70-74,0
2021,Rheinland-Pfalz,w,75-79,0
2021,Rheinland-Pfalz,w,80-84,0
2021,Rheinland-Pfalz,w,85-89,0
2021,Saarland,m,insgesamt,8
2021,Saarland,m,unter 1,0
2021,Saarland,m,1-4,0
2021,Saarland,m,5-9,0
2021,Saarland,m,10-14,0
2021,Saarland,m,15-17,1
2021,Saarland,m,18-19,0
2021,Saarland,m,20-24,4
2021,Saarland,m,25-29,0
2021,Saarland,m,30-34,1
2021,Saarland,m,35-39,2
2021,Saarland,m,40-44,0
2021,Saarland,m,45-49,0
2021,Saarland,m,50-54,0
2021,Saarland,m,55-59,0
2021,Saarland,m,60-64,0
2021,Saarland,m,65-69,0
2021,Saarland,m,70-74,0
2021,Saarland,m,75-79,0
2021,Saarland,m,80-84,0
2021,Saarland,m,85-89,0
2021,Saarland,w,insgesamt,4
2021,Saarland,w,unter 1,0
2021,Saarland,w,1-4,0
2021,Saarland,w,5-9,0
2021,Saarland,w,10-14,0
2021,Saarland,w,15-17,1
2021,Saarland,w,18-19,1
2021,Saarland,w,20-24,1
2021,Saarland,w,25-29,0
2021,Saarland,w,30-34,1
2021,Saarland,w,35-39,0
2021,Saarland,w,40-44,0
2021,Saarland,w,45-49,0
2021,Saarland,w,50-54,0
2021,Saarland,w,55-59,0
2021,Saarland,w,60-64,0
2021,Saarland,w,65-69,0
2021,Saarland,w,70-74,0
2021,Saarland,w,75-79,0
2021,Saarland,w,80-84,0
2021,Saarland,w,85-89,0
2021,Sachsen,m,insgesamt,47
2021,Sachsen,m,unter 1,0
2021,Sachsen,m,1-4,0
2021,Sachsen,m,5-9,0
2021,Sachsen,m,10-14,1
2021,Sachsen,m,15-17,4
2021,Sachsen,m,18-19,8
2021,Sachsen,m,20-24,16
2021,Sachsen,m,25-29,8
2021,Sachsen,m,30-34,2
2021,Sachsen,m,35-39,5
2021,Sachsen,m,40-44,2
2021,Sachsen,m,45-49,0
2021,Sachsen,m,50-54,1
2021,Sachsen,m,55-59,0
2021,Sachsen,m,60-64,0
2021,Sachsen,m,65-69,0
2021,Sachsen,m,70-74,0
2021,Sachsen,m,75-79,0
2021,Sachsen,m,80-84,0
2021,Sachsen,m,85-89,0
2021,Sachsen,w,insgesamt,44
2021,Sachsen,w,unter 1,0
2021,Sachsen,w,1-4,0
2021,Sachsen,w,5-9,0
2021,Sachsen,w,10-14,0
2021,Sachsen,w,15-17,4
2021,Sachsen,w,18-19,2
2021,Sachsen,w,20-24,7
2021,Sachsen,w,25-29,7
2021,Sachsen,w,30-34,5
2021,Sachsen,w,35-39,2
2021,Sachsen,w,40-44,5
2021,Sachsen,w,45-49,0
2021,Sachsen,w,50-54,3
2021,Sachsen,w,55-59,5
2021,Sachsen,w,60-64,2
2021,Sachsen,w,65-69,2
2021,Sachsen,w,70-74,0
2021,Sachsen,w,75-79,0
2021,Sachsen,w,80-84,0
2021,Sachsen,w,85-89,0
2021,Sachsen-Anhalt,m,insgesamt,14
2021,Sachsen-Anhalt,m,unter 1,0
2021,Sachsen-Anhalt,m,1-4,0
2021,Sachsen-Anhalt,m,5-9,0
2021,Sachsen-Anhalt,m,10-14,0
2021,Sachsen-Anhalt,m,15-17,0
2021,Sachsen-Anhalt,m,18-19,3
2021,Sachsen-Anhalt,m,20-24,5
2021,Sachsen-Anhalt,m,25-29,2
2021,Sachsen-Anhalt,m,30-34,3
2021,Sachsen-Anhalt,m,35-39,0
2021,Sachsen-Anhalt,m,40-44,0
2021,Sachsen-Anhalt,m,45-49,0
2021,Sachsen-Anhalt,m,50-54,0
2021,Sachsen-Anhalt,m,55-59,1
2021,Sachsen-Anhalt,m,60-64,0
2021,Sachsen-Anhalt,m,65-69,0
2021,Sachsen-Anhalt,m,70-74,0
2021,Sachsen-Anhalt,m,75-79,0
2021,Sachsen-Anhalt,m,80-84,0
2021,Sachsen-Anhalt,m,85-89,0
2021,Sachsen-Anhalt,w,insgesamt,16
2021,Sachsen-Anhalt,w,unter 1,0
2021,Sachsen-Anhalt,w,1-4,0
2021,Sachsen-Anhalt,w,5-9,0
2021,Sachsen-Anhalt,w,10-14,0
2021,Sachsen-Anhalt,w,15-17,0
2021,Sachsen-Anhalt,w,18-19,0
2021,Sachsen-Anhalt,w,20-24,4
2021,Sachsen-Anhalt,w,25-29,3
2021,Sachsen-Anhalt,w,30-34,3
2021,Sachsen-Anhalt,w,35-39,0
2021,Sachsen-Anhalt,w,40-44,2
2021,Sachsen-Anhalt,w,45-49,1
2021,Sachsen-Anhalt,w,50-54,1
2021,Sachsen-Anhalt,w,55-59,0
2021,Sachsen-Anhalt,w,60-64,0
2021,Sachsen-Anhalt,w,65-69,2
2021,Sachsen-Anhalt,w,70-74,0
2021,Sachsen-Anhalt,w,75-79,0
2021,Sachsen-Anhalt,w,80-84,0
2021,Sachsen-Anhalt,w,85-89,0
2021,Schleswig-Holstein,m,insgesamt,532
2021,Schleswig-Holstein,m,unter 1,0
2021,Schleswig-Holstein,m,1-4,0
2021,Schleswig-Holstein,m,5-9,0
2021,Schleswig-Holstein,m,10-14,0
2021,Schleswig-Holstein,m,15-17,32
2021,Schleswig-Holstein,m,18-19,89
2021,Schleswig-Holstein,m,20-24,214
2021,Schleswig-Holstein,m,25-29,90
2021,Schleswig-Holstein,m,30-34,54
2021,Schleswig-Holstein,m,35-39,24
2021,Schleswig-Holstein,m,40-44,17
2021,Schleswig-Holstein,m,45-49,5
2021,Schleswig-Holstein,m,50-54,5
2021,Schleswig-Holstein,m,55-59,2
2021,Schleswig-Holstein,m,60-64,0
2021,Schleswig-Holstein,m,65-69,0
2021,Schleswig-Holstein,m,70-74,0
2021,Schleswig-Holstein,m,75-79,0
2021,Schleswig-Holstein,m,80-84,0
2021,Schleswig-Holstein,m,85-89,0
2021,Schleswig-Holstein,w,insgesamt,11
2021,Schleswig-Holstein,w,unter 1,0
2021,Schleswig-Holstein,w,1-4,0
2021,Schleswig-Holstein,w,5-9,0
2021,Schleswig-Holstein,w,10-14,0
2021,Schleswig-Holstein,w,15-17,2
2021,Schleswig-Holstein,w,18-19,0
2021,Schleswig-Holstein,w,20-24,4
2021,Schleswig-Holstein,w,25-29,3
2021,Schleswig-Holstein,w,30-34,0
2021,Schleswig-Holstein,w,35-39,0
2021,Schleswig-Holstein,w,40-44,1
2021,Schleswig-Holstein,w,45-49,0
2021,Schleswig-Holstein,w,50-54,1
2021,Schleswig-Holstein,w,55-59,0
2021,Schleswig-Holstein,w,60-64,0
2021,Schleswig-Holstein,w,65-69,0
2021,Schleswig-Holstein,w,70-74,0
2021,Schleswig-Holstein,w,75-79,0
2021,Schleswig-Holstein,w,80-84,0
2021,Schleswig-Holstein,w,85-89,0
2021,Thüringen,m,insgesamt,4
2021,Thüringen,m,unter 1,0
2021,Thüringen,m,1-4,0
2021,Thüringen,m,5-9,0
2021,Thüringen,m,10-14,0
2021,Thüringen,m,15-17,0
2021,Thüringen,m,18-19,2
2021,Thüringen,m,20-24,1
2021,Thüringen,m,25-29,0
2021,Thüringen,m,30-34,0
2021,Thüringen,m,35-39,1
2021,Thüringen,m,40-44,0
2021,Thüringen,m,45-49,0
2021,Thüringen,m,50-54,0
2021,Thüringen,m,55-59,0
2021,Thüringen,m,60-64,0
2021,Thüringen,m,65-69,0
2021,Thüringen,m,70-74,0
2021,Thüringen,m,75-79,0
2021,Thüringen,m,80-84,0
2021,Thüringen,m,85-89,0
2021,Thüringen,w,insgesamt,7
2021,Thüringen,w,unter 1,0
2021,Thüringen,w,1-4,0
2021,Thüringen,w,5-9,0
2021,Thüringen,w,10-14,0
2021,Thüringen,w,15-17,1
2021,Thüringen,w,18-19,0
2021,Thüringen,w,20-24,1
2021,Thüringen,w,25-29,0
2021,Thüringen,w,30-34,1
2021,Thüringen,w,35-39,0
2021,Thüringen,w,40-44,1
2021,Thüringen,w,45-49,0
2021,Thüringen,w,50-54,2
2021,Thüringen,w,55-59,0
2021,Thüringen,w,60-64,1
2021,Thüringen,w,65-69,0
2021,Thüringen,w,70-74,0
2021,Thüringen,w,75-79,0
2021,Thüringen,w,80-84,0
2021,Thüringen,w,85-89,0
2022,Deutschland,m,insgesamt,3231
2022,Deutschland,m,unter 1,1
2022,Deutschland,m,1-4,0
2022,Deutschland,m,5-9,0
2022,Deutschland,m,10-14,2
2022,Deutschland,m,15-17,86
2022,Deutschland,m,18-19,328
2022,Deutschland,m,20-24,"1,034"
2022,Deutschland,m,25-29,738
2022,Deutschland,m,30-34,453
2022,Deutschland,m,35-39,211
2022,Deutschland,m,40-44,166
2022,Deutschland,m,45-49,74
2022,Deutschland,m,50-54,67
2022,Deutschland,m,55-59,42
2022,Deutschland,m,60-64,15
2022,Deutschland,m,65-69,12
2022,Deutschland,m,70-74,1
2022,Deutschland,m,75-79,1
2022,Deutschland,m,80-84,0
2022,Deutschland,m,85-89,0
2022,Deutschland,w,insgesamt,1619
2022,Deutschland,w,unter 1,0
2022,Deutschland,w,1-4,0
2022,Deutschland,w,5-9,0
2022,Deutschland,w,10-14,4
2022,Deutschland,w,15-17,49
2022,Deutschland,w,18-19,117
2022,Deutschland,w,20-24,381
2022,Deutschland,w,25-29,352
2022,Deutschland,w,30-34,180
2022,Deutschland,w,35-39,126
2022,Deutschland,w,40-44,106
2022,Deutschland,w,45-49,81
2022,Deutschland,w,50-54,86
2022,Deutschland,w,55-59,81
2022,Deutschland,w,60-64,30
2022,Deutschland,w,65-69,17
2022,Deutschland,w,70-74,9
2022,Deutschland,w,75-79,0
2022,Deutschland,w,80-84,0
2022,Deutschland,w,85-89,0
2022,Baden-Württemberg,m,insgesamt,90
2022,Baden-Württemberg,m,unter 1,1
2022,Baden-Württemberg,m,1-4,0
2022,Baden-Württemberg,m,5-9,0
2022,Baden-Württemberg,m,10-14,0
2022,Baden-Württemberg,m,15-17,1
2022,Baden-Württemberg,m,18-19,15
2022,Baden-Württemberg,m,20-24,40
2022,Baden-Württemberg,m,25-29,20
2022,Baden-Württemberg,m,30-34,7
2022,Baden-Württemberg,m,35-39,0
2022,Baden-Württemberg,m,40-44,2
2022,Baden-Württemberg,m,45-49,0
2022,Baden-Württemberg,m,50-54,1
2022,Baden-Württemberg,m,55-59,1
2022,Baden-Württemberg,m,60-64,1
2022,Baden-Württemberg,m,65-69,0
2022,Baden-Württemberg,m,70-74,0
2022,Baden-Württemberg,m,75-79,1
2022,Baden-Württemberg,m,80-84,0
2022,Baden-Württemberg,m,85-89,0
2022,Baden-Württemberg,w,insgesamt,70
2022,Baden-Württemberg,w,unter 1,0
2022,Baden-Württemberg,w,1-4,0
2022,Baden-Württemberg,w,5-9,0
2022,Baden-Württemberg,w,10-14,0
2022,Baden-Württemberg,w,15-17,2
2022,Baden-Württemberg,w,18-19,3
2022,Baden-Württemberg,w,20-24,15
2022,Baden-Württemberg,w,25-29,13
2022,Baden-Württemberg,w,30-34,7
2022,Baden-Württemberg,w,35-39,6
2022,Baden-Württemberg,w,40-44,8
2022,Baden-Württemberg,w,45-49,7
2022,Baden-Württemberg,w,50-54,4
2022,Baden-Württemberg,w,55-59,4
2022,Baden-Württemberg,w,60-64,1
2022,Baden-Württemberg,w,65-69,0
2022,Baden-Württemberg,w,70-74,0
2022,Baden-Württemberg,w,75-79,0
2022,Baden-Württemberg,w,80-84,0
2022,Baden-Württemberg,w,85-89,0
2022,Bayern,m,insgesamt,1032
2022,Bayern,m,unter 1,0
2022,Bayern,m,1-4,0
2022,Bayern,m,5-9,0
2022,Bayern,m,10-14,0
2022,Bayern,m,15-17,4
2022,Bayern,m,18-19,47
2022,Bayern,m,20-24,281
2022,Bayern,m,25-29,289
2022,Bayern,m,30-34,171
2022,Bayern,m,35-39,100
2022,Bayern,m,40-44,74
2022,Bayern,m,45-49,25
2022,Bayern,m,50-54,18
2022,Bayern,m,55-59,14
2022,Bayern,m,60-64,8
2022,Bayern,m,65-69,0
2022,Bayern,m,70-74,1
2022,Bayern,m,75-79,0
2022,Bayern,m,80-84,0
2022,Bayern,m,85-89,0
2022,Bayern,w,insgesamt,553
2022,Bayern,w,unter 1,0
2022,Bayern,w,1-4,0
2022,Bayern,w,5-9,0
2022,Bayern,w,10-14,0
2022,Bayern,w,15-17,6
2022,Bayern,w,18-19,18
2022,Bayern,w,20-24,115
2022,Bayern,w,25-29,138
2022,Bayern,w,30-34,77
2022,Bayern,w,35-39,59
2022,Bayern,w,40-44,41
2022,Bayern,w,45-49,28
2022,Bayern,w,50-54,26
2022,Bayern,w,55-59,23
2022,Bayern,w,60-64,12
2022,Bayern,w,65-69,6
2022,Bayern,w,70-74,4
2022,Bayern,w,75-79,0
2022,Bayern,w,80-84,0
2022,Bayern,w,85-89,0
2022,Berlin,m,insgesamt,489
2022,Berlin,m,unter 1,0
2022,Berlin,m,1-4,0
2022,Berlin,m,5-9,0
2022,Berlin,m,10-14,0
2022,Berlin,m,15-17,12
2022,Berlin,m,18-19,51
2022,Berlin,m,20-24,164
2022,Berlin,m,25-29,91
2022,Berlin,m,30-34,61
2022,Berlin,m,35-39,31
2022,Berlin,m,40-44,37
2022,Berlin,m,45-49,9
2022,Berlin,m,50-54,20
2022,Berlin,m,55-59,7
2022,Berlin,m,60-64,3
2022,Berlin,m,65-69,3
2022,Berlin,m,70-74,0
2022,Berlin,m,75-79,0
2022,Berlin,m,80-84,0
2022,Berlin,m,85-89,0
2022,Berlin,w,insgesamt,149
2022,Berlin,w,unter 1,0
2022,Berlin,w,1-4,0
2022,Berlin,w,5-9,0
2022,Berlin,w,10-14,0
2022,Berlin,w,15-17,3
2022,Berlin,w,18-19,11
2022,Berlin,w,20-24,35
2022,Berlin,w,25-29,39
2022,Berlin,w,30-34,22
2022,Berlin,w,35-39,12
2022,Berlin,w,40-44,7
2022,Berlin,w,45-49,4
2022,Berlin,w,50-54,2
2022,Berlin,w,55-59,12
2022,Berlin,w,60-64,1
2022,Berlin,w,65-69,1
2022,Berlin,w,70-74,0
2022,Berlin,w,75-79,0
2022,Berlin,w,80-84,0
2022,Berlin,w,85-89,0
2022,Brandenburg,m,insgesamt,19
2022,Brandenburg,m,unter 1,0
2022,Brandenburg,m,1-4,0
2022,Brandenburg,m,5-9,0
2022,Brandenburg,m,10-14,0
2022,Brandenburg,m,15-17,2
2022,Brandenburg,m,18-19,1
2022,Brandenburg,m,20-24,5
2022,Brandenburg,m,25-29,0
2022,Brandenburg,m,30-34,2
2022,Brandenburg,m,35-39,1
2022,Brandenburg,m,40-44,2
2022,Brandenburg,m,45-49,5
2022,Brandenburg,m,50-54,1
2022,Brandenburg,m,55-59,0
2022,Brandenburg,m,60-64,0
2022,Brandenburg,m,65-69,0
2022,Brandenburg,m,70-74,0
2022,Brandenburg,m,75-79,0
2022,Brandenburg,m,80-84,0
2022,Brandenburg,m,85-89,0
2022,Brandenburg,w,insgesamt,78
2022,Brandenburg,w,unter 1,0
2022,Brandenburg,w,1-4,0
2022,Brandenburg,w,5-9,0
2022,Brandenburg,w,10-14,0
2022,Brandenburg,w,15-17,0
2022,Brandenburg,w,18-19,7
2022,Brandenburg,w,20-24,21
2022,Brandenburg,w,25-29,19
2022,Brandenburg,w,30-34,10
2022,Brandenburg,w,35-39,7
2022,Brandenburg,w,40-44,5
2022,Brandenburg,w,45-49,3
2022,Brandenburg,w,50-54,1
2022,Brandenburg,w,55-59,3
2022,Brandenburg,w,60-64,2
2022,Brandenburg,w,65-69,0
2022,Brandenburg,w,70-74,0
2022,Brandenburg,w,75-79,0
2022,Brandenburg,w,80-84,0
2022,Brandenburg,w,85-89,0
2022,Bremen,m,insgesamt,7
2022,Bremen,m,unter 1,0
2022,Bremen,m,1-4,0
2022,Bremen,m,5-9,0
2022,Bremen,m,10-14,0
2022,Bremen,m,15-17,1
2022,Bremen,m,18-19,0
2022,Bremen,m,20-24,2
2022,Bremen,m,25-29,0
2022,Bremen,m,30-34,3
2022,Bremen,m,35-39,1
2022,Bremen,m,40-44,0
2022,Bremen,m,45-49,0
2022,Bremen,m,50-54,0
2022,Bremen,m,55-59,0
2022,Bremen,m,60-64,0
2022,Bremen,m,65-69,0
2022,Bremen,m,70-74,0
2022,Bremen,m,75-79,0
2022,Bremen,m,80-84,0
2022,Bremen,m,85-89,0
2022,Bremen,w,insgesamt,7
2022,Bremen,w,unter 1,0
2022,Bremen,w,1-4,0
2022,Bremen,w,5-9,0
2022,Bremen,w,10-14,0
2022,Bremen,w,15-17,0
2022,Bremen,w,18-19,1
2022,Bremen,w,20-24,2
2022,Bremen,w,25-29,1
2022,Bremen,w,30-34,0
2022,Bremen,w,35-39,0
2022,Bremen,w,40-44,1
2022,Bremen,w,45-49,0
2022,Bremen,w,50-54,1
2022,Bremen,w,55-59,0
2022,Bremen,w,60-64,1
2022,Bremen,w,65-69,0
2022,Bremen,w,70-74,0
2022,Bremen,w,75-79,0
2022,Bremen,w,80-84,0
2022,Bremen,w,85-89,0
2022,Hamburg,m,insgesamt,154
2022,Hamburg,m,unter 1,0
2022,Hamburg,m,1-4,0
2022,Hamburg,m,5-9,0
2022,Hamburg,m,10-14,0
2022,Hamburg,m,15-17,7
2022,Hamburg,m,18-19,21
2022,Hamburg,m,20-24,39
2022,Hamburg,m,25-29,29
2022,Hamburg,m,30-34,22
2022,Hamburg,m,35-39,3
2022,Hamburg,m,40-44,13
2022,Hamburg,m,45-49,3
2022,Hamburg,m,50-54,7
2022,Hamburg,m,55-59,4
2022,Hamburg,m,60-64,1
2022,Hamburg,m,65-69,5
2022,Hamburg,m,70-74,0
2022,Hamburg,m,75-79,0
2022,Hamburg,m,80-84,0
2022,Hamburg,m,85-89,0
2022,Hamburg,w,insgesamt,168
2022,Hamburg,w,unter 1,0
2022,Hamburg,w,1-4,0
2022,Hamburg,w,5-9,0
2022,Hamburg,w,10-14,0
2022,Hamburg,w,15-17,1
2022,Hamburg,w,18-19,14
2022,Hamburg,w,20-24,36
2022,Hamburg,w,25-29,33
2022,Hamburg,w,30-34,10
2022,Hamburg,w,35-39,21
2022,Hamburg,w,40-44,11
2022,Hamburg,w,45-49,16
2022,Hamburg,w,50-54,8
2022,Hamburg,w,55-59,9
2022,Hamburg,w,60-64,4
2022,Hamburg,w,65-69,3
2022,Hamburg,w,70-74,2
2022,Hamburg,w,75-79,0
2022,Hamburg,w,80-84,0
2022,Hamburg,w,85-89,0
2022,Hessen,m,insgesamt,92
2022,Hessen,m,unter 1,0
2022,Hessen,m,1-4,0
2022,Hessen,m,5-9,0
2022,Hessen,m,10-14,0
2022,Hessen,m,15-17,4
2022,Hessen,m,18-19,8
2022,Hessen,m,20-24,28
2022,Hessen,m,25-29,14
2022,Hessen,m,30-34,19
2022,Hessen,m,35-39,5
2022,Hessen,m,40-44,5
2022,Hessen,m,45-49,5
2022,Hessen,m,50-54,1
2022,Hessen,m,55-59,1
2022,Hessen,m,60-64,1
2022,Hessen,m,65-69,1
2022,Hessen,m,70-74,0
2022,Hessen,m,75-79,0
2022,Hessen,m,80-84,0
2022,Hessen,m,85-89,0
2022,Hessen,w,insgesamt,56
2022,Hessen,w,unter 1,0
2022,Hessen,w,1-4,0
2022,Hessen,w,5-9,0
2022,Hessen,w,10-14,0
2022,Hessen,w,15-17,3
2022,Hessen,w,18-19,10
2022,Hessen,w,20-24,16
2022,Hessen,w,25-29,9
2022,Hessen,w,30-34,5
2022,Hessen,w,35-39,2
2022,Hessen,w,40-44,1
2022,Hessen,w,45-49,3
2022,Hessen,w,50-54,2
2022,Hessen,w,55-59,3
2022,Hessen,w,60-64,0
2022,Hessen,w,65-69,2
2022,Hessen,w,70-74,0
2022,Hessen,w,75-79,0
2022,Hessen,w,80-84,0
2022,Hessen,w,85-89,0
2022,Mecklenburg-Vorpommern,m,insgesamt,4
2022,Mecklenburg-Vorpommern,m,unter 1,0
2022,Mecklenburg-Vorpommern,m,1-4,0
2022,Mecklenburg-Vorpommern,m,5-9,0
2022,Mecklenburg-Vorpommern,m,10-14,0
2022,Mecklenburg-Vorpommern,m,15-17,0
2022,Mecklenburg-Vorpommern,m,18-19,1
2022,Mecklenburg-Vorpommern,m,20-24,1
2022,Mecklenburg-Vorpommern,m,25-29,1
2022,Mecklenburg-Vorpommern,m,30-34,1
2022,Mecklenburg-Vorpommern,m,35-39,0
2022,Mecklenburg-Vorpommern,m,40-44,0
2022,Mecklenburg-Vorpommern,m,45-49,0
2022,Mecklenburg-Vorpommern,m,50-54,0
2022,Mecklenburg-Vorpommern,m,55-59,0
2022,Mecklenburg-Vorpommern,m,60-64,0
2022,Mecklenburg-Vorpommern,m,65-69,0
2022,Mecklenburg-Vorpommern,m,70-74,0
2022,Mecklenburg-Vorpommern,m,75-79,0
2022,Mecklenburg-Vorpommern,m,80-84,0
2022,Mecklenburg-Vorpommern,m,85-89,0
2022,Mecklenburg-Vorpommern,w,insgesamt,2
2022,Mecklenburg-Vorpommern,w,unter 1,0
2022,Mecklenburg-Vorpommern,w,1-4,0
2022,Mecklenburg-Vorpommern,w,5-9,0
2022,Mecklenburg-Vorpommern,w,10-14,0
2022,Mecklenburg-Vorpommern,w,15-17,0
2022,Mecklenburg-Vorpommern,w,18-19,1
2022,Mecklenburg-Vorpommern,w,20-24,0
2022,Mecklenburg-Vorpommern,w,25-29,0
2022,Mecklenburg-Vorpommern,w,30-34,0
2022,Mecklenburg-Vorpommern,w,35-39,0
2022,Mecklenburg-Vorpommern,w,40-44,0
2022,Mecklenburg-Vorpommern,w,45-49,0
2022,Mecklenburg-Vorpommern,w,50-54,1
2022,Mecklenburg-Vorpommern,w,55-59,0
2022,Mecklenburg-Vorpommern,w,60-64,0
2022,Mecklenburg-Vorpommern,w,65-69,0
2022,Mecklenburg-Vorpommern,w,70-74,0
2022,Mecklenburg-Vorpommern,w,75-79,0
2022,Mecklenburg-Vorpommern,w,80-84,0
2022,Mecklenburg-Vorpommern,w,85-89,0
2022,Niedersachsen,m,insgesamt,33
2022,Niedersachsen,m,unter 1,0
2022,Niedersachsen,m,1-4,0
2022,Niedersachsen,m,5-9,0
2022,Niedersachsen,m,10-14,1
2022,Niedersachsen,m,15-17,0
2022,Niedersachsen,m,18-19,10
2022,Niedersachsen,m,20-24,13
2022,Niedersachsen,m,25-29,2
2022,Niedersachsen,m,30-34,2
2022,Niedersachsen,m,35-39,3
2022,Niedersachsen,m,40-44,1
2022,Niedersachsen,m,45-49,0
2022,Niedersachsen,m,50-54,1
2022,Niedersachsen,m,55-59,0
2022,Niedersachsen,m,60-64,0
2022,Niedersachsen,m,65-69,0
2022,Niedersachsen,m,70-74,0
2022,Niedersachsen,m,75-79,0
2022,Niedersachsen,m,80-84,0
2022,Niedersachsen,m,85-89,0
2022,Niedersachsen,w,insgesamt,23
2022,Niedersachsen,w,unter 1,0
2022,Niedersachsen,w,1-4,0
2022,Niedersachsen,w,5-9,0
2022,Niedersachsen,w,10-14,0
2022,Niedersachsen,w,15-17,2
2022,Niedersachsen,w,18-19,5
2022,Niedersachsen,w,20-24,10
2022,Niedersachsen,w,25-29,3
2022,Niedersachsen,w,30-34,2
2022,Niedersachsen,w,35-39,0
2022,Niedersachsen,w,40-44,1
2022,Niedersachsen,w,45-49,0
2022,Niedersachsen,w,50-54,0
2022,Niedersachsen,w,55-59,0
2022,Niedersachsen,w,60-64,0
2022,Niedersachsen,w,65-69,0
2022,Niedersachsen,w,70-74,0
2022,Niedersachsen,w,75-79,0
2022,Niedersachsen,w,80-84,0
2022,Niedersachsen,w,85-89,0
2022,Nordrhein-Westfalen,m,insgesamt,591
2022,Nordrhein-Westfalen,m,unter 1,0
2022,Nordrhein-Westfalen,m,1-4,0
2022,Nordrhein-Westfalen,m,5-9,0
2022,Nordrhein-Westfalen,m,10-14,0
2022,Nordrhein-Westfalen,m,15-17,20
2022,Nordrhein-Westfalen,m,18-19,68
2022,Nordrhein-Westfalen,m,20-24,171
2022,Nordrhein-Westfalen,m,25-29,143
2022,Nordrhein-Westfalen,m,30-34,89
2022,Nordrhein-Westfalen,m,35-39,36
2022,Nordrhein-Westfalen,m,40-44,21
2022,Nordrhein-Westfalen,m,45-49,17
2022,Nordrhein-Westfalen,m,50-54,13
2022,Nordrhein-Westfalen,m,55-59,10
2022,Nordrhein-Westfalen,m,60-64,1
2022,Nordrhein-Westfalen,m,65-69,2
2022,Nordrhein-Westfalen,m,70-74,0
2022,Nordrhein-Westfalen,m,75-79,0
2022,Nordrhein-Westfalen,m,80-84,0
2022,Nordrhein-Westfalen,m,85-89,0
2022,Nordrhein-Westfalen,w,insgesamt,410
2022,Nordrhein-Westfalen,w,unter 1,0
2022,Nordrhein-Westfalen,w,1-4,0
2022,Nordrhein-Westfalen,w,5-9,0
2022,Nordrhein-Westfalen,w,10-14,3
2022,Nordrhein-Westfalen,w,15-17,27
2022,Nordrhein-Westfalen,w,18-19,43
2022,Nordrhein-Westfalen,w,20-24,109
2022,Nordrhein-Westfalen,w,25-29,78
2022,Nordrhein-Westfalen,w,30-34,38
2022,Nordrhein-Westfalen,w,35-39,15
2022,Nordrhein-Westfalen,w,40-44,23
2022,Nordrhein-Westfalen,w,45-49,15
2022,Nordrhein-Westfalen,w,50-54,30
2022,Nordrhein-Westfalen,w,55-59,20
2022,Nordrhein-Westfalen,w,60-64,5
2022,Nordrhein-Westfalen,w,65-69,2
2022,Nordrhein-Westfalen,w,70-74,2
2022,Nordrhein-Westfalen,w,75-79,0
2022,Nordrhein-Westfalen,w,80-84,0
2022,Nordrhein-Westfalen,w,85-89,0
2022,Rheinland-Pfalz,m,insgesamt,31
2022,Rheinland-Pfalz,m,unter 1,0
2022,Rheinland-Pfalz,m,1-4,0
2022,Rheinland-Pfalz,m,5-9,0
2022,Rheinland-Pfalz,m,10-14,1
2022,Rheinland-Pfalz,m,15-17,1
2022,Rheinland-Pfalz,m,18-19,6
2022,Rheinland-Pfalz,m,20-24,9
2022,Rheinland-Pfalz,m,25-29,6
2022,Rheinland-Pfalz,m,30-34,6
2022,Rheinland-Pfalz,m,35-39,1
2022,Rheinland-Pfalz,m,40-44,0
2022,Rheinland-Pfalz,m,45-49,1
2022,Rheinland-Pfalz,m,50-54,0
2022,Rheinland-Pfalz,m,55-59,0
2022,Rheinland-Pfalz,m,60-64,0
2022,Rheinland-Pfalz,m,65-69,0
2022,Rheinland-Pfalz,m,70-74,0
2022,Rheinland-Pfalz,m,75-79,0
2022,Rheinland-Pfalz,m,80-84,0
2022,Rheinland-Pfalz,m,85-89,0
2022,Rheinland-Pfalz,w,insgesamt,10
2022,Rheinland-Pfalz,w,unter 1,0
2022,Rheinland-Pfalz,w,1-4,0
2022,Rheinland-Pfalz,w,5-9,0
2022,Rheinland-Pfalz,w,10-14,0
2022,Rheinland-Pfalz,w,15-17,2
2022,Rheinland-Pfalz,w,18-19,2
2022,Rheinland-Pfalz,w,20-24,4
2022,Rheinland-Pfalz,w,25-29,2
2022,Rheinland-Pfalz,w,30-34,0
2022,Rheinland-Pfalz,w,35-39,0
2022,Rheinland-Pfalz,w,40-44,0
2022,Rheinland-Pfalz,w,45-49,0
2022,Rheinland-Pfalz,w,50-54,0
2022,Rheinland-Pfalz,w,55-59,0
2022,Rheinland-Pfalz,w,60-64,0
2022,Rheinland-Pfalz,w,65-69,0
2022,Rheinland-Pfalz,w,70-74,0
2022,Rheinland-Pfalz,w,75-79,0
2022,Rheinland-Pfalz,w,80-84,0
2022,Rheinland-Pfalz,w,85-89,0
2022,Saarland,m,insgesamt,5
2022,Saarland,m,unter 1,0
2022,Saarland,m,1-4,0
2022,Saarland,m,5-9,0
2022,Saarland,m,10-14,0
2022,Saarland,m,15-17,1
2022,Saarland,m,18-19,0
2022,Saarland,m,20-24,1
2022,Saarland,m,25-29,2
2022,Saarland,m,30-34,0
2022,Saarland,m,35-39,1
2022,Saarland,m,40-44,0
2022,Saarland,m,45-49,0
2022,Saarland,m,50-54,0
2022,Saarland,m,55-59,0
2022,Saarland,m,60-64,0
2022,Saarland,m,65-69,0
2022,Saarland,m,70-74,0
2022,Saarland,m,75-79,0
2022,Saarland,m,80-84,0
2022,Saarland,m,85-89,0
2022,Saarland,w,insgesamt,5
2022,Saarland,w,unter 1,0
2022,Saarland,w,1-4,0
2022,Saarland,w,5-9,0
2022,Saarland,w,10-14,0
2022,Saarland,w,15-17,0
2022,Saarland,w,18-19,0
2022,Saarland,w,20-24,3
2022,Saarland,w,25-29,1
2022,Saarland,w,30-34,1
2022,Saarland,w,35-39,0
2022,Saarland,w,40-44,0
2022,Saarland,w,45-49,0
2022,Saarland,w,50-54,0
2022,Saarland,w,55-59,0
2022,Saarland,w,60-64,0
2022,Saarland,w,65-69,0
2022,Saarland,w,70-74,0
2022,Saarland,w,75-79,0
2022,Saarland,w,80-84,0
2022,Saarland,w,85-89,0
2022,Sachsen,m,insgesamt,70
2022,Sachsen,m,unter 1,0
2022,Sachsen,m,1-4,0
2022,Sachsen,m,5-9,0
2022,Sachsen,m,10-14,0
2022,Sachsen,m,15-17,5
2022,Sachsen,m,18-19,12
2022,Sachsen,m,20-24,24
2022,Sachsen,m,25-29,9
2022,Sachsen,m,30-34,10
2022,Sachsen,m,35-39,5
2022,Sachsen,m,40-44,1
2022,Sachsen,m,45-49,0
2022,Sachsen,m,50-54,1
2022,Sachsen,m,55-59,3
2022,Sachsen,m,60-64,0
2022,Sachsen,m,65-69,0
2022,Sachsen,m,70-74,0
2022,Sachsen,m,75-79,0
2022,Sachsen,m,80-84,0
2022,Sachsen,m,85-89,0
2022,Sachsen,w,insgesamt,55
2022,Sachsen,w,unter 1,0
2022,Sachsen,w,1-4,0
2022,Sachsen,w,5-9,0
2022,Sachsen,w,10-14,1
2022,Sachsen,w,15-17,3
2022,Sachsen,w,18-19,2
2022,Sachsen,w,20-24,9
2022,Sachsen,w,25-29,11
2022,Sachsen,w,30-34,4
2022,Sachsen,w,35-39,4
2022,Sachsen,w,40-44,5
2022,Sachsen,w,45-49,1
2022,Sachsen,w,50-54,9
2022,Sachsen,w,55-59,4
2022,Sachsen,w,60-64,2
2022,Sachsen,w,65-69,0
2022,Sachsen,w,70-74,0
2022,Sachsen,w,75-79,0
2022,Sachsen,w,80-84,0
2022,Sachsen,w,85-89,0
2022,Sachsen-Anhalt,m,insgesamt,24
2022,Sachsen-Anhalt,m,unter 1,0
2022,Sachsen-Anhalt,m,1-4,0
2022,Sachsen-Anhalt,m,5-9,0
2022,Sachsen-Anhalt,m,10-14,0
2022,Sachsen-Anhalt,m,15-17,0
2022,Sachsen-Anhalt,m,18-19,2
2022,Sachsen-Anhalt,m,20-24,8
2022,Sachsen-Anhalt,m,25-29,3
2022,Sachsen-Anhalt,m,30-34,6
2022,Sachsen-Anhalt,m,35-39,1
2022,Sachsen-Anhalt,m,40-44,1
2022,Sachsen-Anhalt,m,45-49,2
2022,Sachsen-Anhalt,m,50-54,1
2022,Sachsen-Anhalt,m,55-59,0
2022,Sachsen-Anhalt,m,60-64,0
2022,Sachsen-Anhalt,m,65-69,0
2022,Sachsen-Anhalt,m,70-74,0
2022,Sachsen-Anhalt,m,75-79,0
2022,Sachsen-Anhalt,m,80-84,0
2022,Sachsen-Anhalt,m,85-89,0
2022,Sachsen-Anhalt,w,insgesamt,20
2022,Sachsen-Anhalt,w,unter 1,0
2022,Sachsen-Anhalt,w,1-4,0
2022,Sachsen-Anhalt,w,5-9,0
2022,Sachsen-Anhalt,w,10-14,0
2022,Sachsen-Anhalt,w,15-17,0
2022,Sachsen-Anhalt,w,18-19,0
2022,Sachsen-Anhalt,w,20-24,2
2022,Sachsen-Anhalt,w,25-29,4
2022,Sachsen-Anhalt,w,30-34,4
2022,Sachsen-Anhalt,w,35-39,0
2022,Sachsen-Anhalt,w,40-44,2
2022,Sachsen-Anhalt,w,45-49,2
2022,Sachsen-Anhalt,w,50-54,1
2022,Sachsen-Anhalt,w,55-59,1
2022,Sachsen-Anhalt,w,60-64,1
2022,Sachsen-Anhalt,w,65-69,3
2022,Sachsen-Anhalt,w,70-74,0
2022,Sachsen-Anhalt,w,75-79,0
2022,Sachsen-Anhalt,w,80-84,0
2022,Sachsen-Anhalt,w,85-89,0
2022,Schleswig-Holstein,m,insgesamt,584
2022,Schleswig-Holstein,m,unter 1,0
2022,Schleswig-Holstein,m,1-4,0
2022,Schleswig-Holstein,m,5-9,0
2022,Schleswig-Holstein,m,10-14,0
2022,Schleswig-Holstein,m,15-17,28
2022,Schleswig-Holstein,m,18-19,85
2022,Schleswig-Holstein,m,20-24,247
2022,Schleswig-Holstein,m,25-29,127
2022,Schleswig-Holstein,m,30-34,54
2022,Schleswig-Holstein,m,35-39,23
2022,Schleswig-Holstein,m,40-44,9
2022,Schleswig-Holstein,m,45-49,6
2022,Schleswig-Holstein,m,50-54,3
2022,Schleswig-Holstein,m,55-59,1
2022,Schleswig-Holstein,m,60-64,0
2022,Schleswig-Holstein,m,65-69,1
2022,Schleswig-Holstein,m,70-74,0
2022,Schleswig-Holstein,m,75-79,0
2022,Schleswig-Holstein,m,80-84,0
2022,Schleswig-Holstein,m,85-89,0
2022,Schleswig-Holstein,w,insgesamt,7
2022,Schleswig-Holstein,w,unter 1,0
2022,Schleswig-Holstein,w,1-4,0
2022,Schleswig-Holstein,w,5-9,0
2022,Schleswig-Holstein,w,10-14,0
2022,Schleswig-Holstein,w,15-17,0
2022,Schleswig-Holstein,w,18-19,0
2022,Schleswig-Holstein,w,20-24,4
2022,Schleswig-Holstein,w,25-29,1
2022,Schleswig-Holstein,w,30-34,0
2022,Schleswig-Holstein,w,35-39,0
2022,Schleswig-Holstein,w,40-44,1
2022,Schleswig-Holstein,w,45-49,1
2022,Schleswig-Holstein,w,50-54,0
2022,Schleswig-Holstein,w,55-59,0
2022,Schleswig-Holstein,w,60-64,0
2022,Schleswig-Holstein,w,65-69,0
2022,Schleswig-Holstein,w,70-74,0
2022,Schleswig-Holstein,w,75-79,0
2022,Schleswig-Holstein,w,80-84,0
2022,Schleswig-Holstein,w,85-89,0
2022,Thüringen,m,insgesamt,6
2022,Thüringen,m,unter 1,0
2022,Thüringen,m,1-4,0
2022,Thüringen,m,5-9,0
2022,Thüringen,m,10-14,0
2022,Thüringen,m,15-17,0
2022,Thüringen,m,18-19,1
2022,Thüringen,m,20-24,1
2022,Thüringen,m,25-29,2
2022,Thüringen,m,30-34,0
2022,Thüringen,m,35-39,0
2022,Thüringen,m,40-44,0
2022,Thüringen,m,45-49,1
2022,Thüringen,m,50-54,0
2022,Thüringen,m,55-59,1
2022,Thüringen,m,60-64,0
2022,Thüringen,m,65-69,0
2022,Thüringen,m,70-74,0
2022,Thüringen,m,75-79,0
2022,Thüringen,m,80-84,0
2022,Thüringen,m,85-89,0
2022,Thüringen,w,insgesamt,6
2022,Thüringen,w,unter 1,0
2022,Thüringen,w,1-4,0
2022,Thüringen,w,5-9,0
2022,Thüringen,w,10-14,0
2022,Thüringen,w,15-17,0
2022,Thüringen,w,18-19,0
2022,Thüringen,w,20-24,0
2022,Thüringen,w,25-29,0
2022,Thüringen,w,30-34,0
2022,Thüringen,w,35-39,0
2022,Thüringen,w,40-44,0
2022,Thüringen,w,45-49,1
2022,Thüringen,w,50-54,1
2022,Thüringen,w,55-59,2
2022,Thüringen,w,60-64,1
2022,Thüringen,w,65-69,0
2022,Thüringen,w,70-74,1
2022,Thüringen,w,75-79,0
2022,Thüringen,w,80-84,0
2022,Thüringen,w,85-89,0
2023,Deutschland,m,insgesamt,3635
2023,Deutschland,m,unter 1,0
2023,Deutschland,m,1-4,0
2023,Deutschland,m,5-9,0
2023,Deutschland,m,10-14,2
2023,Deutschland,m,15-17,93
2023,Deutschland,m,18-19,291
2023,Deutschland,m,20-24,"1,224"
2023,Deutschland,m,25-29,817
2023,Deutschland,m,30-34,496
2023,Deutschland,m,35-39,285
2023,Deutschland,m,40-44,169
2023,Deutschland,m,45-49,101
2023,Deutschland,m,50-54,82
2023,Deutschland,m,55-59,50
2023,Deutschland,m,60-64,12
2023,Deutschland,m,65-69,10
2023,Deutschland,m,70-74,1
2023,Deutschland,m,75-79,0
2023,Deutschland,m,80-84,2
2023,Deutschland,m,85-89,0
2023,Deutschland,w,insgesamt,2169
2023,Deutschland,w,unter 1,0
2023,Deutschland,w,1-4,0
2023,Deutschland,w,5-9,0
2023,Deutschland,w,10-14,2
2023,Deutschland,w,15-17,62
2023,Deutschland,w,18-19,169
2023,Deutschland,w,20-24,527
2023,Deutschland,w,25-29,455
2023,Deutschland,w,30-34,260
2023,Deutschland,w,35-39,179
2023,Deutschland,w,40-44,137
2023,Deutschland,w,45-49,110
2023,Deutschland,w,50-54,89
2023,Deutschland,w,55-59,99
2023,Deutschland,w,60-64,46
2023,Deutschland,w,65-69,25
2023,Deutschland,w,70-74,7
2023,Deutschland,w,75-79,0
2023,Deutschland,w,80-84,1
2023,Deutschland,w,85-89,1
2023,Baden-Württemberg,m,insgesamt,97
2023,Baden-Württemberg,m,unter 1,0
2023,Baden-Württemberg,m,1-4,0
2023,Baden-Württemberg,m,5-9,0
2023,Baden-Württemberg,m,10-14,0
2023,Baden-Württemberg,m,15-17,2
2023,Baden-Württemberg,m,18-19,7
2023,Baden-Württemberg,m,20-24,40
2023,Baden-Württemberg,m,25-29,15
2023,Baden-Württemberg,m,30-34,11
2023,Baden-Württemberg,m,35-39,6
2023,Baden-Württemberg,m,40-44,6
2023,Baden-Württemberg,m,45-49,4
2023,Baden-Württemberg,m,50-54,4
2023,Baden-Württemberg,m,55-59,0
2023,Baden-Württemberg,m,60-64,1
2023,Baden-Württemberg,m,65-69,0
2023,Baden-Württemberg,m,70-74,0
2023,Baden-Württemberg,m,75-79,0
2023,Baden-Württemberg,m,80-84,1
2023,Baden-Württemberg,m,85-89,0
2023,Baden-Württemberg,w,insgesamt,148
2023,Baden-Württemberg,w,unter 1,0
2023,Baden-Württemberg,w,1-4,0
2023,Baden-Württemberg,w,5-9,0
2023,Baden-Württemberg,w,10-14,0
2023,Baden-Württemberg,w,15-17,0
2023,Baden-Württemberg,w,18-19,7
2023,Baden-Württemberg,w,20-24,24
2023,Baden-Württemberg,w,25-29,29
2023,Baden-Württemberg,w,30-34,19
2023,Baden-Württemberg,w,35-39,21
2023,Baden-Württemberg,w,40-44,14
2023,Baden-Württemberg,w,45-49,11
2023,Baden-Württemberg,w,50-54,6
2023,Baden-Württemberg,w,55-59,10
2023,Baden-Württemberg,w,60-64,2
2023,Baden-Württemberg,w,65-69,2
2023,Baden-Württemberg,w,70-74,2
2023,Baden-Württemberg,w,75-79,0
2023,Baden-Württemberg,w,80-84,0
2023,Baden-Württemberg,w,85-89,1
2023,Bayern,m,insgesamt,1162
2023,Bayern,m,unter 1,0
2023,Bayern,m,1-4,0
2023,Bayern,m,5-9,0
2023,Bayern,m,10-14,0
2023,Bayern,m,15-17,6
2023,Bayern,m,18-19,35
2023,Bayern,m,20-24,335
2023,Bayern,m,25-29,319
2023,Bayern,m,30-34,192
2023,Bayern,m,35-39,108
2023,Bayern,m,40-44,75
2023,Bayern,m,45-49,37
2023,Bayern,m,50-54,30
2023,Bayern,m,55-59,14
2023,Bayern,m,60-64,6
2023,Bayern,m,65-69,4
2023,Bayern,m,70-74,1
2023,Bayern,m,75-79,0
2023,Bayern,m,80-84,0
2023,Bayern,m,85-89,0
2023,Bayern,w,insgesamt,743
2023,Bayern,w,unter 1,0
2023,Bayern,w,1-4,0
2023,Bayern,w,5-9,0
2023,Bayern,w,10-14,0
2023,Bayern,w,15-17,1
2023,Bayern,w,18-19,24
2023,Bayern,w,20-24,176
2023,Bayern,w,25-29,191
2023,Bayern,w,30-34,102
2023,Bayern,w,35-39,70
2023,Bayern,w,40-44,46
2023,Bayern,w,45-49,39
2023,Bayern,w,50-54,36
2023,Bayern,w,55-59,37
2023,Bayern,w,60-64,14
2023,Bayern,w,65-69,3
2023,Bayern,w,70-74,3
2023,Bayern,w,75-79,0
2023,Bayern,w,80-84,1
2023,Bayern,w,85-89,0
2023,Berlin,m,insgesamt,548
2023,Berlin,m,unter 1,0
2023,Berlin,m,1-4,0
2023,Berlin,m,5-9,0
2023,Berlin,m,10-14,1
2023,Berlin,m,15-17,6
2023,Berlin,m,18-19,42
2023,Berlin,m,20-24,191
2023,Berlin,m,25-29,111
2023,Berlin,m,30-34,73
2023,Berlin,m,35-39,45
2023,Berlin,m,40-44,27
2023,Berlin,m,45-49,21
2023,Berlin,m,50-54,16
2023,Berlin,m,55-59,11
2023,Berlin,m,60-64,2
2023,Berlin,m,65-69,1
2023,Berlin,m,70-74,0
2023,Berlin,m,75-79,0
2023,Berlin,m,80-84,1
2023,Berlin,m,85-89,0
2023,Berlin,w,insgesamt,197
2023,Berlin,w,unter 1,0
2023,Berlin,w,1-4,0
2023,Berlin,w,5-9,0
2023,Berlin,w,10-14,1
2023,Berlin,w,15-17,12
2023,Berlin,w,18-19,16
2023,Berlin,w,20-24,54
2023,Berlin,w,25-29,43
2023,Berlin,w,30-34,25
2023,Berlin,w,35-39,11
2023,Berlin,w,40-44,14
2023,Berlin,w,45-49,5
2023,Berlin,w,50-54,0
2023,Berlin,w,55-59,9
2023,Berlin,w,60-64,4
2023,Berlin,w,65-69,3
2023,Berlin,w,70-74,0
2023,Berlin,w,75-79,0
2023,Berlin,w,80-84,0
2023,Berlin,w,85-89,0
2023,Brandenburg,m,insgesamt,20
2023,Brandenburg,m,unter 1,0
2023,Brandenburg,m,1-4,0
2023,Brandenburg,m,5-9,0
2023,Brandenburg,m,10-14,0
2023,Brandenburg,m,15-17,0
2023,Brandenburg,m,18-19,3
2023,Brandenburg,m,20-24,6
2023,Brandenburg,m,25-29,5
2023,Brandenburg,m,30-34,1
2023,Brandenburg,m,35-39,2
2023,Brandenburg,m,40-44,2
2023,Brandenburg,m,45-49,0
2023,Brandenburg,m,50-54,1
2023,Brandenburg,m,55-59,0
2023,Brandenburg,m,60-64,0
2023,Brandenburg,m,65-69,0
2023,Brandenburg,m,70-74,0
2023,Brandenburg,m,75-79,0
2023,Brandenburg,m,80-84,0
2023,Brandenburg,m,85-89,0
2023,Brandenburg,w,insgesamt,61
2023,Brandenburg,w,unter 1,0
2023,Brandenburg,w,1-4,0
2023,Brandenburg,w,5-9,0
2023,Brandenburg,w,10-14,0
2023,Brandenburg,w,15-17,1
2023,Brandenburg,w,18-19,1
2023,Brandenburg,w,20-24,15
2023,Brandenburg,w,25-29,10
2023,Brandenburg,w,30-34,12
2023,Brandenburg,w,35-39,5
2023,Brandenburg,w,40-44,5
2023,Brandenburg,w,45-49,2
2023,Brandenburg,w,50-54,3
2023,Brandenburg,w,55-59,4
2023,Brandenburg,w,60-64,3
2023,Brandenburg,w,65-69,0
2023,Brandenburg,w,70-74,0
2023,Brandenburg,w,75-79,0
2023,Brandenburg,w,80-84,0
2023,Brandenburg,w,85-89,0
2023,Bremen,m,insgesamt,14
2023,Bremen,m,unter 1,0
2023,Bremen,m,1-4,0
2023,Bremen,m,5-9,0
2023,Bremen,m,10-14,0
2023,Bremen,m,15-17,1
2023,Bremen,m,18-19,1
2023,Bremen,m,20-24,9
2023,Bremen,m,25-29,1
2023,Bremen,m,30-34,1
2023,Bremen,m,35-39,1
2023,Bremen,m,40-44,0
2023,Bremen,m,45-49,0
2023,Bremen,m,50-54,0
2023,Bremen,m,55-59,0
2023,Bremen,m,60-64,0
2023,Bremen,m,65-69,0
2023,Bremen,m,70-74,0
2023,Bremen,m,75-79,0
2023,Bremen,m,80-84,0
2023,Bremen,m,85-89,0
2023,Bremen,w,insgesamt,4
2023,Bremen,w,unter 1,0
2023,Bremen,w,1-4,0
2023,Bremen,w,5-9,0
2023,Bremen,w,10-14,0
2023,Bremen,w,15-17,0
2023,Bremen,w,18-19,0
2023,Bremen,w,20-24,0
2023,Bremen,w,25-29,0
2023,Bremen,w,30-34,0
2023,Bremen,w,35-39,0
2023,Bremen,w,40-44,2
2023,Bremen,w,45-49,1
2023,Bremen,w,50-54,0
2023,Bremen,w,55-59,1
2023,Bremen,w,60-64,0
2023,Bremen,w,65-69,0
2023,Bremen,w,70-74,0
2023,Bremen,w,75-79,0
2023,Bremen,w,80-84,0
2023,Bremen,w,85-89,0
2023,Hamburg,m,insgesamt,159
2023,Hamburg,m,unter 1,0
2023,Hamburg,m,1-4,0
2023,Hamburg,m,5-9,0
2023,Hamburg,m,10-14,1
2023,Hamburg,m,15-17,3
2023,Hamburg,m,18-19,16
2023,Hamburg,m,20-24,55
2023,Hamburg,m,25-29,28
2023,Hamburg,m,30-34,22
2023,Hamburg,m,35-39,10
2023,Hamburg,m,40-44,10
2023,Hamburg,m,45-49,6
2023,Hamburg,m,50-54,3
2023,Hamburg,m,55-59,2
2023,Hamburg,m,60-64,0
2023,Hamburg,m,65-69,3
2023,Hamburg,m,70-74,0
2023,Hamburg,m,75-79,0
2023,Hamburg,m,80-84,0
2023,Hamburg,m,85-89,0
2023,Hamburg,w,insgesamt,172
2023,Hamburg,w,unter 1,0
2023,Hamburg,w,1-4,0
2023,Hamburg,w,5-9,0
2023,Hamburg,w,10-14,0
2023,Hamburg,w,15-17,2
2023,Hamburg,w,18-19,16
2023,Hamburg,w,20-24,30
2023,Hamburg,w,25-29,27
2023,Hamburg,w,30-34,32
2023,Hamburg,w,35-39,16
2023,Hamburg,w,40-44,9
2023,Hamburg,w,45-49,13
2023,Hamburg,w,50-54,8
2023,Hamburg,w,55-59,10
2023,Hamburg,w,60-64,6
2023,Hamburg,w,65-69,3
2023,Hamburg,w,70-74,0
2023,Hamburg,w,75-79,0
2023,Hamburg,w,80-84,0
2023,Hamburg,w,85-89,0
2023,Hessen,m,insgesamt,144
2023,Hessen,m,unter 1,0
2023,Hessen,m,1-4,0
2023,Hessen,m,5-9,0
2023,Hessen,m,10-14,0
2023,Hessen,m,15-17,11
2023,Hessen,m,18-19,17
2023,Hessen,m,20-24,40
2023,Hessen,m,25-29,22
2023,Hessen,m,30-34,17
2023,Hessen,m,35-39,12
2023,Hessen,m,40-44,5
2023,Hessen,m,45-49,4
2023,Hessen,m,50-54,4
2023,Hessen,m,55-59,10
2023,Hessen,m,60-64,1
2023,Hessen,m,65-69,1
2023,Hessen,m,70-74,0
2023,Hessen,m,75-79,0
2023,Hessen,m,80-84,0
2023,Hessen,m,85-89,0
2023,Hessen,w,insgesamt,93
2023,Hessen,w,unter 1,0
2023,Hessen,w,1-4,0
2023,Hessen,w,5-9,0
2023,Hessen,w,10-14,0
2023,Hessen,w,15-17,3
2023,Hessen,w,18-19,16
2023,Hessen,w,20-24,28
2023,Hessen,w,25-29,13
2023,Hessen,w,30-34,3
2023,Hessen,w,35-39,7
2023,Hessen,w,40-44,3
2023,Hessen,w,45-49,10
2023,Hessen,w,50-54,3
2023,Hessen,w,55-59,3
2023,Hessen,w,60-64,2
2023,Hessen,w,65-69,0
2023,Hessen,w,70-74,2
2023,Hessen,w,75-79,0
2023,Hessen,w,80-84,0
2023,Hessen,w,85-89,0
2023,Mecklenburg-Vorpommern,m,insgesamt,8
2023,Mecklenburg-Vorpommern,m,unter 1,0
2023,Mecklenburg-Vorpommern,m,1-4,0
2023,Mecklenburg-Vorpommern,m,5-9,0
2023,Mecklenburg-Vorpommern,m,10-14,0
2023,Mecklenburg-Vorpommern,m,15-17,0
2023,Mecklenburg-Vorpommern,m,18-19,0
2023,Mecklenburg-Vorpommern,m,20-24,3
2023,Mecklenburg-Vorpommern,m,25-29,1
2023,Mecklenburg-Vorpommern,m,30-34,2
2023,Mecklenburg-Vorpommern,m,35-39,2
2023,Mecklenburg-Vorpommern,m,40-44,0
2023,Mecklenburg-Vorpommern,m,45-49,0
2023,Mecklenburg-Vorpommern,m,50-54,0
2023,Mecklenburg-Vorpommern,m,55-59,0
2023,Mecklenburg-Vorpommern,m,60-64,0
2023,Mecklenburg-Vorpommern,m,65-69,0
2023,Mecklenburg-Vorpommern,m,70-74,0
2023,Mecklenburg-Vorpommern,m,75-79,0
2023,Mecklenburg-Vorpommern,m,80-84,0
2023,Mecklenburg-Vorpommern,m,85-89,0
2023,Mecklenburg-Vorpommern,w,insgesamt,3
2023,Mecklenburg-Vorpommern,w,unter 1,0
2023,Mecklenburg-Vorpommern,w,1-4,0
2023,Mecklenburg-Vorpommern,w,5-9,0
2023,Mecklenburg-Vorpommern,w,10-14,0
2023,Mecklenburg-Vorpommern,w,15-17,1
2023,Mecklenburg-Vorpommern,w,18-19,0
2023,Mecklenburg-Vorpommern,w,20-24,0
2023,Mecklenburg-Vorpommern,w,25-29,0
2023,Mecklenburg-Vorpommern,w,30-34,0
2023,Mecklenburg-Vorpommern,w,35-39,1
2023,Mecklenburg-Vorpommern,w,40-44,0
2023,Mecklenburg-Vorpommern,w,45-49,0
2023,Mecklenburg-Vorpommern,w,50-54,1
2023,Mecklenburg-Vorpommern,w,55-59,0
2023,Mecklenburg-Vorpommern,w,60-64,0
2023,Mecklenburg-Vorpommern,w,65-69,0
2023,Mecklenburg-Vorpommern,w,70-74,0
2023,Mecklenburg-Vorpommern,w,75-79,0
2023,Mecklenburg-Vorpommern,w,80-84,0
2023,Mecklenburg-Vorpommern,w,85-89,0
2023,Niedersachsen,m,insgesamt,30
2023,Niedersachsen,m,unter 1,0
2023,Niedersachsen,m,1-4,0
2023,Niedersachsen,m,5-9,0
2023,Niedersachsen,m,10-14,0
2023,Niedersachsen,m,15-17,3
2023,Niedersachsen,m,18-19,4
2023,Niedersachsen,m,20-24,8
2023,Niedersachsen,m,25-29,9
2023,Niedersachsen,m,30-34,3
2023,Niedersachsen,m,35-39,1
2023,Niedersachsen,m,40-44,0
2023,Niedersachsen,m,45-49,0
2023,Niedersachsen,m,50-54,2
2023,Niedersachsen,m,55-59,0
2023,Niedersachsen,m,60-64,0
2023,Niedersachsen,m,65-69,0
2023,Niedersachsen,m,70-74,0
2023,Niedersachsen,m,75-79,0
2023,Niedersachsen,m,80-84,0
2023,Niedersachsen,m,85-89,0
2023,Niedersachsen,w,insgesamt,31
2023,Niedersachsen,w,unter 1,0
2023,Niedersachsen,w,1-4,0
2023,Niedersachsen,w,5-9,0
2023,Niedersachsen,w,10-14,0
2023,Niedersachsen,w,15-17,1
2023,Niedersachsen,w,18-19,4
2023,Niedersachsen,w,20-24,12
2023,Niedersachsen,w,25-29,5
2023,Niedersachsen,w,30-34,1
2023,Niedersachsen,w,35-39,4
2023,Niedersachsen,w,40-44,1
2023,Niedersachsen,w,45-49,1
2023,Niedersachsen,w,50-54,0
2023,Niedersachsen,w,55-59,2
2023,Niedersachsen,w,60-64,0
2023,Niedersachsen,w,65-69,0
2023,Niedersachsen,w,70-74,0
2023,Niedersachsen,w,75-79,0
2023,Niedersachsen,w,80-84,0
2023,Niedersachsen,w,85-89,0
2023,Nordrhein-Westfalen,m,insgesamt,679
2023,Nordrhein-Westfalen,m,unter 1,0
2023,Nordrhein-Westfalen,m,1-4,0
2023,Nordrhein-Westfalen,m,5-9,0
2023,Nordrhein-Westfalen,m,10-14,0
2023,Nordrhein-Westfalen,m,15-17,32
2023,Nordrhein-Westfalen,m,18-19,60
2023,Nordrhein-Westfalen,m,20-24,221
2023,Nordrhein-Westfalen,m,25-29,145
2023,Nordrhein-Westfalen,m,30-34,101
2023,Nordrhein-Westfalen,m,35-39,49
2023,Nordrhein-Westfalen,m,40-44,32
2023,Nordrhein-Westfalen,m,45-49,15
2023,Nordrhein-Westfalen,m,50-54,15
2023,Nordrhein-Westfalen,m,55-59,8
2023,Nordrhein-Westfalen,m,60-64,1
2023,Nordrhein-Westfalen,m,65-69,0
2023,Nordrhein-Westfalen,m,70-74,0
2023,Nordrhein-Westfalen,m,75-79,0
2023,Nordrhein-Westfalen,m,80-84,0
2023,Nordrhein-Westfalen,m,85-89,0
2023,Nordrhein-Westfalen,w,insgesamt,564
2023,Nordrhein-Westfalen,w,unter 1,0
2023,Nordrhein-Westfalen,w,1-4,0
2023,Nordrhein-Westfalen,w,5-9,0
2023,Nordrhein-Westfalen,w,10-14,0
2023,Nordrhein-Westfalen,w,15-17,38
2023,Nordrhein-Westfalen,w,18-19,68
2023,Nordrhein-Westfalen,w,20-24,152
2023,Nordrhein-Westfalen,w,25-29,113
2023,Nordrhein-Westfalen,w,30-34,53
2023,Nordrhein-Westfalen,w,35-39,35
2023,Nordrhein-Westfalen,w,40-44,32
2023,Nordrhein-Westfalen,w,45-49,24
2023,Nordrhein-Westfalen,w,50-54,19
2023,Nordrhein-Westfalen,w,55-59,14
2023,Nordrhein-Westfalen,w,60-64,9
2023,Nordrhein-Westfalen,w,65-69,7
2023,Nordrhein-Westfalen,w,70-74,0
2023,Nordrhein-Westfalen,w,75-79,0
2023,Nordrhein-Westfalen,w,80-84,0
2023,Nordrhein-Westfalen,w,85-89,0
2023,Rheinland-Pfalz,m,insgesamt,34
2023,Rheinland-Pfalz,m,unter 1,0
2023,Rheinland-Pfalz,m,1-4,0
2023,Rheinland-Pfalz,m,5-9,0
2023,Rheinland-Pfalz,m,10-14,0
2023,Rheinland-Pfalz,m,15-17,0
2023,Rheinland-Pfalz,m,18-19,1
2023,Rheinland-Pfalz,m,20-24,11
2023,Rheinland-Pfalz,m,25-29,9
2023,Rheinland-Pfalz,m,30-34,3
2023,Rheinland-Pfalz,m,35-39,3
2023,Rheinland-Pfalz,m,40-44,1
2023,Rheinland-Pfalz,m,45-49,4
2023,Rheinland-Pfalz,m,50-54,1
2023,Rheinland-Pfalz,m,55-59,1
2023,Rheinland-Pfalz,m,60-64,0
2023,Rheinland-Pfalz,m,65-69,0
2023,Rheinland-Pfalz,m,70-74,0
2023,Rheinland-Pfalz,m,75-79,0
2023,Rheinland-Pfalz,m,80-84,0
2023,Rheinland-Pfalz,m,85-89,0
2023,Rheinland-Pfalz,w,insgesamt,17
2023,Rheinland-Pfalz,w,unter 1,0
2023,Rheinland-Pfalz,w,1-4,0
2023,Rheinland-Pfalz,w,5-9,0
2023,Rheinland-Pfalz,w,10-14,0
2023,Rheinland-Pfalz,w,15-17,2
2023,Rheinland-Pfalz,w,18-19,7
2023,Rheinland-Pfalz,w,20-24,6
2023,Rheinland-Pfalz,w,25-29,2
2023,Rheinland-Pfalz,w,30-34,0
2023,Rheinland-Pfalz,w,35-39,0
2023,Rheinland-Pfalz,w,40-44,0
2023,Rheinland-Pfalz,w,45-49,0
2023,Rheinland-Pfalz,w,50-54,0
2023,Rheinland-Pfalz,w,55-59,0
2023,Rheinland-Pfalz,w,60-64,0
2023,Rheinland-Pfalz,w,65-69,0
2023,Rheinland-Pfalz,w,70-74,0
2023,Rheinland-Pfalz,w,75-79,0
2023,Rheinland-Pfalz,w,80-84,0
2023,Rheinland-Pfalz,w,85-89,0
2023,Saarland,m,insgesamt,6
2023,Saarland,m,unter 1,0
2023,Saarland,m,1-4,0
2023,Saarland,m,5-9,0
2023,Saarland,m,10-14,0
2023,Saarland,m,15-17,0
2023,Saarland,m,18-19,0
2023,Saarland,m,20-24,2
2023,Saarland,m,25-29,1
2023,Saarland,m,30-34,1
2023,Saarland,m,35-39,2
2023,Saarland,m,40-44,0
2023,Saarland,m,45-49,0
2023,Saarland,m,50-54,0
2023,Saarland,m,55-59,0
2023,Saarland,m,60-64,0
2023,Saarland,m,65-69,0
2023,Saarland,m,70-74,0
2023,Saarland,m,75-79,0
2023,Saarland,m,80-84,0
2023,Saarland,m,85-89,0
2023,Saarland,w,insgesamt,6
2023,Saarland,w,unter 1,0
2023,Saarland,w,1-4,0
2023,Saarland,w,5-9,0
2023,Saarland,w,10-14,0
2023,Saarland,w,15-17,0
2023,Saarland,w,18-19,1
2023,Saarland,w,20-24,1
2023,Saarland,w,25-29,1
2023,Saarland,w,30-34,2
2023,Saarland,w,35-39,0
2023,Saarland,w,40-44,0
2023,Saarland,w,45-49,0
2023,Saarland,w,50-54,1
2023,Saarland,w,55-59,0
2023,Saarland,w,60-64,0
2023,Saarland,w,65-69,0
2023,Saarland,w,70-74,0
2023,Saarland,w,75-79,0
2023,Saarland,w,80-84,0
2023,Saarland,w,85-89,0
2023,Sachsen,m,insgesamt,75
2023,Sachsen,m,unter 1,0
2023,Sachsen,m,1-4,0
2023,Sachsen,m,5-9,0
2023,Sachsen,m,10-14,0
2023,Sachsen,m,15-17,2
2023,Sachsen,m,18-19,11
2023,Sachsen,m,20-24,28
2023,Sachsen,m,25-29,15
2023,Sachsen,m,30-34,7
2023,Sachsen,m,35-39,6
2023,Sachsen,m,40-44,3
2023,Sachsen,m,45-49,2
2023,Sachsen,m,50-54,0
2023,Sachsen,m,55-59,1
2023,Sachsen,m,60-64,0
2023,Sachsen,m,65-69,0
2023,Sachsen,m,70-74,0
2023,Sachsen,m,75-79,0
2023,Sachsen,m,80-84,0
2023,Sachsen,m,85-89,0
2023,Sachsen,w,insgesamt,64
2023,Sachsen,w,unter 1,0
2023,Sachsen,w,1-4,0
2023,Sachsen,w,5-9,0
2023,Sachsen,w,10-14,0
2023,Sachsen,w,15-17,0
2023,Sachsen,w,18-19,6
2023,Sachsen,w,20-24,15
2023,Sachsen,w,25-29,13
2023,Sachsen,w,30-34,5
2023,Sachsen,w,35-39,4
2023,Sachsen,w,40-44,8
2023,Sachsen,w,45-49,1
2023,Sachsen,w,50-54,2
2023,Sachsen,w,55-59,4
2023,Sachsen,w,60-64,3
2023,Sachsen,w,65-69,3
2023,Sachsen,w,70-74,0
2023,Sachsen,w,75-79,0
2023,Sachsen,w,80-84,0
2023,Sachsen,w,85-89,0
2023,Sachsen-Anhalt,m,insgesamt,31
2023,Sachsen-Anhalt,m,unter 1,0
2023,Sachsen-Anhalt,m,1-4,0
2023,Sachsen-Anhalt,m,5-9,0
2023,Sachsen-Anhalt,m,10-14,0
2023,Sachsen-Anhalt,m,15-17,1
2023,Sachsen-Anhalt,m,18-19,3
2023,Sachsen-Anhalt,m,20-24,13
2023,Sachsen-Anhalt,m,25-29,4
2023,Sachsen-Anhalt,m,30-34,1
2023,Sachsen-Anhalt,m,35-39,5
2023,Sachsen-Anhalt,m,40-44,1
2023,Sachsen-Anhalt,m,45-49,1
2023,Sachsen-Anhalt,m,50-54,2
2023,Sachsen-Anhalt,m,55-59,0
2023,Sachsen-Anhalt,m,60-64,0
2023,Sachsen-Anhalt,m,65-69,0
2023,Sachsen-Anhalt,m,70-74,0
2023,Sachsen-Anhalt,m,75-79,0
2023,Sachsen-Anhalt,m,80-84,0
2023,Sachsen-Anhalt,m,85-89,0
2023,Sachsen-Anhalt,w,insgesamt,30
2023,Sachsen-Anhalt,w,unter 1,0
2023,Sachsen-Anhalt,w,1-4,0
2023,Sachsen-Anhalt,w,5-9,0
2023,Sachsen-Anhalt,w,10-14,0
2023,Sachsen-Anhalt,w,15-17,1
2023,Sachsen-Anhalt,w,18-19,0
2023,Sachsen-Anhalt,w,20-24,8
2023,Sachsen-Anhalt,w,25-29,4
2023,Sachsen-Anhalt,w,30-34,3
2023,Sachsen-Anhalt,w,35-39,1
2023,Sachsen-Anhalt,w,40-44,1
2023,Sachsen-Anhalt,w,45-49,0
2023,Sachsen-Anhalt,w,50-54,6
2023,Sachsen-Anhalt,w,55-59,2
2023,Sachsen-Anhalt,w,60-64,3
2023,Sachsen-Anhalt,w,65-69,1
2023,Sachsen-Anhalt,w,70-74,0
2023,Sachsen-Anhalt,w,75-79,0
2023,Sachsen-Anhalt,w,80-84,0
2023,Sachsen-Anhalt,w,85-89,0
2023,Schleswig-Holstein,m,insgesamt,621
2023,Schleswig-Holstein,m,unter 1,0
2023,Schleswig-Holstein,m,1-4,0
2023,Schleswig-Holstein,m,5-9,0
2023,Schleswig-Holstein,m,10-14,0
2023,Schleswig-Holstein,m,15-17,25
2023,Schleswig-Holstein,m,18-19,91
2023,Schleswig-Holstein,m,20-24,258
2023,Schleswig-Holstein,m,25-29,131
2023,Schleswig-Holstein,m,30-34,60
2023,Schleswig-Holstein,m,35-39,33
2023,Schleswig-Holstein,m,40-44,7
2023,Schleswig-Holstein,m,45-49,7
2023,Schleswig-Holstein,m,50-54,4
2023,Schleswig-Holstein,m,55-59,3
2023,Schleswig-Holstein,m,60-64,1
2023,Schleswig-Holstein,m,65-69,1
2023,Schleswig-Holstein,m,70-74,0
2023,Schleswig-Holstein,m,75-79,0
2023,Schleswig-Holstein,m,80-84,0
2023,Schleswig-Holstein,m,85-89,0
2023,Schleswig-Holstein,w,insgesamt,27
2023,Schleswig-Holstein,w,unter 1,0
2023,Schleswig-Holstein,w,1-4,0
2023,Schleswig-Holstein,w,5-9,0
2023,Schleswig-Holstein,w,10-14,0
2023,Schleswig-Holstein,w,15-17,0
2023,Schleswig-Holstein,w,18-19,2
2023,Schleswig-Holstein,w,20-24,6
2023,Schleswig-Holstein,w,25-29,4
2023,Schleswig-Holstein,w,30-34,2
2023,Schleswig-Holstein,w,35-39,3
2023,Schleswig-Holstein,w,40-44,2
2023,Schleswig-Holstein,w,45-49,3
2023,Schleswig-Holstein,w,50-54,2
2023,Schleswig-Holstein,w,55-59,1
2023,Schleswig-Holstein,w,60-64,0
2023,Schleswig-Holstein,w,65-69,2
2023,Schleswig-Holstein,w,70-74,0
2023,Schleswig-Holstein,w,75-79,0
2023,Schleswig-Holstein,w,80-84,0
2023,Schleswig-Holstein,w,85-89,0
2023,Thüringen,m,insgesamt,7
2023,Thüringen,m,unter 1,0
2023,Thüringen,m,1-4,0
2023,Thüringen,m,5-9,0
2023,Thüringen,m,10-14,0
2023,Thüringen,m,15-17,1
2023,Thüringen,m,18-19,0
2023,Thüringen,m,20-24,4
2023,Thüringen,m,25-29,1
2023,Thüringen,m,30-34,1
2023,Thüringen,m,35-39,0
2023,Thüringen,m,40-44,0
2023,Thüringen,m,45-49,0
2023,Thüringen,m,50-54,0
2023,Thüringen,m,55-59,0
2023,Thüringen,m,60-64,0
2023,Thüringen,m,65-69,0
2023,Thüringen,m,70-74,0
2023,Thüringen,m,75-79,0
2023,Thüringen,m,80-84,0
2023,Thüringen,m,85-89,0
2023,Thüringen,w,insgesamt,9
2023,Thüringen,w,unter 1,0
2023,Thüringen,w,1-4,0
2023,Thüringen,w,5-9,0
2023,Thüringen,w,10-14,1
2023,Thüringen,w,15-17,0
2023,Thüringen,w,18-19,1
2023,Thüringen,w,20-24,0
2023,Thüringen,w,25-29,0
2023,Thüringen,w,30-34,1
2023,Thüringen,w,35-39,1
2023,Thüringen,w,40-44,0
2023,Thüringen,w,45-49,0
2023,Thüringen,w,50-54,2
2023,Thüringen,w,55-59,2
2023,Thüringen,w,60-64,0
2023,Thüringen,w,65-69,1
2023,Thüringen,w,70-74,0
2023,Thüringen,w,75-79,0
2023,Thüringen,w,80-84,0
2023,Thüringen,w,85-89,0
2024,Deutschland,m,insgesamt,3771
2024,Deutschland,m,unter 1,0
2024,Deutschland,m,1-4,0
2024,Deutschland,m,5-9,0
2024,Deutschland,m,10-14,1
2024,Deutschland,m,15-17,67
2024,Deutschland,m,18-19,300
2024,Deutschland,m,20-24,"1,158"
2024,Deutschland,m,25-29,944
2024,Deutschland,m,30-34,581
2024,Deutschland,m,35-39,281
2024,Deutschland,m,40-44,182
2024,Deutschland,m,45-49,107
2024,Deutschland,m,50-54,72
2024,Deutschland,m,55-59,47
2024,Deutschland,m,60-64,22
2024,Deutschland,m,65-69,2
2024,Deutschland,m,70-74,4
2024,Deutschland,m,75-79,1
2024,Deutschland,m,80-84,2
2024,Deutschland,m,85-89,0
2024,Deutschland,w,insgesamt,2532
2024,Deutschland,w,unter 1,0
2024,Deutschland,w,1-4,0
2024,Deutschland,w,5-9,0
2024,Deutschland,w,10-14,5
2024,Deutschland,w,15-17,58
2024,Deutschland,w,18-19,170
2024,Deutschland,w,20-24,646
2024,Deutschland,w,25-29,600
2024,Deutschland,w,30-34,319
2024,Deutschland,w,35-39,222
2024,Deutschland,w,40-44,157
2024,Deutschland,w,45-49,98
2024,Deutschland,w,50-54,90
2024,Deutschland,w,55-59,89
2024,Deutschland,w,60-64,52
2024,Deutschland,w,65-69,18
2024,Deutschland,w,70-74,7
2024,Deutschland,w,75-79,0
2024,Deutschland,w,80-84,1
2024,Deutschland,w,85-89,0
2024,Baden-Württemberg,m,insgesamt,112
2024,Baden-Württemberg,m,unter 1,0
2024,Baden-Württemberg,m,1-4,0
2024,Baden-Württemberg,m,5-9,0
2024,Baden-Württemberg,m,10-14,1
2024,Baden-Württemberg,m,15-17,2
2024,Baden-Württemberg,m,18-19,13
2024,Baden-Württemberg,m,20-24,42
2024,Baden-Württemberg,m,25-29,19
2024,Baden-Württemberg,m,30-34,22
2024,Baden-Württemberg,m,35-39,6
2024,Baden-Württemberg,m,40-44,4
2024,Baden-Württemberg,m,45-49,2
2024,Baden-Württemberg,m,50-54,1
2024,Baden-Württemberg,m,55-59,0
2024,Baden-Württemberg,m,60-64,0
2024,Baden-Württemberg,m,65-69,0
2024,Baden-Württemberg,m,70-74,0
2024,Baden-Württemberg,m,75-79,0
2024,Baden-Württemberg,m,80-84,0
2024,Baden-Württemberg,m,85-89,0
2024,Baden-Württemberg,w,insgesamt,176
2024,Baden-Württemberg,w,unter 1,0
2024,Baden-Württemberg,w,1-4,0
2024,Baden-Württemberg,w,5-9,0
2024,Baden-Württemberg,w,10-14,0
2024,Baden-Württemberg,w,15-17,1
2024,Baden-Württemberg,w,18-19,9
2024,Baden-Württemberg,w,20-24,40
2024,Baden-Württemberg,w,25-29,33
2024,Baden-Württemberg,w,30-34,22
2024,Baden-Württemberg,w,35-39,23
2024,Baden-Württemberg,w,40-44,12
2024,Baden-Württemberg,w,45-49,5
2024,Baden-Württemberg,w,50-54,15
2024,Baden-Württemberg,w,55-59,8
2024,Baden-Württemberg,w,60-64,8
2024,Baden-Württemberg,w,65-69,0
2024,Baden-Württemberg,w,70-74,0
2024,Baden-Württemberg,w,75-79,0
2024,Baden-Württemberg,w,80-84,0
2024,Baden-Württemberg,w,85-89,0
2024,Bayern,m,insgesamt,1150
2024,Bayern,m,unter 1,0
2024,Bayern,m,1-4,0
2024,Bayern,m,5-9,0
2024,Bayern,m,10-14,0
2024,Bayern,m,15-17,0
2024,Bayern,m,18-19,41
2024,Bayern,m,20-24,293
2024,Bayern,m,25-29,342
2024,Bayern,m,30-34,217
2024,Bayern,m,35-39,106
2024,Bayern,m,40-44,65
2024,Bayern,m,45-49,37
2024,Bayern,m,50-54,24
2024,Bayern,m,55-59,10
2024,Bayern,m,60-64,10
2024,Bayern,m,65-69,0
2024,Bayern,m,70-74,3
2024,Bayern,m,75-79,0
2024,Bayern,m,80-84,2
2024,Bayern,m,85-89,0
2024,Bayern,w,insgesamt,837
2024,Bayern,w,unter 1,0
2024,Bayern,w,1-4,0
2024,Bayern,w,5-9,0
2024,Bayern,w,10-14,0
2024,Bayern,w,15-17,1
2024,Bayern,w,18-19,33
2024,Bayern,w,20-24,188
2024,Bayern,w,25-29,239
2024,Bayern,w,30-34,126
2024,Bayern,w,35-39,79
2024,Bayern,w,40-44,56
2024,Bayern,w,45-49,35
2024,Bayern,w,50-54,27
2024,Bayern,w,55-59,33
2024,Bayern,w,60-64,10
2024,Bayern,w,65-69,7
2024,Bayern,w,70-74,3
2024,Bayern,w,75-79,0
2024,Bayern,w,80-84,0
2024,Bayern,w,85-89,0
2024,Berlin,m,insgesamt,594
2024,Berlin,m,unter 1,0
2024,Berlin,m,1-4,0
2024,Berlin,m,5-9,0
2024,Berlin,m,10-14,0
2024,Berlin,m,15-17,8
2024,Berlin,m,18-19,32
2024,Berlin,m,20-24,194
2024,Berlin,m,25-29,142
2024,Berlin,m,30-34,94
2024,Berlin,m,35-39,45
2024,Berlin,m,40-44,32
2024,Berlin,m,45-49,20
2024,Berlin,m,50-54,7
2024,Berlin,m,55-59,15
2024,Berlin,m,60-64,4
2024,Berlin,m,65-69,1
2024,Berlin,m,70-74,0
2024,Berlin,m,75-79,0
2024,Berlin,m,80-84,0
2024,Berlin,m,85-89,0
2024,Berlin,w,insgesamt,316
2024,Berlin,w,unter 1,0
2024,Berlin,w,1-4,0
2024,Berlin,w,5-9,0
2024,Berlin,w,10-14,1
2024,Berlin,w,15-17,12
2024,Berlin,w,18-19,27
2024,Berlin,w,20-24,88
2024,Berlin,w,25-29,65
2024,Berlin,w,30-34,39
2024,Berlin,w,35-39,32
2024,Berlin,w,40-44,18
2024,Berlin,w,45-49,7
2024,Berlin,w,50-54,7
2024,Berlin,w,55-59,8
2024,Berlin,w,60-64,8
2024,Berlin,w,65-69,3
2024,Berlin,w,70-74,1
2024,Berlin,w,75-79,0
2024,Berlin,w,80-84,0
2024,Berlin,w,85-89,0
2024,Brandenburg,m,insgesamt,25
2024,Brandenburg,m,unter 1,0
2024,Brandenburg,m,1-4,0
2024,Brandenburg,m,5-9,0
2024,Brandenburg,m,10-14,0
2024,Brandenburg,m,15-17,2
2024,Brandenburg,m,18-19,4
2024,Brandenburg,m,20-24,9
2024,Brandenburg,m,25-29,1
2024,Brandenburg,m,30-34,3
2024,Brandenburg,m,35-39,4
2024,Brandenburg,m,40-44,1
2024,Brandenburg,m,45-49,0
2024,Brandenburg,m,50-54,1
2024,Brandenburg,m,55-59,0
2024,Brandenburg,m,60-64,0
2024,Brandenburg,m,65-69,0
2024,Brandenburg,m,70-74,0
2024,Brandenburg,m,75-79,0
2024,Brandenburg,m,80-84,0
2024,Brandenburg,m,85-89,0
2024,Brandenburg,w,insgesamt,39
2024,Brandenburg,w,unter 1,0
2024,Brandenburg,w,1-4,0
2024,Brandenburg,w,5-9,0
2024,Brandenburg,w,10-14,1
2024,Brandenburg,w,15-17,1
2024,Brandenburg,w,18-19,3
2024,Brandenburg,w,20-24,5
2024,Brandenburg,w,25-29,9
2024,Brandenburg,w,30-34,7
2024,Brandenburg,w,35-39,3
2024,Brandenburg,w,40-44,4
2024,Brandenburg,w,45-49,1
2024,Brandenburg,w,50-54,1
2024,Brandenburg,w,55-59,1
2024,Brandenburg,w,60-64,2
2024,Brandenburg,w,65-69,1
2024,Brandenburg,w,70-74,0
2024,Brandenburg,w,75-79,0
2024,Brandenburg,w,80-84,0
2024,Brandenburg,w,85-89,0
2024,Bremen,m,insgesamt,6
2024,Bremen,m,unter 1,0
2024,Bremen,m,1-4,0
2024,Bremen,m,5-9,0
2024,Bremen,m,10-14,0
2024,Bremen,m,15-17,0
2024,Bremen,m,18-19,2
2024,Bremen,m,20-24,3
2024,Bremen,m,25-29,1
2024,Bremen,m,30-34,0
2024,Bremen,m,35-39,0
2024,Bremen,m,40-44,0
2024,Bremen,m,45-49,0
2024,Bremen,m,50-54,0
2024,Bremen,m,55-59,0
2024,Bremen,m,60-64,0
2024,Bremen,m,65-69,0
2024,Bremen,m,70-74,0
2024,Bremen,m,75-79,0
2024,Bremen,m,80-84,0
2024,Bremen,m,85-89,0
2024,Bremen,w,insgesamt,6
2024,Bremen,w,unter 1,0
2024,Bremen,w,1-4,0
2024,Bremen,w,5-9,0
2024,Bremen,w,10-14,0
2024,Bremen,w,15-17,0
2024,Bremen,w,18-19,1
2024,Bremen,w,20-24,1
2024,Bremen,w,25-29,3
2024,Bremen,w,30-34,0
2024,Bremen,w,35-39,0
2024,Bremen,w,40-44,1
2024,Bremen,w,45-49,0
2024,Bremen,w,50-54,0
2024,Bremen,w,55-59,0
2024,Bremen,w,60-64,0
2024,Bremen,w,65-69,0
2024,Bremen,w,70-74,0
2024,Bremen,w,75-79,0
2024,Bremen,w,80-84,0
2024,Bremen,w,85-89,0
2024,Hamburg,m,insgesamt,169
2024,Hamburg,m,unter 1,0
2024,Hamburg,m,1-4,0
2024,Hamburg,m,5-9,0
2024,Hamburg,m,10-14,0
2024,Hamburg,m,15-17,2
2024,Hamburg,m,18-19,12
2024,Hamburg,m,20-24,51
2024,Hamburg,m,25-29,38
2024,Hamburg,m,30-34,34
2024,Hamburg,m,35-39,10
2024,Hamburg,m,40-44,4
2024,Hamburg,m,45-49,9
2024,Hamburg,m,50-54,5
2024,Hamburg,m,55-59,2
2024,Hamburg,m,60-64,2
2024,Hamburg,m,65-69,0
2024,Hamburg,m,70-74,0
2024,Hamburg,m,75-79,0
2024,Hamburg,m,80-84,0
2024,Hamburg,m,85-89,0
2024,Hamburg,w,insgesamt,157
2024,Hamburg,w,unter 1,0
2024,Hamburg,w,1-4,0
2024,Hamburg,w,5-9,0
2024,Hamburg,w,10-14,0
2024,Hamburg,w,15-17,4
2024,Hamburg,w,18-19,6
2024,Hamburg,w,20-24,41
2024,Hamburg,w,25-29,39
2024,Hamburg,w,30-34,17
2024,Hamburg,w,35-39,16
2024,Hamburg,w,40-44,10
2024,Hamburg,w,45-49,5
2024,Hamburg,w,50-54,6
2024,Hamburg,w,55-59,5
2024,Hamburg,w,60-64,5
2024,Hamburg,w,65-69,2
2024,Hamburg,w,70-74,1
2024,Hamburg,w,75-79,0
2024,Hamburg,w,80-84,0
2024,Hamburg,w,85-89,0
2024,Hessen,m,insgesamt,125
2024,Hessen,m,unter 1,0
2024,Hessen,m,1-4,0
2024,Hessen,m,5-9,0
2024,Hessen,m,10-14,0
2024,Hessen,m,15-17,2
2024,Hessen,m,18-19,10
2024,Hessen,m,20-24,28
2024,Hessen,m,25-29,31
2024,Hessen,m,30-34,17
2024,Hessen,m,35-39,17
2024,Hessen,m,40-44,6
2024,Hessen,m,45-49,3
2024,Hessen,m,50-54,4
2024,Hessen,m,55-59,5
2024,Hessen,m,60-64,2
2024,Hessen,m,65-69,0
2024,Hessen,m,70-74,0
2024,Hessen,m,75-79,0
2024,Hessen,m,80-84,0
2024,Hessen,m,85-89,0
2024,Hessen,w,insgesamt,95
2024,Hessen,w,unter 1,0
2024,Hessen,w,1-4,0
2024,Hessen,w,5-9,0
2024,Hessen,w,10-14,0
2024,Hessen,w,15-17,7
2024,Hessen,w,18-19,10
2024,Hessen,w,20-24,28
2024,Hessen,w,25-29,14
2024,Hessen,w,30-34,7
2024,Hessen,w,35-39,8
2024,Hessen,w,40-44,3
2024,Hessen,w,45-49,5
2024,Hessen,w,50-54,5
2024,Hessen,w,55-59,3
2024,Hessen,w,60-64,4
2024,Hessen,w,65-69,1
2024,Hessen,w,70-74,0
2024,Hessen,w,75-79,0
2024,Hessen,w,80-84,0
2024,Hessen,w,85-89,0
2024,Mecklenburg-Vorpommern,m,insgesamt,10
2024,Mecklenburg-Vorpommern,m,unter 1,0
2024,Mecklenburg-Vorpommern,m,1-4,0
2024,Mecklenburg-Vorpommern,m,5-9,0
2024,Mecklenburg-Vorpommern,m,10-14,0
2024,Mecklenburg-Vorpommern,m,15-17,1
2024,Mecklenburg-Vorpommern,m,18-19,2
2024,Mecklenburg-Vorpommern,m,20-24,3
2024,Mecklenburg-Vorpommern,m,25-29,1
2024,Mecklenburg-Vorpommern,m,30-34,1
2024,Mecklenburg-Vorpommern,m,35-39,1
2024,Mecklenburg-Vorpommern,m,40-44,0
2024,Mecklenburg-Vorpommern,m,45-49,0
2024,Mecklenburg-Vorpommern,m,50-54,0
2024,Mecklenburg-Vorpommern,m,55-59,1
2024,Mecklenburg-Vorpommern,m,60-64,0
2024,Mecklenburg-Vorpommern,m,65-69,0
2024,Mecklenburg-Vorpommern,m,70-74,0
2024,Mecklenburg-Vorpommern,m,75-79,0
2024,Mecklenburg-Vorpommern,m,80-84,0
2024,Mecklenburg-Vorpommern,m,85-89,0
2024,Mecklenburg-Vorpommern,w,insgesamt,6
2024,Mecklenburg-Vorpommern,w,unter 1,0
2024,Mecklenburg-Vorpommern,w,1-4,0
2024,Mecklenburg-Vorpommern,w,5-9,0
2024,Mecklenburg-Vorpommern,w,10-14,0
2024,Mecklenburg-Vorpommern,w,15-17,0
2024,Mecklenburg-Vorpommern,w,18-19,2
2024,Mecklenburg-Vorpommern,w,20-24,1
2024,Mecklenburg-Vorpommern,w,25-29,1
2024,Mecklenburg-Vorpommern,w,30-34,0
2024,Mecklenburg-Vorpommern,w,35-39,0
2024,Mecklenburg-Vorpommern,w,40-44,1
2024,Mecklenburg-Vorpommern,w,45-49,0
2024,Mecklenburg-Vorpommern,w,50-54,1
2024,Mecklenburg-Vorpommern,w,55-59,0
2024,Mecklenburg-Vorpommern,w,60-64,0
2024,Mecklenburg-Vorpommern,w,65-69,0
2024,Mecklenburg-Vorpommern,w,70-74,0
2024,Mecklenburg-Vorpommern,w,75-79,0
2024,Mecklenburg-Vorpommern,w,80-84,0
2024,Mecklenburg-Vorpommern,w,85-89,0
2024,Niedersachsen,m,insgesamt,40
2024,Niedersachsen,m,unter 1,0
2024,Niedersachsen,m,1-4,0
2024,Niedersachsen,m,5-9,0
2024,Niedersachsen,m,10-14,0
2024,Niedersachsen,m,15-17,0
2024,Niedersachsen,m,18-19,3
2024,Niedersachsen,m,20-24,14
2024,Niedersachsen,m,25-29,16
2024,Niedersachsen,m,30-34,2
2024,Niedersachsen,m,35-39,1
2024,Niedersachsen,m,40-44,1
2024,Niedersachsen,m,45-49,3
2024,Niedersachsen,m,50-54,0
2024,Niedersachsen,m,55-59,0
2024,Niedersachsen,m,60-64,0
2024,Niedersachsen,m,65-69,0
2024,Niedersachsen,m,70-74,0
2024,Niedersachsen,m,75-79,0
2024,Niedersachsen,m,80-84,0
2024,Niedersachsen,m,85-89,0
2024,Niedersachsen,w,insgesamt,31
2024,Niedersachsen,w,unter 1,0
2024,Niedersachsen,w,1-4,0
2024,Niedersachsen,w,5-9,0
2024,Niedersachsen,w,10-14,1
2024,Niedersachsen,w,15-17,3
2024,Niedersachsen,w,18-19,3
2024,Niedersachsen,w,20-24,12
2024,Niedersachsen,w,25-29,3
2024,Niedersachsen,w,30-34,4
2024,Niedersachsen,w,35-39,1
2024,Niedersachsen,w,40-44,0
2024,Niedersachsen,w,45-49,2
2024,Niedersachsen,w,50-54,1
2024,Niedersachsen,w,55-59,1
2024,Niedersachsen,w,60-64,0
2024,Niedersachsen,w,65-69,0
2024,Niedersachsen,w,70-74,0
2024,Niedersachsen,w,75-79,0
2024,Niedersachsen,w,80-84,0
2024,Niedersachsen,w,85-89,0
2024,Nordrhein-Westfalen,m,insgesamt,757
2024,Nordrhein-Westfalen,m,unter 1,0
2024,Nordrhein-Westfalen,m,1-4,0
2024,Nordrhein-Westfalen,m,5-9,0
2024,Nordrhein-Westfalen,m,10-14,0
2024,Nordrhein-Westfalen,m,15-17,25
2024,Nordrhein-Westfalen,m,18-19,63
2024,Nordrhein-Westfalen,m,20-24,221
2024,Nordrhein-Westfalen,m,25-29,176
2024,Nordrhein-Westfalen,m,30-34,112
2024,Nordrhein-Westfalen,m,35-39,53
2024,Nordrhein-Westfalen,m,40-44,44
2024,Nordrhein-Westfalen,m,45-49,21
2024,Nordrhein-Westfalen,m,50-54,25
2024,Nordrhein-Westfalen,m,55-59,11
2024,Nordrhein-Westfalen,m,60-64,3
2024,Nordrhein-Westfalen,m,65-69,1
2024,Nordrhein-Westfalen,m,70-74,1
2024,Nordrhein-Westfalen,m,75-79,1
2024,Nordrhein-Westfalen,m,80-84,0
2024,Nordrhein-Westfalen,m,85-89,0
2024,Nordrhein-Westfalen,w,insgesamt,650
2024,Nordrhein-Westfalen,w,unter 1,0
2024,Nordrhein-Westfalen,w,1-4,0
2024,Nordrhein-Westfalen,w,5-9,0
2024,Nordrhein-Westfalen,w,10-14,0
2024,Nordrhein-Westfalen,w,15-17,23
2024,Nordrhein-Westfalen,w,18-19,61
2024,Nordrhein-Westfalen,w,20-24,188
2024,Nordrhein-Westfalen,w,25-29,148
2024,Nordrhein-Westfalen,w,30-34,82
2024,Nordrhein-Westfalen,w,35-39,48
2024,Nordrhein-Westfalen,w,40-44,30
2024,Nordrhein-Westfalen,w,45-49,24
2024,Nordrhein-Westfalen,w,50-54,14
2024,Nordrhein-Westfalen,w,55-59,20
2024,Nordrhein-Westfalen,w,60-64,8
2024,Nordrhein-Westfalen,w,65-69,2
2024,Nordrhein-Westfalen,w,70-74,1
2024,Nordrhein-Westfalen,w,75-79,0
2024,Nordrhein-Westfalen,w,80-84,1
2024,Nordrhein-Westfalen,w,85-89,0
2024,Rheinland-Pfalz,m,insgesamt,22
2024,Rheinland-Pfalz,m,unter 1,0
2024,Rheinland-Pfalz,m,1-4,0
2024,Rheinland-Pfalz,m,5-9,0
2024,Rheinland-Pfalz,m,10-14,0
2024,Rheinland-Pfalz,m,15-17,1
2024,Rheinland-Pfalz,m,18-19,3
2024,Rheinland-Pfalz,m,20-24,10
2024,Rheinland-Pfalz,m,25-29,4
2024,Rheinland-Pfalz,m,30-34,3
2024,Rheinland-Pfalz,m,35-39,1
2024,Rheinland-Pfalz,m,40-44,0
2024,Rheinland-Pfalz,m,45-49,0
2024,Rheinland-Pfalz,m,50-54,0
2024,Rheinland-Pfalz,m,55-59,0
2024,Rheinland-Pfalz,m,60-64,0
2024,Rheinland-Pfalz,m,65-69,0
2024,Rheinland-Pfalz,m,70-74,0
2024,Rheinland-Pfalz,m,75-79,0
2024,Rheinland-Pfalz,m,80-84,0
2024,Rheinland-Pfalz,m,85-89,0
2024,Rheinland-Pfalz,w,insgesamt,21
2024,Rheinland-Pfalz,w,unter 1,0
2024,Rheinland-Pfalz,w,1-4,0
2024,Rheinland-Pfalz,w,5-9,0
2024,Rheinland-Pfalz,w,10-14,1
2024,Rheinland-Pfalz,w,15-17,0
2024,Rheinland-Pfalz,w,18-19,2
2024,Rheinland-Pfalz,w,20-24,8
2024,Rheinland-Pfalz,w,25-29,6
2024,Rheinland-Pfalz,w,30-34,1
2024,Rheinland-Pfalz,w,35-39,1
2024,Rheinland-Pfalz,w,40-44,2
2024,Rheinland-Pfalz,w,45-49,0
2024,Rheinland-Pfalz,w,50-54,0
2024,Rheinland-Pfalz,w,55-59,0
2024,Rheinland-Pfalz,w,60-64,0
2024,Rheinland-Pfalz,w,65-69,0
2024,Rheinland-Pfalz,w,70-74,0
2024,Rheinland-Pfalz,w,75-79,0
2024,Rheinland-Pfalz,w,80-84,0
2024,Rheinland-Pfalz,w,85-89,0
2024,Saarland,m,insgesamt,12
2024,Saarland,m,unter 1,0
2024,Saarland,m,1-4,0
2024,Saarland,m,5-9,0
2024,Saarland,m,10-14,0
2024,Saarland,m,15-17,0
2024,Saarland,m,18-19,2
2024,Saarland,m,20-24,5
2024,Saarland,m,25-29,2
2024,Saarland,m,30-34,1
2024,Saarland,m,35-39,1
2024,Saarland,m,40-44,0
2024,Saarland,m,45-49,1
2024,Saarland,m,50-54,0
2024,Saarland,m,55-59,0
2024,Saarland,m,60-64,0
2024,Saarland,m,65-69,0
2024,Saarland,m,70-74,0
2024,Saarland,m,75-79,0
2024,Saarland,m,80-84,0
2024,Saarland,m,85-89,0
2024,Saarland,w,insgesamt,3
2024,Saarland,w,unter 1,0
2024,Saarland,w,1-4,0
2024,Saarland,w,5-9,0
2024,Saarland,w,10-14,0
2024,Saarland,w,15-17,0
2024,Saarland,w,18-19,0
2024,Saarland,w,20-24,1
2024,Saarland,w,25-29,1
2024,Saarland,w,30-34,0
2024,Saarland,w,35-39,1
2024,Saarland,w,40-44,0
2024,Saarland,w,45-49,0
2024,Saarland,w,50-54,0
2024,Saarland,w,55-59,0
2024,Saarland,w,60-64,0
2024,Saarland,w,65-69,0
2024,Saarland,w,70-74,0
2024,Saarland,w,75-79,0
2024,Saarland,w,80-84,0
2024,Saarland,w,85-89,0
2024,Sachsen,m,insgesamt,80
2024,Sachsen,m,unter 1,0
2024,Sachsen,m,1-4,0
2024,Sachsen,m,5-9,0
2024,Sachsen,m,10-14,0
2024,Sachsen,m,15-17,2
2024,Sachsen,m,18-19,10
2024,Sachsen,m,20-24,31
2024,Sachsen,m,25-29,19
2024,Sachsen,m,30-34,2
2024,Sachsen,m,35-39,7
2024,Sachsen,m,40-44,6
2024,Sachsen,m,45-49,2
2024,Sachsen,m,50-54,0
2024,Sachsen,m,55-59,0
2024,Sachsen,m,60-64,1
2024,Sachsen,m,65-69,0
2024,Sachsen,m,70-74,0
2024,Sachsen,m,75-79,0
2024,Sachsen,m,80-84,0
2024,Sachsen,m,85-89,0
2024,Sachsen,w,insgesamt,78
2024,Sachsen,w,unter 1,0
2024,Sachsen,w,1-4,0
2024,Sachsen,w,5-9,0
2024,Sachsen,w,10-14,1
2024,Sachsen,w,15-17,1
2024,Sachsen,w,18-19,5
2024,Sachsen,w,20-24,19
2024,Sachsen,w,25-29,14
2024,Sachsen,w,30-34,4
2024,Sachsen,w,35-39,5
2024,Sachsen,w,40-44,11
2024,Sachsen,w,45-49,8
2024,Sachsen,w,50-54,3
2024,Sachsen,w,55-59,2
2024,Sachsen,w,60-64,4
2024,Sachsen,w,65-69,1
2024,Sachsen,w,70-74,0
2024,Sachsen,w,75-79,0
2024,Sachsen,w,80-84,0
2024,Sachsen,w,85-89,0
2024,Sachsen-Anhalt,m,insgesamt,18
2024,Sachsen-Anhalt,m,unter 1,0
2024,Sachsen-Anhalt,m,1-4,0
2024,Sachsen-Anhalt,m,5-9,0
2024,Sachsen-Anhalt,m,10-14,0
2024,Sachsen-Anhalt,m,15-17,0
2024,Sachsen-Anhalt,m,18-19,4
2024,Sachsen-Anhalt,m,20-24,6
2024,Sachsen-Anhalt,m,25-29,3
2024,Sachsen-Anhalt,m,30-34,1
2024,Sachsen-Anhalt,m,35-39,1
2024,Sachsen-Anhalt,m,40-44,3
2024,Sachsen-Anhalt,m,45-49,0
2024,Sachsen-Anhalt,m,50-54,0
2024,Sachsen-Anhalt,m,55-59,0
2024,Sachsen-Anhalt,m,60-64,0
2024,Sachsen-Anhalt,m,65-69,0
2024,Sachsen-Anhalt,m,70-74,0
2024,Sachsen-Anhalt,m,75-79,0
2024,Sachsen-Anhalt,m,80-84,0
2024,Sachsen-Anhalt,m,85-89,0
2024,Sachsen-Anhalt,w,insgesamt,24
2024,Sachsen-Anhalt,w,unter 1,0
2024,Sachsen-Anhalt,w,1-4,0
2024,Sachsen-Anhalt,w,5-9,0
2024,Sachsen-Anhalt,w,10-14,0
2024,Sachsen-Anhalt,w,15-17,3
2024,Sachsen-Anhalt,w,18-19,0
2024,Sachsen-Anhalt,w,20-24,8
2024,Sachsen-Anhalt,w,25-29,6
2024,Sachsen-Anhalt,w,30-34,0
2024,Sachsen-Anhalt,w,35-39,0
2024,Sachsen-Anhalt,w,40-44,0
2024,Sachsen-Anhalt,w,45-49,0
2024,Sachsen-Anhalt,w,50-54,5
2024,Sachsen-Anhalt,w,55-59,0
2024,Sachsen-Anhalt,w,60-64,1
2024,Sachsen-Anhalt,w,65-69,0
2024,Sachsen-Anhalt,w,70-74,1
2024,Sachsen-Anhalt,w,75-79,0
2024,Sachsen-Anhalt,w,80-84,0
2024,Sachsen-Anhalt,w,85-89,0
2024,Schleswig-Holstein,m,insgesamt,648
2024,Schleswig-Holstein,m,unter 1,0
2024,Schleswig-Holstein,m,1-4,0
2024,Schleswig-Holstein,m,5-9,0
2024,Schleswig-Holstein,m,10-14,0
2024,Schleswig-Holstein,m,15-17,22
2024,Schleswig-Holstein,m,18-19,99
2024,Schleswig-Holstein,m,20-24,246
2024,Schleswig-Holstein,m,25-29,149
2024,Schleswig-Holstein,m,30-34,72
2024,Schleswig-Holstein,m,35-39,28
2024,Schleswig-Holstein,m,40-44,15
2024,Schleswig-Holstein,m,45-49,9
2024,Schleswig-Holstein,m,50-54,5
2024,Schleswig-Holstein,m,55-59,3
2024,Schleswig-Holstein,m,60-64,0
2024,Schleswig-Holstein,m,65-69,0
2024,Schleswig-Holstein,m,70-74,0
2024,Schleswig-Holstein,m,75-79,0
2024,Schleswig-Holstein,m,80-84,0
2024,Schleswig-Holstein,m,85-89,0
2024,Schleswig-Holstein,w,insgesamt,86
2024,Schleswig-Holstein,w,unter 1,0
2024,Schleswig-Holstein,w,1-4,0
2024,Schleswig-Holstein,w,5-9,0
2024,Schleswig-Holstein,w,10-14,0
2024,Schleswig-Holstein,w,15-17,2
2024,Schleswig-Holstein,w,18-19,8
2024,Schleswig-Holstein,w,20-24,16
2024,Schleswig-Holstein,w,25-29,17
2024,Schleswig-Holstein,w,30-34,9
2024,Schleswig-Holstein,w,35-39,5
2024,Schleswig-Holstein,w,40-44,8
2024,Schleswig-Holstein,w,45-49,5
2024,Schleswig-Holstein,w,50-54,5
2024,Schleswig-Holstein,w,55-59,8
2024,Schleswig-Holstein,w,60-64,2
2024,Schleswig-Holstein,w,65-69,1
2024,Schleswig-Holstein,w,70-74,0
2024,Schleswig-Holstein,w,75-79,0
2024,Schleswig-Holstein,w,80-84,0
2024,Schleswig-Holstein,w,85-89,0
2024,Thüringen,m,insgesamt,3
2024,Thüringen,m,unter 1,0
2024,Thüringen,m,1-4,0
2024,Thüringen,m,5-9,0
2024,Thüringen,m,10-14,0
2024,Thüringen,m,15-17,0
2024,Thüringen,m,18-19,0
2024,Thüringen,m,20-24,2
2024,Thüringen,m,25-29,0
2024,Thüringen,m,30-34,0
2024,Thüringen,m,35-39,0
2024,Thüringen,m,40-44,1
2024,Thüringen,m,45-49,0
2024,Thüringen,m,50-54,0
2024,Thüringen,m,55-59,0
2024,Thüringen,m,60-64,0
2024,Thüringen,m,65-69,0
2024,Thüringen,m,70-74,0
2024,Thüringen,m,75-79,0
2024,Thüringen,m,80-84,0
2024,Thüringen,m,85-89,0
2024,Thüringen,w,insgesamt,7
2024,Thüringen,w,unter 1,0
2024,Thüringen,w,1-4,0
2024,Thüringen,w,5-9,0
2024,Thüringen,w,10-14,0
2024,Thüringen,w,15-17,0
2024,Thüringen,w,18-19,0
2024,Thüringen,w,20-24,2
2024,Thüringen,w,25-29,2
2024,Thüringen,w,30-34,1
2024,Thüringen,w,35-39,0
2024,Thüringen,w,40-44,1
2024,Thüringen,w,45-49,1
2024,Thüringen,w,50-54,0
2024,Thüringen,w,55-59,0
2024,Thüringen,w,60-64,0
2024,Thüringen,w,65-69,0
2024,Thüringen,w,70-74,0
2024,Thüringen,w,75-79,0
2024,Thüringen,w,80-84,0
2024,Thüringen,w,85-89,0