Jahr,Altersgruppe,Attribute,Value
2005,unter 1 Jahr,männlich,351737
2005,unter 1 Jahr,weiblich,334250
2005,unter 1 Jahr,Insgesamt,685987
2005,1,männlich,363116
2005,1,weiblich,344897
2005,1,Insgesamt,708013
2005,2,männlich,364536
2005,2,weiblich,346058
2005,2,Insgesamt,710594
2005,3,männlich,371670
2005,3,weiblich,352842
2005,3,Insgesamt,724512
2005,4,männlich,380501
2005,4,weiblich,361251
2005,4,Insgesamt,741752
2005,5,männlich,396342
2005,5,weiblich,378945
2005,5,Insgesamt,775287
2005,6,männlich,399689
2005,6,weiblich,377784
2005,6,Insgesamt,777473
2005,7,männlich,406942
2005,7,weiblich,386483
2005,7,Insgesamt,793425
2005,8,männlich,419859
2005,8,weiblich,398573
2005,8,Insgesamt,818432
2005,9,männlich,412696
2005,9,weiblich,391207
2005,9,Insgesamt,803903
2005,10,männlich,399588
2005,10,weiblich,379655
2005,10,Insgesamt,779243
2005,11,männlich,405460
2005,11,weiblich,383894
2005,11,Insgesamt,789354
2005,12,männlich,421848
2005,12,weiblich,400064
2005,12,Insgesamt,821912
2005,13,männlich,431986
2005,13,weiblich,411191
2005,13,Insgesamt,843177
2005,14,männlich,449577
2005,14,weiblich,427231
2005,14,Insgesamt,876808
2005,15,männlich,495685
2005,15,weiblich,469683
2005,15,Insgesamt,965368
2005,16,männlich,490400
2005,16,weiblich,466431
2005,16,Insgesamt,956831
2005,17,männlich,505902
2005,17,weiblich,479431
2005,17,Insgesamt,985333
2005,18,männlich,497202
2005,18,weiblich,470811
2005,18,Insgesamt,968013
2005,19,männlich,490616
2005,19,weiblich,469628
2005,19,Insgesamt,960244
2005,20,männlich,478446
2005,20,weiblich,461214
2005,20,Insgesamt,939660
2005,21,männlich,481571
2005,21,weiblich,465651
2005,21,Insgesamt,947222
2005,22,männlich,488747
2005,22,weiblich,475758
2005,22,Insgesamt,964505
2005,23,männlich,506183
2005,23,weiblich,492833
2005,23,Insgesamt,999016
2005,24,männlich,506525
2005,24,weiblich,496880
2005,24,Insgesamt,1003405
2005,25,männlich,514066
2005,25,weiblich,502780
2005,25,Insgesamt,1016846
2005,26,männlich,492166
2005,26,weiblich,479690
2005,26,Insgesamt,971856
2005,27,männlich,488365
2005,27,weiblich,474272
2005,27,Insgesamt,962637
2005,28,männlich,485035
2005,28,weiblich,471175
2005,28,Insgesamt,956210
2005,29,männlich,479426
2005,29,weiblich,465102
2005,29,Insgesamt,944528
2005,30,männlich,469159
2005,30,weiblich,452937
2005,30,Insgesamt,922096
2005,31,männlich,475355
2005,31,weiblich,461443
2005,31,Insgesamt,936798
2005,32,männlich,481713
2005,32,weiblich,467383
2005,32,Insgesamt,949096
2005,33,männlich,530540
2005,33,weiblich,512006
2005,33,Insgesamt,1042546
2005,34,männlich,587988
2005,34,weiblich,564652
2005,34,Insgesamt,1152640
2005,35,männlich,617558
2005,35,weiblich,589332
2005,35,Insgesamt,1206890
2005,36,männlich,664394
2005,36,weiblich,632033
2005,36,Insgesamt,1296427
2005,37,männlich,696942
2005,37,weiblich,662406
2005,37,Insgesamt,1359348
2005,38,männlich,714021
2005,38,weiblich,680225
2005,38,Insgesamt,1394246
2005,39,männlich,735710
2005,39,weiblich,698521
2005,39,Insgesamt,1434231
2005,40,männlich,743595
2005,40,weiblich,700539
2005,40,Insgesamt,1444134
2005,41,männlich,754932
2005,41,weiblich,714611
2005,41,Insgesamt,1469543
2005,42,männlich,749747
2005,42,weiblich,711854
2005,42,Insgesamt,1461601
2005,43,männlich,725161
2005,43,weiblich,692436
2005,43,Insgesamt,1417597
2005,44,männlich,711492
2005,44,weiblich,685636
2005,44,Insgesamt,1397128
2005,45,männlich,691817
2005,45,weiblich,667622
2005,45,Insgesamt,1359439
2005,46,männlich,670043
2005,46,weiblich,646595
2005,46,Insgesamt,1316638
2005,47,männlich,636503
2005,47,weiblich,614143
2005,47,Insgesamt,1250646
2005,48,männlich,622901
2005,48,weiblich,602868
2005,48,Insgesamt,1225769
2005,49,männlich,606199
2005,49,weiblich,590314
2005,49,Insgesamt,1196513
2005,50,männlich,586570
2005,50,weiblich,575880
2005,50,Insgesamt,1162450
2005,51,männlich,572961
2005,51,weiblich,571229
2005,51,Insgesamt,1144190
2005,52,männlich,553385
2005,52,weiblich,556218
2005,52,Insgesamt,1109603
2005,53,männlich,554018
2005,53,weiblich,558562
2005,53,Insgesamt,1112580
2005,54,männlich,542729
2005,54,weiblich,548016
2005,54,Insgesamt,1090745
2005,55,männlich,545773
2005,55,weiblich,551808
2005,55,Insgesamt,1097581
2005,56,männlich,528725
2005,56,weiblich,531008
2005,56,Insgesamt,1059733
2005,57,männlich,487152
2005,57,weiblich,487288
2005,57,Insgesamt,974440
2005,58,männlich,456725
2005,58,weiblich,460947
2005,58,Insgesamt,917672
2005,59,männlich,399642
2005,59,weiblich,404389
2005,59,Insgesamt,804031
2005,60,männlich,350375
2005,60,weiblich,361334
2005,60,Insgesamt,711709
2005,61,männlich,464868
2005,61,weiblich,478453
2005,61,Insgesamt,943321
2005,62,männlich,472283
2005,62,weiblich,485608
2005,62,Insgesamt,957891
2005,63,männlich,457759
2005,63,weiblich,473999
2005,63,Insgesamt,931758
2005,64,männlich,548943
2005,64,weiblich,576402
2005,64,Insgesamt,1125345
2005,65,männlich,573091
2005,65,weiblich,610205
2005,65,Insgesamt,1183296
2005,66,männlich,556224
2005,66,weiblich,600043
2005,66,Insgesamt,1156267
2005,67,männlich,513752
2005,67,weiblich,560888
2005,67,Insgesamt,1074640
2005,68,männlich,473211
2005,68,weiblich,524207
2005,68,Insgesamt,997418
2005,69,männlich,451345
2005,69,weiblich,511433
2005,69,Insgesamt,962778
2005,70,männlich,427346
2005,70,weiblich,492336
2005,70,Insgesamt,919682
2005,71,männlich,388536
2005,71,weiblich,455813
2005,71,Insgesamt,844349
2005,72,männlich,305478
2005,72,weiblich,367837
2005,72,Insgesamt,673315
2005,73,männlich,294958
2005,73,weiblich,365382
2005,73,Insgesamt,660340
2005,74,männlich,290519
2005,74,weiblich,371525
2005,74,Insgesamt,662044
2005,75,männlich,293720
2005,75,weiblich,388886
2005,75,Insgesamt,682606
2005,76,männlich,272147
2005,76,weiblich,374104
2005,76,Insgesamt,646251
2005,77,männlich,258321
2005,77,weiblich,366239
2005,77,Insgesamt,624560
2005,78,männlich,220831
2005,78,weiblich,344639
2005,78,Insgesamt,565470
2005,79,männlich,194331
2005,79,weiblich,341907
2005,79,Insgesamt,536238
2005,80,männlich,172531
2005,80,weiblich,335879
2005,80,Insgesamt,508410
2005,81,männlich,139994
2005,81,weiblich,310439
2005,81,Insgesamt,450433
2005,82,männlich,123911
2005,82,weiblich,290565
2005,82,Insgesamt,414476
2005,83,männlich,118401
2005,83,weiblich,282313
2005,83,Insgesamt,400714
2005,84,männlich,108358
2005,84,weiblich,275619
2005,84,Insgesamt,383977
2005,85 +,männlich,379396
2005,85 +,weiblich,1143414
2005,85 +,Insgesamt,1522810
2005,Insgesamt,männlich,40000000
2005,Insgesamt,weiblich,42000000
2005,Insgesamt,Insgesamt,82437995
2006,unter 1 Jahr,männlich,345871
2006,unter 1 Jahr,weiblich,327261
2006,unter 1 Jahr,Insgesamt,673132
2006,1,männlich,353014
2006,1,weiblich,335484
2006,1,Insgesamt,688498
2006,2,männlich,363343
2006,2,weiblich,345015
2006,2,Insgesamt,708358
2006,3,männlich,364253
2006,3,weiblich,345966
2006,3,Insgesamt,710219
2006,4,männlich,371355
2006,4,weiblich,352584
2006,4,Insgesamt,723939
2006,5,männlich,380209
2006,5,weiblich,360808
2006,5,Insgesamt,741017
2006,6,männlich,395419
2006,6,weiblich,378131
2006,6,Insgesamt,773550
2006,7,männlich,398890
2006,7,weiblich,377147
2006,7,Insgesamt,776037
2006,8,männlich,406485
2006,8,weiblich,386045
2006,8,Insgesamt,792530
2006,9,männlich,419518
2006,9,weiblich,398184
2006,9,Insgesamt,817702
2006,10,männlich,412448
2006,10,weiblich,390896
2006,10,Insgesamt,803344
2006,11,männlich,399472
2006,11,weiblich,379605
2006,11,Insgesamt,779077
2006,12,männlich,405387
2006,12,weiblich,383858
2006,12,Insgesamt,789245
2006,13,männlich,421711
2006,13,weiblich,399963
2006,13,Insgesamt,821674
2006,14,männlich,431875
2006,14,weiblich,411169
2006,14,Insgesamt,843044
2006,15,männlich,449737
2006,15,weiblich,427383
2006,15,Insgesamt,877120
2006,16,männlich,496034
2006,16,weiblich,470136
2006,16,Insgesamt,966170
2006,17,männlich,490401
2006,17,weiblich,467093
2006,17,Insgesamt,957494
2006,18,männlich,506409
2006,18,weiblich,481015
2006,18,Insgesamt,987424
2006,19,männlich,499275
2006,19,weiblich,474881
2006,19,Insgesamt,974156
2006,20,männlich,493441
2006,20,weiblich,474955
2006,20,Insgesamt,968396
2006,21,männlich,481576
2006,21,weiblich,466182
2006,21,Insgesamt,947758
2006,22,männlich,484761
2006,22,weiblich,470196
2006,22,Insgesamt,954957
2006,23,männlich,492372
2006,23,weiblich,479663
2006,23,Insgesamt,972035
2006,24,männlich,509267
2006,24,weiblich,495857
2006,24,Insgesamt,1005124
2006,25,männlich,508438
2006,25,weiblich,498637
2006,25,Insgesamt,1007075
2006,26,männlich,515198
2006,26,weiblich,503822
2006,26,Insgesamt,1019020
2006,27,männlich,492853
2006,27,weiblich,480458
2006,27,Insgesamt,973311
2006,28,männlich,488566
2006,28,weiblich,474773
2006,28,Insgesamt,963339
2006,29,männlich,484883
2006,29,weiblich,471500
2006,29,Insgesamt,956383
2006,30,männlich,478862
2006,30,weiblich,465317
2006,30,Insgesamt,944179
2006,31,männlich,468482
2006,31,weiblich,452830
2006,31,Insgesamt,921312
2006,32,männlich,474552
2006,32,weiblich,461317
2006,32,Insgesamt,935869
2006,33,männlich,480739
2006,33,weiblich,467249
2006,33,Insgesamt,947988
2006,34,männlich,529595
2006,34,weiblich,511643
2006,34,Insgesamt,1041238
2006,35,männlich,586556
2006,35,weiblich,564068
2006,35,Insgesamt,1150624
2006,36,männlich,615998
2006,36,weiblich,588739
2006,36,Insgesamt,1204737
2006,37,männlich,662583
2006,37,weiblich,631261
2006,37,Insgesamt,1293844
2006,38,männlich,695220
2006,38,weiblich,661541
2006,38,Insgesamt,1356761
2006,39,männlich,712202
2006,39,weiblich,679252
2006,39,Insgesamt,1391454
2006,40,männlich,733688
2006,40,weiblich,697539
2006,40,Insgesamt,1431227
2006,41,männlich,741508
2006,41,weiblich,699626
2006,41,Insgesamt,1441134
2006,42,männlich,752770
2006,42,weiblich,713620
2006,42,Insgesamt,1466390
2006,43,männlich,747781
2006,43,weiblich,710969
2006,43,Insgesamt,1458750
2006,44,männlich,722998
2006,44,weiblich,691348
2006,44,Insgesamt,1414346
2006,45,männlich,709297
2006,45,weiblich,684546
2006,45,Insgesamt,1393843
2006,46,männlich,689437
2006,46,weiblich,666531
2006,46,Insgesamt,1355968
2006,47,männlich,667725
2006,47,weiblich,645656
2006,47,Insgesamt,1313381
2006,48,männlich,633992
2006,48,weiblich,613066
2006,48,Insgesamt,1247058
2006,49,männlich,620101
2006,49,weiblich,601655
2006,49,Insgesamt,1221756
2006,50,männlich,603338
2006,50,weiblich,588945
2006,50,Insgesamt,1192283
2006,51,männlich,583626
2006,51,weiblich,574463
2006,51,Insgesamt,1158089
2006,52,männlich,569604
2006,52,weiblich,569755
2006,52,Insgesamt,1139359
2006,53,männlich,549938
2006,53,weiblich,554583
2006,53,Insgesamt,1104521
2006,54,männlich,550339
2006,54,weiblich,556644
2006,54,Insgesamt,1106983
2006,55,männlich,538887
2006,55,weiblich,546045
2006,55,Insgesamt,1084932
2006,56,männlich,541514
2006,56,weiblich,549645
2006,56,Insgesamt,1091159
2006,57,männlich,524413
2006,57,weiblich,528615
2006,57,Insgesamt,1053028
2006,58,männlich,482700
2006,58,weiblich,484907
2006,58,Insgesamt,967607
2006,59,männlich,452112
2006,59,weiblich,458611
2006,59,Insgesamt,910723
2006,60,männlich,394862
2006,60,weiblich,401890
2006,60,Insgesamt,796752
2006,61,männlich,345715
2006,61,weiblich,358695
2006,61,Insgesamt,704410
2006,62,männlich,458794
2006,62,weiblich,475121
2006,62,Insgesamt,933915
2006,63,männlich,465461
2006,63,weiblich,482173
2006,63,Insgesamt,947634
2006,64,männlich,450735
2006,64,weiblich,470500
2006,64,Insgesamt,921235
2006,65,männlich,539849
2006,65,weiblich,571855
2006,65,Insgesamt,1111704
2006,66,männlich,562637
2006,66,weiblich,605161
2006,66,Insgesamt,1167798
2006,67,männlich,545612
2006,67,weiblich,594627
2006,67,Insgesamt,1140239
2006,68,männlich,503219
2006,68,weiblich,555338
2006,68,Insgesamt,1058557
2006,69,männlich,462429
2006,69,weiblich,518449
2006,69,Insgesamt,980878
2006,70,männlich,440089
2006,70,weiblich,505139
2006,70,Insgesamt,945228
2006,71,männlich,415707
2006,71,weiblich,485535
2006,71,Insgesamt,901242
2006,72,männlich,377242
2006,72,weiblich,449712
2006,72,Insgesamt,826954
2006,73,männlich,295267
2006,73,weiblich,361164
2006,73,Insgesamt,656431
2006,74,männlich,284041
2006,74,weiblich,358099
2006,74,Insgesamt,642140
2006,75,männlich,278622
2006,75,weiblich,363207
2006,75,Insgesamt,641829
2006,76,männlich,280555
2006,76,weiblich,379151
2006,76,Insgesamt,659706
2006,77,männlich,258979
2006,77,weiblich,364007
2006,77,Insgesamt,622986
2006,78,männlich,244323
2006,78,weiblich,354525
2006,78,Insgesamt,598848
2006,79,männlich,207807
2006,79,weiblich,332100
2006,79,Insgesamt,539907
2006,80,männlich,181756
2006,80,weiblich,327219
2006,80,Insgesamt,508975
2006,81,männlich,160204
2006,81,weiblich,319845
2006,81,Insgesamt,480049
2006,82,männlich,128719
2006,82,weiblich,293559
2006,82,Insgesamt,422278
2006,83,männlich,112967
2006,83,weiblich,272222
2006,83,Insgesamt,385189
2006,84,männlich,106504
2006,84,weiblich,262186
2006,84,Insgesamt,368690
2006,85 +,männlich,416053
2006,85 +,weiblich,1223608
2006,85 +,Insgesamt,1639661
2006,Insgesamt,männlich,40000000
2006,Insgesamt,weiblich,42000000
2006,Insgesamt,Insgesamt,82314906
2007,unter 1 Jahr,männlich,352042
2007,unter 1 Jahr,weiblich,333453
2007,unter 1 Jahr,Insgesamt,685495
2007,1,männlich,347455
2007,1,weiblich,328687
2007,1,Insgesamt,676142
2007,2,männlich,353441
2007,2,weiblich,335740
2007,2,Insgesamt,689181
2007,3,männlich,363391
2007,3,weiblich,344951
2007,3,Insgesamt,708342
2007,4,männlich,364085
2007,4,weiblich,345799
2007,4,Insgesamt,709884
2007,5,männlich,371069
2007,5,weiblich,352205
2007,5,Insgesamt,723274
2007,6,männlich,379380
2007,6,weiblich,360006
2007,6,Insgesamt,739386
2007,7,männlich,394904
2007,7,weiblich,377665
2007,7,Insgesamt,772569
2007,8,männlich,398459
2007,8,weiblich,376795
2007,8,Insgesamt,775254
2007,9,männlich,406162
2007,9,weiblich,385635
2007,9,Insgesamt,791797
2007,10,männlich,419200
2007,10,weiblich,397925
2007,10,Insgesamt,817125
2007,11,männlich,412363
2007,11,weiblich,390731
2007,11,Insgesamt,803094
2007,12,männlich,399515
2007,12,weiblich,379607
2007,12,Insgesamt,779122
2007,13,männlich,405421
2007,13,weiblich,384000
2007,13,Insgesamt,789421
2007,14,männlich,421620
2007,14,weiblich,399990
2007,14,Insgesamt,821610
2007,15,männlich,431939
2007,15,weiblich,411302
2007,15,Insgesamt,843241
2007,16,männlich,450160
2007,16,weiblich,427952
2007,16,Insgesamt,878112
2007,17,männlich,496271
2007,17,weiblich,470763
2007,17,Insgesamt,967034
2007,18,männlich,491413
2007,18,weiblich,468729
2007,18,Insgesamt,960142
2007,19,männlich,509360
2007,19,weiblich,485075
2007,19,Insgesamt,994435
2007,20,männlich,502778
2007,20,weiblich,480153
2007,20,Insgesamt,982931
2007,21,männlich,496898
2007,21,weiblich,479695
2007,21,Insgesamt,976593
2007,22,männlich,485096
2007,22,weiblich,470500
2007,22,Insgesamt,955596
2007,23,männlich,488323
2007,23,weiblich,473978
2007,23,Insgesamt,962301
2007,24,männlich,495459
2007,24,weiblich,482620
2007,24,Insgesamt,978079
2007,25,männlich,511541
2007,25,weiblich,497751
2007,25,Insgesamt,1009292
2007,26,männlich,509707
2007,26,weiblich,499716
2007,26,Insgesamt,1009423
2007,27,männlich,515864
2007,27,weiblich,504541
2007,27,Insgesamt,1020405
2007,28,männlich,493236
2007,28,weiblich,481008
2007,28,Insgesamt,974244
2007,29,männlich,488262
2007,29,weiblich,475104
2007,29,Insgesamt,963366
2007,30,männlich,484351
2007,30,weiblich,471512
2007,30,Insgesamt,955863
2007,31,männlich,478507
2007,31,weiblich,465423
2007,31,Insgesamt,943930
2007,32,männlich,467936
2007,32,weiblich,453009
2007,32,Insgesamt,920945
2007,33,männlich,474059
2007,33,weiblich,461615
2007,33,Insgesamt,935674
2007,34,männlich,479911
2007,34,weiblich,467091
2007,34,Insgesamt,947002
2007,35,männlich,528748
2007,35,weiblich,511639
2007,35,Insgesamt,1040387
2007,36,männlich,585590
2007,36,weiblich,563809
2007,36,Insgesamt,1149399
2007,37,männlich,614550
2007,37,weiblich,588523
2007,37,Insgesamt,1203073
2007,38,männlich,661455
2007,38,weiblich,630833
2007,38,Insgesamt,1292288
2007,39,männlich,693824
2007,39,weiblich,660962
2007,39,Insgesamt,1354786
2007,40,männlich,710935
2007,40,weiblich,678772
2007,40,Insgesamt,1389707
2007,41,männlich,731986
2007,41,weiblich,696885
2007,41,Insgesamt,1428871
2007,42,männlich,739597
2007,42,weiblich,698892
2007,42,Insgesamt,1438489
2007,43,männlich,750717
2007,43,weiblich,712888
2007,43,Insgesamt,1463605
2007,44,männlich,745694
2007,44,weiblich,710184
2007,44,Insgesamt,1455878
2007,45,männlich,720786
2007,45,weiblich,690489
2007,45,Insgesamt,1411275
2007,46,männlich,706926
2007,46,weiblich,683633
2007,46,Insgesamt,1390559
2007,47,männlich,686940
2007,47,weiblich,665618
2007,47,Insgesamt,1352558
2007,48,männlich,665263
2007,48,weiblich,644602
2007,48,Insgesamt,1309865
2007,49,männlich,631296
2007,49,weiblich,611990
2007,49,Insgesamt,1243286
2007,50,männlich,617202
2007,50,weiblich,600404
2007,50,Insgesamt,1217606
2007,51,männlich,600400
2007,51,weiblich,587690
2007,51,Insgesamt,1188090
2007,52,männlich,580343
2007,52,weiblich,573082
2007,52,Insgesamt,1153425
2007,53,männlich,566096
2007,53,weiblich,568263
2007,53,Insgesamt,1134359
2007,54,männlich,546335
2007,54,weiblich,552987
2007,54,Insgesamt,1099322
2007,55,männlich,546487
2007,55,weiblich,554806
2007,55,Insgesamt,1101293
2007,56,männlich,534729
2007,56,weiblich,544006
2007,56,Insgesamt,1078735
2007,57,männlich,537088
2007,57,weiblich,547284
2007,57,Insgesamt,1084372
2007,58,männlich,519950
2007,58,weiblich,526275
2007,58,Insgesamt,1046225
2007,59,männlich,477922
2007,59,weiblich,482486
2007,59,Insgesamt,960408
2007,60,männlich,447098
2007,60,weiblich,456020
2007,60,Insgesamt,903118
2007,61,männlich,390005
2007,61,weiblich,399253
2007,61,Insgesamt,789258
2007,62,männlich,341101
2007,62,weiblich,356288
2007,62,Insgesamt,697389
2007,63,männlich,452247
2007,63,weiblich,471819
2007,63,Insgesamt,924066
2007,64,männlich,458450
2007,64,weiblich,478647
2007,64,Insgesamt,937097
2007,65,männlich,442995
2007,65,weiblich,466711
2007,65,Insgesamt,909706
2007,66,männlich,530309
2007,66,weiblich,567150
2007,66,Insgesamt,1097459
2007,67,männlich,551914
2007,67,weiblich,599730
2007,67,Insgesamt,1151644
2007,68,männlich,534801
2007,68,weiblich,588864
2007,68,Insgesamt,1123665
2007,69,männlich,492253
2007,69,weiblich,549297
2007,69,Insgesamt,1041550
2007,70,männlich,451438
2007,70,weiblich,512291
2007,70,Insgesamt,963729
2007,71,männlich,428516
2007,71,weiblich,498467
2007,71,Insgesamt,926983
2007,72,männlich,403673
2007,72,weiblich,478103
2007,72,Insgesamt,881776
2007,73,männlich,365129
2007,73,weiblich,442136
2007,73,Insgesamt,807265
2007,74,männlich,284627
2007,74,weiblich,354282
2007,74,Insgesamt,638909
2007,75,männlich,272699
2007,75,weiblich,350407
2007,75,Insgesamt,623106
2007,76,männlich,266492
2007,76,weiblich,354266
2007,76,Insgesamt,620758
2007,77,männlich,267062
2007,77,weiblich,368807
2007,77,Insgesamt,635869
2007,78,männlich,244995
2007,78,weiblich,352449
2007,78,Insgesamt,597444
2007,79,männlich,229810
2007,79,weiblich,341935
2007,79,Insgesamt,571745
2007,80,männlich,194425
2007,80,weiblich,318631
2007,80,Insgesamt,513056
2007,81,männlich,168774
2007,81,weiblich,311904
2007,81,Insgesamt,480678
2007,82,männlich,147388
2007,82,weiblich,302553
2007,82,Insgesamt,449941
2007,83,männlich,117711
2007,83,weiblich,275622
2007,83,Insgesamt,393333
2007,84,männlich,101864
2007,84,weiblich,253235
2007,84,Insgesamt,355099
2007,85 +,männlich,448079
2007,85 +,weiblich,1286950
2007,85 +,Insgesamt,1735029
2007,Insgesamt,männlich,40000000
2007,Insgesamt,weiblich,42000000
2007,Insgesamt,Insgesamt,82217837
2008,unter 1 Jahr,männlich,350238
2008,unter 1 Jahr,weiblich,333112
2008,unter 1 Jahr,Insgesamt,683350
2008,1,männlich,353354
2008,1,weiblich,334851
2008,1,Insgesamt,688205
2008,2,männlich,347780
2008,2,weiblich,329015
2008,2,Insgesamt,676795
2008,3,männlich,353345
2008,3,weiblich,335710
2008,3,Insgesamt,689055
2008,4,männlich,363038
2008,4,weiblich,344729
2008,4,Insgesamt,707767
2008,5,männlich,363599
2008,5,weiblich,345362
2008,5,Insgesamt,708961
2008,6,männlich,370107
2008,6,weiblich,351257
2008,6,Insgesamt,721364
2008,7,männlich,378734
2008,7,weiblich,359523
2008,7,Insgesamt,738257
2008,8,männlich,394540
2008,8,weiblich,377391
2008,8,Insgesamt,771931
2008,9,männlich,397982
2008,9,weiblich,376502
2008,9,Insgesamt,774484
2008,10,männlich,405688
2008,10,weiblich,385292
2008,10,Insgesamt,790980
2008,11,männlich,419004
2008,11,weiblich,397755
2008,11,Insgesamt,816759
2008,12,männlich,412249
2008,12,weiblich,390619
2008,12,Insgesamt,802868
2008,13,männlich,399477
2008,13,weiblich,379503
2008,13,Insgesamt,778980
2008,14,männlich,405384
2008,14,weiblich,383966
2008,14,Insgesamt,789350
2008,15,männlich,421727
2008,15,weiblich,399998
2008,15,Insgesamt,821725
2008,16,männlich,432430
2008,16,weiblich,411724
2008,16,Insgesamt,844154
2008,17,männlich,450343
2008,17,weiblich,428229
2008,17,Insgesamt,878572
2008,18,männlich,497197
2008,18,weiblich,472023
2008,18,Insgesamt,969220
2008,19,männlich,494064
2008,19,weiblich,471895
2008,19,Insgesamt,965959
2008,20,männlich,512704
2008,20,weiblich,489685
2008,20,Insgesamt,1002389
2008,21,männlich,505716
2008,21,weiblich,483793
2008,21,Insgesamt,989509
2008,22,männlich,499772
2008,22,weiblich,482625
2008,22,Insgesamt,982397
2008,23,männlich,487907
2008,23,weiblich,472529
2008,23,Insgesamt,960436
2008,24,männlich,490102
2008,24,weiblich,475006
2008,24,Insgesamt,965108
2008,25,männlich,496269
2008,25,weiblich,482447
2008,25,Insgesamt,978716
2008,26,männlich,511425
2008,26,weiblich,496922
2008,26,Insgesamt,1008347
2008,27,männlich,509142
2008,27,weiblich,498520
2008,27,Insgesamt,1007662
2008,28,männlich,514771
2008,28,weiblich,503289
2008,28,Insgesamt,1018060
2008,29,männlich,491449
2008,29,weiblich,479958
2008,29,Insgesamt,971407
2008,30,männlich,486059
2008,30,weiblich,473651
2008,30,Insgesamt,959710
2008,31,männlich,482194
2008,31,weiblich,470288
2008,31,Insgesamt,952482
2008,32,männlich,476051
2008,32,weiblich,464374
2008,32,Insgesamt,940425
2008,33,männlich,465660
2008,33,weiblich,452010
2008,33,Insgesamt,917670
2008,34,männlich,471729
2008,34,weiblich,460654
2008,34,Insgesamt,932383
2008,35,männlich,477537
2008,35,weiblich,466180
2008,35,Insgesamt,943717
2008,36,männlich,526095
2008,36,weiblich,510686
2008,36,Insgesamt,1036781
2008,37,männlich,583027
2008,37,weiblich,562575
2008,37,Insgesamt,1145602
2008,38,männlich,611682
2008,38,weiblich,587420
2008,38,Insgesamt,1199102
2008,39,männlich,658754
2008,39,weiblich,629587
2008,39,Insgesamt,1288341
2008,40,männlich,690886
2008,40,weiblich,659669
2008,40,Insgesamt,1350555
2008,41,männlich,708225
2008,41,weiblich,677554
2008,41,Insgesamt,1385779
2008,42,männlich,728841
2008,42,weiblich,695415
2008,42,Insgesamt,1424256
2008,43,männlich,736251
2008,43,weiblich,697370
2008,43,Insgesamt,1433621
2008,44,männlich,747336
2008,44,weiblich,711352
2008,44,Insgesamt,1458688
2008,45,männlich,742263
2008,45,weiblich,708663
2008,45,Insgesamt,1450926
2008,46,männlich,717282
2008,46,weiblich,688903
2008,46,Insgesamt,1406185
2008,47,männlich,703370
2008,47,weiblich,682092
2008,47,Insgesamt,1385462
2008,48,männlich,683137
2008,48,weiblich,663918
2008,48,Insgesamt,1347055
2008,49,männlich,661424
2008,49,weiblich,642994
2008,49,Insgesamt,1304418
2008,50,männlich,627430
2008,50,weiblich,610172
2008,50,Insgesamt,1237602
2008,51,männlich,613173
2008,51,weiblich,598656
2008,51,Insgesamt,1211829
2008,52,männlich,596236
2008,52,weiblich,585719
2008,52,Insgesamt,1181955
2008,53,männlich,576007
2008,53,weiblich,571166
2008,53,Insgesamt,1147173
2008,54,männlich,561709
2008,54,weiblich,566203
2008,54,Insgesamt,1127912
2008,55,männlich,541797
2008,55,weiblich,550820
2008,55,Insgesamt,1092617
2008,56,männlich,541674
2008,56,weiblich,552396
2008,56,Insgesamt,1094070
2008,57,männlich,529881
2008,57,weiblich,541400
2008,57,Insgesamt,1071281
2008,58,männlich,531872
2008,58,weiblich,544471
2008,58,Insgesamt,1076343
2008,59,männlich,514517
2008,59,weiblich,523388
2008,59,Insgesamt,1037905
2008,60,männlich,472238
2008,60,weiblich,479413
2008,60,Insgesamt,951651
2008,61,männlich,441313
2008,61,weiblich,452833
2008,61,Insgesamt,894146
2008,62,männlich,384430
2008,62,weiblich,396174
2008,62,Insgesamt,780604
2008,63,männlich,335787
2008,63,weiblich,353388
2008,63,Insgesamt,689175
2008,64,männlich,445219
2008,64,weiblich,467936
2008,64,Insgesamt,913155
2008,65,männlich,450607
2008,65,weiblich,474561
2008,65,Insgesamt,925168
2008,66,männlich,434892
2008,66,weiblich,462540
2008,66,Insgesamt,897432
2008,67,männlich,520269
2008,67,weiblich,561795
2008,67,Insgesamt,1082064
2008,68,männlich,540863
2008,68,weiblich,593661
2008,68,Insgesamt,1134524
2008,69,männlich,522969
2008,69,weiblich,582400
2008,69,Insgesamt,1105369
2008,70,männlich,480629
2008,70,weiblich,542602
2008,70,Insgesamt,1023231
2008,71,männlich,439812
2008,71,weiblich,505428
2008,71,Insgesamt,945240
2008,72,männlich,416391
2008,72,weiblich,490932
2008,72,Insgesamt,907323
2008,73,männlich,390828
2008,73,weiblich,469867
2008,73,Insgesamt,860695
2008,74,männlich,352146
2008,74,weiblich,433621
2008,74,Insgesamt,785767
2008,75,männlich,273460
2008,75,weiblich,346628
2008,75,Insgesamt,620088
2008,76,männlich,260888
2008,76,weiblich,341760
2008,76,Insgesamt,602648
2008,77,männlich,253724
2008,77,weiblich,344411
2008,77,Insgesamt,598135
2008,78,männlich,252764
2008,78,weiblich,357176
2008,78,Insgesamt,609940
2008,79,männlich,230431
2008,79,weiblich,339846
2008,79,Insgesamt,570277
2008,80,männlich,214730
2008,80,weiblich,327993
2008,80,Insgesamt,542723
2008,81,männlich,180428
2008,81,weiblich,303697
2008,81,Insgesamt,484125
2008,82,männlich,155470
2008,82,weiblich,295043
2008,82,Insgesamt,450513
2008,83,männlich,134585
2008,83,weiblich,283912
2008,83,Insgesamt,418497
2008,84,männlich,106415
2008,84,weiblich,256463
2008,84,Insgesamt,362878
2008,85 +,männlich,471359
2008,85 +,weiblich,1331017
2008,85 +,Insgesamt,1802376
2008,Insgesamt,männlich,40000000
2008,Insgesamt,weiblich,42000000
2008,Insgesamt,Insgesamt,82002356
2009,unter 1 Jahr,männlich,341123
2009,unter 1 Jahr,weiblich,324028
2009,unter 1 Jahr,Insgesamt,665151
2009,1,männlich,352496
2009,1,weiblich,335300
2009,1,Insgesamt,687796
2009,2,männlich,354013
2009,2,weiblich,335497
2009,2,Insgesamt,689510
2009,3,männlich,348209
2009,3,weiblich,329431
2009,3,Insgesamt,677640
2009,4,männlich,353611
2009,4,weiblich,335900
2009,4,Insgesamt,689511
2009,5,männlich,363021
2009,5,weiblich,344710
2009,5,Insgesamt,707731
2009,6,männlich,363189
2009,6,weiblich,344835
2009,6,Insgesamt,708024
2009,7,männlich,369941
2009,7,weiblich,351142
2009,7,Insgesamt,721083
2009,8,männlich,378865
2009,8,weiblich,359693
2009,8,Insgesamt,738558
2009,9,männlich,394905
2009,9,weiblich,377426
2009,9,Insgesamt,772331
2009,10,männlich,397927
2009,10,weiblich,376432
2009,10,Insgesamt,774359
2009,11,männlich,405875
2009,11,weiblich,385436
2009,11,Insgesamt,791311
2009,12,männlich,418950
2009,12,weiblich,397892
2009,12,Insgesamt,816842
2009,13,männlich,412504
2009,13,weiblich,390828
2009,13,Insgesamt,803332
2009,14,männlich,399788
2009,14,weiblich,379667
2009,14,Insgesamt,779455
2009,15,männlich,405817
2009,15,weiblich,384304
2009,15,Insgesamt,790121
2009,16,männlich,422610
2009,16,weiblich,400814
2009,16,Insgesamt,823424
2009,17,männlich,433153
2009,17,weiblich,412361
2009,17,Insgesamt,845514
2009,18,männlich,452063
2009,18,weiblich,429953
2009,18,Insgesamt,882016
2009,19,männlich,500389
2009,19,weiblich,475608
2009,19,Insgesamt,975997
2009,20,männlich,497757
2009,20,weiblich,476721
2009,20,Insgesamt,974478
2009,21,männlich,516318
2009,21,weiblich,494025
2009,21,Insgesamt,1010343
2009,22,männlich,509209
2009,22,weiblich,487256
2009,22,Insgesamt,996465
2009,23,männlich,503040
2009,23,weiblich,485301
2009,23,Insgesamt,988341
2009,24,männlich,490329
2009,24,weiblich,474501
2009,24,Insgesamt,964830
2009,25,männlich,491859
2009,25,weiblich,475965
2009,25,Insgesamt,967824
2009,26,männlich,496870
2009,26,weiblich,482477
2009,26,Insgesamt,979347
2009,27,männlich,511612
2009,27,weiblich,496423
2009,27,Insgesamt,1008035
2009,28,männlich,508608
2009,28,weiblich,498097
2009,28,Insgesamt,1006705
2009,29,männlich,513919
2009,29,weiblich,502590
2009,29,Insgesamt,1016509
2009,30,männlich,490330
2009,30,weiblich,479041
2009,30,Insgesamt,969371
2009,31,männlich,484914
2009,31,weiblich,472793
2009,31,Insgesamt,957707
2009,32,männlich,480962
2009,32,weiblich,469596
2009,32,Insgesamt,950558
2009,33,männlich,474704
2009,33,weiblich,463573
2009,33,Insgesamt,938277
2009,34,männlich,464014
2009,34,weiblich,451330
2009,34,Insgesamt,915344
2009,35,männlich,470024
2009,35,weiblich,459908
2009,35,Insgesamt,929932
2009,36,männlich,475890
2009,36,weiblich,465498
2009,36,Insgesamt,941388
2009,37,männlich,524311
2009,37,weiblich,509963
2009,37,Insgesamt,1034274
2009,38,männlich,580988
2009,38,weiblich,561491
2009,38,Insgesamt,1142479
2009,39,männlich,609493
2009,39,weiblich,586506
2009,39,Insgesamt,1195999
2009,40,männlich,656581
2009,40,weiblich,628623
2009,40,Insgesamt,1285204
2009,41,männlich,688729
2009,41,weiblich,658758
2009,41,Insgesamt,1347487
2009,42,männlich,705821
2009,42,weiblich,676304
2009,42,Insgesamt,1382125
2009,43,männlich,726163
2009,43,weiblich,694090
2009,43,Insgesamt,1420253
2009,44,männlich,733391
2009,44,weiblich,696120
2009,44,Insgesamt,1429511
2009,45,männlich,744291
2009,45,weiblich,709974
2009,45,Insgesamt,1454265
2009,46,männlich,738914
2009,46,weiblich,707289
2009,46,Insgesamt,1446203
2009,47,männlich,713714
2009,47,weiblich,687370
2009,47,Insgesamt,1401084
2009,48,männlich,699654
2009,48,weiblich,680622
2009,48,Insgesamt,1380276
2009,49,männlich,679340
2009,49,weiblich,662142
2009,49,Insgesamt,1341482
2009,50,männlich,657540
2009,50,weiblich,641315
2009,50,Insgesamt,1298855
2009,51,männlich,623565
2009,51,weiblich,608499
2009,51,Insgesamt,1232064
2009,52,männlich,609034
2009,52,weiblich,596823
2009,52,Insgesamt,1205857
2009,53,männlich,591888
2009,53,weiblich,583856
2009,53,Insgesamt,1175744
2009,54,männlich,571611
2009,54,weiblich,569076
2009,54,Insgesamt,1140687
2009,55,männlich,557049
2009,55,weiblich,563944
2009,55,Insgesamt,1120993
2009,56,männlich,537122
2009,56,weiblich,548498
2009,56,Insgesamt,1085620
2009,57,männlich,536565
2009,57,weiblich,549820
2009,57,Insgesamt,1086385
2009,58,männlich,524646
2009,58,weiblich,538612
2009,58,Insgesamt,1063258
2009,59,männlich,526114
2009,59,weiblich,541542
2009,59,Insgesamt,1067656
2009,60,männlich,508248
2009,60,weiblich,520044
2009,60,Insgesamt,1028292
2009,61,männlich,466155
2009,61,weiblich,476138
2009,61,Insgesamt,942293
2009,62,männlich,435203
2009,62,weiblich,449505
2009,62,Insgesamt,884708
2009,63,männlich,378607
2009,63,weiblich,393103
2009,63,Insgesamt,771710
2009,64,männlich,330247
2009,64,weiblich,350344
2009,64,Insgesamt,680591
2009,65,männlich,437521
2009,65,weiblich,463951
2009,65,Insgesamt,901472
2009,66,männlich,442578
2009,66,weiblich,470036
2009,66,Insgesamt,912614
2009,67,männlich,426616
2009,67,weiblich,457964
2009,67,Insgesamt,884580
2009,68,männlich,509671
2009,68,weiblich,556071
2009,68,Insgesamt,1065742
2009,69,männlich,529015
2009,69,weiblich,587086
2009,69,Insgesamt,1116101
2009,70,männlich,510422
2009,70,weiblich,575380
2009,70,Insgesamt,1085802
2009,71,männlich,468385
2009,71,weiblich,535445
2009,71,Insgesamt,1003830
2009,72,männlich,427391
2009,72,weiblich,497957
2009,72,Insgesamt,925348
2009,73,männlich,403518
2009,73,weiblich,482874
2009,73,Insgesamt,886392
2009,74,männlich,377500
2009,74,weiblich,461052
2009,74,Insgesamt,838552
2009,75,männlich,338674
2009,75,weiblich,424591
2009,75,Insgesamt,763265
2009,76,männlich,261773
2009,76,weiblich,338072
2009,76,Insgesamt,599845
2009,77,männlich,248573
2009,77,weiblich,332456
2009,77,Insgesamt,581029
2009,78,männlich,240357
2009,78,weiblich,333603
2009,78,Insgesamt,573960
2009,79,männlich,238101
2009,79,weiblich,344416
2009,79,Insgesamt,582517
2009,80,männlich,215399
2009,80,weiblich,326018
2009,80,Insgesamt,541417
2009,81,männlich,199384
2009,81,weiblich,312767
2009,81,Insgesamt,512151
2009,82,männlich,166039
2009,82,weiblich,287661
2009,82,Insgesamt,453700
2009,83,männlich,141915
2009,83,weiblich,277077
2009,83,Insgesamt,418992
2009,84,männlich,121630
2009,84,weiblich,264005
2009,84,Insgesamt,385635
2009,85 +,männlich,495352
2009,85 +,weiblich,1373446
2009,85 +,Insgesamt,1868798
2009,Insgesamt,männlich,40000000
2009,Insgesamt,weiblich,42000000
2009,Insgesamt,Insgesamt,81802257
2010,unter 1 Jahr,männlich,347291
2010,unter 1 Jahr,weiblich,330942
2010,unter 1 Jahr,Insgesamt,678233
2010,1,männlich,343878
2010,1,weiblich,326736
2010,1,Insgesamt,670614
2010,2,männlich,353694
2010,2,weiblich,336424
2010,2,Insgesamt,690118
2010,3,männlich,354795
2010,3,weiblich,336393
2010,3,Insgesamt,691188
2010,4,männlich,348845
2010,4,weiblich,330122
2010,4,Insgesamt,678967
2010,5,männlich,354135
2010,5,weiblich,336366
2010,5,Insgesamt,690501
2010,6,männlich,363039
2010,6,weiblich,344730
2010,6,Insgesamt,707769
2010,7,männlich,363418
2010,7,weiblich,345167
2010,7,Insgesamt,708585
2010,8,männlich,370412
2010,8,weiblich,351567
2010,8,Insgesamt,721979
2010,9,männlich,379376
2010,9,weiblich,360135
2010,9,Insgesamt,739511
2010,10,männlich,395340
2010,10,weiblich,377989
2010,10,Insgesamt,773329
2010,11,männlich,398450
2010,11,weiblich,376939
2010,11,Insgesamt,775389
2010,12,männlich,406415
2010,12,weiblich,385914
2010,12,Insgesamt,792329
2010,13,männlich,419616
2010,13,weiblich,398502
2010,13,Insgesamt,818118
2010,14,männlich,413187
2010,14,weiblich,391384
2010,14,Insgesamt,804571
2010,15,männlich,400693
2010,15,weiblich,380376
2010,15,Insgesamt,781069
2010,16,männlich,407439
2010,16,weiblich,385429
2010,16,Insgesamt,792868
2010,17,männlich,423980
2010,17,weiblich,401771
2010,17,Insgesamt,825751
2010,18,männlich,435565
2010,18,weiblich,414616
2010,18,Insgesamt,850181
2010,19,männlich,456152
2010,19,weiblich,434373
2010,19,Insgesamt,890525
2010,20,männlich,505434
2010,20,weiblich,481665
2010,20,Insgesamt,987099
2010,21,männlich,502938
2010,21,weiblich,482396
2010,21,Insgesamt,985334
2010,22,männlich,521333
2010,22,weiblich,498686
2010,22,Insgesamt,1020019
2010,23,männlich,514675
2010,23,weiblich,491631
2010,23,Insgesamt,1006306
2010,24,männlich,508054
2010,24,weiblich,489179
2010,24,Insgesamt,997233
2010,25,männlich,494790
2010,25,weiblich,477106
2010,25,Insgesamt,971896
2010,26,männlich,495595
2010,26,weiblich,478024
2010,26,Insgesamt,973619
2010,27,männlich,499550
2010,27,weiblich,484116
2010,27,Insgesamt,983666
2010,28,männlich,513943
2010,28,weiblich,497789
2010,28,Insgesamt,1011732
2010,29,männlich,510581
2010,29,weiblich,499092
2010,29,Insgesamt,1009673
2010,30,männlich,515577
2010,30,weiblich,503522
2010,30,Insgesamt,1019099
2010,31,männlich,491924
2010,31,weiblich,479744
2010,31,Insgesamt,971668
2010,32,männlich,485901
2010,32,weiblich,473763
2010,32,Insgesamt,959664
2010,33,männlich,482020
2010,33,weiblich,470337
2010,33,Insgesamt,952357
2010,34,männlich,475485
2010,34,weiblich,464293
2010,34,Insgesamt,939778
2010,35,männlich,464681
2010,35,weiblich,451911
2010,35,Insgesamt,916592
2010,36,männlich,470865
2010,36,weiblich,460313
2010,36,Insgesamt,931178
2010,37,männlich,476085
2010,37,weiblich,465648
2010,37,Insgesamt,941733
2010,38,männlich,524490
2010,38,weiblich,510062
2010,38,Insgesamt,1034552
2010,39,männlich,581073
2010,39,weiblich,561716
2010,39,Insgesamt,1142789
2010,40,männlich,609295
2010,40,weiblich,586579
2010,40,Insgesamt,1195874
2010,41,männlich,656427
2010,41,weiblich,628655
2010,41,Insgesamt,1285082
2010,42,männlich,688072
2010,42,weiblich,658459
2010,42,Insgesamt,1346531
2010,43,männlich,705166
2010,43,weiblich,676106
2010,43,Insgesamt,1381272
2010,44,männlich,725180
2010,44,weiblich,693636
2010,44,Insgesamt,1418816
2010,45,männlich,731959
2010,45,weiblich,695571
2010,45,Insgesamt,1427530
2010,46,männlich,742737
2010,46,weiblich,709414
2010,46,Insgesamt,1452151
2010,47,männlich,737008
2010,47,weiblich,706301
2010,47,Insgesamt,1443309
2010,48,männlich,711575
2010,48,weiblich,686377
2010,48,Insgesamt,1397952
2010,49,männlich,697302
2010,49,weiblich,679481
2010,49,Insgesamt,1376783
2010,50,männlich,676694
2010,50,weiblich,660821
2010,50,Insgesamt,1337515
2010,51,männlich,654642
2010,51,weiblich,639936
2010,51,Insgesamt,1294578
2010,52,männlich,620500
2010,52,weiblich,607133
2010,52,Insgesamt,1227633
2010,53,männlich,605750
2010,53,weiblich,595158
2010,53,Insgesamt,1200908
2010,54,männlich,588296
2010,54,weiblich,582045
2010,54,Insgesamt,1170341
2010,55,männlich,567678
2010,55,weiblich,567198
2010,55,Insgesamt,1134876
2010,56,männlich,553081
2010,56,weiblich,561824
2010,56,Insgesamt,1114905
2010,57,männlich,532758
2010,57,weiblich,546330
2010,57,Insgesamt,1079088
2010,58,männlich,531867
2010,58,weiblich,547492
2010,58,Insgesamt,1079359
2010,59,männlich,519662
2010,59,weiblich,536125
2010,59,Insgesamt,1055787
2010,60,männlich,520533
2010,60,weiblich,538473
2010,60,Insgesamt,1059006
2010,61,männlich,502297
2010,61,weiblich,516862
2010,61,Insgesamt,1019159
2010,62,männlich,460385
2010,62,weiblich,472852
2010,62,Insgesamt,933237
2010,63,männlich,429163
2010,63,weiblich,446275
2010,63,Insgesamt,875438
2010,64,männlich,372612
2010,64,weiblich,389985
2010,64,Insgesamt,762597
2010,65,männlich,324635
2010,65,weiblich,347099
2010,65,Insgesamt,671734
2010,66,männlich,429930
2010,66,weiblich,459736
2010,66,Insgesamt,889666
2010,67,männlich,434219
2010,67,weiblich,465565
2010,67,Insgesamt,899784
2010,68,männlich,418326
2010,68,weiblich,453304
2010,68,Insgesamt,871630
2010,69,männlich,498967
2010,69,weiblich,550130
2010,69,Insgesamt,1049097
2010,70,männlich,516701
2010,70,weiblich,580197
2010,70,Insgesamt,1096898
2010,71,männlich,497807
2010,71,weiblich,568086
2010,71,Insgesamt,1065893
2010,72,männlich,455661
2010,72,weiblich,527980
2010,72,Insgesamt,983641
2010,73,männlich,414821
2010,73,weiblich,490097
2010,73,Insgesamt,904918
2010,74,männlich,390102
2010,74,weiblich,474170
2010,74,Insgesamt,864272
2010,75,männlich,363628
2010,75,weiblich,451590
2010,75,Insgesamt,815218
2010,76,männlich,324896
2010,76,weiblich,414516
2010,76,Insgesamt,739412
2010,77,männlich,249832
2010,77,weiblich,328934
2010,77,Insgesamt,578766
2010,78,männlich,235980
2010,78,weiblich,322104
2010,78,Insgesamt,558084
2010,79,männlich,226707
2010,79,weiblich,321904
2010,79,Insgesamt,548611
2010,80,männlich,222904
2010,80,weiblich,330865
2010,80,Insgesamt,553769
2010,81,männlich,200258
2010,81,weiblich,311284
2010,81,Insgesamt,511542
2010,82,männlich,183729
2010,82,weiblich,296543
2010,82,Insgesamt,480272
2010,83,männlich,152112
2010,83,weiblich,270480
2010,83,Insgesamt,422592
2010,84,männlich,128630
2010,84,weiblich,258162
2010,84,Insgesamt,386792
2010,85 +,männlich,531227
2010,85 +,weiblich,1420475
2010,85 +,Insgesamt,1951702
2010,Insgesamt,männlich,40000000
2010,Insgesamt,weiblich,42000000
2010,Insgesamt,Insgesamt,81751602
2011,unter 1 Jahr,männlich,337491
2011,unter 1 Jahr,weiblich,320841
2011,unter 1 Jahr,Insgesamt,658332
2011,1,männlich,347809
2011,1,weiblich,331427
2011,1,Insgesamt,679236
2011,2,männlich,343588
2011,2,weiblich,325991
2011,2,Insgesamt,669579
2011,3,männlich,353487
2011,3,weiblich,336204
2011,3,Insgesamt,689691
2011,4,männlich,354101
2011,4,weiblich,335647
2011,4,Insgesamt,689748
2011,5,männlich,348046
2011,5,weiblich,329292
2011,5,Insgesamt,677338
2011,6,männlich,352481
2011,6,weiblich,334787
2011,6,Insgesamt,687268
2011,7,männlich,362049
2011,7,weiblich,343904
2011,7,Insgesamt,705953
2011,8,männlich,362379
2011,8,weiblich,344265
2011,8,Insgesamt,706644
2011,9,männlich,369640
2011,9,weiblich,350483
2011,9,Insgesamt,720123
2011,10,männlich,379094
2011,10,weiblich,358677
2011,10,Insgesamt,737771
2011,11,männlich,395373
2011,11,weiblich,375808
2011,11,Insgesamt,771181
2011,12,männlich,397227
2011,12,weiblich,376312
2011,12,Insgesamt,773539
2011,13,männlich,405287
2011,13,weiblich,385472
2011,13,Insgesamt,790759
2011,14,männlich,418001
2011,14,weiblich,397843
2011,14,Insgesamt,815844
2011,15,männlich,411488
2011,15,weiblich,390419
2011,15,Insgesamt,801907
2011,16,männlich,399529
2011,16,weiblich,379122
2011,16,Insgesamt,778651
2011,17,männlich,405181
2011,17,weiblich,384207
2011,17,Insgesamt,789388
2011,18,männlich,420300
2011,18,weiblich,399178
2011,18,Insgesamt,819478
2011,19,männlich,428585
2011,19,weiblich,409937
2011,19,Insgesamt,838522
2011,20,männlich,449237
2011,20,weiblich,430391
2011,20,Insgesamt,879628
2011,21,männlich,497885
2011,21,weiblich,476995
2011,21,Insgesamt,974880
2011,22,männlich,494404
2011,22,weiblich,475624
2011,22,Insgesamt,970028
2011,23,männlich,512860
2011,23,weiblich,492088
2011,23,Insgesamt,1004948
2011,24,männlich,506758
2011,24,weiblich,485835
2011,24,Insgesamt,992593
2011,25,männlich,499365
2011,25,weiblich,483393
2011,25,Insgesamt,982758
2011,26,männlich,484494
2011,26,weiblich,470021
2011,26,Insgesamt,954515
2011,27,männlich,485568
2011,27,weiblich,471646
2011,27,Insgesamt,957214
2011,28,männlich,489574
2011,28,weiblich,477411
2011,28,Insgesamt,966985
2011,29,männlich,502860
2011,29,weiblich,491075
2011,29,Insgesamt,993935
2011,30,männlich,498101
2011,30,weiblich,492539
2011,30,Insgesamt,990640
2011,31,männlich,499241
2011,31,weiblich,495397
2011,31,Insgesamt,994638
2011,32,männlich,477058
2011,32,weiblich,473287
2011,32,Insgesamt,950345
2011,33,männlich,472233
2011,33,weiblich,467930
2011,33,Insgesamt,940163
2011,34,männlich,469563
2011,34,weiblich,464605
2011,34,Insgesamt,934168
2011,35,männlich,460545
2011,35,weiblich,458118
2011,35,Insgesamt,918663
2011,36,männlich,449668
2011,36,weiblich,445255
2011,36,Insgesamt,894923
2011,37,männlich,456093
2011,37,weiblich,454315
2011,37,Insgesamt,910408
2011,38,männlich,461806
2011,38,weiblich,459567
2011,38,Insgesamt,921373
2011,39,männlich,504448
2011,39,weiblich,499631
2011,39,Insgesamt,1004079
2011,40,männlich,559335
2011,40,weiblich,551398
2011,40,Insgesamt,1110733
2011,41,männlich,581744
2011,41,weiblich,573174
2011,41,Insgesamt,1154918
2011,42,männlich,629955
2011,42,weiblich,615826
2011,42,Insgesamt,1245781
2011,43,männlich,661704
2011,43,weiblich,646200
2011,43,Insgesamt,1307904
2011,44,männlich,681421
2011,44,weiblich,665873
2011,44,Insgesamt,1347294
2011,45,männlich,703638
2011,45,weiblich,685674
2011,45,Insgesamt,1389312
2011,46,männlich,708958
2011,46,weiblich,687675
2011,46,Insgesamt,1396633
2011,47,männlich,722224
2011,47,weiblich,702860
2011,47,Insgesamt,1425084
2011,48,männlich,716915
2011,48,weiblich,698687
2011,48,Insgesamt,1415602
2011,49,männlich,692770
2011,49,weiblich,679359
2011,49,Insgesamt,1372129
2011,50,männlich,681686
2011,50,weiblich,672778
2011,50,Insgesamt,1354464
2011,51,männlich,658318
2011,51,weiblich,651174
2011,51,Insgesamt,1309492
2011,52,männlich,641076
2011,52,weiblich,634292
2011,52,Insgesamt,1275368
2011,53,männlich,605312
2011,53,weiblich,600035
2011,53,Insgesamt,1205347
2011,54,männlich,590934
2011,54,weiblich,588475
2011,54,Insgesamt,1179409
2011,55,männlich,572971
2011,55,weiblich,574344
2011,55,Insgesamt,1147315
2011,56,männlich,552415
2011,56,weiblich,560430
2011,56,Insgesamt,1112845
2011,57,männlich,537623
2011,57,weiblich,554749
2011,57,Insgesamt,1092372
2011,58,männlich,517896
2011,58,weiblich,539432
2011,58,Insgesamt,1057328
2011,59,männlich,516469
2011,59,weiblich,539263
2011,59,Insgesamt,1055732
2011,60,männlich,505374
2011,60,weiblich,528753
2011,60,Insgesamt,1034127
2011,61,männlich,504199
2011,61,weiblich,528754
2011,61,Insgesamt,1032953
2011,62,männlich,488439
2011,62,weiblich,510179
2011,62,Insgesamt,998618
2011,63,männlich,446402
2011,63,weiblich,465029
2011,63,Insgesamt,911431
2011,64,männlich,415921
2011,64,weiblich,438520
2011,64,Insgesamt,854441
2011,65,männlich,360573
2011,65,weiblich,383150
2011,65,Insgesamt,743723
2011,66,männlich,311783
2011,66,weiblich,339695
2011,66,Insgesamt,651478
2011,67,männlich,415717
2011,67,weiblich,451702
2011,67,Insgesamt,867419
2011,68,männlich,419615
2011,68,weiblich,457085
2011,68,Insgesamt,876700
2011,69,männlich,402603
2011,69,weiblich,442821
2011,69,Insgesamt,845424
2011,70,männlich,480974
2011,70,weiblich,539956
2011,70,Insgesamt,1020930
2011,71,männlich,496958
2011,71,weiblich,568121
2011,71,Insgesamt,1065079
2011,72,männlich,479613
2011,72,weiblich,558229
2011,72,Insgesamt,1037842
2011,73,männlich,437250
2011,73,weiblich,516031
2011,73,Insgesamt,953281
2011,74,männlich,396644
2011,74,weiblich,478768
2011,74,Insgesamt,875412
2011,75,männlich,370645
2011,75,weiblich,460002
2011,75,Insgesamt,830647
2011,76,männlich,344499
2011,76,weiblich,438410
2011,76,Insgesamt,782909
2011,77,männlich,305868
2011,77,weiblich,399917
2011,77,Insgesamt,705785
2011,78,männlich,233524
2011,78,weiblich,316284
2011,78,Insgesamt,549808
2011,79,männlich,219102
2011,79,weiblich,308721
2011,79,Insgesamt,527823
2011,80,männlich,208649
2011,80,weiblich,306544
2011,80,Insgesamt,515193
2011,81,männlich,203389
2011,81,weiblich,313686
2011,81,Insgesamt,517075
2011,82,männlich,182267
2011,82,weiblich,293571
2011,82,Insgesamt,475838
2011,83,männlich,164421
2011,83,weiblich,276851
2011,83,Insgesamt,441272
2011,84,männlich,134331
2011,84,weiblich,249722
2011,84,Insgesamt,384053
2011,85 +,männlich,504926
2011,85 +,weiblich,1430815
2011,85 +,Insgesamt,1935741
2011,Insgesamt,männlich,39000000
2011,Insgesamt,weiblich,41000000
2011,Insgesamt,Insgesamt,80327900
2012,unter 1 Jahr,männlich,345987
2012,unter 1 Jahr,weiblich,328424
2012,unter 1 Jahr,Insgesamt,674411
2012,1,männlich,341450
2012,1,weiblich,324398
2012,1,Insgesamt,665848
2012,2,männlich,350534
2012,2,weiblich,333776
2012,2,Insgesamt,684310
2012,3,männlich,345843
2012,3,weiblich,328157
2012,3,Insgesamt,674000
2012,4,männlich,355497
2012,4,weiblich,338176
2012,4,Insgesamt,693673
2012,5,männlich,355946
2012,5,weiblich,337377
2012,5,Insgesamt,693323
2012,6,männlich,349430
2012,6,weiblich,330494
2012,6,Insgesamt,679924
2012,7,männlich,354047
2012,7,weiblich,336208
2012,7,Insgesamt,690255
2012,8,männlich,363634
2012,8,weiblich,345307
2012,8,Insgesamt,708941
2012,9,männlich,364094
2012,9,weiblich,345772
2012,9,Insgesamt,709866
2012,10,männlich,371262
2012,10,weiblich,351900
2012,10,Insgesamt,723162
2012,11,männlich,380625
2012,11,weiblich,360084
2012,11,Insgesamt,740709
2012,12,männlich,397086
2012,12,weiblich,377333
2012,12,Insgesamt,774419
2012,13,männlich,398743
2012,13,weiblich,377762
2012,13,Insgesamt,776505
2012,14,männlich,406763
2012,14,weiblich,386794
2012,14,Insgesamt,793557
2012,15,männlich,419850
2012,15,weiblich,399231
2012,15,Insgesamt,819081
2012,16,männlich,413981
2012,16,weiblich,392199
2012,16,Insgesamt,806180
2012,17,männlich,401881
2012,17,weiblich,380842
2012,17,Insgesamt,782723
2012,18,männlich,409325
2012,18,weiblich,387726
2012,18,Insgesamt,797051
2012,19,männlich,427173
2012,19,weiblich,405897
2012,19,Insgesamt,833070
2012,20,männlich,436659
2012,20,weiblich,418170
2012,20,Insgesamt,854829
2012,21,männlich,457637
2012,21,weiblich,438410
2012,21,Insgesamt,896047
2012,22,männlich,506959
2012,22,weiblich,485243
2012,22,Insgesamt,992202
2012,23,männlich,504480
2012,23,weiblich,484370
2012,23,Insgesamt,988850
2012,24,männlich,522826
2012,24,weiblich,499927
2012,24,Insgesamt,1022753
2012,25,männlich,516186
2012,25,weiblich,492943
2012,25,Insgesamt,1009129
2012,26,männlich,508240
2012,26,weiblich,489744
2012,26,Insgesamt,997984
2012,27,männlich,492650
2012,27,weiblich,475815
2012,27,Insgesamt,968465
2012,28,männlich,493215
2012,28,weiblich,476747
2012,28,Insgesamt,969962
2012,29,männlich,496340
2012,29,weiblich,481999
2012,29,Insgesamt,978339
2012,30,männlich,509069
2012,30,weiblich,495268
2012,30,Insgesamt,1004337
2012,31,männlich,503976
2012,31,weiblich,496479
2012,31,Insgesamt,1000455
2012,32,männlich,504384
2012,32,weiblich,499255
2012,32,Insgesamt,1003639
2012,33,männlich,482236
2012,33,weiblich,476648
2012,33,Insgesamt,958884
2012,34,männlich,476846
2012,34,weiblich,470965
2012,34,Insgesamt,947811
2012,35,männlich,473924
2012,35,weiblich,467494
2012,35,Insgesamt,941418
2012,36,männlich,464830
2012,36,weiblich,460737
2012,36,Insgesamt,925567
2012,37,männlich,453873
2012,37,weiblich,447891
2012,37,Insgesamt,901764
2012,38,männlich,459627
2012,38,weiblich,456664
2012,38,Insgesamt,916291
2012,39,männlich,465095
2012,39,weiblich,461881
2012,39,Insgesamt,926976
2012,40,männlich,507509
2012,40,weiblich,501782
2012,40,Insgesamt,1009291
2012,41,männlich,562426
2012,41,weiblich,553128
2012,41,Insgesamt,1115554
2012,42,männlich,584257
2012,42,weiblich,574871
2012,42,Insgesamt,1159128
2012,43,männlich,632277
2012,43,weiblich,617164
2012,43,Insgesamt,1249441
2012,44,männlich,663538
2012,44,weiblich,647571
2012,44,Insgesamt,1311109
2012,45,männlich,682713
2012,45,weiblich,667014
2012,45,Insgesamt,1349727
2012,46,männlich,704379
2012,46,weiblich,686405
2012,46,Insgesamt,1390784
2012,47,männlich,709241
2012,47,weiblich,688004
2012,47,Insgesamt,1397245
2012,48,männlich,722309
2012,48,weiblich,703098
2012,48,Insgesamt,1425407
2012,49,männlich,716393
2012,49,weiblich,698645
2012,49,Insgesamt,1415038
2012,50,männlich,691967
2012,50,weiblich,679132
2012,50,Insgesamt,1371099
2012,51,männlich,680451
2012,51,weiblich,672380
2012,51,Insgesamt,1352831
2012,52,männlich,656755
2012,52,weiblich,650605
2012,52,Insgesamt,1307360
2012,53,männlich,639144
2012,53,weiblich,633395
2012,53,Insgesamt,1272539
2012,54,männlich,603042
2012,54,weiblich,599063
2012,54,Insgesamt,1202105
2012,55,männlich,588349
2012,55,weiblich,587365
2012,55,Insgesamt,1175714
2012,56,männlich,569966
2012,56,weiblich,572893
2012,56,Insgesamt,1142859
2012,57,männlich,548968
2012,57,weiblich,558701
2012,57,Insgesamt,1107669
2012,58,männlich,533700
2012,58,weiblich,552881
2012,58,Insgesamt,1086581
2012,59,männlich,513489
2012,59,weiblich,537307
2012,59,Insgesamt,1050796
2012,60,männlich,511566
2012,60,weiblich,536691
2012,60,Insgesamt,1048257
2012,61,männlich,500160
2012,61,weiblich,526007
2012,61,Insgesamt,1026167
2012,62,männlich,498521
2012,62,weiblich,525646
2012,62,Insgesamt,1024167
2012,63,männlich,482106
2012,63,weiblich,506993
2012,63,Insgesamt,989099
2012,64,männlich,440203
2012,64,weiblich,461711
2012,64,Insgesamt,901914
2012,65,männlich,409528
2012,65,weiblich,435041
2012,65,Insgesamt,844569
2012,66,männlich,354444
2012,66,weiblich,379811
2012,66,Insgesamt,734255
2012,67,männlich,306329
2012,67,weiblich,336545
2012,67,Insgesamt,642874
2012,68,männlich,407759
2012,68,weiblich,447193
2012,68,Insgesamt,854952
2012,69,männlich,411093
2012,69,weiblich,452372
2012,69,Insgesamt,863465
2012,70,männlich,393870
2012,70,weiblich,437776
2012,70,Insgesamt,831646
2012,71,männlich,469677
2012,71,weiblich,533179
2012,71,Insgesamt,1002856
2012,72,männlich,484252
2012,72,weiblich,560362
2012,72,Insgesamt,1044614
2012,73,männlich,465943
2012,73,weiblich,549981
2012,73,Insgesamt,1015924
2012,74,männlich,423782
2012,74,weiblich,507450
2012,74,Insgesamt,931232
2012,75,männlich,383067
2012,75,weiblich,469763
2012,75,Insgesamt,852830
2012,76,männlich,356626
2012,76,weiblich,449952
2012,76,Insgesamt,806578
2012,77,männlich,329803
2012,77,weiblich,427405
2012,77,Insgesamt,757208
2012,78,männlich,291345
2012,78,weiblich,388458
2012,78,Insgesamt,679803
2012,79,männlich,220938
2012,79,weiblich,305692
2012,79,Insgesamt,526630
2012,80,männlich,205791
2012,80,weiblich,296941
2012,80,Insgesamt,502732
2012,81,männlich,194328
2012,81,weiblich,293235
2012,81,Insgesamt,487563
2012,82,männlich,187993
2012,82,weiblich,297883
2012,82,Insgesamt,485876
2012,83,männlich,166713
2012,83,weiblich,276704
2012,83,Insgesamt,443417
2012,84,männlich,148968
2012,84,weiblich,258276
2012,84,Insgesamt,407244
2012,85 +,männlich,543095
2012,85 +,weiblich,1455792
2012,85 +,Insgesamt,1998887
2012,Insgesamt,männlich,39000000
2012,Insgesamt,weiblich,41000000
2012,Insgesamt,Insgesamt,80523746
2013,unter 1 Jahr,männlich,350282
2013,unter 1 Jahr,weiblich,332788
2013,unter 1 Jahr,Insgesamt,683070
2013,1,männlich,351068
2013,1,weiblich,333269
2013,1,Insgesamt,684337
2013,2,männlich,344706
2013,2,weiblich,327618
2013,2,Insgesamt,672324
2013,3,männlich,353478
2013,3,weiblich,336633
2013,3,Insgesamt,690111
2013,4,männlich,348767
2013,4,weiblich,330883
2013,4,Insgesamt,679650
2013,5,männlich,358151
2013,5,weiblich,340856
2013,5,Insgesamt,699007
2013,6,männlich,358017
2013,6,weiblich,339320
2013,6,Insgesamt,697337
2013,7,männlich,351653
2013,7,weiblich,332667
2013,7,Insgesamt,684320
2013,8,männlich,356195
2013,8,weiblich,338362
2013,8,Insgesamt,694557
2013,9,männlich,365864
2013,9,weiblich,347475
2013,9,Insgesamt,713339
2013,10,männlich,366240
2013,10,weiblich,347814
2013,10,Insgesamt,714054
2013,11,männlich,373361
2013,11,weiblich,353805
2013,11,Insgesamt,727166
2013,12,männlich,382694
2013,12,weiblich,361982
2013,12,Insgesamt,744676
2013,13,männlich,399112
2013,13,weiblich,379174
2013,13,Insgesamt,778286
2013,14,männlich,400750
2013,14,weiblich,379448
2013,14,Insgesamt,780198
2013,15,männlich,408980
2013,15,weiblich,388627
2013,15,Insgesamt,797607
2013,16,männlich,422872
2013,16,weiblich,401418
2013,16,Insgesamt,824290
2013,17,männlich,416947
2013,17,weiblich,394253
2013,17,Insgesamt,811200
2013,18,männlich,408153
2013,18,weiblich,385137
2013,18,Insgesamt,793290
2013,19,männlich,418858
2013,19,weiblich,395252
2013,19,Insgesamt,814110
2013,20,männlich,436867
2013,20,weiblich,415251
2013,20,Insgesamt,852118
2013,21,männlich,446567
2013,21,weiblich,426913
2013,21,Insgesamt,873480
2013,22,männlich,467865
2013,22,weiblich,446854
2013,22,Insgesamt,914719
2013,23,männlich,518724
2013,23,weiblich,494482
2013,23,Insgesamt,1013206
2013,24,männlich,515501
2013,24,weiblich,493007
2013,24,Insgesamt,1008508
2013,25,männlich,533628
2013,25,weiblich,507705
2013,25,Insgesamt,1041333
2013,26,männlich,526086
2013,26,weiblich,499767
2013,26,Insgesamt,1025853
2013,27,männlich,517476
2013,27,weiblich,495944
2013,27,Insgesamt,1013420
2013,28,männlich,501364
2013,28,weiblich,481596
2013,28,Insgesamt,982960
2013,29,männlich,500818
2013,29,weiblich,482042
2013,29,Insgesamt,982860
2013,30,männlich,503255
2013,30,weiblich,486678
2013,30,Insgesamt,989933
2013,31,männlich,515210
2013,31,weiblich,499939
2013,31,Insgesamt,1015149
2013,32,männlich,509577
2013,32,weiblich,500479
2013,32,Insgesamt,1010056
2013,33,männlich,510197
2013,33,weiblich,503081
2013,33,Insgesamt,1013278
2013,34,männlich,487231
2013,34,weiblich,480322
2013,34,Insgesamt,967553
2013,35,männlich,481572
2013,35,weiblich,474474
2013,35,Insgesamt,956046
2013,36,männlich,478577
2013,36,weiblich,470570
2013,36,Insgesamt,949147
2013,37,männlich,469018
2013,37,weiblich,463710
2013,37,Insgesamt,932728
2013,38,männlich,457821
2013,38,weiblich,450630
2013,38,Insgesamt,908451
2013,39,männlich,463438
2013,39,weiblich,459295
2013,39,Insgesamt,922733
2013,40,männlich,468173
2013,40,weiblich,464328
2013,40,Insgesamt,932501
2013,41,männlich,510639
2013,41,weiblich,504019
2013,41,Insgesamt,1014658
2013,42,männlich,565145
2013,42,weiblich,555059
2013,42,Insgesamt,1120204
2013,43,männlich,586640
2013,43,weiblich,576696
2013,43,Insgesamt,1163336
2013,44,männlich,634234
2013,44,weiblich,618966
2013,44,Insgesamt,1253200
2013,45,männlich,665347
2013,45,weiblich,649023
2013,45,Insgesamt,1314370
2013,46,männlich,683925
2013,46,weiblich,668124
2013,46,Insgesamt,1352049
2013,47,männlich,704848
2013,47,weiblich,687004
2013,47,Insgesamt,1391852
2013,48,männlich,709382
2013,48,weiblich,688428
2013,48,Insgesamt,1397810
2013,49,männlich,722133
2013,49,weiblich,703380
2013,49,Insgesamt,1425513
2013,50,männlich,715616
2013,50,weiblich,698830
2013,50,Insgesamt,1414446
2013,51,männlich,690842
2013,51,weiblich,678865
2013,51,Insgesamt,1369707
2013,52,männlich,678840
2013,52,weiblich,671885
2013,52,Insgesamt,1350725
2013,53,männlich,654794
2013,53,weiblich,649900
2013,53,Insgesamt,1304694
2013,54,männlich,636781
2013,54,weiblich,632505
2013,54,Insgesamt,1269286
2013,55,männlich,600210
2013,55,weiblich,598011
2013,55,Insgesamt,1198221
2013,56,männlich,585174
2013,56,weiblich,585935
2013,56,Insgesamt,1171109
2013,57,männlich,566492
2013,57,weiblich,571272
2013,57,Insgesamt,1137764
2013,58,männlich,544901
2013,58,weiblich,556882
2013,58,Insgesamt,1101783
2013,59,männlich,529193
2013,59,weiblich,550822
2013,59,Insgesamt,1080015
2013,60,männlich,508704
2013,60,weiblich,534936
2013,60,Insgesamt,1043640
2013,61,männlich,506181
2013,61,weiblich,533996
2013,61,Insgesamt,1040177
2013,62,männlich,494624
2013,62,weiblich,523143
2013,62,Insgesamt,1017767
2013,63,männlich,492253
2013,63,weiblich,522229
2013,63,Insgesamt,1014482
2013,64,männlich,475445
2013,64,weiblich,503439
2013,64,Insgesamt,978884
2013,65,männlich,433448
2013,65,weiblich,457923
2013,65,Insgesamt,891371
2013,66,männlich,402581
2013,66,weiblich,431202
2013,66,Insgesamt,833783
2013,67,männlich,348044
2013,67,weiblich,376186
2013,67,Insgesamt,724230
2013,68,männlich,300284
2013,68,weiblich,333074
2013,68,Insgesamt,633358
2013,69,männlich,399393
2013,69,weiblich,442260
2013,69,Insgesamt,841653
2013,70,männlich,402015
2013,70,weiblich,447112
2013,70,Insgesamt,849127
2013,71,männlich,384523
2013,71,weiblich,432185
2013,71,Insgesamt,816708
2013,72,männlich,457559
2013,72,weiblich,525888
2013,72,Insgesamt,983447
2013,73,männlich,470617
2013,73,weiblich,551988
2013,73,Insgesamt,1022605
2013,74,männlich,451644
2013,74,weiblich,540789
2013,74,Insgesamt,992433
2013,75,männlich,409514
2013,75,weiblich,498126
2013,75,Insgesamt,907640
2013,76,männlich,368683
2013,76,weiblich,459667
2013,76,Insgesamt,828350
2013,77,männlich,341630
2013,77,weiblich,438833
2013,77,Insgesamt,780463
2013,78,männlich,314317
2013,78,weiblich,415265
2013,78,Insgesamt,729582
2013,79,männlich,276006
2013,79,weiblich,375694
2013,79,Insgesamt,651700
2013,80,männlich,207639
2013,80,weiblich,294008
2013,80,Insgesamt,501647
2013,81,männlich,192103
2013,81,weiblich,284116
2013,81,Insgesamt,476219
2013,82,männlich,179748
2013,82,weiblich,278556
2013,82,Insgesamt,458304
2013,83,männlich,171834
2013,83,weiblich,280616
2013,83,Insgesamt,452450
2013,84,männlich,150781
2013,84,weiblich,258308
2013,84,Insgesamt,409089
2013,85 +,männlich,587104
2013,85 +,weiblich,1481547
2013,85 +,Insgesamt,2068651
2013,Insgesamt,männlich,40000000
2013,Insgesamt,weiblich,41000000
2013,Insgesamt,Insgesamt,80767463
2014,unter 1 Jahr,männlich,367563
2014,unter 1 Jahr,weiblich,348856
2014,unter 1 Jahr,Insgesamt,716419
2014,1,männlich,357015
2014,1,weiblich,338900
2014,1,Insgesamt,695915
2014,2,männlich,356316
2014,2,weiblich,338053
2014,2,Insgesamt,694369
2014,3,männlich,349198
2014,3,weiblich,331911
2014,3,Insgesamt,681109
2014,4,männlich,357848
2014,4,weiblich,340751
2014,4,Insgesamt,698599
2014,5,männlich,353123
2014,5,weiblich,334728
2014,5,Insgesamt,687851
2014,6,männlich,361899
2014,6,weiblich,344281
2014,6,Insgesamt,706180
2014,7,männlich,361652
2014,7,weiblich,342682
2014,7,Insgesamt,704334
2014,8,männlich,355412
2014,8,weiblich,336078
2014,8,Insgesamt,691490
2014,9,männlich,359878
2014,9,weiblich,341745
2014,9,Insgesamt,701623
2014,10,männlich,369406
2014,10,weiblich,350616
2014,10,Insgesamt,720022
2014,11,männlich,369612
2014,11,weiblich,350910
2014,11,Insgesamt,720522
2014,12,männlich,376432
2014,12,weiblich,356637
2014,12,Insgesamt,733069
2014,13,männlich,385989
2014,13,weiblich,364876
2014,13,Insgesamt,750865
2014,14,männlich,402305
2014,14,weiblich,382051
2014,14,Insgesamt,784356
2014,15,männlich,404519
2014,15,weiblich,382142
2014,15,Insgesamt,786661
2014,16,männlich,414362
2014,16,weiblich,391637
2014,16,Insgesamt,805999
2014,17,männlich,428231
2014,17,weiblich,404406
2014,17,Insgesamt,832637
2014,18,männlich,426521
2014,18,weiblich,399698
2014,18,Insgesamt,826219
2014,19,männlich,421020
2014,19,weiblich,394252
2014,19,Insgesamt,815272
2014,20,männlich,432716
2014,20,weiblich,406457
2014,20,Insgesamt,839173
2014,21,männlich,450035
2014,21,weiblich,424922
2014,21,Insgesamt,874957
2014,22,männlich,459824
2014,22,weiblich,436098
2014,22,Insgesamt,895922
2014,23,männlich,481990
2014,23,weiblich,456828
2014,23,Insgesamt,938818
2014,24,männlich,533339
2014,24,weiblich,504119
2014,24,Insgesamt,1037458
2014,25,männlich,528866
2014,25,weiblich,501825
2014,25,Insgesamt,1030691
2014,26,männlich,546727
2014,26,weiblich,515448
2014,26,Insgesamt,1062175
2014,27,männlich,537339
2014,27,weiblich,507022
2014,27,Insgesamt,1044361
2014,28,männlich,528076
2014,28,weiblich,502548
2014,28,Insgesamt,1030624
2014,29,männlich,511013
2014,29,weiblich,487962
2014,29,Insgesamt,998975
2014,30,männlich,509925
2014,30,weiblich,487995
2014,30,Insgesamt,997920
2014,31,männlich,510873
2014,31,weiblich,492174
2014,31,Insgesamt,1003047
2014,32,männlich,522297
2014,32,weiblich,505038
2014,32,Insgesamt,1027335
2014,33,männlich,516101
2014,33,weiblich,505079
2014,33,Insgesamt,1021180
2014,34,männlich,516859
2014,34,weiblich,507740
2014,34,Insgesamt,1024599
2014,35,männlich,492886
2014,35,weiblich,484850
2014,35,Insgesamt,977736
2014,36,männlich,487057
2014,36,weiblich,478458
2014,36,Insgesamt,965515
2014,37,männlich,483642
2014,37,weiblich,474312
2014,37,Insgesamt,957954
2014,38,männlich,473637
2014,38,weiblich,467299
2014,38,Insgesamt,940936
2014,39,männlich,462223
2014,39,weiblich,454252
2014,39,Insgesamt,916475
2014,40,männlich,467677
2014,40,weiblich,462502
2014,40,Insgesamt,930179
2014,41,männlich,471883
2014,41,weiblich,467300
2014,41,Insgesamt,939183
2014,42,männlich,514066
2014,42,weiblich,506780
2014,42,Insgesamt,1020846
2014,43,männlich,567973
2014,43,weiblich,557547
2014,43,Insgesamt,1125520
2014,44,männlich,589545
2014,44,weiblich,579006
2014,44,Insgesamt,1168551
2014,45,männlich,636515
2014,45,weiblich,620979
2014,45,Insgesamt,1257494
2014,46,männlich,667294
2014,46,weiblich,650747
2014,46,Insgesamt,1318041
2014,47,männlich,685436
2014,47,weiblich,669462
2014,47,Insgesamt,1354898
2014,48,männlich,705545
2014,48,weiblich,687907
2014,48,Insgesamt,1393452
2014,49,männlich,709406
2014,49,weiblich,689133
2014,49,Insgesamt,1398539
2014,50,männlich,721521
2014,50,weiblich,703668
2014,50,Insgesamt,1425189
2014,51,männlich,714491
2014,51,weiblich,698833
2014,51,Insgesamt,1413324
2014,52,männlich,689365
2014,52,weiblich,678727
2014,52,Insgesamt,1368092
2014,53,männlich,676981
2014,53,weiblich,671413
2014,53,Insgesamt,1348394
2014,54,männlich,652446
2014,54,weiblich,649207
2014,54,Insgesamt,1301653
2014,55,männlich,633996
2014,55,weiblich,631628
2014,55,Insgesamt,1265624
2014,56,männlich,597118
2014,56,weiblich,596851
2014,56,Insgesamt,1193969
2014,57,männlich,581600
2014,57,weiblich,584477
2014,57,Insgesamt,1166077
2014,58,männlich,562594
2014,58,weiblich,569613
2014,58,Insgesamt,1132207
2014,59,männlich,540425
2014,59,weiblich,554830
2014,59,Insgesamt,1095255
2014,60,männlich,524440
2014,60,weiblich,548380
2014,60,Insgesamt,1072820
2014,61,männlich,503398
2014,61,weiblich,532319
2014,61,Insgesamt,1035717
2014,62,männlich,500343
2014,62,weiblich,531306
2014,62,Insgesamt,1031649
2014,63,männlich,488275
2014,63,weiblich,519980
2014,63,Insgesamt,1008255
2014,64,männlich,485673
2014,64,weiblich,518863
2014,64,Insgesamt,1004536
2014,65,männlich,468215
2014,65,weiblich,499605
2014,65,Insgesamt,967820
2014,66,männlich,426282
2014,66,weiblich,454034
2014,66,Insgesamt,880316
2014,67,männlich,395698
2014,67,weiblich,427281
2014,67,Insgesamt,822979
2014,68,männlich,341543
2014,68,weiblich,372468
2014,68,Insgesamt,714011
2014,69,männlich,294231
2014,69,weiblich,329537
2014,69,Insgesamt,623768
2014,70,männlich,390745
2014,70,weiblich,437094
2014,70,Insgesamt,827839
2014,71,männlich,392647
2014,71,weiblich,441561
2014,71,Insgesamt,834208
2014,72,männlich,375001
2014,72,weiblich,426336
2014,72,Insgesamt,801337
2014,73,männlich,444900
2014,73,weiblich,518233
2014,73,Insgesamt,963133
2014,74,männlich,456567
2014,74,weiblich,543130
2014,74,Insgesamt,999697
2014,75,männlich,436973
2014,75,weiblich,531233
2014,75,Insgesamt,968206
2014,76,männlich,394993
2014,76,weiblich,487891
2014,76,Insgesamt,882884
2014,77,männlich,354121
2014,77,weiblich,449056
2014,77,Insgesamt,803177
2014,78,männlich,326505
2014,78,weiblich,427041
2014,78,Insgesamt,753546
2014,79,männlich,298913
2014,79,weiblich,402579
2014,79,Insgesamt,701492
2014,80,männlich,260419
2014,80,weiblich,362291
2014,80,Insgesamt,622710
2014,81,männlich,194658
2014,81,weiblich,281809
2014,81,Insgesamt,476467
2014,82,männlich,178403
2014,82,weiblich,270703
2014,82,Insgesamt,449106
2014,83,männlich,165283
2014,83,weiblich,263433
2014,83,Insgesamt,428716
2014,84,männlich,156351
2014,84,weiblich,263352
2014,84,Insgesamt,419703
2014,85 +,männlich,631277
2014,85 +,weiblich,1516319
2014,85 +,Insgesamt,2147596
2014,Insgesamt,männlich,40000000
2014,Insgesamt,weiblich,41000000
2014,Insgesamt,Insgesamt,81197537
2015,unter 1 Jahr,männlich,382551
2015,unter 1 Jahr,weiblich,362170
2015,unter 1 Jahr,Insgesamt,744721
2015,1,männlich,380101
2015,1,weiblich,359977
2015,1,Insgesamt,740078
2015,2,männlich,367786
2015,2,weiblich,347822
2015,2,Insgesamt,715608
2015,3,männlich,366762
2015,3,weiblich,346995
2015,3,Insgesamt,713757
2015,4,männlich,359093
2015,4,weiblich,340289
2015,4,Insgesamt,699382
2015,5,männlich,367898
2015,5,weiblich,348965
2015,5,Insgesamt,716863
2015,6,männlich,362274
2015,6,weiblich,342442
2015,6,Insgesamt,704716
2015,7,männlich,371378
2015,7,weiblich,351988
2015,7,Insgesamt,723366
2015,8,männlich,370501
2015,8,weiblich,349951
2015,8,Insgesamt,720452
2015,9,männlich,363739
2015,9,weiblich,342778
2015,9,Insgesamt,706517
2015,10,männlich,368339
2015,10,weiblich,348360
2015,10,Insgesamt,716699
2015,11,männlich,377066
2015,11,weiblich,356632
2015,11,Insgesamt,733698
2015,12,männlich,377366
2015,12,weiblich,356615
2015,12,Insgesamt,733981
2015,13,männlich,384238
2015,13,weiblich,362053
2015,13,Insgesamt,746291
2015,14,männlich,394959
2015,14,weiblich,370038
2015,14,Insgesamt,764997
2015,15,männlich,414430
2015,15,weiblich,387785
2015,15,Insgesamt,802215
2015,16,männlich,423269
2015,16,weiblich,388025
2015,16,Insgesamt,811294
2015,17,männlich,433447
2015,17,weiblich,397595
2015,17,Insgesamt,831042
2015,18,männlich,459532
2015,18,weiblich,413639
2015,18,Insgesamt,873171
2015,19,männlich,458792
2015,19,weiblich,413450
2015,19,Insgesamt,872242
2015,20,männlich,454777
2015,20,weiblich,410082
2015,20,Insgesamt,864859
2015,21,männlich,462645
2015,21,weiblich,420269
2015,21,Insgesamt,882914
2015,22,männlich,479967
2015,22,weiblich,438088
2015,22,Insgesamt,918055
2015,23,männlich,490304
2015,23,weiblich,450279
2015,23,Insgesamt,940583
2015,24,männlich,510875
2015,24,weiblich,470592
2015,24,Insgesamt,981467
2015,25,männlich,564094
2015,25,weiblich,517414
2015,25,Insgesamt,1081508
2015,26,männlich,555439
2015,26,weiblich,514168
2015,26,Insgesamt,1069607
2015,27,männlich,571878
2015,27,weiblich,527199
2015,27,Insgesamt,1099077
2015,28,männlich,559651
2015,28,weiblich,517800
2015,28,Insgesamt,1077451
2015,29,männlich,547653
2015,29,weiblich,512385
2015,29,Insgesamt,1060038
2015,30,männlich,530264
2015,30,weiblich,498019
2015,30,Insgesamt,1028283
2015,31,männlich,526211
2015,31,weiblich,497203
2015,31,Insgesamt,1023414
2015,32,männlich,525713
2015,32,weiblich,500561
2015,32,Insgesamt,1026274
2015,33,männlich,536345
2015,33,weiblich,512875
2015,33,Insgesamt,1049220
2015,34,männlich,528536
2015,34,weiblich,512133
2015,34,Insgesamt,1040669
2015,35,männlich,530571
2015,35,weiblich,515394
2015,35,Insgesamt,1045965
2015,36,männlich,503981
2015,36,weiblich,491704
2015,36,Insgesamt,995685
2015,37,männlich,497251
2015,37,weiblich,484559
2015,37,Insgesamt,981810
2015,38,männlich,493218
2015,38,weiblich,480310
2015,38,Insgesamt,973528
2015,39,männlich,482259
2015,39,weiblich,472497
2015,39,Insgesamt,954756
2015,40,männlich,470864
2015,40,weiblich,459589
2015,40,Insgesamt,930453
2015,41,männlich,475238
2015,41,weiblich,467556
2015,41,Insgesamt,942794
2015,42,männlich,478608
2015,42,weiblich,472076
2015,42,Insgesamt,950684
2015,43,männlich,520434
2015,43,weiblich,510837
2015,43,Insgesamt,1031271
2015,44,männlich,573664
2015,44,weiblich,561222
2015,44,Insgesamt,1134886
2015,45,männlich,594848
2015,45,weiblich,582482
2015,45,Insgesamt,1177330
2015,46,männlich,640979
2015,46,weiblich,624114
2015,46,Insgesamt,1265093
2015,47,männlich,671085
2015,47,weiblich,653581
2015,47,Insgesamt,1324666
2015,48,männlich,688363
2015,48,weiblich,671607
2015,48,Insgesamt,1359970
2015,49,männlich,707270
2015,49,weiblich,689375
2015,49,Insgesamt,1396645
2015,50,männlich,710458
2015,50,weiblich,690454
2015,50,Insgesamt,1400912
2015,51,männlich,721941
2015,51,weiblich,704276
2015,51,Insgesamt,1426217
2015,52,männlich,714227
2015,52,weiblich,699283
2015,52,Insgesamt,1413510
2015,53,männlich,688648
2015,53,weiblich,678752
2015,53,Insgesamt,1367400
2015,54,männlich,675553
2015,54,weiblich,671173
2015,54,Insgesamt,1346726
2015,55,männlich,650555
2015,55,weiblich,648841
2015,55,Insgesamt,1299396
2015,56,männlich,631174
2015,56,weiblich,630592
2015,56,Insgesamt,1261766
2015,57,männlich,594323
2015,57,weiblich,595821
2015,57,Insgesamt,1190144
2015,58,männlich,577953
2015,58,weiblich,582959
2015,58,Insgesamt,1160912
2015,59,männlich,558486
2015,59,weiblich,567936
2015,59,Insgesamt,1126422
2015,60,männlich,536080
2015,60,weiblich,552816
2015,60,Insgesamt,1088896
2015,61,männlich,519384
2015,61,weiblich,545713
2015,61,Insgesamt,1065097
2015,62,männlich,498035
2015,62,weiblich,529608
2015,62,Insgesamt,1027643
2015,63,männlich,494051
2015,63,weiblich,528204
2015,63,Insgesamt,1022255
2015,64,männlich,481708
2015,64,weiblich,516457
2015,64,Insgesamt,998165
2015,65,männlich,478436
2015,65,weiblich,515108
2015,65,Insgesamt,993544
2015,66,männlich,460601
2015,66,weiblich,495342
2015,66,Insgesamt,955943
2015,67,männlich,418628
2015,67,weiblich,449827
2015,67,Insgesamt,868455
2015,68,männlich,388193
2015,68,weiblich,423014
2015,68,Insgesamt,811207
2015,69,männlich,334464
2015,69,weiblich,368271
2015,69,Insgesamt,702735
2015,70,männlich,287518
2015,70,weiblich,325616
2015,70,Insgesamt,613134
2015,71,männlich,381396
2015,71,weiblich,431418
2015,71,Insgesamt,812814
2015,72,männlich,382470
2015,72,weiblich,435355
2015,72,Insgesamt,817825
2015,73,männlich,364626
2015,73,weiblich,419698
2015,73,Insgesamt,784324
2015,74,männlich,431361
2015,74,weiblich,509735
2015,74,Insgesamt,941096
2015,75,männlich,441132
2015,75,weiblich,533183
2015,75,Insgesamt,974315
2015,76,männlich,420883
2015,76,weiblich,520075
2015,76,Insgesamt,940958
2015,77,männlich,379043
2015,77,weiblich,476392
2015,77,Insgesamt,855435
2015,78,männlich,338294
2015,78,weiblich,436966
2015,78,Insgesamt,775260
2015,79,männlich,310317
2015,79,weiblich,413613
2015,79,Insgesamt,723930
2015,80,männlich,281699
2015,80,weiblich,387957
2015,80,Insgesamt,669656
2015,81,männlich,243568
2015,81,weiblich,347107
2015,81,Insgesamt,590675
2015,82,männlich,180373
2015,82,weiblich,268040
2015,82,Insgesamt,448413
2015,83,männlich,163714
2015,83,weiblich,255410
2015,83,Insgesamt,419124
2015,84,männlich,150123
2015,84,weiblich,246421
2015,84,Insgesamt,396544
2015,85 +,männlich,668202
2015,85 +,weiblich,1536589
2015,85 +,Insgesamt,2204791
2015,Insgesamt,männlich,41000000
2015,Insgesamt,weiblich,42000000
2015,Insgesamt,Insgesamt,82175684
2016,unter 1 Jahr,männlich,403564
2016,unter 1 Jahr,weiblich,384735
2016,unter 1 Jahr,Insgesamt,788299
2016,1,männlich,391699
2016,1,weiblich,370820
2016,1,Insgesamt,762519
2016,2,männlich,386856
2016,2,weiblich,366361
2016,2,Insgesamt,753217
2016,3,männlich,373724
2016,3,weiblich,353479
2016,3,Insgesamt,727203
2016,4,männlich,372745
2016,4,weiblich,352463
2016,4,Insgesamt,725208
2016,5,männlich,364483
2016,5,weiblich,345166
2016,5,Insgesamt,709649
2016,6,männlich,372791
2016,6,weiblich,353199
2016,6,Insgesamt,725990
2016,7,männlich,367520
2016,7,weiblich,347094
2016,7,Insgesamt,714614
2016,8,männlich,376926
2016,8,weiblich,356978
2016,8,Insgesamt,733904
2016,9,männlich,375470
2016,9,weiblich,354300
2016,9,Insgesamt,729770
2016,10,männlich,368644
2016,10,weiblich,346854
2016,10,Insgesamt,715498
2016,11,männlich,372775
2016,11,weiblich,352305
2016,11,Insgesamt,725080
2016,12,männlich,381238
2016,12,weiblich,360196
2016,12,Insgesamt,741434
2016,13,männlich,381743
2016,13,weiblich,360084
2016,13,Insgesamt,741827
2016,14,männlich,389122
2016,14,weiblich,365234
2016,14,Insgesamt,754356
2016,15,männlich,401366
2016,15,weiblich,373495
2016,15,Insgesamt,774861
2016,16,männlich,425176
2016,16,weiblich,391999
2016,16,Insgesamt,817175
2016,17,männlich,437671
2016,17,weiblich,391987
2016,17,Insgesamt,829658
2016,18,männlich,448700
2016,18,weiblich,403949
2016,18,Insgesamt,852649
2016,19,männlich,474485
2016,19,weiblich,424041
2016,19,Insgesamt,898526
2016,20,männlich,472015
2016,20,weiblich,424854
2016,20,Insgesamt,896869
2016,21,männlich,464476
2016,21,weiblich,419395
2016,21,Insgesamt,883871
2016,22,männlich,472217
2016,22,weiblich,428110
2016,22,Insgesamt,900327
2016,23,männlich,488896
2016,23,weiblich,446961
2016,23,Insgesamt,935857
2016,24,männlich,498326
2016,24,weiblich,458781
2016,24,Insgesamt,957107
2016,25,männlich,517835
2016,25,weiblich,478296
2016,25,Insgesamt,996131
2016,26,männlich,569618
2016,26,weiblich,524395
2016,26,Insgesamt,1094013
2016,27,männlich,560561
2016,27,weiblich,520945
2016,27,Insgesamt,1081506
2016,28,männlich,576162
2016,28,weiblich,532729
2016,28,Insgesamt,1108891
2016,29,männlich,562929
2016,29,weiblich,523286
2016,29,Insgesamt,1086215
2016,30,männlich,550259
2016,30,weiblich,517944
2016,30,Insgesamt,1068203
2016,31,männlich,532987
2016,31,weiblich,503341
2016,31,Insgesamt,1036328
2016,32,männlich,528086
2016,32,weiblich,501801
2016,32,Insgesamt,1029887
2016,33,männlich,527169
2016,33,weiblich,505012
2016,33,Insgesamt,1032181
2016,34,männlich,537679
2016,34,weiblich,516797
2016,34,Insgesamt,1054476
2016,35,männlich,529587
2016,35,weiblich,515876
2016,35,Insgesamt,1045463
2016,36,männlich,531441
2016,36,weiblich,519009
2016,36,Insgesamt,1050450
2016,37,männlich,504917
2016,37,weiblich,494747
2016,37,Insgesamt,999664
2016,38,männlich,497865
2016,38,weiblich,487725
2016,38,Insgesamt,985590
2016,39,männlich,493796
2016,39,weiblich,483075
2016,39,Insgesamt,976871
2016,40,männlich,482589
2016,40,weiblich,475288
2016,40,Insgesamt,957877
2016,41,männlich,471244
2016,41,weiblich,461879
2016,41,Insgesamt,933123
2016,42,männlich,475382
2016,42,weiblich,469802
2016,42,Insgesamt,945184
2016,43,männlich,478790
2016,43,weiblich,474234
2016,43,Insgesamt,953024
2016,44,männlich,520352
2016,44,weiblich,512426
2016,44,Insgesamt,1032778
2016,45,männlich,573121
2016,45,weiblich,562689
2016,45,Insgesamt,1135810
2016,46,männlich,594048
2016,46,weiblich,583694
2016,46,Insgesamt,1177742
2016,47,männlich,639442
2016,47,weiblich,624889
2016,47,Insgesamt,1264331
2016,48,männlich,669654
2016,48,weiblich,654117
2016,48,Insgesamt,1323771
2016,49,männlich,686478
2016,49,weiblich,671780
2016,49,Insgesamt,1358258
2016,50,männlich,704842
2016,50,weiblich,689115
2016,50,Insgesamt,1393957
2016,51,männlich,707768
2016,51,weiblich,689985
2016,51,Insgesamt,1397753
2016,52,männlich,718576
2016,52,weiblich,703375
2016,52,Insgesamt,1421951
2016,53,männlich,710558
2016,53,weiblich,698174
2016,53,Insgesamt,1408732
2016,54,männlich,684508
2016,54,weiblich,677406
2016,54,Insgesamt,1361914
2016,55,männlich,670968
2016,55,weiblich,669440
2016,55,Insgesamt,1340408
2016,56,männlich,646119
2016,56,weiblich,647001
2016,56,Insgesamt,1293120
2016,57,männlich,626157
2016,57,weiblich,628398
2016,57,Insgesamt,1254555
2016,58,männlich,589191
2016,58,weiblich,593393
2016,58,Insgesamt,1182584
2016,59,männlich,572312
2016,59,weiblich,580147
2016,59,Insgesamt,1152459
2016,60,männlich,552474
2016,60,weiblich,565179
2016,60,Insgesamt,1117653
2016,61,männlich,530011
2016,61,weiblich,549761
2016,61,Insgesamt,1079772
2016,62,männlich,513037
2016,62,weiblich,542480
2016,62,Insgesamt,1055517
2016,63,männlich,491105
2016,63,weiblich,526042
2016,63,Insgesamt,1017147
2016,64,männlich,486830
2016,64,weiblich,524361
2016,64,Insgesamt,1011191
2016,65,männlich,473859
2016,65,weiblich,512258
2016,65,Insgesamt,986117
2016,66,männlich,470070
2016,66,weiblich,510567
2016,66,Insgesamt,980637
2016,67,männlich,452030
2016,67,weiblich,490517
2016,67,Insgesamt,942547
2016,68,männlich,410508
2016,68,weiblich,445053
2016,68,Insgesamt,855561
2016,69,männlich,380141
2016,69,weiblich,418298
2016,69,Insgesamt,798439
2016,70,männlich,326626
2016,70,weiblich,363537
2016,70,Insgesamt,690163
2016,71,männlich,280396
2016,71,weiblich,321149
2016,71,Insgesamt,601545
2016,72,männlich,371321
2016,72,weiblich,425271
2016,72,Insgesamt,796592
2016,73,männlich,371729
2016,73,weiblich,428679
2016,73,Insgesamt,800408
2016,74,männlich,353642
2016,74,weiblich,412587
2016,74,Insgesamt,766229
2016,75,männlich,417244
2016,75,weiblich,500246
2016,75,Insgesamt,917490
2016,76,männlich,425109
2016,76,weiblich,522375
2016,76,Insgesamt,947484
2016,77,männlich,404467
2016,77,weiblich,508305
2016,77,Insgesamt,912772
2016,78,männlich,362215
2016,78,weiblich,463957
2016,78,Insgesamt,826172
2016,79,männlich,321645
2016,79,weiblich,423994
2016,79,Insgesamt,745639
2016,80,männlich,293429
2016,80,weiblich,399061
2016,80,Insgesamt,692490
2016,81,männlich,264228
2016,81,weiblich,372326
2016,81,Insgesamt,636554
2016,82,männlich,226608
2016,82,weiblich,330744
2016,82,Insgesamt,557352
2016,83,männlich,166139
2016,83,weiblich,253704
2016,83,Insgesamt,419843
2016,84,männlich,149137
2016,84,weiblich,239595
2016,84,Insgesamt,388732
2016,85 +,männlich,697500
2016,85 +,weiblich,1549439
2016,85 +,Insgesamt,2246939
2016,Insgesamt,männlich,41000000
2016,Insgesamt,weiblich,42000000
2016,Insgesamt,Insgesamt,82521653
2017,unter 1 Jahr,männlich,402569
2017,unter 1 Jahr,weiblich,382505
2017,unter 1 Jahr,Insgesamt,785074
2017,1,männlich,407765
2017,1,weiblich,388384
2017,1,Insgesamt,796149
2017,2,männlich,395923
2017,2,weiblich,374705
2017,2,Insgesamt,770628
2017,3,männlich,390784
2017,3,weiblich,370084
2017,3,Insgesamt,760868
2017,4,männlich,377177
2017,4,weiblich,356882
2017,4,Insgesamt,734059
2017,5,männlich,376371
2017,5,weiblich,355717
2017,5,Insgesamt,732088
2017,6,männlich,367598
2017,6,weiblich,347930
2017,6,Insgesamt,715528
2017,7,männlich,376147
2017,7,weiblich,356439
2017,7,Insgesamt,732586
2017,8,männlich,370796
2017,8,weiblich,350372
2017,8,Insgesamt,721168
2017,9,männlich,380506
2017,9,weiblich,360340
2017,9,Insgesamt,740846
2017,10,männlich,378707
2017,10,weiblich,357375
2017,10,Insgesamt,736082
2017,11,männlich,371956
2017,11,weiblich,349789
2017,11,Insgesamt,721745
2017,12,männlich,375806
2017,12,weiblich,355014
2017,12,Insgesamt,730820
2017,13,männlich,384110
2017,13,weiblich,362780
2017,13,Insgesamt,746890
2017,14,männlich,384680
2017,14,weiblich,362548
2017,14,Insgesamt,747228
2017,15,männlich,392357
2017,15,weiblich,367881
2017,15,Insgesamt,760238
2017,16,männlich,405608
2017,16,weiblich,376356
2017,16,Insgesamt,781964
2017,17,männlich,429432
2017,17,weiblich,394753
2017,17,Insgesamt,824185
2017,18,männlich,444730
2017,18,weiblich,397216
2017,18,Insgesamt,841946
2017,19,männlich,459185
2017,19,weiblich,413049
2017,19,Insgesamt,872234
2017,20,männlich,483514
2017,20,weiblich,434650
2017,20,Insgesamt,918164
2017,21,männlich,479705
2017,21,weiblich,434280
2017,21,Insgesamt,913985
2017,22,männlich,472326
2017,22,weiblich,427501
2017,22,Insgesamt,899827
2017,23,männlich,480760
2017,23,weiblich,437546
2017,23,Insgesamt,918306
2017,24,männlich,496771
2017,24,weiblich,455461
2017,24,Insgesamt,952232
2017,25,männlich,505167
2017,25,weiblich,466443
2017,25,Insgesamt,971610
2017,26,männlich,524279
2017,26,weiblich,485393
2017,26,Insgesamt,1009672
2017,27,männlich,574870
2017,27,weiblich,530790
2017,27,Insgesamt,1105660
2017,28,männlich,565458
2017,28,weiblich,527097
2017,28,Insgesamt,1092555
2017,29,männlich,580048
2017,29,weiblich,538535
2017,29,Insgesamt,1118583
2017,30,männlich,566445
2017,30,weiblich,528288
2017,30,Insgesamt,1094733
2017,31,männlich,553350
2017,31,weiblich,522536
2017,31,Insgesamt,1075886
2017,32,männlich,535742
2017,32,weiblich,507806
2017,32,Insgesamt,1043548
2017,33,männlich,530930
2017,33,weiblich,505949
2017,33,Insgesamt,1036879
2017,34,männlich,530230
2017,34,weiblich,508976
2017,34,Insgesamt,1039206
2017,35,männlich,539828
2017,35,weiblich,520393
2017,35,Insgesamt,1060221
2017,36,männlich,531888
2017,36,weiblich,519324
2017,36,Insgesamt,1051212
2017,37,männlich,533983
2017,37,weiblich,522512
2017,37,Insgesamt,1056495
2017,38,männlich,507117
2017,38,weiblich,497611
2017,38,Insgesamt,1004728
2017,39,männlich,499977
2017,39,weiblich,490577
2017,39,Insgesamt,990554
2017,40,männlich,495718
2017,40,weiblich,485768
2017,40,Insgesamt,981486
2017,41,männlich,484721
2017,41,weiblich,478122
2017,41,Insgesamt,962843
2017,42,männlich,473070
2017,42,weiblich,464448
2017,42,Insgesamt,937518
2017,43,männlich,477311
2017,43,weiblich,472346
2017,43,Insgesamt,949657
2017,44,männlich,480406
2017,44,weiblich,476447
2017,44,Insgesamt,956853
2017,45,männlich,521427
2017,45,weiblich,514160
2017,45,Insgesamt,1035587
2017,46,männlich,573950
2017,46,weiblich,564343
2017,46,Insgesamt,1138293
2017,47,männlich,594683
2017,47,weiblich,584985
2017,47,Insgesamt,1179668
2017,48,männlich,639853
2017,48,weiblich,625809
2017,48,Insgesamt,1265662
2017,49,männlich,669314
2017,49,weiblich,654763
2017,49,Insgesamt,1324077
2017,50,männlich,685715
2017,50,weiblich,672112
2017,50,Insgesamt,1357827
2017,51,männlich,703280
2017,51,weiblich,689020
2017,51,Insgesamt,1392300
2017,52,männlich,705583
2017,52,weiblich,689495
2017,52,Insgesamt,1395078
2017,53,männlich,715918
2017,53,weiblich,702531
2017,53,Insgesamt,1418449
2017,54,männlich,707493
2017,54,weiblich,696898
2017,54,Insgesamt,1404391
2017,55,männlich,681241
2017,55,weiblich,675841
2017,55,Insgesamt,1357082
2017,56,männlich,667103
2017,56,weiblich,667542
2017,56,Insgesamt,1334645
2017,57,männlich,642005
2017,57,weiblich,644986
2017,57,Insgesamt,1286991
2017,58,männlich,621641
2017,58,weiblich,625938
2017,58,Insgesamt,1247579
2017,59,männlich,584304
2017,59,weiblich,590915
2017,59,Insgesamt,1175219
2017,60,männlich,566996
2017,60,weiblich,577318
2017,60,Insgesamt,1144314
2017,61,männlich,546690
2017,61,weiblich,561979
2017,61,Insgesamt,1108669
2017,62,männlich,523842
2017,62,weiblich,546495
2017,62,Insgesamt,1070337
2017,63,männlich,506353
2017,63,weiblich,538981
2017,63,Insgesamt,1045334
2017,64,männlich,484109
2017,64,weiblich,522290
2017,64,Insgesamt,1006399
2017,65,männlich,479386
2017,65,weiblich,520296
2017,65,Insgesamt,999682
2017,66,männlich,465700
2017,66,weiblich,507989
2017,66,Insgesamt,973689
2017,67,männlich,461795
2017,67,weiblich,505726
2017,67,Insgesamt,967521
2017,68,männlich,443368
2017,68,weiblich,485519
2017,68,Insgesamt,928887
2017,69,männlich,401902
2017,69,weiblich,440013
2017,69,Insgesamt,841915
2017,70,männlich,371672
2017,70,weiblich,413143
2017,70,Insgesamt,784815
2017,71,männlich,318537
2017,71,weiblich,358370
2017,71,Insgesamt,676907
2017,72,männlich,272933
2017,72,weiblich,316369
2017,72,Insgesamt,589302
2017,73,männlich,360766
2017,73,weiblich,418242
2017,73,Insgesamt,779008
2017,74,männlich,360584
2017,74,weiblich,421293
2017,74,Insgesamt,781877
2017,75,männlich,342076
2017,75,weiblich,404830
2017,75,Insgesamt,746906
2017,76,männlich,402378
2017,76,weiblich,490065
2017,76,Insgesamt,892443
2017,77,männlich,408245
2017,77,weiblich,510363
2017,77,Insgesamt,918608
2017,78,männlich,387037
2017,78,weiblich,495420
2017,78,Insgesamt,882457
2017,79,männlich,344699
2017,79,weiblich,450310
2017,79,Insgesamt,795009
2017,80,männlich,304436
2017,80,weiblich,409364
2017,80,Insgesamt,713800
2017,81,männlich,275597
2017,81,weiblich,383119
2017,81,Insgesamt,658716
2017,82,männlich,245984
2017,82,weiblich,355053
2017,82,Insgesamt,601037
2017,83,männlich,208971
2017,83,weiblich,312984
2017,83,Insgesamt,521955
2017,84,männlich,151681
2017,84,weiblich,238023
2017,84,Insgesamt,389704
2017,85 +,männlich,718497
2017,85 +,weiblich,1546976
2017,85 +,Insgesamt,2265473
2017,Insgesamt,männlich,41000000
2017,Insgesamt,weiblich,42000000
2017,Insgesamt,Insgesamt,82792351
2018,unter 1 Jahr,männlich,402082
2018,unter 1 Jahr,weiblich,381896
2018,unter 1 Jahr,Insgesamt,783978
2018,1,männlich,408361
2018,1,weiblich,388013
2018,1,Insgesamt,796374
2018,2,männlich,410978
2018,2,weiblich,391673
2018,2,Insgesamt,802651
2018,3,männlich,398943
2018,3,weiblich,377820
2018,3,Insgesamt,776763
2018,4,männlich,393733
2018,4,weiblich,372898
2018,4,Insgesamt,766631
2018,5,männlich,380099
2018,5,weiblich,359630
2018,5,Insgesamt,739729
2018,6,männlich,378881
2018,6,weiblich,357868
2018,6,Insgesamt,736749
2018,7,männlich,370192
2018,7,weiblich,350421
2018,7,Insgesamt,720613
2018,8,männlich,379116
2018,8,weiblich,359122
2018,8,Insgesamt,738238
2018,9,männlich,373887
2018,9,weiblich,353022
2018,9,Insgesamt,726909
2018,10,männlich,383341
2018,10,weiblich,363004
2018,10,Insgesamt,746345
2018,11,männlich,381581
2018,11,weiblich,359949
2018,11,Insgesamt,741530
2018,12,männlich,374579
2018,12,weiblich,352344
2018,12,Insgesamt,726923
2018,13,männlich,378368
2018,13,weiblich,357392
2018,13,Insgesamt,735760
2018,14,männlich,386561
2018,14,weiblich,365061
2018,14,Insgesamt,751622
2018,15,männlich,387438
2018,15,weiblich,364913
2018,15,Insgesamt,752351
2018,16,männlich,395934
2018,16,weiblich,370583
2018,16,Insgesamt,766517
2018,17,männlich,408869
2018,17,weiblich,378876
2018,17,Insgesamt,787745
2018,18,männlich,435928
2018,18,weiblich,399834
2018,18,Insgesamt,835762
2018,19,männlich,454530
2018,19,weiblich,406572
2018,19,Insgesamt,861102
2018,20,männlich,467967
2018,20,weiblich,423692
2018,20,Insgesamt,891659
2018,21,männlich,491057
2018,21,weiblich,443461
2018,21,Insgesamt,934518
2018,22,männlich,487046
2018,22,weiblich,442477
2018,22,Insgesamt,929523
2018,23,männlich,480366
2018,23,weiblich,436558
2018,23,Insgesamt,916924
2018,24,männlich,488576
2018,24,weiblich,446072
2018,24,Insgesamt,934648
2018,25,männlich,503960
2018,25,weiblich,463132
2018,25,Insgesamt,967092
2018,26,männlich,511892
2018,26,weiblich,473472
2018,26,Insgesamt,985364
2018,27,männlich,530016
2018,27,weiblich,491903
2018,27,Insgesamt,1021919
2018,28,männlich,579978
2018,28,weiblich,536481
2018,28,Insgesamt,1116459
2018,29,männlich,570090
2018,29,weiblich,532411
2018,29,Insgesamt,1102501
2018,30,männlich,584198
2018,30,weiblich,543391
2018,30,Insgesamt,1127589
2018,31,männlich,570259
2018,31,weiblich,533376
2018,31,Insgesamt,1103635
2018,32,männlich,556951
2018,32,weiblich,526706
2018,32,Insgesamt,1083657
2018,33,männlich,538944
2018,33,weiblich,511849
2018,33,Insgesamt,1050793
2018,34,männlich,533729
2018,34,weiblich,509626
2018,34,Insgesamt,1043355
2018,35,männlich,532794
2018,35,weiblich,512390
2018,35,Insgesamt,1045184
2018,36,männlich,542053
2018,36,weiblich,523622
2018,36,Insgesamt,1065675
2018,37,männlich,534163
2018,37,weiblich,522353
2018,37,Insgesamt,1056516
2018,38,männlich,535440
2018,38,weiblich,525329
2018,38,Insgesamt,1060769
2018,39,männlich,508867
2018,39,weiblich,500405
2018,39,Insgesamt,1009272
2018,40,männlich,501847
2018,40,weiblich,493223
2018,40,Insgesamt,995070
2018,41,männlich,497409
2018,41,weiblich,488232
2018,41,Insgesamt,985641
2018,42,männlich,486195
2018,42,weiblich,480318
2018,42,Insgesamt,966513
2018,43,männlich,474698
2018,43,weiblich,466735
2018,43,Insgesamt,941433
2018,44,männlich,478809
2018,44,weiblich,474272
2018,44,Insgesamt,953081
2018,45,männlich,481345
2018,45,weiblich,478323
2018,45,Insgesamt,959668
2018,46,männlich,522398
2018,46,weiblich,515871
2018,46,Insgesamt,1038269
2018,47,männlich,574308
2018,47,weiblich,565711
2018,47,Insgesamt,1140019
2018,48,männlich,594783
2018,48,weiblich,585955
2018,48,Insgesamt,1180738
2018,49,männlich,639383
2018,49,weiblich,626442
2018,49,Insgesamt,1265825
2018,50,männlich,668504
2018,50,weiblich,655193
2018,50,Insgesamt,1323697
2018,51,männlich,684228
2018,51,weiblich,671992
2018,51,Insgesamt,1356220
2018,52,männlich,701292
2018,52,weiblich,688474
2018,52,Insgesamt,1389766
2018,53,männlich,703108
2018,53,weiblich,688686
2018,53,Insgesamt,1391794
2018,54,männlich,713090
2018,54,weiblich,701381
2018,54,Insgesamt,1414471
2018,55,männlich,703977
2018,55,weiblich,695389
2018,55,Insgesamt,1399366
2018,56,männlich,677539
2018,56,weiblich,674050
2018,56,Insgesamt,1351589
2018,57,männlich,662644
2018,57,weiblich,665293
2018,57,Insgesamt,1327937
2018,58,männlich,637082
2018,58,weiblich,642613
2018,58,Insgesamt,1279695
2018,59,männlich,616432
2018,59,weiblich,623199
2018,59,Insgesamt,1239631
2018,60,männlich,578689
2018,60,weiblich,587953
2018,60,Insgesamt,1166642
2018,61,männlich,560949
2018,61,weiblich,574142
2018,61,Insgesamt,1135091
2018,62,männlich,540345
2018,62,weiblich,558648
2018,62,Insgesamt,1098993
2018,63,männlich,516948
2018,63,weiblich,542697
2018,63,Insgesamt,1059645
2018,64,männlich,498794
2018,64,weiblich,534749
2018,64,Insgesamt,1033543
2018,65,männlich,476419
2018,65,weiblich,517881
2018,65,Insgesamt,994300
2018,66,männlich,471077
2018,66,weiblich,515496
2018,66,Insgesamt,986573
2018,67,männlich,457083
2018,67,weiblich,503090
2018,67,Insgesamt,960173
2018,68,männlich,452873
2018,68,weiblich,500441
2018,68,Insgesamt,953314
2018,69,männlich,434182
2018,69,weiblich,479955
2018,69,Insgesamt,914137
2018,70,männlich,392831
2018,70,weiblich,434360
2018,70,Insgesamt,827191
2018,71,männlich,362555
2018,71,weiblich,407525
2018,71,Insgesamt,770080
2018,72,männlich,309855
2018,72,weiblich,352989
2018,72,Insgesamt,662844
2018,73,männlich,265056
2018,73,weiblich,310937
2018,73,Insgesamt,575993
2018,74,männlich,349589
2018,74,weiblich,410848
2018,74,Insgesamt,760437
2018,75,männlich,348468
2018,75,weiblich,413063
2018,75,Insgesamt,761531
2018,76,männlich,329782
2018,76,weiblich,396284
2018,76,Insgesamt,726066
2018,77,männlich,386471
2018,77,weiblich,478586
2018,77,Insgesamt,865057
2018,78,männlich,390499
2018,78,weiblich,497105
2018,78,Insgesamt,887604
2018,79,männlich,368391
2018,79,weiblich,480735
2018,79,Insgesamt,849126
2018,80,männlich,326093
2018,80,weiblich,435137
2018,80,Insgesamt,761230
2018,81,männlich,285975
2018,81,weiblich,393435
2018,81,Insgesamt,679410
2018,82,männlich,256856
2018,82,weiblich,365701
2018,82,Insgesamt,622557
2018,83,männlich,227215
2018,83,weiblich,336350
2018,83,Insgesamt,563565
2018,84,männlich,190985
2018,84,weiblich,293850
2018,84,Insgesamt,484835
2018,85 +,männlich,737893
2018,85 +,weiblich,1539616
2018,85 +,Insgesamt,2277509
2018,Insgesamt,männlich,41000000
2018,Insgesamt,weiblich,42000000
2018,Insgesamt,Insgesamt,83019213
2019,unter 1 Jahr,männlich,397560
2019,unter 1 Jahr,weiblich,377310
2019,unter 1 Jahr,Insgesamt,774870
2019,1,männlich,407210
2019,1,weiblich,386922
2019,1,Insgesamt,794132
2019,2,männlich,411575
2019,2,weiblich,390840
2019,2,Insgesamt,802415
2019,3,männlich,413588
2019,3,weiblich,394228
2019,3,Insgesamt,807816
2019,4,männlich,401776
2019,4,weiblich,380367
2019,4,Insgesamt,782143
2019,5,männlich,396168
2019,5,weiblich,375311
2019,5,Insgesamt,771479
2019,6,männlich,382282
2019,6,weiblich,361672
2019,6,Insgesamt,743954
2019,7,männlich,381535
2019,7,weiblich,360434
2019,7,Insgesamt,741969
2019,8,männlich,372873
2019,8,weiblich,352934
2019,8,Insgesamt,725807
2019,9,männlich,381985
2019,9,weiblich,361776
2019,9,Insgesamt,743761
2019,10,männlich,376669
2019,10,weiblich,355707
2019,10,Insgesamt,732376
2019,11,männlich,386060
2019,11,weiblich,365603
2019,11,Insgesamt,751663
2019,12,männlich,384312
2019,12,weiblich,362358
2019,12,Insgesamt,746670
2019,13,männlich,377121
2019,13,weiblich,354577
2019,13,Insgesamt,731698
2019,14,männlich,380989
2019,14,weiblich,359517
2019,14,Insgesamt,740506
2019,15,männlich,389361
2019,15,weiblich,367462
2019,15,Insgesamt,756823
2019,16,männlich,390458
2019,16,weiblich,367424
2019,16,Insgesamt,757882
2019,17,männlich,398912
2019,17,weiblich,373026
2019,17,Insgesamt,771938
2019,18,männlich,414640
2019,18,weiblich,383874
2019,18,Insgesamt,798514
2019,19,männlich,445475
2019,19,weiblich,408611
2019,19,Insgesamt,854086
2019,20,männlich,462725
2019,20,weiblich,416144
2019,20,Insgesamt,878869
2019,21,männlich,474649
2019,21,weiblich,431253
2019,21,Insgesamt,905902
2019,22,männlich,497629
2019,22,weiblich,450017
2019,22,Insgesamt,947646
2019,23,männlich,494185
2019,23,weiblich,450406
2019,23,Insgesamt,944591
2019,24,männlich,487309
2019,24,weiblich,444114
2019,24,Insgesamt,931423
2019,25,männlich,494331
2019,25,weiblich,452701
2019,25,Insgesamt,947032
2019,26,männlich,508936
2019,26,weiblich,469206
2019,26,Insgesamt,978142
2019,27,männlich,516271
2019,27,weiblich,479244
2019,27,Insgesamt,995515
2019,28,männlich,533893
2019,28,weiblich,496421
2019,28,Insgesamt,1030314
2019,29,männlich,582551
2019,29,weiblich,540917
2019,29,Insgesamt,1123468
2019,30,männlich,572863
2019,30,weiblich,536364
2019,30,Insgesamt,1109227
2019,31,männlich,586239
2019,31,weiblich,547343
2019,31,Insgesamt,1133582
2019,32,männlich,572165
2019,32,weiblich,536845
2019,32,Insgesamt,1109010
2019,33,männlich,558639
2019,33,weiblich,530061
2019,33,Insgesamt,1088700
2019,34,männlich,540359
2019,34,weiblich,514842
2019,34,Insgesamt,1055201
2019,35,männlich,535452
2019,35,weiblich,512634
2019,35,Insgesamt,1048086
2019,36,männlich,533620
2019,36,weiblich,515142
2019,36,Insgesamt,1048762
2019,37,männlich,543069
2019,37,weiblich,526099
2019,37,Insgesamt,1069168
2019,38,männlich,534940
2019,38,weiblich,524539
2019,38,Insgesamt,1059479
2019,39,männlich,536040
2019,39,weiblich,527675
2019,39,Insgesamt,1063715
2019,40,männlich,509370
2019,40,weiblich,502448
2019,40,Insgesamt,1011818
2019,41,männlich,502267
2019,41,weiblich,495161
2019,41,Insgesamt,997428
2019,42,männlich,497583
2019,42,weiblich,490040
2019,42,Insgesamt,987623
2019,43,männlich,486715
2019,43,weiblich,482170
2019,43,Insgesamt,968885
2019,44,männlich,474999
2019,44,weiblich,468273
2019,44,Insgesamt,943272
2019,45,männlich,478749
2019,45,weiblich,475713
2019,45,Insgesamt,954462
2019,46,männlich,481428
2019,46,weiblich,479401
2019,46,Insgesamt,960829
2019,47,männlich,521939
2019,47,weiblich,516858
2019,47,Insgesamt,1038797
2019,48,männlich,573372
2019,48,weiblich,566218
2019,48,Insgesamt,1139590
2019,49,männlich,593452
2019,49,weiblich,586228
2019,49,Insgesamt,1179680
2019,50,männlich,637745
2019,50,weiblich,626200
2019,50,Insgesamt,1263945
2019,51,männlich,666400
2019,51,weiblich,654560
2019,51,Insgesamt,1320960
2019,52,männlich,681623
2019,52,weiblich,671147
2019,52,Insgesamt,1352770
2019,53,männlich,698358
2019,53,weiblich,687250
2019,53,Insgesamt,1385608
2019,54,männlich,699645
2019,54,weiblich,687307
2019,54,Insgesamt,1386952
2019,55,männlich,709145
2019,55,weiblich,699687
2019,55,Insgesamt,1408832
2019,56,männlich,699652
2019,56,weiblich,693290
2019,56,Insgesamt,1392942
2019,57,männlich,672765
2019,57,weiblich,671623
2019,57,Insgesamt,1344388
2019,58,männlich,657265
2019,58,weiblich,662587
2019,58,Insgesamt,1319852
2019,59,männlich,631563
2019,59,weiblich,639728
2019,59,Insgesamt,1271291
2019,60,männlich,610222
2019,60,weiblich,619887
2019,60,Insgesamt,1230109
2019,61,männlich,572499
2019,61,weiblich,584626
2019,61,Insgesamt,1157125
2019,62,männlich,554257
2019,62,weiblich,570501
2019,62,Insgesamt,1124758
2019,63,männlich,533171
2019,63,weiblich,554786
2019,63,Insgesamt,1087957
2019,64,männlich,509304
2019,64,weiblich,538518
2019,64,Insgesamt,1047822
2019,65,männlich,490640
2019,65,weiblich,530406
2019,65,Insgesamt,1021046
2019,66,männlich,468105
2019,66,weiblich,513081
2019,66,Insgesamt,981186
2019,67,männlich,462222
2019,67,weiblich,510373
2019,67,Insgesamt,972595
2019,68,männlich,448219
2019,68,weiblich,497899
2019,68,Insgesamt,946118
2019,69,männlich,443341
2019,69,weiblich,494746
2019,69,Insgesamt,938087
2019,70,männlich,424241
2019,70,weiblich,473859
2019,70,Insgesamt,898100
2019,71,männlich,383230
2019,71,weiblich,428232
2019,71,Insgesamt,811462
2019,72,männlich,353046
2019,72,weiblich,401461
2019,72,Insgesamt,754507
2019,73,männlich,301078
2019,73,weiblich,347111
2019,73,Insgesamt,648189
2019,74,männlich,256685
2019,74,weiblich,305152
2019,74,Insgesamt,561837
2019,75,männlich,337865
2019,75,weiblich,402663
2019,75,Insgesamt,740528
2019,76,männlich,336110
2019,76,weiblich,404265
2019,76,Insgesamt,740375
2019,77,männlich,317005
2019,77,weiblich,387280
2019,77,Insgesamt,704285
2019,78,männlich,370011
2019,78,weiblich,466392
2019,78,Insgesamt,836403
2019,79,männlich,372039
2019,79,weiblich,482790
2019,79,Insgesamt,854829
2019,80,männlich,349356
2019,80,weiblich,464990
2019,80,Insgesamt,814346
2019,81,männlich,307110
2019,81,weiblich,418901
2019,81,Insgesamt,726011
2019,82,männlich,267416
2019,82,weiblich,376292
2019,82,Insgesamt,643708
2019,83,männlich,238102
2019,83,weiblich,347235
2019,83,Insgesamt,585337
2019,84,männlich,208306
2019,84,weiblich,316573
2019,84,Insgesamt,524879
2019,85 +,männlich,793584
2019,85 +,weiblich,1593270
2019,85 +,Insgesamt,2386854
2019,Insgesamt,männlich,41000000
2019,Insgesamt,weiblich,42000000
2019,Insgesamt,Insgesamt,83166711
2020,unter 1 Jahr,männlich,395333
2020,unter 1 Jahr,weiblich,374047
2020,unter 1 Jahr,Insgesamt,769380
2020,1,männlich,402096
2020,1,weiblich,381497
2020,1,Insgesamt,783593
2020,2,männlich,409536
2020,2,weiblich,388830
2020,2,Insgesamt,798366
2020,3,männlich,413579
2020,3,weiblich,392619
2020,3,Insgesamt,806198
2020,4,männlich,415540
2020,4,weiblich,396061
2020,4,Insgesamt,811601
2020,5,männlich,403694
2020,5,weiblich,382060
2020,5,Insgesamt,785754
2020,6,männlich,397758
2020,6,weiblich,376829
2020,6,Insgesamt,774587
2020,7,männlich,384091
2020,7,weiblich,363356
2020,7,Insgesamt,747447
2020,8,männlich,383574
2020,8,weiblich,362309
2020,8,Insgesamt,745883
2020,9,männlich,375054
2020,9,weiblich,354843
2020,9,Insgesamt,729897
2020,10,männlich,384075
2020,10,weiblich,363682
2020,10,Insgesamt,747757
2020,11,männlich,378854
2020,11,weiblich,357563
2020,11,Insgesamt,736417
2020,12,männlich,388079
2020,12,weiblich,367491
2020,12,Insgesamt,755570
2020,13,männlich,386159
2020,13,weiblich,364021
2020,13,Insgesamt,750180
2020,14,männlich,378943
2020,14,weiblich,356227
2020,14,Insgesamt,735170
2020,15,männlich,383023
2020,15,weiblich,361195
2020,15,Insgesamt,744218
2020,16,männlich,391559
2020,16,weiblich,369019
2020,16,Insgesamt,760578
2020,17,männlich,392448
2020,17,weiblich,368900
2020,17,Insgesamt,761348
2020,18,männlich,402820
2020,18,weiblich,376219
2020,18,Insgesamt,779039
2020,19,männlich,421637
2020,19,weiblich,389954
2020,19,Insgesamt,811591
2020,20,männlich,451173
2020,20,weiblich,414770
2020,20,Insgesamt,865943
2020,21,männlich,466242
2020,21,weiblich,419188
2020,21,Insgesamt,885430
2020,22,männlich,477346
2020,22,weiblich,433637
2020,22,Insgesamt,910983
2020,23,männlich,501488
2020,23,weiblich,454023
2020,23,Insgesamt,955511
2020,24,männlich,497972
2020,24,weiblich,454652
2020,24,Insgesamt,952624
2020,25,männlich,490692
2020,25,weiblich,448328
2020,25,Insgesamt,939020
2020,26,männlich,496957
2020,26,weiblich,456660
2020,26,Insgesamt,953617
2020,27,männlich,511438
2020,27,weiblich,473026
2020,27,Insgesamt,984464
2020,28,männlich,518286
2020,28,weiblich,482483
2020,28,Insgesamt,1000769
2020,29,männlich,535433
2020,29,weiblich,499636
2020,29,Insgesamt,1035069
2020,30,männlich,583755
2020,30,weiblich,543873
2020,30,Insgesamt,1127628
2020,31,männlich,573866
2020,31,weiblich,539069
2020,31,Insgesamt,1112935
2020,32,männlich,586904
2020,32,weiblich,549955
2020,32,Insgesamt,1136859
2020,33,männlich,573272
2020,33,weiblich,539082
2020,33,Insgesamt,1112354
2020,34,männlich,559141
2020,34,weiblich,532171
2020,34,Insgesamt,1091312
2020,35,männlich,541052
2020,35,weiblich,517045
2020,35,Insgesamt,1058097
2020,36,männlich,535768
2020,36,weiblich,514453
2020,36,Insgesamt,1050221
2020,37,männlich,533836
2020,37,weiblich,516839
2020,37,Insgesamt,1050675
2020,38,männlich,543277
2020,38,weiblich,527541
2020,38,Insgesamt,1070818
2020,39,männlich,534940
2020,39,weiblich,526125
2020,39,Insgesamt,1061065
2020,40,männlich,535953
2020,40,weiblich,529235
2020,40,Insgesamt,1065188
2020,41,männlich,509422
2020,41,weiblich,503765
2020,41,Insgesamt,1013187
2020,42,männlich,502294
2020,42,weiblich,496302
2020,42,Insgesamt,998596
2020,43,männlich,497188
2020,43,weiblich,491144
2020,43,Insgesamt,988332
2020,44,männlich,486351
2020,44,weiblich,483234
2020,44,Insgesamt,969585
2020,45,männlich,474732
2020,45,weiblich,469316
2020,45,Insgesamt,944048
2020,46,männlich,478179
2020,46,weiblich,476614
2020,46,Insgesamt,954793
2020,47,männlich,480581
2020,47,weiblich,480118
2020,47,Insgesamt,960699
2020,48,männlich,521005
2020,48,weiblich,517210
2020,48,Insgesamt,1038215
2020,49,männlich,571781
2020,49,weiblich,566324
2020,49,Insgesamt,1138105
2020,50,männlich,591764
2020,50,weiblich,586081
2020,50,Insgesamt,1177845
2020,51,männlich,635810
2020,51,weiblich,625808
2020,51,Insgesamt,1261618
2020,52,männlich,663991
2020,52,weiblich,654060
2020,52,Insgesamt,1318051
2020,53,männlich,678619
2020,53,weiblich,670267
2020,53,Insgesamt,1348886
2020,54,männlich,694947
2020,54,weiblich,685877
2020,54,Insgesamt,1380824
2020,55,männlich,695588
2020,55,weiblich,685769
2020,55,Insgesamt,1381357
2020,56,männlich,704793
2020,56,weiblich,697779
2020,56,Insgesamt,1402572
2020,57,männlich,694707
2020,57,weiblich,690900
2020,57,Insgesamt,1385607
2020,58,männlich,667477
2020,58,weiblich,669166
2020,58,Insgesamt,1336643
2020,59,männlich,651559
2020,59,weiblich,659580
2020,59,Insgesamt,1311139
2020,60,männlich,625349
2020,60,weiblich,636586
2020,60,Insgesamt,1261935
2020,61,männlich,603536
2020,61,weiblich,616485
2020,61,Insgesamt,1220021
2020,62,männlich,565533
2020,62,weiblich,581134
2020,62,Insgesamt,1146667
2020,63,männlich,546840
2020,63,weiblich,566602
2020,63,Insgesamt,1113442
2020,64,männlich,525303
2020,64,weiblich,550769
2020,64,Insgesamt,1076072
2020,65,männlich,501022
2020,65,weiblich,534287
2020,65,Insgesamt,1035309
2020,66,männlich,481970
2020,66,weiblich,525482
2020,66,Insgesamt,1007452
2020,67,männlich,459340
2020,67,weiblich,508215
2020,67,Insgesamt,967555
2020,68,männlich,453055
2020,68,weiblich,505233
2020,68,Insgesamt,958288
2020,69,männlich,438401
2020,69,weiblich,492099
2020,69,Insgesamt,930500
2020,70,männlich,433126
2020,70,weiblich,488644
2020,70,Insgesamt,921770
2020,71,männlich,413894
2020,71,weiblich,467353
2020,71,Insgesamt,881247
2020,72,männlich,373068
2020,72,weiblich,421940
2020,72,Insgesamt,795008
2020,73,männlich,342891
2020,73,weiblich,394797
2020,73,Insgesamt,737688
2020,74,männlich,291535
2020,74,weiblich,340822
2020,74,Insgesamt,632357
2020,75,männlich,247817
2020,75,weiblich,298935
2020,75,Insgesamt,546752
2020,76,männlich,325168
2020,76,weiblich,393829
2020,76,Insgesamt,718997
2020,77,männlich,322499
2020,77,weiblich,394559
2020,77,Insgesamt,717058
2020,78,männlich,303252
2020,78,weiblich,377093
2020,78,Insgesamt,680345
2020,79,männlich,352294
2020,79,weiblich,452582
2020,79,Insgesamt,804876
2020,80,männlich,351946
2020,80,weiblich,466513
2020,80,Insgesamt,818459
2020,81,männlich,328240
2020,81,weiblich,447212
2020,81,Insgesamt,775452
2020,82,männlich,286767
2020,82,weiblich,400691
2020,82,Insgesamt,687458
2020,83,männlich,247423
2020,83,weiblich,357041
2020,83,Insgesamt,604464
2020,84,männlich,217942
2020,84,weiblich,326727
2020,84,Insgesamt,544669
2020,85 +,männlich,850877
2020,85 +,weiblich,1655055
2020,85 +,Insgesamt,2505932
2020,Insgesamt,männlich,41000000
2020,Insgesamt,weiblich,42000000
2020,Insgesamt,Insgesamt,83155031
2021,unter 1 Jahr,männlich,406097
2021,unter 1 Jahr,weiblich,385157
2021,unter 1 Jahr,Insgesamt,791254
2021,1,männlich,401359
2021,1,weiblich,379436
2021,1,Insgesamt,780795
2021,2,männlich,404878
2021,2,weiblich,384267
2021,2,Insgesamt,789145
2021,3,männlich,412034
2021,3,weiblich,391300
2021,3,Insgesamt,803334
2021,4,männlich,416024
2021,4,weiblich,394781
2021,4,Insgesamt,810805
2021,5,männlich,417887
2021,5,weiblich,398255
2021,5,Insgesamt,816142
2021,6,männlich,405618
2021,6,weiblich,383779
2021,6,Insgesamt,789397
2021,7,männlich,400215
2021,7,weiblich,379063
2021,7,Insgesamt,779278
2021,8,männlich,386770
2021,8,weiblich,365699
2021,8,Insgesamt,752469
2021,9,männlich,386136
2021,9,weiblich,364719
2021,9,Insgesamt,750855
2021,10,männlich,377542
2021,10,weiblich,357124
2021,10,Insgesamt,734666
2021,11,männlich,386600
2021,11,weiblich,366000
2021,11,Insgesamt,752600
2021,12,männlich,381515
2021,12,weiblich,359732
2021,12,Insgesamt,741247
2021,13,männlich,390561
2021,13,weiblich,369519
2021,13,Insgesamt,760080
2021,14,männlich,388940
2021,14,weiblich,365928
2021,14,Insgesamt,754868
2021,15,männlich,381718
2021,15,weiblich,358300
2021,15,Insgesamt,740018
2021,16,männlich,386716
2021,16,weiblich,363341
2021,16,Insgesamt,750057
2021,17,männlich,394974
2021,17,weiblich,371275
2021,17,Insgesamt,766249
2021,18,männlich,398995
2021,18,weiblich,373955
2021,18,Insgesamt,772950
2021,19,männlich,412995
2021,19,weiblich,384711
2021,19,Insgesamt,797706
2021,20,männlich,431701
2021,20,weiblich,399734
2021,20,Insgesamt,831435
2021,21,männlich,460307
2021,21,weiblich,423980
2021,21,Insgesamt,884287
2021,22,männlich,474807
2021,22,weiblich,428184
2021,22,Insgesamt,902991
2021,23,männlich,486852
2021,23,weiblich,443280
2021,23,Insgesamt,930132
2021,24,männlich,510571
2021,24,weiblich,463111
2021,24,Insgesamt,973682
2021,25,männlich,505883
2021,25,weiblich,462712
2021,25,Insgesamt,968595
2021,26,männlich,497899
2021,26,weiblich,455858
2021,26,Insgesamt,953757
2021,27,männlich,503198
2021,27,weiblich,463010
2021,27,Insgesamt,966208
2021,28,männlich,516319
2021,28,weiblich,478314
2021,28,Insgesamt,994633
2021,29,männlich,522376
2021,29,weiblich,487160
2021,29,Insgesamt,1009536
2021,30,männlich,538596
2021,30,weiblich,503815
2021,30,Insgesamt,1042411
2021,31,männlich,586563
2021,31,weiblich,547591
2021,31,Insgesamt,1134154
2021,32,männlich,576449
2021,32,weiblich,542256
2021,32,Insgesamt,1118705
2021,33,männlich,588800
2021,33,weiblich,552979
2021,33,Insgesamt,1141779
2021,34,männlich,574855
2021,34,weiblich,541700
2021,34,Insgesamt,1116555
2021,35,männlich,560457
2021,35,weiblich,534525
2021,35,Insgesamt,1094982
2021,36,männlich,542297
2021,36,weiblich,519036
2021,36,Insgesamt,1061333
2021,37,männlich,536692
2021,37,weiblich,516341
2021,37,Insgesamt,1053033
2021,38,männlich,534769
2021,38,weiblich,518454
2021,38,Insgesamt,1053223
2021,39,männlich,543567
2021,39,weiblich,529056
2021,39,Insgesamt,1072623
2021,40,männlich,535213
2021,40,weiblich,527360
2021,40,Insgesamt,1062573
2021,41,männlich,536139
2021,41,weiblich,530491
2021,41,Insgesamt,1066630
2021,42,männlich,509647
2021,42,weiblich,504988
2021,42,Insgesamt,1014635
2021,43,männlich,502153
2021,43,weiblich,497430
2021,43,Insgesamt,999583
2021,44,männlich,496878
2021,44,weiblich,492000
2021,44,Insgesamt,988878
2021,45,männlich,485871
2021,45,weiblich,484089
2021,45,Insgesamt,969960
2021,46,männlich,473754
2021,46,weiblich,470050
2021,46,Insgesamt,943804
2021,47,männlich,477217
2021,47,weiblich,477017
2021,47,Insgesamt,954234
2021,48,männlich,479512
2021,48,weiblich,480436
2021,48,Insgesamt,959948
2021,49,männlich,519348
2021,49,weiblich,517110
2021,49,Insgesamt,1036458
2021,50,männlich,569621
2021,50,weiblich,566089
2021,50,Insgesamt,1135710
2021,51,männlich,589256
2021,51,weiblich,585498
2021,51,Insgesamt,1174754
2021,52,männlich,632901
2021,52,weiblich,624976
2021,52,Insgesamt,1257877
2021,53,männlich,660615
2021,53,weiblich,652838
2021,53,Insgesamt,1313453
2021,54,männlich,674763
2021,54,weiblich,668555
2021,54,Insgesamt,1343318
2021,55,männlich,690613
2021,55,weiblich,683906
2021,55,Insgesamt,1374519
2021,56,männlich,690594
2021,56,weiblich,683344
2021,56,Insgesamt,1373938
2021,57,männlich,699204
2021,57,weiblich,695210
2021,57,Insgesamt,1394414
2021,58,männlich,688851
2021,58,weiblich,687826
2021,58,Insgesamt,1376677
2021,59,männlich,661238
2021,59,weiblich,666011
2021,59,Insgesamt,1327249
2021,60,männlich,644532
2021,60,weiblich,655992
2021,60,Insgesamt,1300524
2021,61,männlich,618018
2021,61,weiblich,632757
2021,61,Insgesamt,1250775
2021,62,männlich,595750
2021,62,weiblich,612540
2021,62,Insgesamt,1208290
2021,63,männlich,557493
2021,63,weiblich,576804
2021,63,Insgesamt,1134297
2021,64,männlich,538134
2021,64,weiblich,562024
2021,64,Insgesamt,1100158
2021,65,männlich,515917
2021,65,weiblich,545892
2021,65,Insgesamt,1061809
2021,66,männlich,491362
2021,66,weiblich,529031
2021,66,Insgesamt,1020393
2021,67,männlich,472107
2021,67,weiblich,519841
2021,67,Insgesamt,991948
2021,68,männlich,449515
2021,68,weiblich,502401
2021,68,Insgesamt,951916
2021,69,männlich,442755
2021,69,weiblich,499109
2021,69,Insgesamt,941864
2021,70,männlich,427480
2021,70,weiblich,485566
2021,70,Insgesamt,913046
2021,71,männlich,421565
2021,71,weiblich,481432
2021,71,Insgesamt,902997
2021,72,männlich,402268
2021,72,weiblich,459897
2021,72,Insgesamt,862165
2021,73,männlich,361662
2021,73,weiblich,414472
2021,73,Insgesamt,776134
2021,74,männlich,331581
2021,74,weiblich,387369
2021,74,Insgesamt,718950
2021,75,männlich,280823
2021,75,weiblich,333384
2021,75,Insgesamt,614207
2021,76,männlich,238135
2021,76,weiblich,291918
2021,76,Insgesamt,530053
2021,77,männlich,311304
2021,77,weiblich,383592
2021,77,Insgesamt,694896
2021,78,männlich,307745
2021,78,weiblich,383456
2021,78,Insgesamt,691201
2021,79,männlich,288061
2021,79,weiblich,365204
2021,79,Insgesamt,653265
2021,80,männlich,332830
2021,80,weiblich,436435
2021,80,Insgesamt,769265
2021,81,männlich,329868
2021,81,weiblich,447776
2021,81,Insgesamt,777644
2021,82,männlich,305937
2021,82,weiblich,426823
2021,82,Insgesamt,732760
2021,83,männlich,264560
2021,83,weiblich,380009
2021,83,Insgesamt,644569
2021,84,männlich,226204
2021,84,weiblich,335769
2021,84,Insgesamt,561973
2021,85 +,männlich,907259
2021,85 +,weiblich,1718185
2021,85 +,Insgesamt,2625444
2021,Insgesamt,männlich,41000000
2021,Insgesamt,weiblich,42000000
2021,Insgesamt,Insgesamt,83237124
2022,unter 1 Jahr,männlich,371620
2022,unter 1 Jahr,weiblich,353091
2022,unter 1 Jahr,Insgesamt,724711
2022,1,männlich,402947
2022,1,weiblich,383073
2022,1,Insgesamt,786020
2022,2,männlich,397167
2022,2,weiblich,376663
2022,2,Insgesamt,773830
2022,3,männlich,401210
2022,3,weiblich,381213
2022,3,Insgesamt,782423
2022,4,männlich,408366
2022,4,weiblich,389398
2022,4,Insgesamt,797764
2022,5,männlich,413409
2022,5,weiblich,393576
2022,5,Insgesamt,806985
2022,6,männlich,415645
2022,6,weiblich,397383
2022,6,Insgesamt,813028
2022,7,männlich,405004
2022,7,weiblich,384455
2022,7,Insgesamt,789459
2022,8,männlich,401907
2022,8,weiblich,382678
2022,8,Insgesamt,784585
2022,9,männlich,388725
2022,9,weiblich,369433
2022,9,Insgesamt,758158
2022,10,männlich,389846
2022,10,weiblich,369064
2022,10,Insgesamt,758910
2022,11,männlich,383522
2022,11,weiblich,364160
2022,11,Insgesamt,747682
2022,12,männlich,392945
2022,12,weiblich,373513
2022,12,Insgesamt,766458
2022,13,männlich,388255
2022,13,weiblich,367063
2022,13,Insgesamt,755318
2022,14,männlich,396800
2022,14,weiblich,376837
2022,14,Insgesamt,773637
2022,15,männlich,395888
2022,15,weiblich,372986
2022,15,Insgesamt,768874
2022,16,männlich,391805
2022,16,weiblich,366733
2022,16,Insgesamt,758538
2022,17,männlich,397696
2022,17,weiblich,371873
2022,17,Insgesamt,769569
2022,18,männlich,406519
2022,18,weiblich,379413
2022,18,Insgesamt,785932
2022,19,männlich,401221
2022,19,weiblich,380466
2022,19,Insgesamt,781687
2022,20,männlich,416416
2022,20,weiblich,392456
2022,20,Insgesamt,808872
2022,21,männlich,434971
2022,21,weiblich,406504
2022,21,Insgesamt,841475
2022,22,männlich,465663
2022,22,weiblich,430593
2022,22,Insgesamt,896256
2022,23,männlich,481164
2022,23,weiblich,435255
2022,23,Insgesamt,916419
2022,24,männlich,493879
2022,24,weiblich,449972
2022,24,Insgesamt,943851
2022,25,männlich,508926
2022,25,weiblich,465657
2022,25,Insgesamt,974583
2022,26,männlich,500266
2022,26,weiblich,460547
2022,26,Insgesamt,960813
2022,27,männlich,491291
2022,27,weiblich,453785
2022,27,Insgesamt,945076
2022,28,männlich,496516
2022,28,weiblich,460534
2022,28,Insgesamt,957050
2022,29,männlich,510864
2022,29,weiblich,477861
2022,29,Insgesamt,988725
2022,30,männlich,519699
2022,30,weiblich,489290
2022,30,Insgesamt,1008989
2022,31,männlich,533953
2022,31,weiblich,505238
2022,31,Insgesamt,1039191
2022,32,männlich,581101
2022,32,weiblich,551069
2022,32,Insgesamt,1132170
2022,33,männlich,573900
2022,33,weiblich,547171
2022,33,Insgesamt,1121071
2022,34,männlich,587914
2022,34,weiblich,560417
2022,34,Insgesamt,1148331
2022,35,männlich,575904
2022,35,weiblich,551306
2022,35,Insgesamt,1127210
2022,36,männlich,563733
2022,36,weiblich,546488
2022,36,Insgesamt,1110221
2022,37,männlich,547102
2022,37,weiblich,530728
2022,37,Insgesamt,1077830
2022,38,männlich,542058
2022,38,weiblich,529260
2022,38,Insgesamt,1071318
2022,39,männlich,541155
2022,39,weiblich,531177
2022,39,Insgesamt,1072332
2022,40,männlich,549051
2022,40,weiblich,540348
2022,40,Insgesamt,1089399
2022,41,männlich,540234
2022,41,weiblich,537964
2022,41,Insgesamt,1078198
2022,42,männlich,541191
2022,42,weiblich,539020
2022,42,Insgesamt,1080211
2022,43,männlich,514117
2022,43,weiblich,512717
2022,43,Insgesamt,1026834
2022,44,männlich,506040
2022,44,weiblich,503518
2022,44,Insgesamt,1009558
2022,45,männlich,499959
2022,45,weiblich,496423
2022,45,Insgesamt,996382
2022,46,männlich,487413
2022,46,weiblich,487059
2022,46,Insgesamt,974472
2022,47,männlich,473745
2022,47,weiblich,472709
2022,47,Insgesamt,946454
2022,48,männlich,477814
2022,48,weiblich,478422
2022,48,Insgesamt,956236
2022,49,männlich,479176
2022,49,weiblich,479884
2022,49,Insgesamt,959060
2022,50,männlich,518922
2022,50,weiblich,518889
2022,50,Insgesamt,1037811
2022,51,männlich,572069
2022,51,weiblich,570857
2022,51,Insgesamt,1142926
2022,52,männlich,590575
2022,52,weiblich,589030
2022,52,Insgesamt,1179605
2022,53,männlich,633397
2022,53,weiblich,626903
2022,53,Insgesamt,1260300
2022,54,männlich,659407
2022,54,weiblich,652014
2022,54,Insgesamt,1311421
2022,55,männlich,671420
2022,55,weiblich,665330
2022,55,Insgesamt,1336750
2022,56,männlich,685173
2022,56,weiblich,679670
2022,56,Insgesamt,1364843
2022,57,männlich,682621
2022,57,weiblich,676975
2022,57,Insgesamt,1359596
2022,58,männlich,688443
2022,58,weiblich,688982
2022,58,Insgesamt,1377425
2022,59,männlich,676518
2022,59,weiblich,681073
2022,59,Insgesamt,1357591
2022,60,männlich,652126
2022,60,weiblich,661887
2022,60,Insgesamt,1314013
2022,61,männlich,638368
2022,61,weiblich,653550
2022,61,Insgesamt,1291918
2022,62,männlich,607509
2022,62,weiblich,630549
2022,62,Insgesamt,1238058
2022,63,männlich,584113
2022,63,weiblich,610808
2022,63,Insgesamt,1194921
2022,64,männlich,545258
2022,64,weiblich,573706
2022,64,Insgesamt,1118964
2022,65,männlich,529491
2022,65,weiblich,558802
2022,65,Insgesamt,1088293
2022,66,männlich,511470
2022,66,weiblich,542726
2022,66,Insgesamt,1054196
2022,67,männlich,485342
2022,67,weiblich,524751
2022,67,Insgesamt,1010093
2022,68,männlich,465781
2022,68,weiblich,514932
2022,68,Insgesamt,980713
2022,69,männlich,441288
2022,69,weiblich,496316
2022,69,Insgesamt,937604
2022,70,männlich,433437
2022,70,weiblich,492008
2022,70,Insgesamt,925445
2022,71,männlich,417968
2022,71,weiblich,478339
2022,71,Insgesamt,896307
2022,72,männlich,408953
2022,72,weiblich,473308
2022,72,Insgesamt,882261
2022,73,männlich,388620
2022,73,weiblich,450510
2022,73,Insgesamt,839130
2022,74,männlich,347887
2022,74,weiblich,404185
2022,74,Insgesamt,752072
2022,75,männlich,317388
2022,75,weiblich,376216
2022,75,Insgesamt,693604
2022,76,männlich,266772
2022,76,weiblich,323256
2022,76,Insgesamt,590028
2022,77,männlich,225064
2022,77,weiblich,281173
2022,77,Insgesamt,506237
2022,78,männlich,292940
2022,78,weiblich,367763
2022,78,Insgesamt,660703
2022,79,männlich,286932
2022,79,weiblich,365701
2022,79,Insgesamt,652633
2022,80,männlich,266112
2022,80,weiblich,347684
2022,80,Insgesamt,613796
2022,81,männlich,305499
2022,81,weiblich,414464
2022,81,Insgesamt,719963
2022,82,männlich,299012
2022,82,weiblich,423193
2022,82,Insgesamt,722205
2022,83,männlich,275000
2022,83,weiblich,400973
2022,83,Insgesamt,675973
2022,84,männlich,234936
2022,84,weiblich,354576
2022,84,Insgesamt,589512
2022,85 +,männlich,928182
2022,85 +,weiblich,1771254
2022,85 +,Insgesamt,2699436
2022,Insgesamt,männlich,41000000
2022,Insgesamt,weiblich,42000000
2022,Insgesamt,Insgesamt,83118501
2023,unter 1 Jahr,männlich,353628
2023,unter 1 Jahr,weiblich,336206
2023,unter 1 Jahr,Insgesamt,689834
2023,1,männlich,379274
2023,1,weiblich,360122
2023,1,Insgesamt,739396
2023,2,männlich,406562
2023,2,weiblich,386548
2023,2,Insgesamt,793110
2023,3,männlich,400253
2023,3,weiblich,379748
2023,3,Insgesamt,780001
2023,4,männlich,404553
2023,4,weiblich,384465
2023,4,Insgesamt,789018
2023,5,männlich,411591
2023,5,weiblich,392390
2023,5,Insgesamt,803981
2023,6,männlich,415861
2023,6,weiblich,396107
2023,6,Insgesamt,811968
2023,7,männlich,418948
2023,7,weiblich,400480
2023,7,Insgesamt,819428
2023,8,männlich,408960
2023,8,weiblich,387845
2023,8,Insgesamt,796805
2023,9,männlich,405825
2023,9,weiblich,386073
2023,9,Insgesamt,791898
2023,10,männlich,392642
2023,10,weiblich,372775
2023,10,Insgesamt,765417
2023,11,männlich,393806
2023,11,weiblich,372416
2023,11,Insgesamt,766222
2023,12,männlich,387405
2023,12,weiblich,367274
2023,12,Insgesamt,754679
2023,13,männlich,396931
2023,13,weiblich,376477
2023,13,Insgesamt,773408
2023,14,männlich,392607
2023,14,weiblich,369974
2023,14,Insgesamt,762581
2023,15,männlich,403090
2023,15,weiblich,379532
2023,15,Insgesamt,782622
2023,16,männlich,405178
2023,16,weiblich,375973
2023,16,Insgesamt,781151
2023,17,männlich,403208
2023,17,weiblich,369443
2023,17,Insgesamt,772651
2023,18,männlich,414810
2023,18,weiblich,378161
2023,18,Insgesamt,792971
2023,19,männlich,425207
2023,19,weiblich,391108
2023,19,Insgesamt,816315
2023,20,männlich,419725
2023,20,weiblich,393310
2023,20,Insgesamt,813035
2023,21,männlich,433967
2023,21,weiblich,403182
2023,21,Insgesamt,837149
2023,22,männlich,453064
2023,22,weiblich,417066
2023,22,Insgesamt,870130
2023,23,männlich,486083
2023,23,weiblich,442834
2023,23,Insgesamt,928917
2023,24,männlich,500132
2023,24,weiblich,446655
2023,24,Insgesamt,946787
2023,25,männlich,511841
2023,25,weiblich,461454
2023,25,Insgesamt,973295
2023,26,männlich,525730
2023,26,weiblich,476857
2023,26,Insgesamt,1002587
2023,27,männlich,515266
2023,27,weiblich,470389
2023,27,Insgesamt,985655
2023,28,männlich,504839
2023,28,weiblich,462616
2023,28,Insgesamt,967455
2023,29,männlich,508016
2023,29,weiblich,468757
2023,29,Insgesamt,976773
2023,30,männlich,521000
2023,30,weiblich,484785
2023,30,Insgesamt,1005785
2023,31,männlich,529206
2023,31,weiblich,495898
2023,31,Insgesamt,1025104
2023,32,männlich,542661
2023,32,weiblich,510920
2023,32,Insgesamt,1053581
2023,33,männlich,589024
2023,33,weiblich,556096
2023,33,Insgesamt,1145120
2023,34,männlich,581160
2023,34,weiblich,552101
2023,34,Insgesamt,1133261
2023,35,männlich,594674
2023,35,weiblich,564998
2023,35,Insgesamt,1159672
2023,36,männlich,582378
2023,36,weiblich,555523
2023,36,Insgesamt,1137901
2023,37,männlich,569579
2023,37,weiblich,550457
2023,37,Insgesamt,1120036
2023,38,männlich,553021
2023,38,weiblich,534394
2023,38,Insgesamt,1087415
2023,39,männlich,547311
2023,39,weiblich,532659
2023,39,Insgesamt,1079970
2023,40,männlich,545696
2023,40,weiblich,534203
2023,40,Insgesamt,1079899
2023,41,männlich,553123
2023,41,weiblich,543141
2023,41,Insgesamt,1096264
2023,42,männlich,543765
2023,42,weiblich,540689
2023,42,Insgesamt,1084454
2023,43,männlich,544364
2023,43,weiblich,541412
2023,43,Insgesamt,1085776
2023,44,männlich,516857
2023,44,weiblich,514963
2023,44,Insgesamt,1031820
2023,45,männlich,508278
2023,45,weiblich,505546
2023,45,Insgesamt,1013824
2023,46,männlich,501424
2023,46,weiblich,498038
2023,46,Insgesamt,999462
2023,47,männlich,488715
2023,47,weiblich,488580
2023,47,Insgesamt,977295
2023,48,männlich,474635
2023,48,weiblich,473929
2023,48,Insgesamt,948564
2023,49,männlich,478308
2023,49,weiblich,479569
2023,49,Insgesamt,957877
2023,50,männlich,479005
2023,50,weiblich,480572
2023,50,Insgesamt,959577
2023,51,männlich,518420
2023,51,weiblich,519520
2023,51,Insgesamt,1037940
2023,52,männlich,570874
2023,52,weiblich,570955
2023,52,Insgesamt,1141829
2023,53,männlich,588791
2023,53,weiblich,588897
2023,53,Insgesamt,1177688
2023,54,männlich,630717
2023,54,weiblich,626241
2023,54,Insgesamt,1256958
2023,55,männlich,656504
2023,55,weiblich,650990
2023,55,Insgesamt,1307494
2023,56,männlich,667644
2023,56,weiblich,663879
2023,56,Insgesamt,1331523
2023,57,männlich,681024
2023,57,weiblich,677785
2023,57,Insgesamt,1358809
2023,58,männlich,677570
2023,58,weiblich,674946
2023,58,Insgesamt,1352516
2023,59,männlich,683041
2023,59,weiblich,686382
2023,59,Insgesamt,1369423
2023,60,männlich,671115
2023,60,weiblich,678330
2023,60,Insgesamt,1349445
2023,61,männlich,646051
2023,61,weiblich,658846
2023,61,Insgesamt,1304897
2023,62,männlich,631384
2023,62,weiblich,650113
2023,62,Insgesamt,1281497
2023,63,männlich,600012
2023,63,weiblich,626797
2023,63,Insgesamt,1226809
2023,64,männlich,575973
2023,64,weiblich,606751
2023,64,Insgesamt,1182724
2023,65,männlich,536707
2023,65,weiblich,569514
2023,65,Insgesamt,1106221
2023,66,männlich,520208
2023,66,weiblich,553846
2023,66,Insgesamt,1074054
2023,67,männlich,502110
2023,67,weiblich,537595
2023,67,Insgesamt,1039705
2023,68,männlich,475772
2023,68,weiblich,519607
2023,68,Insgesamt,995379
2023,69,männlich,456113
2023,69,weiblich,509203
2023,69,Insgesamt,965316
2023,70,männlich,431264
2023,70,weiblich,490243
2023,70,Insgesamt,921507
2023,71,männlich,422976
2023,71,weiblich,485331
2023,71,Insgesamt,908307
2023,72,männlich,406882
2023,72,weiblich,471223
2023,72,Insgesamt,878105
2023,73,männlich,397093
2023,73,weiblich,465559
2023,73,Insgesamt,862652
2023,74,männlich,375910
2023,74,weiblich,442484
2023,74,Insgesamt,818394
2023,75,männlich,335947
2023,75,weiblich,396071
2023,75,Insgesamt,732018
2023,76,männlich,305499
2023,76,weiblich,367701
2023,76,Insgesamt,673200
2023,77,männlich,255516
2023,77,weiblich,314885
2023,77,Insgesamt,570401
2023,78,männlich,214748
2023,78,weiblich,273009
2023,78,Insgesamt,487757
2023,79,männlich,278449
2023,79,weiblich,356129
2023,79,Insgesamt,634578
2023,80,männlich,270895
2023,80,weiblich,352556
2023,80,Insgesamt,623451
2023,81,männlich,249824
2023,81,weiblich,333891
2023,81,Insgesamt,583715
2023,82,männlich,285079
2023,82,weiblich,396079
2023,82,Insgesamt,681158
2023,83,männlich,276407
2023,83,weiblich,401875
2023,83,Insgesamt,678282
2023,84,männlich,251934
2023,84,weiblich,378250
2023,84,Insgesamt,630184
2023,85 +,männlich,990292
2023,85 +,weiblich,1853921
2023,85 +,Insgesamt,2844213
2023,Insgesamt,männlich,41000000
2023,Insgesamt,weiblich,42000000
2023,Insgesamt,Insgesamt,83456045
2024,unter 1 Jahr,männlich,345711
2024,unter 1 Jahr,weiblich,327669
2024,unter 1 Jahr,Insgesamt,673380
2024,1,männlich,359324
2024,1,weiblich,341616
2024,1,Insgesamt,700940
2024,2,männlich,381737
2024,2,weiblich,362425
2024,2,Insgesamt,744162
2024,3,männlich,408588
2024,3,weiblich,388442
2024,3,Insgesamt,797030
2024,4,männlich,401941
2024,4,weiblich,381675
2024,4,Insgesamt,783616
2024,5,männlich,406334
2024,5,weiblich,386208
2024,5,Insgesamt,792542
2024,6,männlich,412788
2024,6,weiblich,393635
2024,6,Insgesamt,806423
2024,7,männlich,417958
2024,7,weiblich,398060
2024,7,Insgesamt,816018
2024,8,männlich,421468
2024,8,weiblich,402942
2024,8,Insgesamt,824410
2024,9,männlich,411928
2024,9,weiblich,390245
2024,9,Insgesamt,802173
2024,10,männlich,408704
2024,10,weiblich,388660
2024,10,Insgesamt,797364
2024,11,männlich,395693
2024,11,weiblich,375313
2024,11,Insgesamt,771006
2024,12,männlich,396748
2024,12,weiblich,374992
2024,12,Insgesamt,771740
2024,13,männlich,390569
2024,13,weiblich,369492
2024,13,Insgesamt,760061
2024,14,männlich,400445
2024,14,weiblich,378585
2024,14,Insgesamt,779030
2024,15,männlich,396987
2024,15,weiblich,372470
2024,15,Insgesamt,769457
2024,16,männlich,410051
2024,16,weiblich,382290
2024,16,Insgesamt,792341
2024,17,männlich,414762
2024,17,weiblich,378587
2024,17,Insgesamt,793349
2024,18,männlich,417380
2024,18,weiblich,375521
2024,18,Insgesamt,792901
2024,19,männlich,428525
2024,19,weiblich,389474
2024,19,Insgesamt,817999
2024,20,männlich,439038
2024,20,weiblich,404278
2024,20,Insgesamt,843316
2024,21,männlich,431611
2024,21,weiblich,403296
2024,21,Insgesamt,834907
2024,22,männlich,445743
2024,22,weiblich,412099
2024,22,Insgesamt,857842
2024,23,männlich,466383
2024,23,weiblich,427140
2024,23,Insgesamt,893523
2024,24,männlich,499156
2024,24,weiblich,453404
2024,24,Insgesamt,952560
2024,25,männlich,512103
2024,25,weiblich,456360
2024,25,Insgesamt,968463
2024,26,männlich,522924
2024,26,weiblich,471421
2024,26,Insgesamt,994345
2024,27,männlich,534901
2024,27,weiblich,485393
2024,27,Insgesamt,1020294
2024,28,männlich,522998
2024,28,weiblich,478003
2024,28,Insgesamt,1001001
2024,29,männlich,511731
2024,29,weiblich,469159
2024,29,Insgesamt,980890
2024,30,männlich,513580
2024,30,weiblich,474708
2024,30,Insgesamt,988288
2024,31,männlich,525469
2024,31,weiblich,489720
2024,31,Insgesamt,1015189
2024,32,männlich,533276
2024,32,weiblich,500114
2024,32,Insgesamt,1033390
2024,33,männlich,545896
2024,33,weiblich,514613
2024,33,Insgesamt,1060509
2024,34,männlich,591948
2024,34,weiblich,559939
2024,34,Insgesamt,1151887
2024,35,männlich,583980
2024,35,weiblich,555340
2024,35,Insgesamt,1139320
2024,36,männlich,597408
2024,36,weiblich,568090
2024,36,Insgesamt,1165498
2024,37,männlich,584733
2024,37,weiblich,558292
2024,37,Insgesamt,1143025
2024,38,männlich,571609
2024,38,weiblich,553313
2024,38,Insgesamt,1124922
2024,39,männlich,554834
2024,39,weiblich,537232
2024,39,Insgesamt,1092066
2024,40,männlich,548698
2024,40,weiblich,534827
2024,40,Insgesamt,1083525
2024,41,männlich,547239
2024,41,weiblich,536219
2024,41,Insgesamt,1083458
2024,42,männlich,554229
2024,42,weiblich,545065
2024,42,Insgesamt,1099294
2024,43,männlich,544539
2024,43,weiblich,542203
2024,43,Insgesamt,1086742
2024,44,männlich,545081
2024,44,weiblich,542920
2024,44,Insgesamt,1088001
2024,45,männlich,516796
2024,45,weiblich,516049
2024,45,Insgesamt,1032845
2024,46,männlich,507549
2024,46,weiblich,506496
2024,46,Insgesamt,1014045
2024,47,männlich,500753
2024,47,weiblich,498734
2024,47,Insgesamt,999487
2024,48,männlich,487580
2024,48,weiblich,489125
2024,48,Insgesamt,976705
2024,49,männlich,473306
2024,49,weiblich,474209
2024,49,Insgesamt,947515
2024,50,männlich,476712
2024,50,weiblich,479635
2024,50,Insgesamt,956347
2024,51,männlich,477107
2024,51,weiblich,480293
2024,51,Insgesamt,957400
2024,52,männlich,516152
2024,52,weiblich,519168
2024,52,Insgesamt,1035320
2024,53,männlich,568020
2024,53,weiblich,570043
2024,53,Insgesamt,1138063
2024,54,männlich,585717
2024,54,weiblich,587944
2024,54,Insgesamt,1173661
2024,55,männlich,627136
2024,55,weiblich,624660
2024,55,Insgesamt,1251796
2024,56,männlich,652162
2024,56,weiblich,649172
2024,56,Insgesamt,1301334
2024,57,männlich,663037
2024,57,weiblich,661833
2024,57,Insgesamt,1324870
2024,58,männlich,675971
2024,58,weiblich,675465
2024,58,Insgesamt,1351436
2024,59,männlich,671920
2024,59,weiblich,672232
2024,59,Insgesamt,1344152
2024,60,männlich,677384
2024,60,weiblich,683354
2024,60,Insgesamt,1360738
2024,61,männlich,664741
2024,61,weiblich,675001
2024,61,Insgesamt,1339742
2024,62,männlich,638982
2024,62,weiblich,655362
2024,62,Insgesamt,1294344
2024,63,männlich,623672
2024,63,weiblich,646118
2024,63,Insgesamt,1269790
2024,64,männlich,591664
2024,64,weiblich,622615
2024,64,Insgesamt,1214279
2024,65,männlich,566841
2024,65,weiblich,602401
2024,65,Insgesamt,1169242
2024,66,männlich,527278
2024,66,weiblich,564556
2024,66,Insgesamt,1091834
2024,67,männlich,510614
2024,67,weiblich,548815
2024,67,Insgesamt,1059429
2024,68,männlich,492383
2024,68,weiblich,532211
2024,68,Insgesamt,1024594
2024,69,männlich,465849
2024,69,weiblich,514005
2024,69,Insgesamt,979854
2024,70,männlich,445925
2024,70,weiblich,503311
2024,70,Insgesamt,949236
2024,71,männlich,420723
2024,71,weiblich,483836
2024,71,Insgesamt,904559
2024,72,männlich,411790
2024,72,weiblich,478250
2024,72,Insgesamt,890040
2024,73,männlich,395518
2024,73,weiblich,463647
2024,73,Insgesamt,859165
2024,74,männlich,385297
2024,74,weiblich,457397
2024,74,Insgesamt,842694
2024,75,männlich,363449
2024,75,weiblich,433983
2024,75,Insgesamt,797432
2024,76,männlich,323690
2024,76,weiblich,387339
2024,76,Insgesamt,711029
2024,77,männlich,293384
2024,77,weiblich,358566
2024,77,Insgesamt,651950
2024,78,männlich,244270
2024,78,weiblich,306101
2024,78,Insgesamt,550371
2024,79,männlich,204397
2024,79,weiblich,264409
2024,79,Insgesamt,468806
2024,80,männlich,263460
2024,80,weiblich,343681
2024,80,Insgesamt,607141
2024,81,männlich,254963
2024,81,weiblich,338812
2024,81,Insgesamt,593775
2024,82,männlich,233636
2024,82,weiblich,319365
2024,82,Insgesamt,553001
2024,83,männlich,264916
2024,83,weiblich,376674
2024,83,Insgesamt,641590
2024,84,männlich,254036
2024,84,weiblich,379493
2024,84,Insgesamt,633529
2024,85 +,männlich,1066173
2024,85 +,weiblich,1959630
2024,85 +,Insgesamt,3025803
2024,Insgesamt,männlich,41000000
2024,Insgesamt,weiblich,42000000
2024,Insgesamt,Insgesamt,83577140